invoice_id,customer_id,invoice_date,n_lines,total_quantity,invoice_value,avg_unit_qty,anomaly_score,is_anomaly
INV100000,C00387,2024-02-25,9,20,322.96000000000004,2.2222222222222223,-0.47948589093572147,False
INV100001,C00379,2024-08-16,4,10,198.79,2.5,-0.4110867909888941,False
INV100002,C00252,2024-12-19,2,6,82.97,3.0,-0.39208377482793183,False
INV100003,C00267,2024-05-30,16,39,591.11,2.4375,-0.6272911925359054,False
INV100004,C00295,2024-07-08,4,11,64.97,2.75,-0.40360017491551126,False
INV100005,C00073,2024-10-31,6,18,194.74,3.0,-0.4240506196670628,False
INV100006,C00396,2024-02-13,4,10,82.94,2.5,-0.40050287550952013,False
INV100007,C00098,2024-08-11,1,5,94.8,5.0,-0.4873190407667068,False
INV100008,C00481,2024-07-15,7,21,297.03000000000003,3.0,-0.41870857355386115,False
INV100009,C00086,2024-03-06,4,14,165.57,3.5,-0.39393825274618477,False
INV100010,C00073,2024-04-15,4,15,148.42000000000002,3.75,-0.4003629174987395,False
INV100011,C00054,2024-08-30,1,3,81.66,3.0,-0.4364483347182229,False
INV100012,C00067,2024-08-16,1,4,17.36,4.0,-0.4561953960875955,False
INV100013,C00188,2024-08-04,4,14,192.32,3.5,-0.39604539900942726,False
INV100014,C00047,2024-08-29,14,41,428.25,2.9285714285714284,-0.5581672343665727,False
INV100015,C00127,2024-10-31,4,13,169.01999999999998,3.25,-0.3870278895315341,False
INV100016,C00091,2024-03-25,12,33,288.38,2.75,-0.5179217251240655,False
INV100017,C00007,2024-09-27,2,3,35.45,1.5,-0.4589488172157375,False
INV100018,C00190,2024-10-18,1,2,29.58,2.0,-0.4347802651364957,False
INV100019,C00386,2024-08-08,4,9,208.60999999999999,2.25,-0.42694673594391463,False
INV100020,C00336,2024-10-21,2,6,88.98,3.0,-0.3937564865277505,False
INV100021,C00226,2024-08-31,5,16,227.07,3.2,-0.4062038267076113,False
INV100022,C00206,2024-05-05,5,12,156.45,2.4,-0.41408109941982174,False
INV100023,C00027,2024-04-23,2,7,66.26,3.5,-0.3979374999172509,False
INV100024,C00158,2024-07-28,2,5,115.07000000000001,2.5,-0.42417666162251677,False
INV100025,C00463,2024-11-12,2,6,84.55999999999999,3.0,-0.39233222452392297,False
INV100026,C00020,2024-07-06,10,30,422.21,3.0,-0.47829254305439856,False
INV100027,C00190,2024-09-27,1,3,40.92,3.0,-0.420919457706126,False
INV100028,C00359,2024-06-14,4,15,195.13,3.75,-0.4016352058880892,False
INV100029,C00020,2024-04-05,4,16,301.89,4.0,-0.44150193974990626,False
INV100030,C00098,2024-10-20,4,16,114.63,4.0,-0.4293391841948291,False
INV100031,C00235,2024-01-19,4,6,53.09,1.5,-0.4721609776292487,False
INV100032,C00390,2024-07-04,4,11,164.63,2.75,-0.3883377675919049,False
INV100033,C00214,2024-04-13,2,7,132.23,3.5,-0.4064071812981748,False
INV100034,C00373,2024-10-22,1,1,9.2,1.0,-0.4963102474131637,False
INV100035,C00432,2024-04-30,7,17,180.88,2.4285714285714284,-0.44771514838901255,False
INV100036,C00150,2024-05-16,4,8,97.07,2.0,-0.42071308183048106,False
INV100037,C00022,2024-06-18,1,2,27.62,2.0,-0.4349191803737152,False
INV100038,C00495,2024-03-14,6,18,308.07,3.0,-0.43619700217740376,False
INV100039,C00050,2024-11-07,1,4,18.52,4.0,-0.45324397834944485,False
INV100040,C00046,2024-05-15,9,23,313.25,2.5555555555555554,-0.45035961643148714,False
INV100041,C00295,2024-07-13,9,29,291.36,3.2222222222222223,-0.45884525773465074,False
INV100042,C00439,2024-01-08,1,2,25.9,2.0,-0.4354133399524551,False
INV100043,C00471,2024-11-29,5,20,230.38,4.0,-0.4445569451574155,False
INV100044,C00104,2024-10-13,4,16,87.62,4.0,-0.44112475294439857,False
INV100045,C00056,2024-05-20,2,5,82.16,2.5,-0.41035901452070517,False
INV100046,C00184,2024-08-02,6,15,185.69,2.5,-0.43411756757397196,False
INV100047,C00123,2024-06-07,4,13,114.76,3.25,-0.3918627665288558,False
INV100048,C00129,2024-07-22,9,32,443.01,3.5555555555555554,-0.48912395924977986,False
INV100049,C00016,2024-01-15,2,8,153.22,4.0,-0.4154392864957555,False
INV100050,C00451,2024-10-02,1,5,65.15,5.0,-0.47236449370277067,False
INV100051,C00474,2024-06-22,1,1,10.02,1.0,-0.4928928851983951,False
INV100052,C00317,2024-03-14,4,17,183.63,4.25,-0.4525868907333653,False
INV100053,C00113,2024-09-17,2,8,102.06,4.0,-0.4073987979403995,False
INV100054,C00325,2024-08-30,4,14,185.94,3.5,-0.39492338195301246,False
INV100055,C00431,2024-10-13,9,25,375.33,2.7777777777777777,-0.4470261181891552,False
INV100056,C00199,2024-03-09,12,43,586.4,3.5833333333333335,-0.5720843521045041,False
INV100057,C00271,2024-11-11,5,17,357.81,3.4,-0.44614861626595537,False
INV100058,C00254,2024-09-11,4,11,132.77,2.75,-0.3867773875205476,False
INV100059,C00001,2024-03-22,4,11,222.18,2.75,-0.40624263050184384,False
INV100060,C00179,2024-05-13,1,5,51.55,5.0,-0.4754403003280551,False
INV100061,C00373,2024-03-03,6,19,233.42,3.1666666666666665,-0.4213499890753059,False
INV100062,C00447,2024-12-09,5,16,190.14,3.2,-0.40368152218786996,False
INV100063,C00272,2024-02-10,10,23,244.45,2.3,-0.495331375493408,False
INV100064,C00281,2024-11-12,2,10,86.55,5.0,-0.4858784363185378,False
INV100065,C00381,2024-10-17,2,6,72.34,3.0,-0.3912001231192748,False
INV100066,C00333,2024-06-03,4,9,138.26,2.25,-0.40190859802120876,False
INV100067,C00189,2024-08-31,9,28,580.0400000000001,3.111111111111111,-0.49806108785348596,False
INV100068,C00055,2024-04-04,1,1,10.9,1.0,-0.49144975205305336,False
INV100069,C00045,2024-06-21,1,5,107.1,5.0,-0.49639955584683004,False
INV100070,C00050,2024-03-12,4,11,246.03,2.75,-0.41642050139169134,False
INV100071,C00190,2024-05-24,4,14,161.44,3.5,-0.3935349650216965,False
INV100072,C00020,2024-09-21,13,43,598.22,3.3076923076923075,-0.5648985227447936,False
INV100073,C00074,2024-09-04,2,6,68.39,3.0,-0.3899432712853008,False
INV100074,C00481,2024-03-30,4,15,310.34,3.75,-0.4363222784866241,False
INV100075,C00415,2024-04-26,2,5,94.84,2.5,-0.41353318627192825,False
INV100076,C00028,2024-10-06,6,13,191.35,2.1666666666666665,-0.4585179996306408,False
INV100077,C00396,2024-03-24,43,1103,13004.75,25.651162790697676,-0.8550205870286803,True
INV100078,C00111,2024-11-26,2,9,234.8,4.5,-0.4837779692282844,False
INV100079,C00444,2024-09-05,1,1,17.36,1.0,-0.49407062749892117,False
INV100080,C00197,2024-07-02,4,12,132.01,3.0,-0.38073285721409633,False
INV100081,C00326,2024-04-20,2,2,12.870000000000001,1.0,-0.507803659206961,False
INV100082,C00096,2024-06-16,2,7,63.489999999999995,3.5,-0.4015433106321842,False
INV100083,C00429,2024-05-23,1,2,40.44,2.0,-0.4388268510678914,False
INV100084,C00328,2024-01-25,1,1,18.11,1.0,-0.4953597372755553,False
INV100085,C00176,2024-12-01,2,6,88.99000000000001,3.0,-0.3937564865277505,False
INV100086,C00367,2024-08-03,1,5,35.1,5.0,-0.48205320305903365,False
INV100087,C00345,2024-03-08,1,3,45.15,3.0,-0.4190083531050753,False
INV100088,C00470,2024-11-08,7,15,149.75,2.142857142857143,-0.467744326313964,False
INV100089,C00468,2024-09-27,2,6,107.77000000000001,3.0,-0.39946323834803393,False
INV100090,C00173,2024-05-07,2,3,11.64,1.5,-0.47877916878946813,False
INV100091,C00134,2024-06-05,9,34,400.32,3.7777777777777777,-0.516131700744652,False
INV100092,C00147,2024-03-23,12,37,660.6800000000001,3.0833333333333335,-0.5550957878429625,False
INV100093,C00329,2024-09-12,1,3,45.57,3.0,-0.4190757402778982,False
INV100094,C00134,2024-10-14,2,5,78.52,2.5,-0.41027355398817067,False
INV100095,C00372,2024-07-28,4,12,169.24,3.0,-0.38094502058015967,False
INV100096,C00028,2024-10-04,6,22,274.25,3.6666666666666665,-0.44330406485537416,False
INV100097,C00307,2024-06-28,4,16,189.60999999999999,4.0,-0.4199202030269494,False
INV100098,C00266,2024-09-26,7,22,211.89999999999998,3.142857142857143,-0.4370905810258478,False
INV100099,C00156,2024-09-01,3,9,342.85,3.0,-0.4689635766390582,False
INV100100,C00079,2024-04-22,4,9,137.01999999999998,2.25,-0.401827425254738,False
INV100101,C00067,2024-10-29,4,14,263.69,3.5,-0.41618298541018495,False
INV100102,C00446,2024-06-30,4,13,176.92,3.25,-0.3874321398463679,False
INV100103,C00401,2024-06-24,2,6,51.85,3.0,-0.39577237205943394,False
INV100104,C00464,2024-09-19,1,1,10.21,1.0,-0.4930596556959244,False
INV100105,C00162,2024-12-27,1,5,128.55,5.0,-0.5055555522399371,False
INV100106,C00446,2024-07-23,7,19,276.21000000000004,2.7142857142857144,-0.42117826063684044,False
INV100107,C00143,2024-12-15,9,28,521.4599999999999,3.111111111111111,-0.4834214733193219,False
INV100108,C00347,2024-10-08,3,13,263.32,4.333333333333333,-0.4782755640025858,False
INV100109,C00289,2024-05-06,9,30,525.77,3.3333333333333335,-0.49465515568773877,False
INV100110,C00074,2024-07-03,28,765,9500.62,27.321428571428573,-0.8305036595577762,True
INV100111,C00383,2024-09-08,14,37,507.71000000000004,2.642857142857143,-0.5683126696892137,False
INV100112,C00336,2024-04-02,2,8,73.74000000000001,4.0,-0.40715449822466654,False
INV100113,C00135,2024-09-05,5,12,223.7,2.4,-0.42754503516132764,False
INV100114,C00409,2024-06-30,2,4,17.380000000000003,2.0,-0.4408345253389713,False
INV100115,C00196,2024-08-26,2,6,62.66,3.0,-0.39242629612599467,False
INV100116,C00446,2024-06-06,7,23,268.31,3.2857142857142856,-0.42312638646640865,False
INV100117,C00289,2024-03-26,2,5,71.31,2.5,-0.40765414744385514,False
INV100118,C00475,2024-07-08,1,3,56.46,3.0,-0.4252498223390113,False
INV100119,C00147,2024-12-20,2,4,26.159999999999997,2.0,-0.4320001524398393,False
INV100120,C00220,2024-05-12,12,42,685.05,3.5,-0.591061780939445,False
INV100121,C00222,2024-07-22,2,5,59.69,2.5,-0.4098679739744449,False
INV100122,C00038,2024-08-12,4,9,145.59,2.25,-0.4022276876878859,False
INV100123,C00123,2024-08-29,13,34,481.95,2.6153846153846154,-0.5397564794604466,False
INV100124,C00397,2024-09-01,2,8,144.52,4.0,-0.4102979199241208,False
INV100125,C00469,2024-09-29,1,2,10.2,2.0,-0.4517299199361687,False
INV100126,C00214,2024-06-20,1,3,35.73,3.0,-0.4236258394954278,False
INV100127,C00276,2024-08-30,5,16,149.1,3.2,-0.40714116090425806,False
INV100128,C00334,2024-06-05,2,7,44.900000000000006,3.5,-0.4075925776394059,False
INV100129,C00307,2024-07-16,1,1,7.38,1.0,-0.5033291634658816,False
INV100130,C00347,2024-11-07,3,9,113.06,3.0,-0.3926617863865686,False
INV100131,C00206,2024-09-11,7,29,495.96000000000004,4.142857142857143,-0.5305523687380532,False
INV100132,C00152,2024-07-03,9,28,257.19,3.111111111111111,-0.4550408824862222,False
INV100133,C00463,2024-04-25,4,9,162.64,2.25,-0.4066767832884852,False
INV100134,C00251,2024-07-14,3,8,159.53,2.6666666666666665,-0.41519238076287956,False
INV100135,C00478,2024-06-06,7,15,166.28,2.142857142857143,-0.46480367091761043,False
INV100136,C00071,2024-06-18,2,9,70.77000000000001,4.5,-0.44934421934603486,False
INV100137,C00040,2024-09-09,1,3,75.96,3.0,-0.4342916656571153,False
INV100138,C00493,2024-06-25,1,1,9.29,1.0,-0.49495898923925574,False
INV100139,C00227,2024-08-04,8,27,373.17,3.375,-0.4462076171873344,False
INV100140,C00041,2024-05-19,12,35,374.64,2.9166666666666665,-0.5125227230995361,False
INV100141,C00369,2024-04-04,5,20,380.2,4.0,-0.47542127374342463,False
INV100142,C00091,2024-07-13,1,3,55.95,3.0,-0.4252498223390113,False
INV100143,C00333,2024-07-02,7,19,320.19,2.7142857142857144,-0.4273551467246441,False
INV100144,C00158,2024-05-03,4,12,100.08,3.0,-0.3881448801643189,False
INV100145,C00420,2024-03-12,4,15,261.46000000000004,3.75,-0.4184179070796443,False
INV100146,C00459,2024-12-03,1,3,32.7,3.0,-0.42498564053804494,False
INV100147,C00433,2024-04-06,1,2,12.76,2.0,-0.4445975014898611,False
INV100148,C00237,2024-08-02,3,3,47.3,1.0,-0.510462582819136,False
INV100149,C00226,2024-04-28,4,13,201.43,3.25,-0.39165075142984207,False
INV100150,C00145,2024-04-05,5,13,128.04,2.6,-0.41094729467096247,False
INV100151,C00037,2024-02-09,7,20,221.23,2.857142857142857,-0.4261293451242911,False
INV100152,C00100,2024-03-07,4,9,186.52,2.25,-0.4197623695639158,False
INV100153,C00074,2024-04-01,3,5,40.69,1.6666666666666667,-0.46109610947044394,False
INV100154,C00194,2024-12-08,5,13,100.53,2.6,-0.4183430889472447,False
INV100155,C00033,2024-11-11,6,17,193.93,2.8333333333333335,-0.42659607522284004,False
INV100156,C00434,2024-04-07,3,13,325.78999999999996,4.333333333333333,-0.49582665196019404,False
INV100157,C00038,2024-06-21,9,26,348.51,2.888888888888889,-0.44039010612692076,False
INV100158,C00001,2024-09-29,9,24,298.68,2.6666666666666665,-0.44515434354649236,False
INV100159,C00014,2024-07-15,9,33,533.73,3.6666666666666665,-0.5232744325783742,False
INV100160,C00487,2024-09-28,4,10,104.16,2.5,-0.39667935009917554,False
INV100161,C00097,2024-06-08,4,9,147.44,2.25,-0.40329596148878644,False
INV100162,C00334,2024-01-25,6,17,277.57,2.8333333333333335,-0.4335010421670258,False
INV100163,C00024,2024-01-13,1,1,15.78,1.0,-0.48875153847800057,False
INV100164,C00259,2024-10-23,3,9,171.48999999999998,3.0,-0.3996871530677128,False
INV100165,C00456,2024-05-17,8,21,161.32999999999998,2.625,-0.46110231639255395,False
INV100166,C00334,2024-11-21,1,4,23.68,4.0,-0.4510099379714517,False
INV100167,C00211,2024-03-03,1,2,30.74,2.0,-0.4350756150890075,False
INV100168,C00495,2024-09-15,1,5,33.0,5.0,-0.48418853812594975,False
INV100169,C00336,2024-02-26,5,20,213.71999999999997,4.0,-0.44939100706847745,False
INV100170,C00498,2024-08-01,5,17,220.83999999999997,3.4,-0.4133437049361364,False
INV100171,C00386,2024-08-01,2,7,88.69,3.5,-0.3988246347768488,False
INV100172,C00147,2024-05-05,14,41,716.64,2.9285714285714284,-0.584361956604917,False
INV100173,C00033,2024-04-25,3,8,88.91,2.6666666666666665,-0.40266127829682336,False
INV100174,C00411,2024-08-14,5,17,443.17,3.4,-0.4735711807164366,False
INV100175,C00348,2024-07-08,12,44,701.38,3.6666666666666665,-0.6058373946784799,False
INV100176,C00049,2024-04-01,2,6,120.53999999999999,3.0,-0.4023688397916222,False
INV100177,C00261,2024-09-12,3,5,43.93,1.6666666666666667,-0.4582570563650331,False
INV100178,C00160,2024-06-08,1,3,24.0,3.0,-0.4276294729131956,False
INV100179,C00001,2024-08-22,7,21,259.22,3.0,-0.4170995136261202,False
INV100180,C00351,2024-04-10,4,12,299.21,3.0,-0.4248680223545845,False
INV100181,C00069,2024-10-20,5,18,387.32,3.6,-0.4627604437834068,False
INV100182,C00343,2024-08-31,5,14,195.13,2.8,-0.4069973577631882,False
INV100183,C00316,2024-03-15,2,7,107.99,3.5,-0.40243361351590995,False
INV100184,C00316,2024-10-17,4,10,77.94,2.5,-0.4020959104283996,False
INV100185,C00062,2024-03-16,1,1,14.79,1.0,-0.48696884731564294,False
INV100186,C00224,2024-06-20,10,28,557.83,2.8,-0.5111317070988506,False
INV100187,C00198,2024-08-12,2,8,92.68,4.0,-0.40657138149691596,False
INV100188,C00151,2024-06-12,4,10,94.05,2.5,-0.39875260730277434,False
INV100189,C00241,2024-11-21,2,8,82.0,4.0,-0.4046489379735516,False
INV100190,C00377,2024-04-19,7,23,481.42,3.2857142857142856,-0.4572390139778858,False
INV100191,C00090,2024-09-20,4,10,109.63,2.5,-0.3953651707616777,False
INV100192,C00134,2024-12-12,8,24,211.82000000000002,3.0,-0.4490209450253863,False
INV100193,C00133,2024-10-27,3,10,110.0,3.3333333333333335,-0.4022683554768159,False
INV100194,C00280,2024-04-13,4,15,120.13,3.75,-0.4063451312822066,False
INV100195,C00112,2024-07-18,4,16,310.31,4.0,-0.4473251490184428,False
INV100196,C00365,2024-02-01,2,7,197.91000000000003,3.5,-0.43510641206146483,False
INV100197,C00159,2024-06-17,2,8,38.27,4.0,-0.42524485682200597,False
INV100198,C00237,2024-02-14,4,16,187.97,4.0,-0.4201107269307152,False
INV100199,C00435,2024-03-14,8,19,230.88,2.375,-0.45614250742415524,False
INV100200,C00245,2024-04-12,2,9,105.45,4.5,-0.4460725038740188,False
INV100201,C00156,2024-10-31,28,799,10089.76,28.535714285714285,-0.8364246944461393,True
INV100202,C00313,2024-10-20,1,5,28.75,5.0,-0.48897853076033576,False
INV100203,C00022,2024-05-22,4,11,227.33,2.75,-0.40684955513532733,False
INV100204,C00114,2024-06-26,2,3,17.24,1.5,-0.47189014199484247,False
INV100205,C00278,2024-05-09,1,2,38.8,2.0,-0.438295951912197,False
INV100206,C00321,2024-09-25,4,15,333.31,3.75,-0.44303354705742826,False
INV100207,C00295,2024-11-03,9,31,536.34,3.4444444444444446,-0.5032137638414198,False
INV100208,C00418,2024-02-25,8,22,276.16,2.75,-0.4308036352733951,False
INV100209,C00106,2024-07-04,3,9,151.6,3.0,-0.39712027164210995,False
INV100210,C00320,2024-07-03,8,25,257.19,3.125,-0.43505373976836587,False
INV100211,C00207,2024-11-17,1,4,68.4,4.0,-0.4479532689546114,False
INV100212,C00322,2024-08-25,1,3,69.06,3.0,-0.4307202470163548,False
INV100213,C00268,2024-05-16,1,1,10.79,1.0,-0.49136272381094986,False
INV100214,C00269,2024-05-19,4,12,268.21,3.0,-0.41182920314627114,False
INV100215,C00229,2024-06-19,1,5,36.6,5.0,-0.48063255463311266,False
INV100216,C00120,2024-10-22,2,2,13.18,1.0,-0.507803659206961,False
INV100217,C00047,2024-09-16,4,12,172.13,3.0,-0.3813622265987628,False
INV100218,C00366,2024-03-19,2,7,53.78,3.5,-0.40562513279329526,False
INV100219,C00230,2024-08-16,2,8,67.81,4.0,-0.40728437126821393,False
INV100220,C00444,2024-03-09,4,12,226.39000000000001,3.0,-0.3955257357650496,False
INV100221,C00444,2024-03-02,5,18,189.69,3.6,-0.4224737449433986,False
INV100222,C00312,2024-01-19,4,10,130.35999999999999,2.5,-0.3929583661379253,False
INV100223,C00326,2024-11-14,4,10,123.65,2.5,-0.39396317690761234,False
INV100224,C00040,2024-08-22,3,8,138.16,2.6666666666666665,-0.4105789953675591,False
INV100225,C00078,2024-02-18,4,13,186.37,3.25,-0.3904223194875819,False
INV100226,C00342,2024-10-13,12,36,278.05,3.0,-0.5254197264758823,False
INV100227,C00125,2024-07-11,4,12,171.16,3.0,-0.38084512223608835,False
INV100228,C00196,2024-02-08,4,9,65.28,2.25,-0.41008671408760783,False
INV100229,C00377,2024-06-04,4,10,133.82,2.5,-0.3922546765259918,False
INV100230,C00194,2024-10-17,33,901,8726.35,27.303030303030305,-0.8319096168135492,True
INV100231,C00000,2024-07-25,3,11,82.75,3.6666666666666665,-0.4123793536026693,False
INV100232,C00435,2024-05-26,1,3,17.25,3.0,-0.434362825146079,False
INV100233,C00052,2024-05-06,7,19,207.88,2.7142857142857144,-0.4277741241408857,False
INV100234,C00123,2024-05-06,4,12,149.36,3.0,-0.3801748444436166,False
INV100235,C00147,2024-10-19,9,27,344.73,3.0,-0.44143905160726116,False
INV100236,C00466,2024-10-24,2,8,106.18,4.0,-0.40915088490665746,False
INV100237,C00071,2024-12-13,12,35,609.8,2.9166666666666665,-0.5402258779294022,False
INV100238,C00237,2024-08-17,2,6,62.82,3.0,-0.3922199693695453,False
INV100239,C00365,2024-08-23,10,29,472.84000000000003,2.9,-0.4827185711904705,False
INV100240,C00052,2024-10-09,12,34,368.17,2.8333333333333335,-0.5119629512979982,False
INV100241,C00061,2024-04-21,6,20,293.52,3.3333333333333335,-0.43329956973676337,False
INV100242,C00211,2024-09-10,4,10,136.93,2.5,-0.3921764446558495,False
INV100243,C00432,2024-03-19,13,50,654.51,3.8461538461538463,-0.6277624578959953,False
INV100244,C00457,2024-09-11,7,21,267.4,3.0,-0.41566524476919925,False
INV100245,C00479,2024-08-06,4,9,96.9,2.25,-0.40317348269098296,False
INV100246,C00234,2024-12-24,7,16,182.35,2.2857142857142856,-0.4563653694151263,False
INV100247,C00446,2024-07-16,4,12,127.63,3.0,-0.3806478702912164,False
INV100248,C00206,2024-09-02,4,14,114.69,3.5,-0.39712230380517916,False
INV100249,C00405,2024-05-14,5,18,308.4,3.6,-0.4328886743978548,False
INV100250,C00165,2024-07-18,1,2,14.04,2.0,-0.4416805373262576,False
INV100251,C00165,2024-04-30,1,5,25.6,5.0,-0.4915207803919022,False
INV100252,C00498,2024-03-09,5,16,237.39,3.2,-0.40862803730718694,False
INV100253,C00367,2024-07-23,1,1,15.37,1.0,-0.4887133004423712,False
INV100254,C00239,2024-06-26,4,15,201.29999999999998,3.75,-0.40255718878418856,False
INV100255,C00479,2024-09-19,7,22,250.17000000000002,3.142857142857143,-0.42399236707068216,False
INV100256,C00065,2024-08-18,6,24,411.74,4.0,-0.4950861778919257,False
INV100257,C00022,2024-09-04,2,8,139.39999999999998,4.0,-0.41079915163835196,False
INV100258,C00425,2024-10-03,1,2,33.62,2.0,-0.43636650741620964,False
INV100259,C00026,2024-02-29,2,9,108.69,4.5,-0.44636404194901236,False
INV100260,C00035,2024-05-09,4,12,199.92000000000002,3.0,-0.38684988277293975,False
INV100261,C00022,2024-05-01,2,4,55.23,2.0,-0.41972140462286145,False
INV100262,C00419,2024-04-16,2,9,94.92999999999999,4.5,-0.4441385410902845,False
INV100263,C00458,2024-06-03,3,5,93.25999999999999,1.6666666666666667,-0.4584943351594662,False
INV100264,C00336,2024-06-04,1,4,29.28,4.0,-0.44891299234326115,False
INV100265,C00056,2024-11-10,9,30,452.94,3.3333333333333335,-0.4723244593485422,False
INV100266,C00227,2024-09-12,2,4,53.64,2.0,-0.4198253573592677,False
INV100267,C00431,2024-10-03,12,36,460.42,3.0,-0.5100627452236516,False
INV100268,C00095,2024-12-25,9,21,255.44,2.3333333333333335,-0.47170978684272347,False
INV100269,C00430,2024-09-21,2,8,157.15,4.0,-0.4147969120475226,False
INV100270,C00388,2024-03-20,1,1,19.79,1.0,-0.5023361850672026,False
INV100271,C00168,2024-03-12,1,2,18.74,2.0,-0.43534798449670215,False
INV100272,C00375,2024-06-19,2,7,78.45,3.5,-0.39791193628182303,False
INV100273,C00316,2024-05-11,4,6,112.97,1.5,-0.46913771438732504,False
INV100274,C00353,2024-06-24,4,14,130.92,3.5,-0.39458789163820474,False
INV100275,C00493,2024-05-07,1,3,17.76,3.0,-0.4323495225232683,False
INV100276,C00410,2024-07-04,5,17,219.93,3.4,-0.41146584978916906,False
INV100277,C00493,2024-05-27,2,2,21.96,1.0,-0.5010176493168166,False
INV100278,C00019,2024-07-31,4,11,210.2,2.75,-0.4013099891262537,False
INV100279,C00244,2024-06-02,2,8,62.72,4.0,-0.4110526811968112,False
INV100280,C00425,2024-10-11,2,9,199.82,4.5,-0.4667733633517278,False
INV100281,C00318,2024-08-23,4,9,82.5,2.25,-0.40571542838126146,False
INV100282,C00227,2024-12-17,1,5,50.45,5.0,-0.47552468930335007,False
INV100283,C00111,2024-10-12,4,14,162.03,3.5,-0.3925471960755507,False
INV100284,C00282,2024-03-25,5,14,65.55,2.8,-0.42481789393280833,False
INV100285,C00041,2024-03-07,5,19,285.87,3.8,-0.43405869117721224,False
INV100286,C00190,2024-12-27,4,17,231.53,4.25,-0.45987885689794755,False
INV100287,C00214,2024-01-27,14,45,419.64,3.2142857142857144,-0.5730067434301609,False
INV100288,C00279,2024-03-25,4,15,98.87,3.75,-0.4165135519526312,False
INV100289,C00445,2024-04-01,2,6,73.75999999999999,3.0,-0.39174533305938575,False
INV100290,C00387,2024-12-01,2,4,56.92,2.0,-0.4207047712487646,False
INV100291,C00374,2024-09-20,1,2,14.94,2.0,-0.4378476445538231,False
INV100292,C00217,2024-08-19,3,9,96.03,3.0,-0.39283071548436804,False
INV100293,C00014,2024-02-17,3,7,79.45,2.3333333333333335,-0.4109966774190084,False
INV100294,C00153,2024-12-11,5,17,205.91,3.4,-0.40984844391436526,False
INV100295,C00259,2024-05-22,3,8,124.95,2.6666666666666665,-0.4071045725174929,False
INV100296,C00495,2024-08-01,3,10,122.39,3.3333333333333335,-0.3999044810428742,False
INV100297,C00125,2024-02-11,5,14,195.77,2.8,-0.407900721554579,False
INV100298,C00445,2024-04-19,3,4,51.67,1.3333333333333333,-0.47926618990558006,False
INV100299,C00379,2024-07-30,2,3,34.49,1.5,-0.4590039114597829,False
INV100300,C00499,2024-08-16,4,12,168.21,3.0,-0.38094502058015967,False
INV100301,C00450,2024-08-22,4,11,165.9,2.75,-0.3881601602989281,False
INV100302,C00071,2024-09-16,4,15,108.75999999999999,3.75,-0.40981459953615296,False
INV100303,C00271,2024-10-09,16,43,619.74,2.6875,-0.6272208817202493,False
INV100304,C00111,2024-06-05,4,12,126.53,3.0,-0.38214496736625636,False
INV100305,C00001,2024-06-08,9,29,404.32,3.2222222222222223,-0.4557373030885077,False
INV100306,C00047,2024-08-05,12,34,396.6,2.8333333333333335,-0.5078500047294476,False
INV100307,C00218,2024-04-28,1,3,25.62,3.0,-0.42863579565797066,False
INV100308,C00338,2024-10-26,5,12,179.96,2.4,-0.4164890073175295,False
INV100309,C00372,2024-03-27,2,2,37.11,1.0,-0.4984099021174214,False
INV100310,C00434,2024-05-17,5,8,53.02,1.6,-0.4868984498762933,False
INV100311,C00293,2024-05-25,2,6,61.260000000000005,3.0,-0.39270382107833557,False
INV100312,C00164,2024-11-10,1,4,56.64,4.0,-0.4442543562521085,False
INV100313,C00267,2024-02-21,7,26,297.96000000000004,3.7142857142857144,-0.44979603203529417,False
INV100314,C00238,2024-07-12,4,8,99.01,2.0,-0.4208435867585102,False
INV100315,C00028,2024-05-08,8,24,291.02,3.0,-0.4286412609899242,False
INV100316,C00395,2024-04-13,1,2,12.36,2.0,-0.4450266097254981,False
INV100317,C00049,2024-07-18,5,18,334.49,3.6,-0.4379655425273499,False
INV100318,C00248,2024-05-21,8,16,226.0,2.0,-0.49844091423715126,False
INV100319,C00106,2024-09-16,3,10,113.56,3.3333333333333335,-0.3999377692605407,False
INV100320,C00286,2024-05-08,1,5,222.05,5.0,-0.546598691927327,False
INV100321,C00348,2024-11-22,12,40,536.78,3.3333333333333335,-0.5352412138282787,False
INV100322,C00383,2024-12-08,15,49,662.21,3.2666666666666666,-0.6282381069534141,True
INV100323,C00248,2024-08-01,6,15,215.07999999999998,2.5,-0.4345508835623149,False
INV100324,C00291,2024-09-03,4,11,90.07000000000001,2.75,-0.3943174206555433,False
INV100325,C00415,2024-06-19,6,19,236.56,3.1666666666666665,-0.4219426448393094,False
INV100326,C00425,2024-07-08,9,20,241.26999999999998,2.2222222222222223,-0.4810567817108167,False
INV100327,C00487,2024-06-24,4,11,119.53999999999999,2.75,-0.38805404299250024,False
INV100328,C00048,2024-10-18,1,2,14.3,2.0,-0.4391089917270342,False
INV100329,C00478,2024-07-30,8,16,282.39,2.0,-0.5009048902089922,False
INV100330,C00410,2024-09-23,2,6,140.72,3.0,-0.4128481727997733,False
INV100331,C00230,2024-09-10,7,18,193.97,2.5714285714285716,-0.4395476150766179,False
INV100332,C00116,2024-06-08,1,1,7.79,1.0,-0.4994053476581414,False
INV100333,C00329,2024-01-20,4,11,190.38,2.75,-0.3946430865510117,False
INV100334,C00144,2024-06-24,4,9,158.92000000000002,2.25,-0.4059932876736683,False
INV100335,C00365,2024-04-18,7,25,300.52,3.5714285714285716,-0.4339748323131854,False
INV100336,C00477,2024-11-14,14,34,514.79,2.4285714285714284,-0.5759140753074949,False
INV100337,C00337,2024-08-26,7,17,282.95,2.4285714285714284,-0.44643861773815374,False
INV100338,C00262,2024-09-14,1,5,31.65,5.0,-0.4853341218114333,False
INV100339,C00134,2024-06-09,4,10,119.61,2.5,-0.39386887059378056,False
INV100340,C00098,2024-05-02,9,29,368.8,3.2222222222222223,-0.4536191536278558,False
INV100341,C00023,2024-03-16,7,23,184.14,3.2857142857142856,-0.44439316710538657,False
INV100342,C00365,2024-07-18,4,16,215.47,4.0,-0.422236514295081,False
INV100343,C00291,2024-09-11,5,16,298.09,3.2,-0.4255299231671665,False
INV100344,C00227,2024-06-22,4,10,119.16,2.5,-0.39298030557252533,False
INV100345,C00162,2024-05-22,6,24,474.63,4.0,-0.5093878730067427,False
INV100346,C00063,2024-05-05,1,4,41.44,4.0,-0.4428171848347233,False
INV100347,C00167,2024-10-30,5,16,279.73,3.2,-0.4202439076728926,False
INV100348,C00453,2024-06-18,7,21,373.87,3.0,-0.4336860154525674,False
INV100349,C00404,2024-06-22,1,1,15.71,1.0,-0.4886887755713422,False
INV100350,C00381,2024-02-11,4,13,150.84,3.25,-0.38702690297210307,False
INV100351,C00298,2024-06-17,5,12,109.69999999999999,2.4,-0.4184971711145687,False
INV100352,C00496,2024-09-07,3,5,63.6,1.6666666666666667,-0.4539245750251667,False
INV100353,C00462,2024-05-29,1,4,72.16,4.0,-0.45040814381474287,False
INV100354,C00330,2024-05-29,4,12,331.68,3.0,-0.43696968955602195,False
INV100355,C00001,2024-05-13,8,20,438.28000000000003,2.5,-0.47894845163785976,False
INV100356,C00404,2024-08-25,8,31,412.01,3.875,-0.5001975092319361,False
INV100357,C00295,2024-11-22,13,37,451.08,2.8461538461538463,-0.527775735957328,False
INV100358,C00130,2024-04-13,3,10,66.83,3.3333333333333335,-0.40940854530733967,False
INV100359,C00147,2024-09-14,12,37,587.91,3.0833333333333335,-0.5314185486315985,False
INV100360,C00127,2024-01-02,3,15,187.0,5.0,-0.5107410157541342,False
INV100361,C00410,2024-10-19,9,29,487.46999999999997,3.2222222222222223,-0.4717351542674603,False
INV100362,C00382,2024-11-29,4,14,301.46000000000004,3.5,-0.4267776957045468,False
INV100363,C00001,2024-10-29,8,23,553.4,2.875,-0.4934377201265366,False
INV100364,C00396,2024-11-04,8,21,302.42,2.625,-0.4379787944318923,False
INV100365,C00460,2024-04-02,4,11,105.88999999999999,2.75,-0.3904746026783826,False
INV100366,C00295,2024-04-09,4,11,111.71000000000001,2.75,-0.3903892277260711,False
INV100367,C00342,2024-10-30,2,7,304.77000000000004,3.5,-0.4779524046975077,False
INV100368,C00391,2024-03-01,4,13,149.33,3.25,-0.3865089445325258,False
INV100369,C00119,2024-06-16,1,3,15.54,3.0,-0.4352641786322001,False
INV100370,C00229,2024-09-29,7,21,329.96000000000004,3.0,-0.4194143149563894,False
INV100371,C00125,2024-07-11,4,14,199.65000000000003,3.5,-0.3960994484413938,False
INV100372,C00098,2024-09-12,4,17,144.06,4.25,-0.4558427845389149,False
INV100373,C00366,2024-04-30,4,10,110.58000000000001,2.5,-0.39508177359136204,False
INV100374,C00351,2024-04-11,3,10,109.8,3.3333333333333335,-0.4022683554768159,False
INV100375,C00227,2024-05-07,7,19,336.56,2.7142857142857144,-0.431510471218292,False
INV100376,C00382,2024-04-14,4,13,199.33,3.25,-0.39137527366221464,False
INV100377,C00294,2024-10-25,4,10,94.02000000000001,2.5,-0.39875260730277434,False
INV100378,C00091,2024-08-24,2,2,26.450000000000003,1.0,-0.4971848372296275,False
INV100379,C00396,2024-08-20,4,13,190.96,3.25,-0.390427835967523,False
INV100380,C00271,2024-09-07,4,15,199.2,3.75,-0.40203461596640555,False
INV100381,C00477,2024-03-05,7,23,506.77,3.2857142857142856,-0.47366780999739644,False
INV100382,C00291,2024-08-09,1,2,37.3,2.0,-0.4387267523578425,False
INV100383,C00145,2024-07-29,3,10,120.58,3.3333333333333335,-0.39915992364222674,False
INV100384,C00352,2024-07-10,4,13,134.43,3.25,-0.38740921023986047,False
INV100385,C00125,2024-08-12,5,12,149.64,2.4,-0.4153611075345854,False
INV100386,C00397,2024-05-18,13,41,785.05,3.1538461538461537,-0.5931292602654725,False
INV100387,C00479,2024-03-01,7,25,304.71999999999997,3.5714285714285716,-0.4341216678648306,False
INV100388,C00301,2024-01-21,1,5,50.45,5.0,-0.47552468930335007,False
INV100389,C00214,2024-04-07,9,26,363.63,2.888888888888889,-0.44328730351320583,False
INV100390,C00446,2024-05-30,4,12,234.21,3.0,-0.39944389655069834,False
INV100391,C00226,2024-05-30,6,12,159.89,2.0,-0.46852010013253437,False
INV100392,C00031,2024-08-26,1,3,45.78,3.0,-0.4190757402778982,False
INV100393,C00468,2024-11-21,1,2,40.44,2.0,-0.4388268510678914,False
INV100394,C00427,2024-05-02,5,17,200.88,3.4,-0.4099328868599088,False
INV100395,C00471,2024-04-19,9,31,387.62,3.4444444444444446,-0.46861288037564514,False
INV100396,C00418,2024-02-11,7,27,317.84000000000003,3.857142857142857,-0.46768656584450363,False
INV100397,C00198,2024-09-25,4,12,241.05,3.0,-0.4020052670196135,False
INV100398,C00199,2024-06-05,11,37,480.01,3.3636363636363638,-0.5163079447795651,False
INV100399,C00214,2024-08-04,4,13,118.93,3.25,-0.3912086392829202,False
INV100400,C00463,2024-06-27,4,13,221.07999999999998,3.25,-0.39903508750235045,False
INV100401,C00343,2024-01-21,5,15,142.76999999999998,3.0,-0.4022389722098608,False
INV100402,C00352,2024-11-18,3,10,170.61,3.3333333333333335,-0.4039459239698519,False
INV100403,C00172,2024-01-20,2,9,72.25,4.5,-0.4490087987212285,False
INV100404,C00158,2024-10-18,1,3,58.56,3.0,-0.4255631486905788,False
INV100405,C00461,2024-07-27,1,4,69.2,4.0,-0.44896676043261396,False
INV100406,C00207,2024-03-31,1,4,80.88,4.0,-0.4527658443771373,False
INV100407,C00056,2024-09-19,1,2,55.32,2.0,-0.444485905368293,False
INV100408,C00101,2024-08-28,1,3,21.3,3.0,-0.4293402084296761,False
INV100409,C00030,2024-09-16,3,6,62.41,2.0,-0.42463236632300233,False
INV100410,C00350,2024-03-22,4,4,66.49,1.0,-0.5148482828918486,False
INV100411,C00456,2024-05-13,11,32,553.23,2.909090909090909,-0.5190641964801014,False
INV100412,C00373,2024-05-06,3,8,58.25,2.6666666666666665,-0.4112572603059987,False
INV100413,C00214,2024-08-16,2,7,121.53999999999999,3.5,-0.40415773079795864,False
INV100414,C00387,2024-04-28,14,39,378.02,2.7857142857142856,-0.559192107592761,False
INV100415,C00014,2024-07-10,5,13,118.93,2.6,-0.4120035062166434,False
INV100416,C00052,2024-03-10,4,13,174.77,3.25,-0.3882122861342444,False
INV100417,C00336,2024-07-24,5,12,95.92,2.4,-0.4238930908289713,False
INV100418,C00226,2024-07-29,8,18,238.02,2.25,-0.45976066434191387,False
INV100419,C00010,2024-03-08,2,8,105.30000000000001,4.0,-0.40894190483980347,False
INV100420,C00143,2024-11-21,7,26,413.76,3.7142857142857144,-0.4676460574574888,False
INV100421,C00129,2024-10-22,4,7,80.44,1.75,-0.44536225174433136,False
INV100422,C00484,2024-11-01,5,17,204.78,3.4,-0.4106281362664342,False
INV100423,C00121,2024-06-07,6,16,184.16,2.6666666666666665,-0.428887245310643,False
INV100424,C00179,2024-09-29,1,5,102.7,5.0,-0.491554664222323,False
INV100425,C00228,2024-11-05,3,11,125.96,3.6666666666666665,-0.4066485738904372,False
INV100426,C00111,2024-06-06,1,1,11.3,1.0,-0.4895155556334044,False
INV100427,C00327,2024-11-24,9,24,423.45,2.6666666666666665,-0.46332054193127814,False
INV100428,C00271,2024-05-31,4,12,184.14,3.0,-0.3828650067580513,False
INV100429,C00487,2024-05-17,7,20,334.05,2.857142857142857,-0.426083148268353,False
INV100430,C00172,2024-05-14,6,15,213.65,2.5,-0.43525281688097195,False
INV100431,C00418,2024-08-10,4,12,154.96,3.0,-0.3809171843362579,False
INV100432,C00239,2024-08-07,2,5,65.83,2.5,-0.4065629242115504,False
INV100433,C00001,2024-09-07,1,5,116.9,5.0,-0.4987395861140015,False
INV100434,C00247,2024-06-27,1,2,17.64,2.0,-0.43661204581004576,False
INV100435,C00270,2024-07-05,4,14,144.61,3.5,-0.39128783093077885,False
INV100436,C00434,2024-03-09,3,5,40.809999999999995,1.6666666666666667,-0.4603168404157096,False
INV100437,C00303,2024-02-13,4,12,129.67000000000002,3.0,-0.3807080591019033,False
INV100438,C00090,2024-10-19,3,9,161.86,3.0,-0.3962621235957146,False
INV100439,C00162,2024-02-11,7,20,233.8,2.857142857142857,-0.4209562866151936,False
INV100440,C00446,2024-03-10,14,31,431.28,2.2142857142857144,-0.5719455035074151,False
INV100441,C00300,2024-02-12,1,4,30.64,4.0,-0.4489571160673838,False
INV100442,C00446,2024-12-19,7,16,190.86,2.2857142857142856,-0.4545276660385716,False
INV100443,C00149,2024-06-20,2,5,92.72,2.5,-0.41266659701460967,False
INV100444,C00023,2024-04-14,9,33,316.12,3.6666666666666665,-0.4964803022987728,False
INV100445,C00116,2024-01-29,3,11,122.72,3.6666666666666665,-0.40664997593083174,False
INV100446,C00003,2024-06-04,4,17,196.85,4.25,-0.4541443425265557,False
INV100447,C00220,2024-06-28,4,8,122.5,2.0,-0.4236361772325173,False
INV100448,C00163,2024-05-08,1,4,34.68,4.0,-0.44630862940732596,False
INV100449,C00120,2024-10-26,4,17,325.71,4.25,-0.47704040341095927,False
INV100450,C00147,2024-08-31,15,43,912.72,2.8666666666666667,-0.6408402649992454,True
INV100451,C00019,2024-09-27,8,23,308.39,2.875,-0.42848501396689237,False
INV100452,C00199,2024-11-23,5,11,103.05000000000001,2.2,-0.43282159437318196,False
INV100453,C00203,2024-09-04,6,13,116.24000000000001,2.1666666666666665,-0.45918089516335947,False
INV100454,C00347,2024-02-18,4,11,109.44,2.75,-0.3903892277260711,False
INV100455,C00103,2024-06-22,5,13,113.1,2.6,-0.41297996984663427,False
INV100456,C00153,2024-11-03,5,13,109.97,2.6,-0.4156088914785135,False
INV100457,C00286,2024-01-27,2,2,80.53,1.0,-0.5106720693028939,False
INV100458,C00211,2024-12-01,2,6,85.18,3.0,-0.3930423248213175,False
INV100459,C00347,2024-03-22,1,2,21.8,2.0,-0.43487897276269344,False
INV100460,C00172,2024-04-03,1,2,31.56,2.0,-0.4363216893436296,False
INV100461,C00202,2024-07-09,3,7,71.17999999999999,2.3333333333333335,-0.4111975997826269,False
INV100462,C00014,2024-12-08,2,5,78.57000000000001,2.5,-0.41027355398817067,False
INV100463,C00489,2024-10-29,5,12,107.42,2.4,-0.4183090969256041,False
INV100464,C00078,2024-12-30,6,25,386.7,4.166666666666667,-0.5058832767883873,False
INV100465,C00078,2024-01-03,1,5,69.25,5.0,-0.4721205590226498,False
INV100466,C00499,2024-07-02,5,14,479.86,2.8,-0.4952063807133466,False
INV100467,C00124,2024-09-13,4,9,129.88,2.25,-0.4015834613047944,False
INV100468,C00197,2024-08-18,4,11,68.56,2.75,-0.3984014835215739,False
INV100469,C00463,2024-08-19,1,2,17.78,2.0,-0.43615493032400154,False
INV100470,C00465,2024-12-29,4,7,85.89,1.75,-0.44674637007346,False
INV100471,C00047,2024-09-23,7,22,273.72,3.142857142857143,-0.42209483135045867,False
INV100472,C00470,2024-07-29,4,12,166.27,3.0,-0.3809900514483763,False
INV100473,C00023,2024-03-29,12,37,465.42,3.0833333333333335,-0.5125101503616818,False
INV100474,C00333,2024-11-13,10,23,258.95,2.3,-0.49225776682901556,False
INV100475,C00211,2024-11-30,4,9,89.14,2.25,-0.40529664901769963,False
INV100476,C00285,2024-11-19,5,13,201.74,2.6,-0.41476533926789083,False
INV100477,C00435,2024-07-28,2,5,82.72,2.5,-0.41035901452070517,False
INV100478,C00307,2024-08-22,5,11,125.33,2.2,-0.4324426198744218,False
INV100479,C00473,2024-06-08,3,12,64.78999999999999,4.0,-0.4358137772840921,False
INV100480,C00271,2024-07-14,4,14,369.97,3.5,-0.4570298486316657,False
INV100481,C00280,2024-11-30,1,2,22.6,2.0,-0.4347067387986547,False
INV100482,C00277,2024-07-02,5,11,104.05,2.2,-0.43266901588427364,False
INV100483,C00487,2024-03-06,7,25,481.0,3.5714285714285716,-0.46485872653308086,False
INV100484,C00150,2024-06-14,1,5,63.75,5.0,-0.4731949823382441,False
INV100485,C00258,2024-04-28,7,18,252.56,2.5714285714285716,-0.4384717493569382,False
INV100486,C00267,2024-12-24,3,7,110.24000000000001,2.3333333333333335,-0.4133781662712005,False
INV100487,C00345,2024-08-31,37,993,12591.84,26.83783783783784,-0.8495425065926047,True
INV100488,C00360,2024-11-25,5,15,157.91,3.0,-0.39931160401407356,False
INV100489,C00451,2024-05-02,2,7,256.78,3.5,-0.46689010948555293,False
INV100490,C00345,2024-03-01,5,22,260.14,4.4,-0.49551624963692836,False
INV100491,C00135,2024-04-08,2,4,74.56,2.0,-0.42610470082319396,False
INV100492,C00290,2024-04-24,1,5,84.05,5.0,-0.4774234844178455,False
INV100493,C00438,2024-11-29,1,3,41.28,3.0,-0.42114586994050707,False
INV100494,C00193,2024-08-13,1,5,193.55,5.0,-0.5320981311413855,False
INV100495,C00136,2024-05-21,8,23,303.17,2.875,-0.43020679768312114,False
INV100496,C00123,2024-10-05,3,6,61.629999999999995,2.0,-0.42589040410971807,False
INV100497,C00337,2024-09-06,7,19,173.47,2.7142857142857144,-0.4353259795101582,False
INV100498,C00020,2024-12-15,7,21,315.25,3.0,-0.41826534776873286,False
INV100499,C00091,2024-09-01,7,15,155.45,2.142857142857143,-0.4659600311602679,False
INV100500,C00311,2024-05-28,1,1,10.64,1.0,-0.49112760798973004,False
INV100501,C00391,2024-09-25,2,5,65.36,2.5,-0.40697553899400407,False
INV100502,C00447,2024-11-26,2,8,234.42999999999998,4.0,-0.451196586547048,False
INV100503,C00263,2024-07-06,1,3,35.28,3.0,-0.4223128587128286,False
INV100504,C00235,2024-05-25,2,10,268.70000000000005,5.0,-0.5324635956188352,False
INV100505,C00196,2024-08-06,2,6,36.7,3.0,-0.4020721150259847,False
INV100506,C00264,2024-06-24,2,6,69.96,3.0,-0.3909074295067867,False
INV100507,C00081,2024-04-28,2,8,130.93,4.0,-0.408623997095357,False
INV100508,C00176,2024-10-06,5,19,267.73,3.8,-0.4313789424335569,False
INV100509,C00336,2024-04-01,4,15,171.98000000000002,3.75,-0.3997801990294241,False
INV100510,C00050,2024-06-07,3,9,135.63,3.0,-0.3935987075546029,False
INV100511,C00021,2024-07-03,4,9,84.02000000000001,2.25,-0.4044881133347262,False
INV100512,C00364,2024-04-01,1,4,52.12,4.0,-0.4428094447252027,False
INV100513,C00119,2024-07-13,9,25,381.22,2.7777777777777777,-0.4483535834965051,False
INV100514,C00045,2024-08-26,3,10,142.6,3.3333333333333335,-0.40061525876628384,False
INV100515,C00478,2024-07-25,5,10,162.43,2.0,-0.4445033255936602,False
INV100516,C00372,2024-10-31,4,4,49.34,1.0,-0.5196622728165028,False
INV100517,C00469,2024-10-16,3,7,45.34,2.3333333333333335,-0.42218520718031605,False
INV100518,C00465,2024-07-19,9,27,218.63,3.0,-0.46624686071230736,False
INV100519,C00014,2024-09-13,1,2,22.72,2.0,-0.4347067387986547,False
INV100520,C00380,2024-08-30,1,5,85.5,5.0,-0.4818005547222879,False
INV100521,C00198,2024-09-28,8,24,218.02,3.0,-0.44584313155746,False
INV100522,C00422,2024-05-19,5,23,275.56,4.6,-0.5189277596287033,False
INV100523,C00140,2024-08-05,1,3,81.66,3.0,-0.4364483347182229,False
INV100524,C00004,2024-04-23,1,3,53.85,3.0,-0.4227120993067221,False
INV100525,C00041,2024-09-21,2,5,32.269999999999996,2.5,-0.42015210775323325,False
INV100526,C00242,2024-02-09,2,9,104.47999999999999,4.5,-0.4460725038740188,False
INV100527,C00067,2024-07-03,10,31,484.68,3.1,-0.48500502454635097,False
INV100528,C00418,2024-08-15,2,4,39.88,2.0,-0.42445801910054287,False
INV100529,C00338,2024-01-05,1,4,41.16,4.0,-0.44235457377953596,False
INV100530,C00293,2024-04-27,1,2,18.06,2.0,-0.4352007341606947,False
INV100531,C00047,2024-11-02,12,39,459.7,3.25,-0.5161280681355608,False
INV100532,C00381,2024-01-14,3,11,167.45999999999998,3.6666666666666665,-0.41035123904324156,False
INV100533,C00088,2024-01-25,3,7,117.46000000000001,2.3333333333333335,-0.4143786982337903,False
INV100534,C00467,2024-02-20,4,13,194.92,3.25,-0.3911863418853828,False
INV100535,C00213,2024-07-03,5,20,399.92,4.0,-0.4827786842757591,False
INV100536,C00220,2024-01-28,4,13,144.04,3.25,-0.3861550618794209,False
INV100537,C00381,2024-12-21,6,19,323.91,3.1666666666666665,-0.43147986327242177,False
INV100538,C00258,2024-01-12,2,6,35.599999999999994,3.0,-0.4032896874451583,False
INV100539,C00096,2024-03-17,1,1,14.63,1.0,-0.4873355820389601,False
INV100540,C00468,2024-05-23,1,5,69.05,5.0,-0.47251989561577823,False
INV100541,C00197,2024-02-22,5,21,281.63,4.2,-0.46763647207831743,False
INV100542,C00273,2024-11-09,5,15,203.22000000000003,3.0,-0.3991428821678549,False
INV100543,C00266,2024-06-07,7,19,173.26999999999998,2.7142857142857144,-0.4351787366170281,False
INV100544,C00409,2024-06-16,2,9,93.11,4.5,-0.44481667068646347,False
INV100545,C00129,2024-09-03,7,23,339.07,3.2857142857142856,-0.42477889372152655,False
INV100546,C00214,2024-05-13,7,23,338.18,3.2857142857142856,-0.42477889372152655,False
INV100547,C00038,2024-03-05,7,18,173.72,2.5714285714285716,-0.4436343775233038,False
INV100548,C00194,2024-06-25,5,11,124.34,2.2,-0.4325382878740353,False
INV100549,C00332,2024-04-22,4,15,146.82,3.75,-0.4003629174987395,False
INV100550,C00394,2024-11-22,3,10,147.52,3.3333333333333335,-0.39979227094941155,False
INV100551,C00078,2024-08-03,7,21,177.11999999999998,3.0,-0.43508534813439503,False
INV100552,C00369,2024-04-25,4,9,170.91,2.25,-0.4099516506846966,False
INV100553,C00271,2024-11-29,7,23,250.99,3.2857142857142856,-0.4262743700060014,False
INV100554,C00159,2024-03-28,6,15,210.53,2.5,-0.4354193711406264,False
INV100555,C00481,2024-10-11,5,17,153.7,3.4,-0.4172078985840685,False
INV100556,C00215,2024-11-28,2,4,66.94,2.0,-0.4213763019847437,False
INV100557,C00190,2024-11-30,7,23,428.57,3.2857142857142856,-0.44608780669980364,False
INV100558,C00480,2024-08-09,7,25,394.53999999999996,3.5714285714285716,-0.4484343640282186,False
INV100559,C00240,2024-09-05,1,5,58.8,5.0,-0.47417232742095505,False
INV100560,C00090,2024-11-11,5,22,337.07,4.4,-0.5054011581661291,False
INV100561,C00421,2024-11-22,1,4,28.8,4.0,-0.4496780763701337,False
INV100562,C00396,2024-04-12,7,25,346.78000000000003,3.5714285714285716,-0.43711590517688964,False
INV100563,C00317,2024-09-06,2,6,34.54,3.0,-0.40577439202386395,False
INV100564,C00491,2024-08-07,2,8,253.72,4.0,-0.4622292733957748,False
INV100565,C00231,2024-08-27,2,9,54.58,4.5,-0.4583109406275773,False
INV100566,C00263,2024-10-09,4,14,77.96000000000001,3.5,-0.41312712233866306,False
INV100567,C00092,2024-08-30,1,3,41.28,3.0,-0.42114586994050707,False
INV100568,C00406,2024-07-14,2,6,30.64,3.0,-0.4090916226844012,False
INV100569,C00243,2024-09-30,4,14,180.87,3.5,-0.39485617981411664,False
INV100570,C00281,2024-11-28,1,1,19.52,1.0,-0.5024545846212832,False
INV100571,C00028,2024-09-11,5,14,209.38,2.8,-0.4090965492986442,False
INV100572,C00176,2024-02-18,5,12,129.5,2.4,-0.4153948441968548,False
INV100573,C00170,2024-10-30,3,7,103.92,2.3333333333333335,-0.4124697068218825,False
INV100574,C00256,2024-05-13,5,14,150.95999999999998,2.8,-0.40515596026787243,False
INV100575,C00023,2024-02-14,9,27,221.42000000000002,3.0,-0.465347653455754,False
INV100576,C00144,2024-08-02,4,12,140.32999999999998,3.0,-0.38024216856395404,False
INV100577,C00120,2024-10-27,19,66,832.52,3.473684210526316,-0.7077296897531041,True
INV100578,C00478,2024-03-21,22,66,726.08,3.0,-0.6991365833771169,True
INV100579,C00431,2024-05-23,4,11,81.28,2.75,-0.39439186129114195,False
INV100580,C00333,2024-07-10,10,34,443.2,3.4,-0.5039667582908697,False
INV100581,C00438,2024-09-28,6,15,238.38,2.5,-0.4390079105117573,False
INV100582,C00211,2024-02-29,2,5,90.3,2.5,-0.41235439646697236,False
INV100583,C00111,2024-04-29,2,5,50.540000000000006,2.5,-0.4075102019486151,False
INV100584,C00477,2024-10-02,9,28,238.20000000000002,3.111111111111111,-0.46277800909245714,False
INV100585,C00345,2024-03-15,6,17,198.97,2.8333333333333335,-0.42570859985673876,False
INV100586,C00081,2024-03-29,2,5,143.26,2.5,-0.43796443550347786,False
INV100587,C00176,2024-10-17,5,12,195.26,2.4,-0.4215423210161141,False
INV100588,C00369,2024-05-21,1,1,8.37,1.0,-0.4976053075548574,False
INV100589,C00354,2024-02-25,1,5,27.05,5.0,-0.4909877504622612,False
INV100590,C00445,2024-02-29,4,16,215.01,4.0,-0.422236514295081,False
INV100591,C00294,2024-09-03,2,7,103.5,3.5,-0.40144091981232133,False
INV100592,C00031,2024-08-15,2,5,112.66999999999999,2.5,-0.42531443357486104,False
INV100593,C00315,2024-04-21,3,9,152.97,3.0,-0.3972546374389588,False
INV100594,C00411,2024-08-20,1,5,111.05,5.0,-0.4975415073258284,False
INV100595,C00447,2024-08-22,2,2,32.76,1.0,-0.4973062018951959,False
INV100596,C00123,2024-09-07,2,5,84.50999999999999,2.5,-0.4102025271470654,False
INV100597,C00220,2024-07-26,1,2,15.82,2.0,-0.4369210351188873,False
INV100598,C00416,2024-01-26,3,9,183.19,3.0,-0.4039954336031986,False
INV100599,C00176,2024-09-27,2,8,60.67,4.0,-0.41320071065656777,False
INV100600,C00350,2024-05-20,2,4,42.38,2.0,-0.4240429184175224,False
INV100601,C00202,2024-06-27,2,9,96.5,4.5,-0.4442888155367087,False
INV100602,C00217,2024-11-17,9,29,472.40000000000003,3.2222222222222223,-0.46667939678078985,False
INV100603,C00049,2024-09-30,2,9,56.480000000000004,4.5,-0.45849817714654195,False
INV100604,C00167,2024-11-06,5,16,264.76,3.2,-0.41540844444906777,False
INV100605,C00161,2024-03-16,1,2,28.26,2.0,-0.4350008352624544,False
INV100606,C00024,2024-06-26,4,12,164.52,3.0,-0.3810026599212646,False
INV100607,C00323,2024-07-16,4,9,153.13,2.25,-0.4049871295753309,False
INV100608,C00143,2024-08-03,4,12,155.09,3.0,-0.3809171843362579,False
INV100609,C00362,2024-07-22,5,14,135.91,2.8,-0.4054742163663882,False
INV100610,C00095,2024-04-24,16,43,541.99,2.6875,-0.6244442087662803,False
INV100611,C00403,2024-08-05,2,3,51.22,1.5,-0.45954860203366343,False
INV100612,C00112,2024-06-22,7,12,158.65,1.7142857142857142,-0.5099467977261699,False
INV100613,C00434,2024-10-24,2,10,82.75,5.0,-0.48418117086093265,False
INV100614,C00115,2024-10-14,2,8,100.57,4.0,-0.4072803946595382,False
INV100615,C00271,2024-09-23,9,26,324.4,2.888888888888889,-0.44042175698295427,False
INV100616,C00024,2024-02-26,2,7,84.67,3.5,-0.39798956191111917,False
INV100617,C00028,2024-12-01,5,15,267.02,3.0,-0.4162876570129775,False
INV100618,C00334,2024-07-30,5,12,309.38,2.4,-0.45660821348580094,False
INV100619,C00228,2024-06-13,4,11,227.31,2.75,-0.40684955513532733,False
INV100620,C00389,2024-01-31,2,5,49.57,2.5,-0.4071895300562744,False
INV100621,C00343,2024-06-19,4,11,118.85,2.75,-0.38717859617579703,False
INV100622,C00198,2024-11-14,7,21,218.26999999999998,3.0,-0.4260152262673482,False
INV100623,C00103,2024-01-22,2,4,41.43,2.0,-0.4240429184175224,False
INV100624,C00365,2024-11-18,7,21,400.49,3.0,-0.4401541542641422,False
INV100625,C00166,2024-11-30,5,14,223.57999999999998,2.8,-0.41107676852577296,False
INV100626,C00237,2024-11-30,4,13,216.57999999999998,3.25,-0.3951606015952558,False
INV100627,C00131,2024-10-17,1,5,32.6,5.0,-0.4845502388820258,False
INV100628,C00379,2024-12-21,8,31,419.64000000000004,3.875,-0.5011092396641641,False
INV100629,C00371,2024-07-22,2,7,150.76999999999998,3.5,-0.41592426143481326,False
INV100630,C00356,2024-01-18,3,8,120.05,2.6666666666666665,-0.4057747303707252,False
INV100631,C00206,2024-07-28,4,11,70.05,2.75,-0.3981040899672047,False
INV100632,C00294,2024-07-04,2,5,39.449999999999996,2.5,-0.4136416219582666,False
INV100633,C00112,2024-06-12,1,1,6.17,1.0,-0.509068218343312,False
INV100634,C00170,2024-06-29,3,6,49.17,2.0,-0.42855136662429927,False
INV100635,C00367,2024-05-22,4,16,182.07,4.0,-0.4184977899344746,False
INV100636,C00345,2024-12-12,10,26,266.33,2.6,-0.4764146607379736,False
INV100637,C00294,2024-11-15,2,10,131.2,5.0,-0.4890304187025377,False
INV100638,C00271,2024-07-03,2,4,39.0,2.0,-0.4244219251694902,False
INV100639,C00183,2024-03-17,5,14,148.44,2.8,-0.40513855480048716,False
INV100640,C00353,2024-06-19,1,1,14.13,1.0,-0.4876462787955967,False
INV100641,C00319,2024-04-27,4,9,85.07,2.25,-0.40464993486370443,False
INV100642,C00019,2024-08-07,1,2,6.78,2.0,-0.4601873779165551,False
INV100643,C00136,2024-08-09,13,46,758.19,3.5384615384615383,-0.6202784312957837,False
INV100644,C00373,2024-02-02,3,10,98.29,3.3333333333333335,-0.4036395058090624,False
INV100645,C00224,2024-08-11,8,27,368.0,3.375,-0.4469354534946871,False
INV100646,C00158,2024-12-02,4,8,59.09,2.0,-0.4309624788002842,False
INV100647,C00470,2024-10-03,6,19,226.26999999999998,3.1666666666666665,-0.4237406341192609,False
INV100648,C00086,2024-07-24,2,4,31.07,2.0,-0.42821399484282735,False
INV100649,C00024,2024-09-12,1,4,47.64,4.0,-0.4421344205990094,False
INV100650,C00317,2024-12-10,4,13,482.57000000000005,3.25,-0.48868718509573444,False
INV100651,C00293,2024-11-17,4,5,74.92,1.25,-0.4918786128176343,False
INV100652,C00463,2024-04-03,2,6,83.28,3.0,-0.39208377482793183,False
INV100653,C00159,2024-11-02,3,11,185.62,3.6666666666666665,-0.41384445220657073,False
INV100654,C00493,2024-06-16,7,18,208.56,2.5714285714285716,-0.4386318836983985,False
INV100655,C00440,2024-05-21,5,16,261.21000000000004,3.2,-0.41539354967159736,False
INV100656,C00151,2024-06-29,7,19,248.61,2.7142857142857144,-0.4222904126637233,False
INV100657,C00241,2024-07-15,4,9,144.36,2.25,-0.4022276876878859,False
INV100658,C00454,2024-04-16,4,7,91.81,1.75,-0.4476121443311592,False
INV100659,C00232,2024-11-19,5,17,296.23,3.4,-0.42795310069008824,False
INV100660,C00326,2024-11-13,1,4,54.96,4.0,-0.4441352526377124,False
INV100661,C00067,2024-12-17,2,7,47.83,3.5,-0.4073859244618053,False
INV100662,C00384,2024-08-05,4,15,197.48000000000002,3.75,-0.40265834159549146,False
INV100663,C00251,2024-08-04,5,17,148.76999999999998,3.4,-0.4165965978920884,False
INV100664,C00085,2024-04-12,5,16,225.18,3.2,-0.40639076573543786,False
INV100665,C00210,2024-07-30,1,4,41.24,4.0,-0.44235457377953596,False
INV100666,C00001,2024-04-18,8,24,278.95,3.0,-0.42934263862279953,False
INV100667,C00270,2024-09-07,2,5,79.53,2.5,-0.41068255077010074,False
INV100668,C00470,2024-06-23,9,30,501.03999999999996,3.3333333333333335,-0.4874157901880065,False
INV100669,C00252,2024-10-12,26,739,9391.52,28.423076923076923,-0.8296612259983361,True
INV100670,C00270,2024-05-19,3,5,47.53,1.6666666666666667,-0.45684689287246294,False
INV100671,C00091,2024-12-13,9,16,281.18,1.7777777777777777,-0.5340006420374132,False
INV100672,C00188,2024-10-28,5,20,279.68,4.0,-0.44503900317392836,False
INV100673,C00479,2024-08-25,4,13,150.22,3.25,-0.3865089445325258,False
INV100674,C00226,2024-06-02,2,8,74.52,4.0,-0.4070493578240881,False
INV100675,C00206,2024-07-06,4,15,118.66,3.75,-0.4059612950734683,False
INV100676,C00268,2024-05-15,2,6,99.84,3.0,-0.39739656575261545,False
INV100677,C00429,2024-09-13,1,2,20.18,2.0,-0.43467088427356393,False
INV100678,C00019,2024-09-28,5,14,145.93,2.8,-0.40507669146834596,False
INV100679,C00126,2024-10-26,2,7,192.57,3.5,-0.43044449774145876,False
INV100680,C00120,2024-10-13,7,16,212.93,2.2857142857142856,-0.4549284550978494,False
INV100681,C00278,2024-11-02,1,4,51.72,4.0,-0.4424789020939076,False
INV100682,C00079,2024-03-15,2,6,54.9,3.0,-0.39562948637568784,False
INV100683,C00158,2024-04-11,4,13,156.49,3.25,-0.38664212373291806,False
INV100684,C00204,2024-03-27,4,15,134.08,3.75,-0.40343336937656377,False
INV100685,C00348,2024-05-09,8,23,445.17,2.875,-0.45757955167493286,False
INV100686,C00442,2024-05-05,7,23,173.39,3.2857142857142856,-0.44772744849792817,False
INV100687,C00077,2024-02-11,13,43,510.15,3.3076923076923075,-0.5553777771684343,False
INV100688,C00159,2024-07-18,2,2,30.73,1.0,-0.49735025210606193,False
INV100689,C00378,2024-04-28,3,11,88.9,3.6666666666666665,-0.41366503409581823,False
INV100690,C00134,2024-08-31,2,5,70.8,2.5,-0.40765414744385514,False
INV100691,C00487,2024-10-23,7,23,280.45,3.2857142857142856,-0.4229388143826667,False
INV100692,C00272,2024-09-15,4,14,179.96,3.5,-0.39374333827461305,False
INV100693,C00262,2024-04-12,2,6,33.69,3.0,-0.4059827800219096,False
INV100694,C00046,2024-08-14,1,4,92.12,4.0,-0.4598581654374744,False
INV100695,C00397,2024-12-16,4,16,196.24,4.0,-0.41966061089989787,False
INV100696,C00201,2024-04-15,5,22,396.55,4.4,-0.5234450871494237,False
INV100697,C00229,2024-07-01,2,3,43.42,1.5,-0.4592779440480439,False
INV100698,C00024,2024-11-30,2,8,257.88,4.0,-0.4633153220706602,False
INV100699,C00166,2024-11-06,4,10,126.49000000000001,2.5,-0.3941586643752454,False
INV100700,C00327,2024-11-30,12,44,804.31,3.6666666666666665,-0.6209721880372024,False
INV100701,C00077,2024-08-20,1,1,15.78,1.0,-0.48875153847800057,False
INV100702,C00133,2024-04-22,4,12,166.61,3.0,-0.3809900514483763,False
INV100703,C00365,2024-10-13,4,7,83.52,1.75,-0.44624475299283645,False
INV100704,C00446,2024-08-20,4,10,114.84,2.5,-0.3931384925303305,False
INV100705,C00153,2024-09-03,7,17,202.82,2.4285714285714284,-0.44361037506745377,False
INV100706,C00120,2024-02-29,9,31,253.04000000000002,3.4444444444444446,-0.4809135337836346,False
INV100707,C00101,2024-01-29,1,3,29.64,3.0,-0.42469424234413694,False
INV100708,C00290,2024-06-15,4,11,139.85,2.75,-0.38786644245492996,False
INV100709,C00238,2024-05-19,2,10,83.4,5.0,-0.4844845581795601,False
INV100710,C00129,2024-12-01,15,46,588.07,3.066666666666667,-0.6083533063570139,False
INV100711,C00197,2024-09-20,5,13,365.57,2.6,-0.4695637778204377,False
INV100712,C00199,2024-02-19,2,6,69.39,3.0,-0.390304097724958,False
INV100713,C00196,2024-03-04,1,3,44.79,3.0,-0.4186237948688124,False
INV100714,C00120,2024-05-22,2,10,104.6,5.0,-0.48875710279121415,False
INV100715,C00046,2024-04-29,5,16,193.7,3.2,-0.4031052267027191,False
INV100716,C00285,2024-08-31,3,3,55.25,1.0,-0.5098167085643449,False
INV100717,C00338,2024-03-19,6,18,173.7,3.0,-0.4291353161365042,False
INV100718,C00173,2024-02-22,1,1,14.62,1.0,-0.4873355820389601,False
INV100719,C00398,2024-05-20,5,13,153.69,2.6,-0.41194672991128617,False
INV100720,C00274,2024-07-05,3,8,272.20000000000005,2.6666666666666665,-0.46173720520349915,False
INV100721,C00335,2024-07-18,1,2,21.52,2.0,-0.43487897276269344,False
INV100722,C00418,2024-07-17,1,5,40.0,5.0,-0.47860687182366235,False
INV100723,C00073,2024-05-22,8,20,284.22,2.5,-0.44539924389849955,False
INV100724,C00495,2024-03-30,2,10,80.30000000000001,5.0,-0.4850491266287282,False
INV100725,C00231,2024-02-08,2,8,95.88,4.0,-0.4060889112757914,False
INV100726,C00487,2024-03-24,1,2,18.26,2.0,-0.4352007341606947,False
INV100727,C00421,2024-05-14,4,13,176.19,3.25,-0.38780922204787566,False
INV100728,C00294,2024-02-19,3,6,53.91,2.0,-0.42804986365747966,False
INV100729,C00228,2024-10-09,1,4,20.48,4.0,-0.4519371178766139,False
INV100730,C00117,2024-06-14,5,11,96.71000000000001,2.2,-0.4343613487027122,False
INV100731,C00359,2024-10-09,4,16,309.9,4.0,-0.4473251490184428,False
INV100732,C00320,2024-06-04,5,15,238.88,3.0,-0.40927019733118836,False
INV100733,C00287,2024-02-29,1,5,27.45,5.0,-0.49082168075755195,False
INV100734,C00337,2024-03-12,4,11,231.5,2.75,-0.41039965437797726,False
INV100735,C00396,2024-04-20,2,2,16.99,1.0,-0.5030166272839455,False
INV100736,C00489,2024-10-01,1,4,103.32,4.0,-0.4666802893800516,False
INV100737,C00227,2024-04-24,7,26,372.67,3.7142857142857144,-0.45829966639333347,False
INV100738,C00381,2024-02-29,2,4,44.06,2.0,-0.42292604613017504,False
INV100739,C00083,2024-11-13,2,8,65.32,4.0,-0.4087303191349754,False
INV100740,C00260,2024-04-27,3,7,68.64,2.3333333333333335,-0.4113273510372675,False
INV100741,C00215,2024-10-26,2,2,23.700000000000003,1.0,-0.4995563736445493,False
INV100742,C00197,2024-12-23,1,1,7.91,1.0,-0.49948382277764314,False
INV100743,C00310,2024-09-06,1,2,15.96,2.0,-0.43711722253107693,False
INV100744,C00446,2024-09-24,14,32,346.89,2.2857142857142856,-0.5704355985533432,False
INV100745,C00028,2024-06-20,2,8,111.50999999999999,4.0,-0.409503499663877,False
INV100746,C00242,2024-06-29,2,6,71.84,3.0,-0.3909074295067867,False
INV100747,C00333,2024-11-03,12,39,522.7,3.25,-0.5256292560963906,False
INV100748,C00046,2024-06-15,1,4,16.72,4.0,-0.45588684491812365,False
INV100749,C00065,2024-06-10,3,5,67.2,1.6666666666666667,-0.4522327614400144,False
INV100750,C00291,2024-03-30,1,4,36.28,4.0,-0.4460504399639128,False
INV100751,C00049,2024-02-03,4,12,143.37,3.0,-0.38071818822068093,False
INV100752,C00081,2024-08-27,2,6,87.68,3.0,-0.39336185440681687,False
INV100753,C00028,2024-11-01,4,10,86.91,2.5,-0.39988310927967313,False
INV100754,C00195,2024-11-23,6,22,146.07999999999998,3.6666666666666665,-0.4664051656094729,False
INV100755,C00337,2024-09-26,2,8,46.37,4.0,-0.41746090648167566,False
INV100756,C00320,2024-11-02,2,7,77.87,3.5,-0.3982455518192624,False
INV100757,C00147,2024-10-16,2,8,202.28,4.0,-0.4328629866818605,False
INV100758,C00400,2024-07-23,2,7,85.56,3.5,-0.39901189718887603,False
INV100759,C00047,2024-08-31,4,15,162.8,3.75,-0.3999353462208788,False
INV100760,C00047,2024-10-26,4,12,111.41,3.0,-0.3849496721427716,False
INV100761,C00280,2024-06-13,8,13,171.11,1.625,-0.5244540093828101,False
INV100762,C00082,2024-06-30,1,3,23.79,3.0,-0.42794892265538026,False
INV100763,C00052,2024-04-06,4,12,282.38,3.0,-0.4180442870731976,False
INV100764,C00396,2024-05-10,7,19,265.88,2.7142857142857144,-0.4219821922050341,False
INV100765,C00431,2024-02-22,16,49,738.34,3.0625,-0.652586908174838,True
INV100766,C00265,2024-05-28,3,11,117.38,3.6666666666666665,-0.4070046028396946,False
INV100767,C00445,2024-08-21,4,8,104.95,2.0,-0.4196804773216914,False
INV100768,C00323,2024-08-31,2,3,32.53,1.5,-0.4584520745617979,False
INV100769,C00155,2024-08-10,1,2,44.5,2.0,-0.440613537718435,False
INV100770,C00151,2024-02-28,8,18,349.04,2.25,-0.46670204260761045,False
INV100771,C00115,2024-10-03,7,21,324.59000000000003,3.0,-0.41983271124838045,False
INV100772,C00245,2024-07-02,14,38,472.85,2.7142857142857144,-0.5576904655149688,False
INV100773,C00174,2024-06-24,4,12,133.3,3.0,-0.37976985585057643,False
INV100774,C00354,2024-06-30,3,8,149.94,2.6666666666666665,-0.4112133007239037,False
INV100775,C00499,2024-05-04,9,33,438.33,3.6666666666666665,-0.5053974235957805,False
INV100776,C00169,2024-06-06,1,5,30.85,5.0,-0.4858157873676432,False
INV100777,C00224,2024-06-19,9,27,300.15,3.0,-0.44368989768317413,False
INV100778,C00014,2024-09-01,11,31,379.72,2.8181818181818183,-0.49103080242867986,False
INV100779,C00348,2024-07-31,16,51,780.3299999999999,3.1875,-0.6641266641439997,True
INV100780,C00421,2024-09-22,2,7,31.939999999999998,3.5,-0.4211023988368165,False
INV100781,C00474,2024-03-19,1,1,17.17,1.0,-0.49230201938060525,False
INV100782,C00074,2024-09-02,8,25,311.71,3.125,-0.42821811481377664,False
INV100783,C00004,2024-07-25,4,15,216.11,3.75,-0.4048436337354139,False
INV100784,C00044,2024-07-15,3,9,206.04000000000002,3.0,-0.41361008302105223,False
INV100785,C00111,2024-05-02,5,16,239.17000000000002,3.2,-0.4094802358179598,False
INV100786,C00143,2024-06-12,12,43,490.39,3.5833333333333335,-0.5619752138858427,False
INV100787,C00381,2024-07-15,5,22,418.70000000000005,4.4,-0.5296524873769787,False
INV100788,C00037,2024-03-30,9,33,407.75,3.6666666666666665,-0.5018299641045797,False
INV100789,C00446,2024-12-12,7,18,230.54000000000002,2.5714285714285716,-0.4353202825409946,False
INV100790,C00477,2024-07-14,9,26,288.1,2.888888888888889,-0.4446975865010137,False
INV100791,C00295,2024-10-17,4,15,121.45,3.75,-0.40707382663921343,False
INV100792,C00428,2024-02-21,10,25,305.16,2.5,-0.4763160191216162,False
INV100793,C00447,2024-07-17,2,8,212.70999999999998,4.0,-0.43918134945387144,False
INV100794,C00336,2024-10-12,4,16,226.70999999999998,4.0,-0.4256880761462404,False
INV100795,C00317,2024-03-30,8,24,277.94,3.0,-0.4290234452912337,False
INV100796,C00168,2024-03-10,2,7,49.730000000000004,3.5,-0.40705060443682634,False
INV100797,C00384,2024-07-08,4,12,176.88,3.0,-0.3810647343353813,False
INV100798,C00127,2024-04-16,4,13,269.37,3.25,-0.41379905048385546,False
INV100799,C00213,2024-02-01,4,15,190.03,3.75,-0.4015016990278289,False
INV100800,C00337,2024-10-30,7,27,310.32,3.857142857142857,-0.4669811714879824,False
INV100801,C00382,2024-08-14,7,24,335.75,3.4285714285714284,-0.4263058227341678,False
INV100802,C00071,2024-07-17,4,11,278.51,2.75,-0.42938201346021315,False
INV100803,C00405,2024-08-24,2,4,21.48,2.0,-0.4371665079070456,False
INV100804,C00342,2024-10-18,4,8,103.39,2.0,-0.42061585168752474,False
INV100805,C00200,2024-02-16,4,12,98.12,3.0,-0.3909149571764517,False
INV100806,C00390,2024-07-20,4,17,154.97,4.25,-0.4544102809197301,False
INV100807,C00032,2024-05-15,7,26,278.95,3.7142857142857144,-0.4516548110926617,False
INV100808,C00108,2024-10-27,7,17,276.83,2.4285714285714284,-0.4450012188387896,False
INV100809,C00145,2024-08-06,1,3,43.92,3.0,-0.41942429813222304,False
INV100810,C00071,2024-06-25,7,19,233.55,2.7142857142857144,-0.42344611474516486,False
INV100811,C00135,2024-04-25,5,11,86.32000000000001,2.2,-0.43593473867164517,False
INV100812,C00098,2024-12-25,14,48,954.18,3.4285714285714284,-0.6440919220768797,True
INV100813,C00366,2024-03-07,4,14,154.97,3.5,-0.3928238025073824,False
INV100814,C00071,2024-05-23,3,7,51.85,2.3333333333333335,-0.4195182554787169,False
INV100815,C00164,2024-11-01,2,3,59.85,1.5,-0.4631040142608828,False
INV100816,C00419,2024-01-19,2,9,140.89,4.5,-0.4452017516945075,False
INV100817,C00327,2024-11-02,13,41,570.57,3.1538461538461537,-0.544678442885592,False
INV100818,C00306,2024-08-29,2,8,81.19,4.0,-0.4049676090863763,False
INV100819,C00112,2024-02-21,4,11,271.62,2.75,-0.42654340839751215,False
INV100820,C00383,2024-11-02,15,46,640.12,3.066666666666667,-0.6116822592235188,False
INV100821,C00135,2024-09-13,2,6,43.38,3.0,-0.39948957916841826,False
INV100822,C00280,2024-02-22,10,30,475.54,3.0,-0.4848552123087136,False
INV100823,C00292,2024-05-06,1,1,20.7,1.0,-0.5031475615770324,False
INV100824,C00227,2024-08-11,1,3,47.61,3.0,-0.4194057728567084,False
INV100825,C00190,2024-06-11,1,1,15.65,1.0,-0.4885234834625729,False
INV100826,C00213,2024-08-30,5,12,136.5,2.4,-0.41356627345684743,False
INV100827,C00104,2024-02-26,9,24,479.31,2.6666666666666665,-0.4771350023407808,False
INV100828,C00279,2024-03-29,4,6,81.39,1.5,-0.4677187021464324,False
INV100829,C00398,2024-06-22,3,8,55.22,2.6666666666666665,-0.4139168733227122,False
INV100830,C00052,2024-08-17,2,8,104.56,4.0,-0.408523818151253,False
INV100831,C00048,2024-05-12,2,8,218.0,4.0,-0.44219567865526016,False
INV100832,C00123,2024-11-25,2,7,73.94,3.5,-0.3988178911378092,False
INV100833,C00229,2024-11-24,2,6,53.260000000000005,3.0,-0.39516416580112607,False
INV100834,C00397,2024-06-23,4,12,90.44,3.0,-0.39449600760809217,False
INV100835,C00158,2024-09-28,36,997,11139.3,27.694444444444443,-0.8426729653457248,True
INV100836,C00018,2024-09-03,4,17,156.75,4.25,-0.45397707708267365,False
INV100837,C00004,2024-02-18,2,4,62.26,2.0,-0.4209684694758218,False
INV100838,C00045,2024-03-09,8,27,623.94,3.375,-0.5165931191163978,False
INV100839,C00448,2024-04-06,4,12,199.98000000000002,3.0,-0.38684988277293975,False
INV100840,C00071,2024-06-28,12,50,594.27,4.166666666666667,-0.6294100712398512,True
INV100841,C00019,2024-09-18,4,15,280.1,3.75,-0.4227055353646668,False
INV100842,C00211,2024-05-01,2,5,34.34,2.5,-0.4176651962003294,False
INV100843,C00206,2024-07-25,1,5,97.6,5.0,-0.48754269035179165,False
INV100844,C00478,2024-04-09,9,19,291.18,2.111111111111111,-0.4949005900257343,False
INV100845,C00199,2024-11-17,4,18,176.16,4.5,-0.4809506464593814,False
INV100846,C00487,2024-12-23,2,6,88.64,3.0,-0.3934583719073857,False
INV100847,C00148,2024-07-01,1,2,7.24,2.0,-0.45820692839593324,False
INV100848,C00321,2024-06-03,4,13,122.35,3.25,-0.3920154193758302,False
INV100849,C00000,2024-04-22,3,9,110.5,3.0,-0.39452166906872677,False
INV100850,C00447,2024-10-16,12,26,315.98,2.1666666666666665,-0.5314683680424841,False
INV100851,C00083,2024-01-20,1,2,24.12,2.0,-0.43537813957529253,False
INV100852,C00052,2024-11-26,2,7,52.2,3.5,-0.40653470167680034,False
INV100853,C00405,2024-05-03,1,3,108.93,3.0,-0.4546124381262983,False
INV100854,C00075,2024-10-27,5,18,234.47,3.6,-0.41958133701052375,False
INV100855,C00111,2024-07-28,6,18,260.32,3.0,-0.428661925911172,False
INV100856,C00162,2024-09-14,2,7,55.59,3.5,-0.40576237621318995,False
INV100857,C00285,2024-01-21,5,12,180.34,2.4,-0.41699172640176796,False
INV100858,C00293,2024-06-10,1,3,38.85,3.0,-0.4213327753791116,False
INV100859,C00343,2024-02-23,8,24,281.65,3.0,-0.4288574960669896,False
INV100860,C00134,2024-12-15,2,5,67.31,2.5,-0.4063804502117124,False
INV100861,C00125,2024-06-19,5,18,312.82,3.6,-0.43446327356930015,False
INV100862,C00178,2024-10-04,2,9,210.74,4.5,-0.4727384773418214,False
INV100863,C00164,2024-05-05,1,3,45.18,3.0,-0.4190083531050753,False
INV100864,C00198,2024-07-25,12,31,501.1,2.5833333333333335,-0.5291112702052314,False
INV100865,C00473,2024-12-05,3,10,128.64000000000001,3.3333333333333335,-0.39977896858884204,False
INV100866,C00060,2024-04-07,5,11,136.81,2.2,-0.4289491290975638,False
INV100867,C00055,2024-04-22,3,10,119.64,3.3333333333333335,-0.39940525581685765,False
INV100868,C00209,2024-03-12,2,8,89.96,4.0,-0.4061487840999166,False
INV100869,C00499,2024-11-25,2,4,59.61,2.0,-0.4221394070596139,False
INV100870,C00327,2024-06-02,7,19,217.34,2.7142857142857144,-0.4267124066293265,False
INV100871,C00408,2024-01-19,12,40,458.53999999999996,3.3333333333333335,-0.5277330499650579,False
INV100872,C00134,2024-07-21,1,3,48.96,3.0,-0.4197899725687988,False
INV100873,C00230,2024-10-14,4,10,183.23,2.5,-0.4057993474774094,False
INV100874,C00331,2024-03-09,2,6,50.31,3.0,-0.39577237205943394,False
INV100875,C00280,2024-07-29,2,6,17.06,3.0,-0.4195467019822812,False
INV100876,C00384,2024-02-28,9,23,257.71,2.5555555555555554,-0.453763825958665,False
INV100877,C00020,2024-07-10,8,26,342.9,3.25,-0.4349477761930589,False
INV100878,C00479,2024-08-10,10,24,273.09,2.4,-0.4809719297706258,False
INV100879,C00472,2024-06-11,4,8,63.7,2.0,-0.4266980768516099,False
INV100880,C00459,2024-06-02,4,16,165.78,4.0,-0.42015672374982144,False
INV100881,C00047,2024-11-11,1,1,12.93,1.0,-0.4896864602040509,False
INV100882,C00384,2024-09-22,9,33,706.58,3.6666666666666665,-0.5738318507033977,False
INV100883,C00270,2024-08-27,3,10,73.04,3.3333333333333335,-0.4083338418371301,False
INV100884,C00147,2024-10-27,2,8,187.62,4.0,-0.42733945385007704,False
INV100885,C00372,2024-08-27,2,4,54.33,2.0,-0.4193911236717767,False
INV100886,C00012,2024-03-25,1,2,19.34,2.0,-0.4355481019764785,False
INV100887,C00164,2024-11-23,4,15,181.31,3.75,-0.4009723896456001,False
INV100888,C00285,2024-02-21,1,1,3.6,1.0,-0.5188214961353833,False
INV100889,C00098,2024-10-26,6,21,285.09,3.5,-0.4346686284059387,False
INV100890,C00371,2024-02-16,1,5,51.05,5.0,-0.4756011657367723,False
INV100891,C00062,2024-04-20,4,8,80.39,2.0,-0.42170346636861555,False
INV100892,C00471,2024-10-07,5,16,443.93,3.2,-0.4752314145184775,False
INV100893,C00241,2024-07-20,5,16,171.69,3.2,-0.40306629900474844,False
INV100894,C00418,2024-08-29,2,6,52.52,3.0,-0.3952148567291095,False
INV100895,C00396,2024-06-23,4,12,73.06,3.0,-0.3966764556764492,False
INV100896,C00081,2024-04-12,4,11,280.9,2.75,-0.43110265888928645,False
INV100897,C00040,2024-12-11,2,6,72.15,3.0,-0.3909074295067867,False
INV100898,C00037,2024-04-07,7,18,314.9,2.5714285714285716,-0.44048483656755605,False
INV100899,C00088,2024-03-22,3,13,95.58,4.333333333333333,-0.45913258016492575,False
INV100900,C00172,2024-06-04,5,14,103.84,2.8,-0.4166281878389096,False
INV100901,C00103,2024-09-05,2,6,59.959999999999994,3.0,-0.3939702836391647,False
INV100902,C00050,2024-01-19,4,19,193.41,4.75,-0.5134070402087934,False
INV100903,C00120,2024-12-13,7,28,343.83,4.0,-0.4795290887892474,False
INV100904,C00408,2024-12-08,2,9,162.85000000000002,4.5,-0.4519913360776103,False
INV100905,C00149,2024-08-23,2,8,51.75,4.0,-0.4164477270228039,False
INV100906,C00164,2024-06-06,13,33,473.85,2.5384615384615383,-0.5449957645586845,False
INV100907,C00103,2024-04-05,2,6,231.56,3.0,-0.4517293410996669,False
INV100908,C00485,2024-07-24,1,3,14.1,3.0,-0.4387220217723849,False
INV100909,C00481,2024-01-20,2,8,93.28999999999999,4.0,-0.40567619383666975,False
INV100910,C00456,2024-09-05,1,3,40.68,3.0,-0.42153087398841765,False
INV100911,C00100,2024-05-18,39,1077,12899.47,27.615384615384617,-0.8527097345083586,True
INV100912,C00087,2024-10-26,3,8,119.15,2.6666666666666665,-0.4048309021292051,False
INV100913,C00151,2024-11-20,2,8,65.82,4.0,-0.4073968540186161,False
INV100914,C00103,2024-06-17,4,12,198.68,3.0,-0.38684988277293975,False
INV100915,C00451,2024-10-29,4,14,221.66,3.5,-0.4048304172736462,False
INV100916,C00446,2024-04-24,2,10,63.55,5.0,-0.4932041126441549,False
INV100917,C00361,2024-07-13,1,2,14.64,2.0,-0.4381773862522207,False
INV100918,C00037,2024-10-15,4,9,92.23,2.25,-0.40457977707581994,False
INV100919,C00134,2024-11-20,2,7,67.56,3.5,-0.3979374999172509,False
INV100920,C00376,2024-02-23,1,4,67.24,4.0,-0.448102260878528,False
INV100921,C00333,2024-07-11,31,795,11192.48,25.64516129032258,-0.8389751858963763,True
INV100922,C00185,2024-08-21,4,15,234.6,3.75,-0.41125485790487226,False
INV100923,C00020,2024-07-10,14,41,837.32,2.9285714285714284,-0.6099211929609022,False
INV100924,C00295,2024-08-08,9,28,349.34999999999997,3.111111111111111,-0.44550620135733066,False
INV100925,C00491,2024-10-02,1,1,7.79,1.0,-0.4994053476581414,False
INV100926,C00059,2024-09-28,4,12,114.7,3.0,-0.3825360561466648,False
INV100927,C00420,2024-01-23,30,850,10826.130000000001,28.333333333333332,-0.8398270768007465,True
INV100928,C00125,2024-11-23,2,6,29.220000000000002,3.0,-0.4096350681407105,False
INV100929,C00405,2024-06-17,1,2,37.92,2.0,-0.4385783592011019,False
INV100930,C00390,2024-01-26,4,14,219.17000000000002,3.5,-0.402881252758142,False
INV100931,C00035,2024-03-24,2,9,79.32,4.5,-0.4459927566106846,False
INV100932,C00199,2024-11-12,4,13,281.91999999999996,3.25,-0.420700974329541,False
INV100933,C00270,2024-07-05,1,3,63.63,3.0,-0.42881538153750437,False
INV100934,C00077,2024-06-02,5,15,133.9,3.0,-0.40291327434633456,False
INV100935,C00410,2024-03-29,4,13,141.43,3.25,-0.3880044659214967,False
INV100936,C00363,2024-03-27,3,5,35.9,1.6666666666666667,-0.4623400823130968,False
INV100937,C00055,2024-02-11,6,10,134.85,1.6666666666666667,-0.5010100287255576,False
INV100938,C00281,2024-06-04,4,15,145.75,3.75,-0.4001407539868601,False
INV100939,C00424,2024-04-17,1,4,31.04,4.0,-0.44884553411464073,False
INV100940,C00202,2024-11-02,4,11,179.77,2.75,-0.3914733840761931,False
INV100941,C00052,2024-01-30,7,21,431.03000000000003,3.0,-0.447625910659298,False
INV100942,C00406,2024-10-06,4,12,147.09,3.0,-0.3798416892920427,False
INV100943,C00232,2024-09-27,2,8,104.13,4.0,-0.4081175137421153,False
INV100944,C00324,2024-09-12,3,10,79.99000000000001,3.3333333333333335,-0.40674779128668576,False
INV100945,C00334,2024-12-21,9,26,330.84,2.888888888888889,-0.4399519742325852,False
INV100946,C00432,2024-06-28,9,27,388.88,3.0,-0.44659836529118524,False
INV100947,C00001,2024-05-22,1,4,66.76,4.0,-0.448102260878528,False
INV100948,C00120,2024-07-18,10,32,474.74,3.2,-0.4865143103654619,False
INV100949,C00462,2024-06-07,12,34,537.71,2.8333333333333335,-0.5226160313855407,False
INV100950,C00336,2024-08-27,4,10,92.52,2.5,-0.40011078256252636,False
INV100951,C00390,2024-08-18,1,5,44.1,5.0,-0.4776157453652225,False
INV100952,C00238,2024-08-15,5,16,143.95,3.2,-0.40761730752066383,False
INV100953,C00143,2024-10-31,4,8,138.4,2.0,-0.42576762372731464,False
INV100954,C00498,2024-05-17,4,10,114.56,2.5,-0.3931384925303305,False
INV100955,C00222,2024-08-12,1,1,7.93,1.0,-0.49948382277764314,False
INV100956,C00081,2024-03-19,4,7,67.96000000000001,1.75,-0.44465399126221455,False
INV100957,C00303,2024-03-10,8,21,390.65999999999997,2.625,-0.4566625416535515,False
INV100958,C00085,2024-09-24,5,12,199.47,2.4,-0.4222790794121263,False
INV100959,C00021,2024-05-01,2,6,45.21,3.0,-0.3964181288856302,False
INV100960,C00286,2024-11-08,2,9,156.42000000000002,4.5,-0.4490433364420214,False
INV100961,C00098,2024-10-02,10,32,358.52000000000004,3.2,-0.4771976725686691,False
INV100962,C00408,2024-11-15,4,13,289.29,3.25,-0.4232013911681992,False
INV100963,C00071,2024-12-08,2,10,124.45,5.0,-0.48831377868014236,False
INV100964,C00439,2024-05-26,3,11,102.92999999999999,3.6666666666666665,-0.4113608465056615,False
INV100965,C00489,2024-11-17,2,3,15.620000000000001,1.5,-0.47283340980576644,False
INV100966,C00498,2024-09-25,1,4,38.88,4.0,-0.4443382270165333,False
INV100967,C00418,2024-07-28,4,15,237.33999999999997,3.75,-0.4117338726536173,False
INV100968,C00441,2024-10-23,7,23,200.51999999999998,3.2857142857142856,-0.4397285194076287,False
INV100969,C00418,2024-07-29,5,12,159.7,2.4,-0.4149021528545267,False
INV100970,C00472,2024-12-01,2,6,82.96,3.0,-0.39208377482793183,False
INV100971,C00269,2024-02-20,2,4,49.239999999999995,2.0,-0.4195740713375728,False
INV100972,C00183,2024-08-12,4,11,147.38,2.75,-0.38796212485047227,False
INV100973,C00072,2024-01-17,4,8,101.78999999999999,2.0,-0.42005050186152026,False
INV100974,C00161,2024-06-02,2,7,114.53999999999999,3.5,-0.4024855186575791,False
INV100975,C00288,2024-01-10,1,1,16.1,1.0,-0.4896383868090174,False
INV100976,C00104,2024-02-20,7,17,227.44,2.4285714285714284,-0.4434078742684082,False
INV100977,C00143,2024-11-23,13,40,495.76,3.076923076923077,-0.5361733950091649,False
INV100978,C00248,2024-07-25,1,3,108.93,3.0,-0.4546124381262983,False
INV100979,C00381,2024-07-11,2,8,123.81,4.0,-0.4088138159759314,False
INV100980,C00059,2024-03-05,1,1,27.22,1.0,-0.5121870269606706,False
INV100981,C00468,2024-10-30,5,13,133.96,2.6,-0.40992527439076915,False
INV100982,C00134,2024-06-26,20,57,813.96,2.85,-0.6981021523146719,True
INV100983,C00189,2024-10-30,2,6,41.84,3.0,-0.40073890434378706,False
INV100984,C00271,2024-04-03,9,31,291.57,3.4444444444444446,-0.4743108341091997,False
INV100985,C00378,2024-03-20,3,7,102.69999999999999,2.3333333333333335,-0.4122316383121326,False
INV100986,C00487,2024-08-01,4,10,98.36,2.5,-0.39787084244055715,False
INV100987,C00120,2024-04-24,11,29,582.45,2.6363636363636362,-0.5392633568004273,False
INV100988,C00155,2024-03-26,3,7,103.57999999999998,2.3333333333333335,-0.4124697068218825,False
INV100989,C00320,2024-11-11,4,14,277.04999999999995,3.5,-0.4183074594329682,False
INV100990,C00293,2024-06-13,5,14,126.06,2.8,-0.40840337173630115,False
INV100991,C00234,2024-03-26,1,2,44.74,2.0,-0.440613537718435,False
INV100992,C00465,2024-08-23,5,11,189.23,2.2,-0.4378381014970248,False
INV100993,C00478,2024-02-25,8,26,350.34999999999997,3.25,-0.43767141312040553,False
INV100994,C00252,2024-01-23,8,22,239.89,2.75,-0.43698164200548434,False
INV100995,C00067,2024-09-30,4,16,327.19000000000005,4.0,-0.4527683758278895,False
INV100996,C00001,2024-10-18,7,25,337.31,3.5714285714285716,-0.43610102536469175,False
INV100997,C00005,2024-08-01,1,5,87.95,5.0,-0.4827411846052759,False
INV100998,C00433,2024-04-16,2,7,63.269999999999996,3.5,-0.4015433106321842,False
INV100999,C00472,2024-08-13,1,5,31.9,5.0,-0.48486614784279036,False
INV101000,C00257,2024-09-14,2,4,46.620000000000005,2.0,-0.42151036287618426,False
INV101001,C00308,2024-06-11,1,1,18.04,1.0,-0.495024697010887,False
INV101002,C00412,2024-03-22,6,20,304.28000000000003,3.3333333333333335,-0.4333229591787801,False
INV101003,C00091,2024-11-06,2,7,83.65,3.5,-0.39782095904899323,False
INV101004,C00100,2024-02-09,1,2,85.08,2.0,-0.461753840625779,False
INV101005,C00067,2024-03-01,9,32,528.21,3.5555555555555554,-0.5134380993442446,False
INV101006,C00226,2024-10-21,1,1,5.64,1.0,-0.5117082148815173,False
INV101007,C00487,2024-09-02,38,1033,13121.300000000001,27.18421052631579,-0.8515566513703846,True
INV101008,C00258,2024-08-17,3,11,145.17,3.6666666666666665,-0.40573459157484554,False
INV101009,C00408,2024-10-29,7,20,308.55,2.857142857142857,-0.42249455727491275,False
INV101010,C00067,2024-09-30,1,4,43.6,4.0,-0.44253981172259643,False
INV101011,C00293,2024-12-23,5,20,316.86,4.0,-0.4527785241848688,False
INV101012,C00320,2024-12-23,4,12,132.37,3.0,-0.38073285721409633,False
INV101013,C00071,2024-09-09,1,3,23.28,3.0,-0.42850847895485483,False
INV101014,C00247,2024-10-13,3,8,127.61,2.6666666666666665,-0.40788689096660335,False
INV101015,C00114,2024-03-05,2,9,157.05,4.5,-0.4487450232773728,False
INV101016,C00004,2024-04-09,8,23,288.74,2.875,-0.4307404832912023,False
INV101017,C00241,2024-04-07,4,7,57.57,1.75,-0.4515020275478171,False
INV101018,C00214,2024-09-28,2,6,34.8,3.0,-0.4058629643619864,False
INV101019,C00465,2024-07-18,4,15,358.06,3.75,-0.4594451718034557,False
INV101020,C00250,2024-03-25,27,771,11359.6,28.555555555555557,-0.8384077387520468,True
INV101021,C00447,2024-12-13,7,13,296.69,1.8571428571428572,-0.5076556712565291,False
INV101022,C00302,2024-03-04,8,26,343.8,3.25,-0.4349477761930589,False
INV101023,C00423,2024-07-08,5,18,351.97,3.6,-0.4481628570141533,False
INV101024,C00045,2024-04-02,1,3,19.11,3.0,-0.4310170342252104,False
INV101025,C00322,2024-05-10,1,1,8.27,1.0,-0.49836920027750603,False
INV101026,C00092,2024-06-19,1,5,85.3,5.0,-0.4818005547222879,False
INV101027,C00198,2024-09-27,12,35,489.5,2.9166666666666665,-0.5108475826713808,False
INV101028,C00169,2024-07-07,7,25,366.61,3.5714285714285716,-0.4444582022196937,False
INV101029,C00348,2024-12-02,5,17,211.13,3.4,-0.4107973946531274,False
INV101030,C00128,2024-10-27,5,16,291.01,3.2,-0.4244836330719713,False
INV101031,C00038,2024-09-06,9,29,310.5,3.2222222222222223,-0.4527021892779668,False
INV101032,C00480,2024-04-29,4,11,164.05,2.75,-0.38798046437220846,False
INV101033,C00147,2024-08-06,14,36,589.09,2.5714285714285716,-0.5861805172888278,False
INV101034,C00114,2024-05-19,30,833,8911.76,27.766666666666666,-0.8313469485197347,True
INV101035,C00220,2024-11-03,2,4,80.25999999999999,2.0,-0.43060598435757264,False
INV101036,C00370,2024-11-15,4,10,132.81,2.5,-0.3922546765259918,False
INV101037,C00487,2024-10-18,4,13,221.3,3.25,-0.39903508750235045,False
INV101038,C00134,2024-07-13,4,9,70.25,2.25,-0.4068034156570513,False
INV101039,C00306,2024-12-25,4,12,81.44,3.0,-0.3943704123170598,False
INV101040,C00237,2024-07-30,3,9,126.68,3.0,-0.39286569014703,False
INV101041,C00159,2024-06-07,1,1,19.79,1.0,-0.5023361850672026,False
INV101042,C00119,2024-01-05,1,3,96.0,3.0,-0.4465025280945237,False
INV101043,C00071,2024-07-01,9,28,305.36,3.111111111111111,-0.4463101628397597,False
INV101044,C00151,2024-06-24,5,11,308.53,2.2,-0.47491173248502655,False
INV101045,C00103,2024-11-24,5,12,125.47999999999999,2.4,-0.4170153759363846,False
INV101046,C00017,2024-07-09,8,24,362.54,3.0,-0.4348151004776544,False
INV101047,C00028,2024-03-12,8,21,164.78,2.625,-0.4603978639362281,False
INV101048,C00433,2024-05-17,4,11,160.73000000000002,2.75,-0.3885904970934596,False
INV101049,C00406,2024-12-12,1,3,133.23,3.0,-0.4593690885669012,False
INV101050,C00006,2024-03-09,4,11,173.71999999999997,2.75,-0.3897374265375756,False
INV101051,C00478,2024-07-13,13,42,635.21,3.230769230769231,-0.5617253633293274,False
INV101052,C00118,2024-01-02,2,5,45.79,2.5,-0.40862942623678417,False
INV101053,C00078,2024-02-05,5,23,231.22,4.6,-0.5213237462216724,False
INV101054,C00410,2024-02-06,5,15,222.53,3.0,-0.40317550073885744,False
INV101055,C00146,2024-07-28,2,4,83.64999999999999,2.0,-0.43060496867016645,False
INV101056,C00033,2024-06-10,2,6,54.03,3.0,-0.3947557445795763,False
INV101057,C00402,2024-11-10,3,10,128.91,3.3333333333333335,-0.39977896858884204,False
INV101058,C00094,2024-04-08,1,2,14.76,2.0,-0.4383256437396097,False
INV101059,C00409,2024-10-31,15,35,531.74,2.3333333333333335,-0.6146410268050703,False
INV101060,C00179,2024-10-14,8,25,538.92,3.125,-0.4875523228766038,False
INV101061,C00372,2024-09-10,5,19,243.14999999999998,3.8,-0.43096743477664534,False
INV101062,C00048,2024-03-07,3,11,152.29,3.6666666666666665,-0.40943748177775496,False
INV101063,C00077,2024-07-17,4,11,239.15,2.75,-0.41484069274329427,False
INV101064,C00450,2024-07-24,2,4,32.54,2.0,-0.4268611520910183,False
INV101065,C00224,2024-09-01,2,3,32.94,1.5,-0.45829700959210345,False
INV101066,C00462,2024-08-27,5,15,201.48,3.0,-0.3986370173760261,False
INV101067,C00447,2024-12-13,7,20,384.74,2.857142857142857,-0.4409760054579952,False
INV101068,C00359,2024-06-07,12,41,590.95,3.4166666666666665,-0.5503019600465714,False
INV101069,C00289,2024-07-31,7,19,256.67,2.7142857142857144,-0.422898537488771,False
INV101070,C00374,2024-03-20,2,4,64.62,2.0,-0.42169931298399405,False
INV101071,C00477,2024-08-11,14,32,399.83,2.2857142857142856,-0.5734303994021558,False
INV101072,C00252,2024-09-29,4,8,155.07999999999998,2.0,-0.4292582112961668,False
INV101073,C00207,2024-06-27,1,1,13.76,1.0,-0.4887413022227635,False
INV101074,C00416,2024-04-20,1,4,111.12,4.0,-0.47249992852635125,False
INV101075,C00405,2024-12-06,1,5,59.8,5.0,-0.4742168268406711,False
INV101076,C00466,2024-02-15,5,16,172.67000000000002,3.2,-0.40338372374998377,False
INV101077,C00440,2024-07-14,6,21,432.25,3.5,-0.4694681874557058,False
INV101078,C00398,2024-06-14,1,4,65.28,4.0,-0.44724228621237894,False
INV101079,C00095,2024-08-07,4,13,311.31,3.25,-0.43279583157409957,False
INV101080,C00364,2024-09-03,2,8,125.53,4.0,-0.40844695218354343,False
INV101081,C00066,2024-06-17,4,14,132.58,3.5,-0.39440153093661984,False
INV101082,C00295,2024-07-09,7,23,297.32,3.2857142857142856,-0.42340622152845203,False
INV101083,C00044,2024-01-24,6,16,130.64,2.6666666666666665,-0.43935271195495545,False
INV101084,C00291,2024-11-14,4,12,155.82999999999998,3.0,-0.3806973272536328,False
INV101085,C00411,2024-05-27,8,19,274.44,2.375,-0.4510959609425364,False
INV101086,C00275,2024-04-05,1,1,7.2,1.0,-0.5048993762318409,False
INV101087,C00244,2024-07-24,1,4,25.56,4.0,-0.45060826450510705,False
INV101088,C00335,2024-04-18,1,2,29.28,2.0,-0.4349060371829515,False
INV101089,C00327,2024-01-30,8,30,422.81,3.75,-0.4887411425455596,False
INV101090,C00270,2024-06-11,1,2,13.46,2.0,-0.44283608149188314,False
INV101091,C00471,2024-05-30,5,24,370.86,4.8,-0.5492038066637908,False
INV101092,C00405,2024-01-29,1,4,11.84,4.0,-0.46189125295426425,False
INV101093,C00247,2024-05-04,2,4,52.36,2.0,-0.41995799641175174,False
INV101094,C00359,2024-12-14,7,25,232.75,3.5714285714285716,-0.44522656756311063,False
INV101095,C00241,2024-12-11,5,16,173.55,3.2,-0.4037686977022785,False
INV101096,C00487,2024-04-17,8,31,410.63,3.875,-0.4987658802639832,False
INV101097,C00477,2024-11-21,14,44,722.92,3.142857142857143,-0.5932071226632819,False
INV101098,C00476,2024-08-15,1,1,2.62,1.0,-0.5202589539772621,False
INV101099,C00004,2024-06-07,4,12,181.98,3.0,-0.3827843953109184,False
INV101100,C00020,2024-11-09,4,16,308.1,4.0,-0.44515941092795197,False
INV101101,C00463,2024-09-10,2,7,75.0,3.5,-0.39871490351759403,False
INV101102,C00218,2024-08-30,1,3,15.3,3.0,-0.4360142761239541,False
INV101103,C00183,2024-07-16,4,16,318.28,4.0,-0.4496411727405816,False
INV101104,C00381,2024-08-18,3,7,78.99,2.3333333333333335,-0.4109966774190084,False
INV101105,C00367,2024-09-10,2,8,89.24,4.0,-0.4061487840999166,False
INV101106,C00478,2024-12-19,18,45,503.11,2.5,-0.6497353458793081,True
INV101107,C00336,2024-08-24,8,34,582.33,4.25,-0.5725516276673599,False
INV101108,C00246,2024-05-21,4,8,97.95,2.0,-0.4209859793481649,False
INV101109,C00106,2024-08-14,2,6,167.52,3.0,-0.4202194256764169,False
INV101110,C00411,2024-11-13,7,19,176.87,2.7142857142857144,-0.43313388248683343,False
INV101111,C00396,2024-04-20,7,21,237.87,3.0,-0.41878608151631846,False
INV101112,C00226,2024-04-14,1,1,4.37,1.0,-0.5166106621279108,False
INV101113,C00113,2024-11-09,7,21,410.85,3.0,-0.44343845541331883,False
INV101114,C00217,2024-03-23,5,18,495.7,3.6,-0.49345365117418827,False
INV101115,C00143,2024-08-11,9,29,521.09,3.2222222222222223,-0.48697689316864223,False
INV101116,C00026,2024-10-04,8,22,273.38,2.75,-0.4308298313662793,False
INV101117,C00306,2024-05-21,1,5,166.35,5.0,-0.5198697957211071,False
INV101118,C00147,2024-12-19,8,25,377.65,3.125,-0.43559898235665373,False
INV101119,C00166,2024-11-02,12,38,443.02,3.1666666666666665,-0.5166548165377514,False
INV101120,C00224,2024-08-24,1,3,43.92,3.0,-0.41942429813222304,False
INV101121,C00136,2024-10-15,2,7,83.1,3.5,-0.3975411413049596,False
INV101122,C00241,2024-06-24,2,7,60.43,3.5,-0.40422647907170806,False
INV101123,C00456,2024-08-12,8,27,393.46,3.375,-0.4482491686112206,False
INV101124,C00254,2024-11-03,1,5,30.4,5.0,-0.48727272097175167,False
INV101125,C00353,2024-06-01,28,717,8872.89,25.607142857142858,-0.8285393103789711,True
INV101126,C00056,2024-06-03,7,17,173.29,2.4285714285714284,-0.44892229160564057,False
INV101127,C00145,2024-03-24,2,7,104.07000000000001,3.5,-0.40144091981232133,False
INV101128,C00457,2024-09-11,4,10,224.08,2.5,-0.41992316451297124,False
INV101129,C00319,2024-02-27,2,9,134.23000000000002,4.5,-0.4451788634128727,False
INV101130,C00041,2024-05-27,5,14,126.64,2.8,-0.40855708198665797,False
INV101131,C00333,2024-11-30,12,37,504.37,3.0833333333333335,-0.5182544813618313,False
INV101132,C00134,2024-06-03,14,35,468.77,2.5,-0.5697204506898158,False
INV101133,C00276,2024-10-14,4,13,191.89,3.25,-0.39077925011149545,False
INV101134,C00495,2024-06-26,1,5,96.5,5.0,-0.48715421195148056,False
INV101135,C00119,2024-09-12,1,5,35.05,5.0,-0.48189015533938945,False
INV101136,C00034,2024-02-18,9,23,280.42,2.5555555555555554,-0.45160243189926574,False
INV101137,C00345,2024-04-27,7,25,438.4,3.5714285714285716,-0.45524034933213803,False
INV101138,C00353,2024-07-09,2,6,160.4,3.0,-0.4201270694987748,False
INV101139,C00365,2024-09-27,12,36,399.87,3.0,-0.5103795201175304,False
INV101140,C00296,2024-11-29,2,8,90.85,4.0,-0.4069888463059311,False
INV101141,C00199,2024-10-27,2,4,54.92,2.0,-0.41972140462286145,False
INV101142,C00077,2024-03-26,5,17,197.2,3.4,-0.4106302850147165,False
INV101143,C00179,2024-08-10,5,17,206.35,3.4,-0.40984844391436526,False
INV101144,C00021,2024-05-10,7,20,209.39,2.857142857142857,-0.4301283576408746,False
INV101145,C00368,2024-04-04,1,3,53.19,3.0,-0.42248814724836614,False
INV101146,C00245,2024-06-12,2,3,84.35,1.5,-0.47081786892482663,False
INV101147,C00487,2024-08-17,7,17,205.0,2.4285714285714284,-0.44457841419903527,False
INV101148,C00433,2024-06-26,3,13,221.25,4.333333333333333,-0.46912106818246757,False
INV101149,C00126,2024-01-21,3,10,68.08,3.3333333333333335,-0.4087388942686011,False
INV101150,C00327,2024-03-28,12,38,396.24,3.1666666666666665,-0.5208071017863911,False
INV101151,C00461,2024-11-20,5,11,165.26,2.2,-0.429686986714852,False
INV101152,C00338,2024-05-26,1,5,38.8,5.0,-0.478444989777113,False
INV101153,C00147,2024-04-27,14,43,547.13,3.0714285714285716,-0.5688456879900615,False
INV101154,C00120,2024-10-02,2,8,51.160000000000004,4.0,-0.4164477270228039,False
INV101155,C00098,2024-11-04,4,10,143.87,2.5,-0.3950435735428692,False
INV101156,C00468,2024-05-21,4,8,95.32,2.0,-0.4207587194789662,False
INV101157,C00397,2024-09-08,2,5,75.91,2.5,-0.40952953256394253,False
INV101158,C00327,2024-09-08,9,29,492.20000000000005,3.2222222222222223,-0.47716824476400366,False
INV101159,C00106,2024-12-02,5,14,212.23000000000002,2.8,-0.4093887512925145,False
INV101160,C00309,2024-07-05,1,4,68.68,4.0,-0.44866309840495316,False
INV101161,C00257,2024-09-19,8,26,359.86,3.25,-0.4382186584276487,False
INV101162,C00158,2024-07-09,1,2,46.04,2.0,-0.4408646026640554,False
INV101163,C00201,2024-10-30,7,21,221.82999999999998,3.0,-0.4251873206110238,False
INV101164,C00272,2024-07-13,2,4,55.86,2.0,-0.42067525588331917,False
INV101165,C00118,2024-08-27,1,1,6.01,1.0,-0.510102553483606,False
INV101166,C00229,2024-05-24,8,25,385.59,3.125,-0.43766513971785187,False
INV101167,C00438,2024-05-10,2,6,118.69,3.0,-0.4010774464063531,False
INV101168,C00104,2024-01-26,1,1,5.12,1.0,-0.5150401614754383,False
INV101169,C00358,2024-09-12,5,18,155.29999999999998,3.6,-0.4265597157592526,False
INV101170,C00152,2024-10-02,5,16,198.65,3.2,-0.40198896094868747,False
INV101171,C00291,2024-09-04,4,15,238.61,3.75,-0.4131672902455236,False
INV101172,C00078,2024-11-30,1,5,185.0,5.0,-0.5289999199850451,False
INV101173,C00145,2024-11-18,5,8,45.37,1.6,-0.4898633771785478,False
INV101174,C00298,2024-02-13,4,12,150.16,3.0,-0.3801748444436166,False
INV101175,C00249,2024-07-16,1,4,14.4,4.0,-0.4585715860139264,False
INV101176,C00021,2024-12-25,9,24,271.40000000000003,2.6666666666666665,-0.4440060646349237,False
INV101177,C00238,2024-04-23,2,5,50.97,2.5,-0.4078311263780544,False
INV101178,C00276,2024-12-12,7,27,306.45,3.857142857142857,-0.46781308228462415,False
INV101179,C00135,2024-03-21,5,15,240.62,3.0,-0.40881658638419377,False
INV101180,C00158,2024-09-05,1,5,66.9,5.0,-0.47262017849546434,False
INV101181,C00430,2024-03-27,2,2,36.19,1.0,-0.4982063668805513,False
INV101182,C00100,2024-02-28,1,4,38.84,4.0,-0.4443382270165333,False
INV101183,C00162,2024-01-30,8,25,402.46,3.125,-0.44242620504540475,False
INV101184,C00032,2024-08-17,6,25,328.58,4.166666666666667,-0.4928495398423965,False
INV101185,C00481,2024-05-24,4,15,365.27,3.75,-0.4623797123267184,False
INV101186,C00202,2024-07-31,2,9,58.3,4.5,-0.4578487339390811,False
INV101187,C00209,2024-02-22,4,13,216.03,3.25,-0.3951606015952558,False
INV101188,C00069,2024-02-12,3,9,97.18,3.0,-0.3935850210156706,False
INV101189,C00279,2024-02-18,4,12,161.87,3.0,-0.37975118793391005,False
INV101190,C00458,2024-10-11,5,16,306.47999999999996,3.2,-0.4286343436433666,False
INV101191,C00286,2024-08-07,4,19,214.76,4.75,-0.5132684534689216,False
INV101192,C00479,2024-11-11,4,17,215.95,4.25,-0.4553995051198128,False
INV101193,C00257,2024-04-11,4,11,238.69,2.75,-0.41390582027144707,False
INV101194,C00477,2024-10-12,7,19,456.03000000000003,2.7142857142857144,-0.466317832886394,False
INV101195,C00157,2024-11-20,2,6,70.74000000000001,3.0,-0.3909074295067867,False
INV101196,C00104,2024-09-20,7,16,175.59,2.2857142857142856,-0.45682078474153287,False
INV101197,C00433,2024-08-12,1,3,27.09,3.0,-0.4261976188541829,False
INV101198,C00254,2024-08-30,5,16,199.77,3.2,-0.40198896094868747,False
INV101199,C00095,2024-08-06,13,45,534.88,3.4615384615384617,-0.5677572502552246,False
INV101200,C00024,2024-10-22,2,5,88.14,2.5,-0.41163095374132774,False
INV101201,C00264,2024-09-08,4,14,159.19,3.5,-0.3931896809956924,False
INV101202,C00492,2024-03-15,6,19,374.90000000000003,3.1666666666666665,-0.45074474139501586,False
INV101203,C00459,2024-08-08,7,21,209.60999999999999,3.0,-0.42836575566414675,False
INV101204,C00432,2024-10-06,18,52,572.88,2.888888888888889,-0.6593738091039204,True
INV101205,C00371,2024-05-01,3,7,54.41,2.3333333333333335,-0.4191259319648506,False
INV101206,C00432,2024-06-04,4,13,89.86,3.25,-0.40401663516622494,False
INV101207,C00128,2024-09-20,4,15,234.61,3.75,-0.41125485790487226,False
INV101208,C00209,2024-07-17,4,11,94.61,2.75,-0.39414293463967587,False
INV101209,C00151,2024-06-05,8,24,473.4,3.0,-0.45853111942245356,False
INV101210,C00223,2024-03-27,1,2,51.66,2.0,-0.44309194992619383,False
INV101211,C00314,2024-04-14,1,2,34.72,2.0,-0.4371431683871781,False
INV101212,C00463,2024-03-26,1,1,22.03,1.0,-0.5047070513301017,False
INV101213,C00213,2024-09-12,6,19,405.46000000000004,3.1666666666666665,-0.46180694623934065,False
INV101214,C00272,2024-07-22,7,19,170.99,2.7142857142857144,-0.4351787366170281,False
INV101215,C00271,2024-12-05,4,11,84.58,2.75,-0.3934949175503428,False
INV101216,C00388,2024-06-23,3,5,49.72,1.6666666666666667,-0.45475132257853845,False
INV101217,C00112,2024-12-07,5,20,419.46,4.0,-0.48996548362679737,False
INV101218,C00126,2024-07-28,2,10,169.7,5.0,-0.4958875515386467,False
INV101219,C00166,2024-05-04,12,33,384.77,2.75,-0.5101146134085048,False
INV101220,C00274,2024-04-17,1,1,5.36,1.0,-0.5127479140203705,False
INV101221,C00326,2024-10-24,1,3,52.08,3.0,-0.4215267590512028,False
INV101222,C00272,2024-07-18,8,21,319.03,2.625,-0.4385593918694077,False
INV101223,C00310,2024-05-17,4,15,157.21,3.75,-0.39991999158230807,False
INV101224,C00273,2024-10-12,2,5,28.79,2.5,-0.42116186737664174,False
INV101225,C00020,2024-05-11,2,6,111.82,3.0,-0.4017561561970987,False
INV101226,C00328,2024-12-28,7,24,338.14,3.4285714285714284,-0.42681014785600413,False
INV101227,C00188,2024-04-07,2,3,92.7,1.5,-0.47704597106607044,False
INV101228,C00094,2024-08-07,3,13,215.04000000000002,4.333333333333333,-0.4645475765341598,False
INV101229,C00488,2024-07-10,8,20,252.74,2.5,-0.4500475312746609,False
INV101230,C00197,2024-04-20,1,4,20.16,4.0,-0.4526310757781796,False
INV101231,C00015,2024-01-31,2,8,111.16,4.0,-0.40904285942620466,False
INV101232,C00466,2024-08-29,1,3,19.17,3.0,-0.4310170342252104,False
INV101233,C00179,2024-10-23,4,12,211.3,3.0,-0.39101062448312,False
INV101234,C00383,2024-05-08,7,19,415.76,2.7142857142857144,-0.45647660132662254,False
INV101235,C00118,2024-01-02,2,6,83.08000000000001,3.0,-0.39208377482793183,False
INV101236,C00387,2024-09-20,10,31,404.61,3.1,-0.47593348871355823,False
INV101237,C00330,2024-01-10,1,1,12.75,1.0,-0.4896077188622091,False
INV101238,C00375,2024-12-03,1,5,79.35,5.0,-0.47506313017177915,False
INV101239,C00288,2024-12-01,2,2,24.979999999999997,1.0,-0.4989592374898074,False
INV101240,C00343,2024-04-21,9,27,557.38,3.0,-0.4932042002588205,False
INV101241,C00181,2024-01-01,1,4,67.04,4.0,-0.448102260878528,False
INV101242,C00238,2024-09-15,4,15,168.95,3.75,-0.4006617808625671,False
INV101243,C00241,2024-11-01,2,8,86.6,4.0,-0.406069287887898,False
INV101244,C00396,2024-06-26,7,25,331.49,3.5714285714285716,-0.4345855414772988,False
INV101245,C00138,2024-01-10,2,8,130.85999999999999,4.0,-0.408623997095357,False
INV101246,C00404,2024-10-07,1,3,48.66,3.0,-0.4197899725687988,False
INV101247,C00324,2024-01-14,1,3,32.55,3.0,-0.42498564053804494,False
INV101248,C00101,2024-02-25,1,5,99.8,5.0,-0.48982543944018436,False
INV101249,C00409,2024-06-29,7,21,228.54,3.0,-0.42417418819333164,False
INV101250,C00379,2024-02-15,8,29,503.99,3.625,-0.499486261160887,False
INV101251,C00199,2024-11-05,7,27,566.63,3.857142857142857,-0.5249498805076649,False
INV101252,C00019,2024-11-19,1,3,67.11,3.0,-0.4296502899005072,False
INV101253,C00242,2024-04-27,5,15,289.43,3.0,-0.424320992829806,False
INV101254,C00470,2024-07-06,12,46,683.87,3.8333333333333335,-0.6207955929535149,False
INV101255,C00274,2024-01-23,1,3,34.11,3.0,-0.42370936174886004,False
INV101256,C00379,2024-03-27,7,12,143.06,1.7142857142857142,-0.5100497942884743,False
INV101257,C00203,2024-05-05,2,6,38.660000000000004,3.0,-0.4012691186434564,False
INV101258,C00220,2024-06-28,9,23,272.72,2.5555555555555554,-0.45112208430737555,False
INV101259,C00337,2024-09-17,4,11,96.44999999999999,2.75,-0.39301277588508854,False
INV101260,C00096,2024-08-09,7,22,394.03,3.142857142857143,-0.43786160319804274,False
INV101261,C00397,2024-08-30,1,4,26.08,4.0,-0.45060826450510705,False
INV101262,C00461,2024-10-04,1,4,64.88,4.0,-0.44724228621237894,False
INV101263,C00328,2024-10-22,5,9,121.11999999999999,1.8,-0.45791287462717534,False
INV101264,C00260,2024-08-11,2,10,160.55,5.0,-0.4960847050012026,False
INV101265,C00007,2024-05-15,5,16,283.87,3.2,-0.4207869684942534,False
INV101266,C00276,2024-09-04,4,9,97.3,2.25,-0.40344958647856227,False
INV101267,C00090,2024-10-07,3,9,132.26,3.0,-0.393008929560576,False
INV101268,C00481,2024-05-02,2,3,35.370000000000005,1.5,-0.4589488172157375,False
INV101269,C00481,2024-02-25,4,18,317.87,4.5,-0.5069530857412936,False
INV101270,C00236,2024-09-22,2,7,183.98,3.5,-0.42654826768977155,False
INV101271,C00405,2024-10-01,4,13,136.46,3.25,-0.3879135299403353,False
INV101272,C00441,2024-05-27,5,13,130.68,2.6,-0.41081623664153305,False
INV101273,C00468,2024-01-29,7,22,197.16,3.142857142857143,-0.4387191734917012,False
INV101274,C00055,2024-10-29,4,10,132.82999999999998,2.5,-0.3922546765259918,False
INV101275,C00098,2024-09-23,12,30,344.62,2.5,-0.5129826006227987,False
INV101276,C00226,2024-07-05,4,15,210.09,3.75,-0.4042074172182182,False
INV101277,C00213,2024-03-20,2,10,145.4,5.0,-0.489826882272045,False
INV101278,C00469,2024-10-08,1,3,35.76,3.0,-0.4236258394954278,False
INV101279,C00375,2024-11-11,2,2,22.86,1.0,-0.4995639436695213,False
INV101280,C00071,2024-03-25,15,41,449.44,2.7333333333333334,-0.589639150460097,False
INV101281,C00000,2024-05-24,5,16,163.26999999999998,3.2,-0.4045286448694565,False
INV101282,C00093,2024-03-29,1,4,34.56,4.0,-0.44599322177832584,False
INV101283,C00326,2024-04-21,2,9,142.35000000000002,4.5,-0.4458807886359006,False
INV101284,C00200,2024-02-15,2,8,128.44,4.0,-0.4077630332699851,False
INV101285,C00411,2024-05-14,8,25,240.70000000000002,3.125,-0.4408653705089193,False
INV101286,C00081,2024-08-07,4,15,124.77000000000001,3.75,-0.40584487913437733,False
INV101287,C00215,2024-06-26,2,4,21.5,2.0,-0.4371665079070456,False
INV101288,C00245,2024-11-24,4,12,127.80000000000001,3.0,-0.3806478702912164,False
INV101289,C00334,2024-08-29,5,13,193.62,2.6,-0.413114959692859,False
INV101290,C00440,2024-09-28,5,17,205.84,3.4,-0.40984844391436526,False
INV101291,C00425,2024-06-02,4,12,221.93,3.0,-0.3954965394968191,False
INV101292,C00317,2024-11-27,5,13,137.78,2.6,-0.4101362011558779,False
INV101293,C00328,2024-06-29,2,7,69.52,3.5,-0.39735063578540747,False
INV101294,C00270,2024-04-15,5,15,154.55,3.0,-0.4003490823119279,False
INV101295,C00327,2024-08-16,7,14,195.1,2.0,-0.47982899816385555,False
INV101296,C00097,2024-11-26,7,27,300.47,3.857142857142857,-0.4681781760349002,False
INV101297,C00112,2024-09-18,2,6,179.76,3.0,-0.42452586254402286,False
INV101298,C00435,2024-09-17,6,15,178.87,2.5,-0.4339553020484646,False
INV101299,C00362,2024-02-12,9,35,444.92,3.888888888888889,-0.5265307919947423,False
INV101300,C00271,2024-12-08,18,51,764.8,2.8333333333333335,-0.6788099573873764,True
INV101301,C00124,2024-07-13,2,5,47.84,2.5,-0.40846255457811964,False
INV101302,C00307,2024-09-15,8,22,204.4,2.75,-0.4469985234826429,False
INV101303,C00397,2024-08-20,1,5,64.65,5.0,-0.4718686435654496,False
INV101304,C00473,2024-10-06,3,10,149.52,3.3333333333333335,-0.39979227094941155,False
INV101305,C00095,2024-11-02,9,26,360.16999999999996,2.888888888888889,-0.44378650784874646,False
INV101306,C00306,2024-08-29,1,3,51.9,3.0,-0.4211783047384858,False
INV101307,C00238,2024-03-27,2,4,33.04,2.0,-0.4268611520910183,False
INV101308,C00195,2024-03-31,5,19,239.68,3.8,-0.4306088451054607,False
INV101309,C00030,2024-02-15,3,12,233.51,4.0,-0.44539179996027267,False
INV101310,C00298,2024-04-03,2,5,43.349999999999994,2.5,-0.4116048753834818,False
INV101311,C00350,2024-04-25,5,12,138.16,2.4,-0.4139297820818012,False
INV101312,C00267,2024-09-08,4,9,103.66999999999999,2.25,-0.4023593445435335,False
INV101313,C00319,2024-06-09,4,7,94.86,1.75,-0.44692975299404586,False
INV101314,C00478,2024-11-28,7,23,327.85,3.2857142857142856,-0.42326641193968595,False
INV101315,C00390,2024-05-18,4,11,152.7,2.75,-0.3889962999952232,False
INV101316,C00268,2024-06-23,5,17,177.54000000000002,3.4,-0.4119385593899812,False
INV101317,C00348,2024-12-10,1,2,105.94,2.0,-0.48074073390976,False
INV101318,C00016,2024-02-16,4,10,102.22,2.5,-0.3961461733283563,False
INV101319,C00199,2024-02-09,9,19,239.79,2.111111111111111,-0.495361710008353,False
INV101320,C00478,2024-11-09,2,5,108.79,2.5,-0.4228979007942986,False
INV101321,C00252,2024-04-12,1,2,12.76,2.0,-0.4445975014898611,False
INV101322,C00119,2024-05-05,8,27,123.65,3.375,-0.4853639343007093,False
INV101323,C00017,2024-02-18,11,28,441.2,2.5454545454545454,-0.507213451421752,False
INV101324,C00226,2024-09-19,2,6,143.69,3.0,-0.41288797130931293,False
INV101325,C00279,2024-08-12,2,6,63.56,3.0,-0.39254200068874956,False
INV101326,C00031,2024-05-29,7,23,417.6,3.2857142857142856,-0.4449375115659422,False
INV101327,C00169,2024-09-10,1,2,35.24,2.0,-0.4368539654919065,False
INV101328,C00289,2024-10-10,12,32,550.77,2.6666666666666665,-0.5384046615842036,False
INV101329,C00108,2024-05-27,6,20,181.58999999999997,3.3333333333333335,-0.43775085529791663,False
INV101330,C00198,2024-12-04,2,4,84.77000000000001,2.0,-0.4307644758965812,False
INV101331,C00472,2024-11-18,1,5,79.35,5.0,-0.47506313017177915,False
INV101332,C00373,2024-09-02,4,16,202.09,4.0,-0.4204765880712675,False
INV101333,C00330,2024-04-09,1,5,31.65,5.0,-0.4853341218114333,False
INV101334,C00327,2024-08-04,9,28,494.52,3.111111111111111,-0.4729408058929805,False
INV101335,C00197,2024-10-28,4,13,181.57,3.25,-0.3887468024187705,False
INV101336,C00489,2024-08-30,1,5,64.75,5.0,-0.4718686435654496,False
INV101337,C00190,2024-07-08,2,4,136.84,2.0,-0.45993806714168567,False
INV101338,C00432,2024-11-19,9,27,268.67,3.0,-0.4471561675691288,False
INV101339,C00179,2024-06-21,4,18,316.02,4.5,-0.505636742774566,False
INV101340,C00351,2024-05-29,1,3,32.55,3.0,-0.42498564053804494,False
INV101341,C00226,2024-07-09,4,12,118.04,3.0,-0.3821078578271631,False
INV101342,C00128,2024-07-08,4,11,290.03,2.75,-0.43527131360096316,False
INV101343,C00259,2024-07-03,4,11,146.08,2.75,-0.3872926989765049,False
INV101344,C00291,2024-02-21,2,7,148.03,3.5,-0.41358949560891717,False
INV101345,C00229,2024-10-01,8,23,584.55,2.875,-0.5011603073984865,False
INV101346,C00394,2024-07-15,3,13,147.0,4.333333333333333,-0.44841549171750994,False
INV101347,C00018,2024-09-11,6,20,262.81,3.3333333333333335,-0.4283015097449311,False
INV101348,C00180,2024-07-09,4,16,211.94,4.0,-0.4223762270973997,False
INV101349,C00007,2024-09-09,6,9,84.57,1.5,-0.508748309464481,False
INV101350,C00034,2024-03-02,3,8,102.22,2.6666666666666665,-0.40317905974241497,False
INV101351,C00124,2024-09-14,4,12,89.65,3.0,-0.39449600760809217,False
INV101352,C00153,2024-10-25,1,3,78.48,3.0,-0.4347977895936661,False
INV101353,C00199,2024-12-11,9,26,259.34,2.888888888888889,-0.446895658962454,False
INV101354,C00478,2024-11-27,2,6,86.17,3.0,-0.393175310843289,False
INV101355,C00295,2024-07-09,17,58,736.5400000000001,3.411764705882353,-0.6784801702683683,True
INV101356,C00272,2024-06-17,2,6,98.97999999999999,3.0,-0.3969985016342495,False
INV101357,C00180,2024-12-10,4,10,139.68,2.5,-0.3933441884948151,False
INV101358,C00347,2024-09-22,1,1,12.52,1.0,-0.4896077188622091,False
INV101359,C00047,2024-07-27,4,13,171.16,3.25,-0.38728084276918684,False
INV101360,C00488,2024-06-10,5,14,137.62,2.8,-0.4049551893094169,False
INV101361,C00456,2024-04-06,14,42,795.89,3.0,-0.6014097441176082,False
INV101362,C00075,2024-03-12,4,15,162.21,3.75,-0.3999353462208788,False
INV101363,C00382,2024-07-17,4,10,93.28,2.5,-0.39922981982982564,False
INV101364,C00303,2024-08-24,4,15,172.01999999999998,3.75,-0.3997801990294241,False
INV101365,C00404,2024-09-02,8,24,334.56,3.0,-0.4284733567052584,False
INV101366,C00144,2024-11-11,1,2,13.7,2.0,-0.4424137278802886,False
INV101367,C00237,2024-08-18,1,4,21.64,4.0,-0.4519371178766139,False
INV101368,C00235,2024-03-03,2,6,67.17,3.0,-0.39048263555291624,False
INV101369,C00098,2024-04-22,2,9,98.82000000000001,4.5,-0.44518505672837794,False
INV101370,C00270,2024-02-13,4,17,124.06,4.25,-0.4606279936543419,False
INV101371,C00111,2024-04-28,6,22,311.99,3.6666666666666665,-0.4467704344037843,False
INV101372,C00202,2024-07-26,3,7,107.32,2.3333333333333335,-0.41254722383605164,False
INV101373,C00199,2024-11-04,1,4,25.56,4.0,-0.45060826450510705,False
INV101374,C00436,2024-06-05,5,16,163.66,3.2,-0.4045286448694565,False
INV101375,C00362,2024-07-27,1,2,39.46,2.0,-0.4386784240541692,False
INV101376,C00468,2024-06-25,31,839,10169.32,27.06451612903226,-0.8361417855509838,True
INV101377,C00052,2024-12-29,7,25,274.13,3.5714285714285716,-0.43534784212317557,False
INV101378,C00129,2024-07-18,7,11,121.0,1.5714285714285714,-0.5202165192331327,False
INV101379,C00328,2024-03-05,5,11,213.6,2.2,-0.4438569342497064,False
INV101380,C00172,2024-05-09,3,7,77.39,2.3333333333333335,-0.41170683808347897,False
INV101381,C00408,2024-12-13,2,5,46.12,2.5,-0.40846255457811964,False
INV101382,C00379,2024-05-30,4,11,254.56,2.75,-0.42378110262612456,False
INV101383,C00022,2024-02-22,7,20,113.14,2.857142857142857,-0.4498104844150513,False
INV101384,C00001,2024-05-05,13,49,847.81,3.769230769230769,-0.6498077978554974,True
INV101385,C00178,2024-02-27,5,15,389.58000000000004,3.0,-0.4630248962236593,False
INV101386,C00456,2024-04-23,7,23,443.53999999999996,3.2857142857142856,-0.44759598205760515,False
INV101387,C00134,2024-02-09,10,29,292.08,2.9,-0.47280771920956083,False
INV101388,C00425,2024-09-07,2,6,36.55,3.0,-0.4020721150259847,False
INV101389,C00054,2024-09-12,5,19,254.97,3.8,-0.4316207083002336,False
INV101390,C00286,2024-08-07,3,8,81.63,2.6666666666666665,-0.4013271897584696,False
INV101391,C00126,2024-05-27,3,12,82.74,4.0,-0.4281693648333556,False
INV101392,C00280,2024-05-07,5,21,337.34,4.2,-0.4794925861617117,False
INV101393,C00483,2024-03-13,2,9,177.09,4.5,-0.45610068378309043,False
INV101394,C00259,2024-02-11,4,7,71.83,1.75,-0.44453122177241333,False
INV101395,C00410,2024-05-07,5,13,121.77,2.6,-0.41304595858288684,False
INV101396,C00056,2024-01-22,2,4,35.86,2.0,-0.42600212408881766,False
INV101397,C00362,2024-03-05,4,14,268.82,3.5,-0.4158970678070516,False
INV101398,C00242,2024-09-03,1,4,48.24,4.0,-0.4422529876508917,False
INV101399,C00165,2024-06-01,5,16,238.95,3.2,-0.4099345831309878,False
INV101400,C00271,2024-11-29,2,2,23.75,1.0,-0.4995563736445493,False
INV101401,C00401,2024-09-30,1,3,18.54,3.0,-0.43078877364670065,False
INV101402,C00468,2024-08-28,1,5,36.2,5.0,-0.4827398133519526,False
INV101403,C00012,2024-11-19,2,9,93.93,4.5,-0.44383727466206974,False
INV101404,C00488,2024-09-17,2,3,29.61,1.5,-0.4593101134275751,False
INV101405,C00479,2024-06-03,7,25,354.94000000000005,3.5714285714285716,-0.44125723776077197,False
INV101406,C00192,2024-08-15,5,18,216.70999999999998,3.6,-0.4184405534463504,False
INV101407,C00065,2024-09-10,4,9,158.92000000000002,2.25,-0.4059932876736683,False
INV101408,C00014,2024-09-23,4,12,104.08,3.0,-0.38850044310803517,False
INV101409,C00327,2024-07-29,7,19,392.16,2.7142857142857144,-0.4497532252180024,False
INV101410,C00345,2024-05-14,1,2,16.98,2.0,-0.43682803680092946,False
INV101411,C00270,2024-05-07,4,12,203.68,3.0,-0.38761342786687836,False
INV101412,C00428,2024-02-25,5,21,319.68,4.2,-0.4754659730839614,False
INV101413,C00120,2024-09-28,4,10,112.66999999999999,2.5,-0.39363572287257886,False
INV101414,C00152,2024-08-25,4,8,161.04,2.0,-0.43087686166508565,False
INV101415,C00456,2024-06-06,7,19,295.4,2.7142857142857144,-0.4262487619046864,False
INV101416,C00228,2024-07-12,3,11,186.3,3.6666666666666665,-0.415626444428803,False
INV101417,C00023,2024-09-01,8,29,480.3,3.625,-0.4874109096260794,False
INV101418,C00401,2024-03-23,3,9,92.06,3.0,-0.3940113415450277,False
INV101419,C00096,2024-07-19,1,5,235.5,5.0,-0.5530836247954767,False
INV101420,C00241,2024-11-27,1,2,14.22,2.0,-0.44029322799970616,False
INV101421,C00138,2024-09-04,1,4,33.16,4.0,-0.44763209818247246,False
INV101422,C00373,2024-04-24,1,2,9.26,2.0,-0.4547327310241492,False
INV101423,C00041,2024-03-09,8,27,387.59000000000003,3.375,-0.4467173409235817,False
INV101424,C00251,2024-08-10,3,8,78.27,2.6666666666666665,-0.4025731312529077,False
INV101425,C00081,2024-02-16,8,14,230.93,1.75,-0.5151179200139109,False
INV101426,C00023,2024-07-02,12,39,385.45,3.25,-0.5213483559171357,False
INV101427,C00348,2024-12-21,12,39,530.67,3.25,-0.526539912694048,False
INV101428,C00242,2024-08-23,8,22,312.44,2.75,-0.4299602314303865,False
INV101429,C00143,2024-08-19,9,27,281.34,3.0,-0.447248946010022,False
INV101430,C00323,2024-11-13,1,2,15.52,2.0,-0.4371948092953199,False
INV101431,C00147,2024-07-18,9,26,209.0,2.888888888888889,-0.4688607656102569,False
INV101432,C00284,2024-02-13,2,7,123.38,3.5,-0.404753842306503,False
INV101433,C00141,2024-12-17,2,3,29.39,1.5,-0.4593101134275751,False
INV101434,C00312,2024-12-03,1,4,36.12,4.0,-0.4460504399639128,False
INV101435,C00432,2024-06-12,7,20,229.22,2.857142857142857,-0.423878239500049,False
INV101436,C00405,2024-10-07,4,11,135.29,2.75,-0.38716952697889634,False
INV101437,C00204,2024-09-26,4,12,141.02,3.0,-0.38132399249834403,False
INV101438,C00217,2024-09-15,4,12,79.5,3.0,-0.3965528533056121,False
INV101439,C00017,2024-09-17,2,6,93.03,3.0,-0.3952657190813286,False
INV101440,C00266,2024-03-23,8,27,443.99,3.375,-0.4590275114003707,False
INV101441,C00052,2024-07-24,1,2,30.74,2.0,-0.4350756150890075,False
INV101442,C00144,2024-10-28,2,7,32.18,3.5,-0.420496077382093,False
INV101443,C00021,2024-08-19,4,14,141.26,3.5,-0.39292346560894315,False
INV101444,C00179,2024-12-22,2,6,53.21,3.0,-0.39516416580112607,False
INV101445,C00418,2024-10-05,2,5,107.14,2.5,-0.42080785805843807,False
INV101446,C00387,2024-11-11,17,48,476.28,2.823529411764706,-0.6319447508034476,True
INV101447,C00465,2024-05-04,2,3,17.28,1.5,-0.472968745231044,False
INV101448,C00045,2024-04-29,2,8,57.96,4.0,-0.4128172784473634,False
INV101449,C00232,2024-06-21,2,7,86.31,3.5,-0.39901189718887603,False
INV101450,C00424,2024-08-22,4,12,193.65,3.0,-0.3859867230083689,False
INV101451,C00348,2024-10-22,2,5,72.67,2.5,-0.40788096533091267,False
INV101452,C00190,2024-07-27,4,14,174.45000000000002,3.5,-0.39370871620059816,False
INV101453,C00016,2024-08-24,1,3,33.9,3.0,-0.4232925256209432,False
INV101454,C00073,2024-09-23,1,2,37.3,2.0,-0.4387267523578425,False
INV101455,C00218,2024-10-04,1,1,14.16,1.0,-0.4878043035715622,False
INV101456,C00003,2024-07-29,1,3,27.09,3.0,-0.4261976188541829,False
INV101457,C00004,2024-10-31,11,32,472.51,2.909090909090909,-0.49679391097373776,False
INV101458,C00320,2024-07-30,4,8,86.87,2.0,-0.421390898380724,False
INV101459,C00457,2024-10-01,5,20,256.77,4.0,-0.4441819272915242,False
INV101460,C00067,2024-12-12,1,1,20.16,1.0,-0.5028072539591281,False
INV101461,C00004,2024-09-23,8,18,246.35999999999999,2.25,-0.4600511615843696,False
INV101462,C00403,2024-04-03,6,22,254.56,3.6666666666666665,-0.44653761822060445,False
INV101463,C00001,2024-09-15,4,14,192.47,3.5,-0.39604539900942726,False
INV101464,C00004,2024-06-23,1,3,34.77,3.0,-0.4240081935067417,False
INV101465,C00434,2024-03-17,2,6,111.91999999999999,3.0,-0.4017561561970987,False
INV101466,C00129,2024-10-28,4,9,257.0,2.25,-0.44929329271456087,False
INV101467,C00333,2024-05-07,4,15,260.74,3.75,-0.41804981295296073,False
INV101468,C00212,2024-04-04,1,2,30.52,2.0,-0.4350756150890075,False
INV101469,C00359,2024-07-29,9,25,225.49,2.7777777777777777,-0.45848949837332587,False
INV101470,C00266,2024-09-07,10,27,272.6,2.7,-0.4722854434152702,False
INV101471,C00122,2024-01-12,3,10,194.32999999999998,3.3333333333333335,-0.41106388729384963,False
INV101472,C00054,2024-11-04,2,5,95.38,2.5,-0.41367310538476293,False
INV101473,C00248,2024-01-18,4,17,151.82,4.25,-0.45543246984056845,False
INV101474,C00166,2024-09-24,10,19,203.53,1.9,-0.542031850994584,False
INV101475,C00267,2024-03-05,9,27,296.06,3.0,-0.4451564692457095,False
INV101476,C00171,2024-05-03,3,4,126.18,1.3333333333333333,-0.49573193478946026,False
INV101477,C00018,2024-05-22,3,13,238.75,4.333333333333333,-0.47454415166337266,False
INV101478,C00317,2024-10-20,8,24,319.25,3.0,-0.42824600090750475,False
INV101479,C00318,2024-05-16,2,5,46.42,2.5,-0.40846255457811964,False
INV101480,C00020,2024-10-20,14,44,798.58,3.142857142857143,-0.609686161074062,False
INV101481,C00396,2024-11-11,5,20,512.72,4.0,-0.5167751089033493,False
INV101482,C00102,2024-05-20,3,8,41.9,2.6666666666666665,-0.4210632270728173,False
INV101483,C00230,2024-07-16,2,3,28.46,1.5,-0.45946552118134243,False
INV101484,C00038,2024-09-24,7,25,230.52,3.5714285714285716,-0.44608514589622544,False
INV101485,C00242,2024-06-07,5,22,264.23,4.4,-0.49476187969818924,False
INV101486,C00219,2024-06-21,4,10,124.12,2.5,-0.39374523688499896,False
INV101487,C00185,2024-10-02,5,11,129.79,2.2,-0.43057737793241757,False
INV101488,C00275,2024-05-14,1,5,38.95,5.0,-0.478444989777113,False
INV101489,C00227,2024-05-17,7,20,234.98,2.857142857142857,-0.42041049178437195,False
INV101490,C00245,2024-05-27,2,5,71.14,2.5,-0.40765414744385514,False
INV101491,C00198,2024-10-17,4,15,128.5,3.75,-0.4049386923693352,False
INV101492,C00000,2024-07-17,4,16,259.6,4.0,-0.43100347276073564,False
INV101493,C00231,2024-05-30,3,8,102.57,2.6666666666666665,-0.40335220841212377,False
INV101494,C00022,2024-08-17,2,5,35.8,2.5,-0.41556859331451057,False
INV101495,C00194,2024-06-23,4,12,279.1,3.0,-0.416742336750087,False
INV101496,C00307,2024-03-27,5,9,87.02000000000001,1.8,-0.4596806645439631,False
INV101497,C00004,2024-03-16,1,5,127.05,5.0,-0.5043671652214171,False
INV101498,C00194,2024-06-09,4,8,101.58,2.0,-0.42005050186152026,False
INV101499,C00433,2024-10-27,5,19,269.8,3.8,-0.42993735981730835,False
