Member_number,Date,itemDescription,_basket_id
1533,09-10-2024,canned beer,287
1836,25-10-2024,tropical fruit,2181
1368,30-01-2024,root vegetables,69
1083,30-07-2024,pastry,4280
1175,30-03-2024,red wine,3434
1980,27-04-2024,cat food,2135
1548,15-05-2025,brown bread,2545
1913,30-08-2024,pastry,1384
2064,04-09-2025,jam,1243
1423,25-06-2025,margarine,5175
1958,31-10-2024,domestic eggs,5315
1528,22-04-2024,chips,674
1873,27-06-2025,canned beer,2882
2162,09-11-2024,curd,4733
2153,05-02-2025,frankfurter,4942
2069,08-05-2024,soda,3398
2006,27-03-2025,root vegetables,1537
1469,13-11-2024,rolls/buns,4688
1603,01-08-2025,tortillas,4405
1684,03-01-2024,salsa,3840
1525,21-02-2025,hamburger meat,2230
2074,16-10-2024,root vegetables,3419
1616,05-11-2025,yogurt,876
2059,19-04-2025,white bread,744
2088,26-08-2024,cat food,3005
1073,23-04-2025,newspapers,853
1263,03-01-2024,margarine,4197
1979,09-12-2025,jam,1910
1791,28-07-2024,bottled water,2556
1247,14-08-2024,domestic eggs,1919
1183,28-06-2025,  CANNED BEER,2116
1995,14-12-2025,tropical fruit,4102
1920,18-08-2024,brown bread,3909
1254,17-08-2025,margarine,4957
1328,25-07-2025,citrus fruit,3894
2179,27-05-2025,frozen vegetables,1025
1077,27-10-2024,whole milk,2517
1873,01-08-2024,beef,1059
2093,29-03-2025,root vegetables,4648
2088,04-06-2024,whole milk,3349
1235,15-02-2025,cereal,3030
1840,12-10-2025,canned beer,1701
1887,29-06-2024,  CANNED BEER,417
1133,12-08-2025,rolls/buns,3481
1418,01-01-2025,newspapers,5940
1763,19-08-2025,citrus fruit,1615
2020,28-05-2025,  CITRUS FRUIT,5712
1897,07-11-2024,tomato sauce,2953
2119,18-03-2025,salty snack,2184
1651,28-05-2024,pastry,1643
1077,27-10-2024,soda,2517
1003,24-02-2024,citrus fruit,1497
1614,17-10-2024,bottled water,1693
1979,25-02-2025,ground beef,2863
1296,14-03-2025,newspapers,4539
1498,25-07-2025,citrus fruit,2995
1434,20-06-2025,margarine,5029
1497,04-12-2024,frankfurter,1592
1289,29-01-2025,white bread,1808
2046,27-11-2025,citrus fruit,1332
1798,12-10-2024,tomato sauce,2003
1833,21-06-2025,chocolate,4859
1675,04-10-2024,margarine,5956
1745,31-12-2024,yogurt,4134
1451,13-07-2025,canned beer,4906
1610,08-05-2025,salty snack,787
2036,27-05-2025,domestic eggs,3526
1474,18-07-2025,parmesan,1782
1316,27-09-2024,napkins,1794
1560,29-06-2025,onions,5529
1772,19-05-2025,root vegetables,3150
1816,15-06-2025,dish detergent,2765
1155,12-01-2024,soda,1265
1241,05-08-2025,citrus fruit,700
1774,20-09-2024,root vegetables,480
1796,22-05-2024,margarine,2922
1445,20-03-2024,whole milk,5484
1237,11-01-2025,citrus fruit,5763
1721,24-03-2025,bottled water,775
1594,07-11-2025,parmesan,76
1523,01-09-2024,cat food,2398
1062,23-01-2025,white bread,5641
1220,20-03-2025,salty snack,4448
1564,30-03-2025,dish detergent,1000
2094,16-01-2024,white bread,127
1887,02-11-2024,margarine,4966
1852,25-01-2024,soda,5357
1986,10-08-2025,canned beer,3063
1936,14-08-2025,domestic eggs,2304
1822,27-10-2025,canned beer,1632
1485,23-01-2025,root vegetables,305
1080,19-01-2024,white bread,3992
1193,15-02-2025,canned beer,2380
1010,29-10-2025,creamer,4796
1466,26-12-2025,whole milk,99
1166,26-06-2025,ground beef,1452
1731,10-08-2024,margarine,5356
1044,15-05-2025,cat food,3014
1400,31-08-2025,ground beef,1759
1982,20-04-2024,ground beef,2400
2073,21-03-2024,root vegetables,4
1544,09-05-2024,butter,293
1013,02-07-2025,ice cream,5242
1379,26-03-2024,domestic eggs,578
1505,01-03-2024,chocolate,5513
1081,06-10-2025,margarine,3139
1244,07-12-2025,napkins,1068
1551,21-05-2025,brown bread,2963
1646,04-08-2024,creamer,472
1567,13-01-2025,citrus fruit,5159
1523,01-09-2024,shopping bags,2398
1528,24-05-2024,margarine,230
1798,02-12-2024,newspapers,903
2025,19-11-2024,newspapers,2759
2198,06-08-2024,margarine,36
2198,06-08-2024,canned beer,36
2166,22-01-2024,margarine,5030
2105,10-09-2024,salty snack,2495
1110,24-01-2025,jam,2108
1299,09-01-2025,domestic eggs,5381
1281,06-04-2025,tropical fruit,4764
1842,04-04-2025,salty snack,2056
1202,07-09-2025,frankfurter,16
2171,01-11-2025,tropical fruit,2439
1349,07-02-2024,chocolate,3120
1323,27-11-2024,chocolate,1765
1978,01-01-2024,margarine,2867
2130,14-11-2024,cereal,3315
2157,04-11-2025,whole milk,2379
1709,21-02-2025,canned beer,4398
1104,08-08-2025,citrus fruit,933
1590,21-10-2025,rolls/buns,860
2081,28-05-2025,pastry,2067
1655,17-09-2025,ground beef,5466
1088,20-12-2024,ground beef,513
1140,23-07-2024,margarine,3367
1562,12-01-2025,onions,3523
1804,15-06-2025,tomato sauce,5311
1538,09-06-2025,canned beer,4769
2159,20-02-2025,pastry,2423
1331,28-11-2024,chocolate,4898
1264,06-12-2025,hamburger meat,5998
1892,21-09-2025,cat food,435
1995,31-10-2024,frankfurter,2966
1209,16-08-2025,citrus fruit,3819
1016,30-07-2025,soda,2532
1359,07-12-2024,margarine,3143
1477,24-05-2024,white bread,5349
1032,16-12-2024,ice cream,3332
1887,02-11-2024,shopping bags,4966
1223,28-02-2025,,3020
1547,15-03-2025,beef,5757
1691,27-02-2025,frankfurter,4106
1298,28-07-2025,whole milk,2089
1751,29-11-2025,white bread,1899
1261,20-08-2025,canned beer,2931
1089,04-01-2024,citrus fruit,4026
1889,13-01-2025,coffee,5231
1666,31-01-2024,frozen vegetables,2579
1323,06-01-2024,frozen vegetables,3550
1279,08-07-2024,root vegetables,3086
1670,16-01-2024,cereal,4498
1830,17-04-2025,canned beer,3043
1724,09-06-2024,canned beer,4037
2170,06-02-2025,beef,5374
1504,31-03-2024,frankfurter,1379
1744,19-05-2024,dish detergent,2848
1417,19-09-2024,napkins,1801
1460,19-04-2025,tropical fruit,5017
1141,09-02-2024,pip fruit,1034
2134,18-07-2025,bottled water,2136
1621,05-01-2025,pip fruit,3432
1457,17-03-2025,pip fruit,3363
1467,02-08-2025,margarine,4939
1916,16-06-2025,soda,2859
1190,19-03-2025,newspapers,2626
1775,23-09-2024,margarine,1829
1190,23-08-2025,white bread,4459
1833,02-06-2024,salsa,4309
1969,05-11-2024,canned beer,4537
2090,29-07-2025,ground beef,5647
1885,25-06-2024,parmesan,1962
1502,11-03-2024,frankfurter,55
1925,31-01-2025,salsa,2444
2044,20-11-2024,newspapers,2244
1838,09-05-2025,  ONIONS,2723
2044,20-11-2024,margarine,2244
1569,17-08-2025,jam,2874
2171,06-06-2024,curd,3152
1114,27-05-2025,ice cream,2427
1471,08-09-2024,pasta,5341
1629,25-09-2025,whole milk,3967
1213,25-02-2024,cat food,3027
1416,22-02-2024,canned beer,4233
1830,17-04-2025,frozen vegetables,3043
1295,03-11-2025,brown bread,290
1155,02-08-2024,cat food,3084
1577,10-09-2025,root vegetables,502
1651,31-01-2024,cat food,2285
1384,13-09-2025,granola,343
1310,28-09-2025,  DISH DETERGENT,4846
1395,30-04-2024,canned beer,1234
1155,23-08-2024,canned beer,5895
1965,07-04-2025,margarine,4159
1071,17-05-2024,canned beer,1175
1493,16-05-2025,tortillas,379
1111,17-09-2024,canned beer,5533
1952,27-06-2024,chocolate,1827
1513,25-09-2024,salsa,2197
1818,25-09-2024,brown bread,5809
1984,06-07-2024,jam,3242
1170,12-11-2025,root vegetables,3370
2095,28-07-2024,citrus fruit,2718
1355,01-07-2025,sausage,492
1984,06-07-2024,pastry,3242
1235,15-02-2025,white bread,3030
1223,17-12-2025,shopping bags,2943
2079,08-11-2025,frankfurter,2945
2028,22-06-2025,citrus fruit,2345
2128,23-07-2024,newspapers,2726
1916,28-02-2024,sausage,2905
1322,27-07-2024,parmesan,5120
1004,04-06-2024,  HAMBURGER MEAT,2014
1676,08-06-2025,canned beer,3289
2069,20-03-2025,tomato sauce,1092
1937,08-03-2025,beef,2057
1010,09-06-2024,canned beer,2884
1336,20-03-2025,parmesan,5125
1779,11-08-2025,paper towels,4443
2106,26-11-2024,hamburger meat,4066
1741,04-03-2024,whole milk,1117
2020,15-09-2025,red wine,3844
2106,26-11-2024,chocolate,4066
1363,06-06-2024,onions,3725
1869,24-01-2024,margarine,5130
2107,06-02-2024,white bread,1679
1702,16-08-2025,margarine,3103
1190,19-03-2025,citrus fruit,2626
2129,19-05-2025,napkins,2268
1992,07-01-2024,whole milk,1074
2139,15-11-2024,bottled water,5383
1282,06-08-2024,red wine,88
1368,30-01-2024,canned beer,69
1027,11-03-2025,shopping bags,331
1123,04-09-2024,cereal,2183
1165,31-05-2024,domestic eggs,3316
1725,05-02-2024,yogurt,1228
1195,21-05-2024,rolls/buns,4118
1587,23-12-2024,white bread,1448
1914,11-01-2024,white bread,5275
1474,18-07-2025,shopping bags,1782
2180,01-07-2025,cereal,4867
1905,07-11-2025,frankfurter,2411
2182,17-12-2024,sausage,4676
2114,24-02-2025,margarine,2397
1804,15-06-2025,sugar,5311
1370,01-06-2025,bananas,1087
1431,01-08-2025,whole milk,830
2001,30-07-2025,onions,1229
1982,17-01-2025,whole milk,2707
1280,03-03-2024,bottled water,571
1251,17-11-2024,frozen vegetables,779
1111,24-01-2024,tomato sauce,4496
1292,20-09-2024,citrus fruit,5918
1330,19-11-2025,citrus fruit,2216
1383,04-03-2025,yogurt,509
2017,01-09-2025,cereal,4004
1956,17-07-2024,margarine,3293
1870,15-02-2024,dish detergent,3226
1084,05-02-2024,newspapers,4019
2120,10-11-2025,yogurt,1714
1526,09-03-2024,creamer,5020
1403,31-01-2025,margarine,4997
1767,21-03-2025,frozen vegetables,3791
1389,30-06-2025,soda,738
2105,06-07-2024,bottled water,4228
1978,01-01-2024,tomato sauce,2867
1458,14-07-2025,chocolate,5317
1691,12-06-2024,tropical fruit,1060
1956,17-07-2024,canned beer,3293
1352,31-01-2024,newspapers,4707
1234,25-06-2024,rolls/buns,1812
1013,06-07-2025,red wine,5363
1686,26-12-2025,ice cream,1522
1908,10-12-2024,margarine,882
1118,18-02-2024,coffee,5336
1599,16-02-2025,tortillas,2656
2120,11-02-2024,newspapers,3041
1833,12-05-2024,butter,4014
1808,12-04-2025,cheese,390
2106,30-01-2024,chocolate,5107
2033,03-08-2025,bottled water,3409
1276,17-04-2025,citrus fruit,30
1911,09-12-2025,frankfurter,5560
1181,21-01-2024,newspapers,4685
1389,01-09-2025,rolls/buns,5253
1240,31-03-2025,soda,2075
1156,21-05-2025,canned beer,1619
1859,18-02-2024,margarine,4725
1279,11-08-2024,ice cream,3930
1210,31-08-2025,ground beef,2372
1901,30-09-2025,sausage,3407
1848,25-10-2024,onions,1484
1580,28-06-2024,canned beer,279
1851,25-01-2025,frozen vegetables,5273
1777,03-08-2025,margarine,1735
1273,28-11-2025,cat food,241
2051,01-07-2025,white bread,617
1336,24-11-2025,bottled water,2154
1327,08-05-2025,cheese,3153
1705,13-01-2024,canned beer,1804
1247,26-11-2024,canned beer,3519
1074,19-10-2024,tortillas,679
1069,16-11-2024,frozen vegetables,4394
1895,26-11-2024,newspapers,5446
2111,16-09-2025,ketchup,5538
2120,10-09-2025,canned beer,5220
1010,29-10-2025,paper towels,4796
1814,13-01-2024,root vegetables,4918
2191,24-09-2024,pastry,1889
1531,04-06-2025,tomato sauce,2904
1862,08-07-2024,onions,703
1565,18-10-2024,salsa,1532
1220,05-11-2025,parmesan,5260
1417,28-11-2024,pasta,4518
2139,27-08-2025,yogurt,5248
1373,02-11-2024,salsa,3766
1821,23-02-2025,domestic eggs,3688
1117,16-11-2024,newspapers,4402
1354,30-10-2024,jam,5859
1675,05-01-2025,bottled water,1176
2049,05-07-2025,margarine,2315
2042,31-10-2025,coffee,5473
1598,28-07-2025,salty snack,2554
1023,10-12-2025,rolls/buns,5445
1079,13-10-2024,root vegetables,5422
1237,03-08-2024,crackers,498
1038,10-11-2025,frankfurter,5396
1951,21-07-2024,jam,5135
1612,05-06-2024,newspapers,100
1674,20-10-2024,canned beer,258
1006,16-03-2025,frankfurter,2194
1733,17-11-2025,root vegetables,3697
1636,28-06-2024,bottled water,4374
2191,15-06-2025,margarine,3429
1798,08-02-2024,citrus fruit,4816
1049,04-08-2024,bottled water,1526
1837,20-12-2024,frozen vegetables,1922
1915,09-10-2024,brown bread,924
1651,04-12-2024,frozen vegetables,3163
1704,22-03-2024,newspapers,1406
2137,14-03-2024,pastry,3362
1604,23-10-2024,margarine,5997
1890,13-08-2025,frozen vegetables,3517
1843,05-06-2024,white bread,3250
1488,10-08-2025,cheese,3098
1618,20-08-2025,cereal,4357
2190,16-08-2024,salsa,2954
1951,31-01-2025,ice cream,1652
1896,25-01-2024,tortillas,33
1311,29-12-2024,newspapers,839
2059,21-04-2024,ketchup,389
1465,23-09-2024,frankfurter,995
2110,02-12-2024,cat food,5252
1233,28-09-2024,pastry,3869
2063,04-02-2024,whole milk,4493
1845,11-10-2025,citrus fruit,3466
1515,06-06-2024,soda,2353
1034,28-01-2025,canned beer,5237
1260,08-03-2025,canned beer,1254
1765,28-02-2025,  CHOCOLATE,1015
1660,05-04-2024,tropical fruit,2989
1297,25-08-2025,salty snack,5531
1583,13-06-2024,canned beer,4998
1195,21-05-2024,napkins,4118
2072,11-04-2024,curd,1975
1740,22-07-2024,canned beer,706
1822,08-04-2025,rolls/buns,3911
1739,26-09-2024,canned beer,1291
1373,21-04-2024,soda,2951
2166,06-01-2025,frozen vegetables,2772
2009,30-09-2024,frankfurter,4629
1707,19-09-2025,newspapers,4470
2192,07-08-2024,margarine,2551
1143,04-07-2025,whole milk,121
1707,21-06-2025,canned beer,2755
1058,01-06-2024,white bread,2643
2063,04-02-2024,cereal,4493
1731,31-05-2024,canned beer,824
2180,03-08-2025,,2668
1631,13-01-2025,salsa,3893
1029,28-11-2025,whole milk,180
1140,23-07-2024,root vegetables,3367
1356,03-02-2025,ice cream,1828
1997,17-02-2025,newspapers,2226
1738,21-04-2024,bottled water,1543
1253,07-07-2024,beef,3431
1761,02-09-2024,citrus fruit,1364
1052,12-11-2025,cheese,387
1549,03-12-2025,chips,1240
1433,08-05-2025,bottled water,2200
1516,22-12-2024,tortillas,2506
1476,10-03-2025,canned beer,1980
1158,26-07-2024,margarine,3198
1946,08-08-2024,napkins,5261
2016,10-03-2024,chocolate,618
1448,12-02-2024,beef,940
2101,30-08-2025,cereal,1750
1109,24-05-2024,canned beer,2126
1846,04-12-2025,margarine,3116
2144,28-09-2024,canned beer,2210
1839,28-08-2024,pastry,3060
1460,23-09-2024,white bread,4192
1828,09-12-2024,napkins,2295
1077,20-08-2025,butter,3191
2155,05-04-2025,newspapers,2631
1950,17-03-2024,chocolate,2275
1712,22-03-2025,salsa,3192
1159,05-12-2024,domestic eggs,3863
1705,25-10-2024,margarine,3123
1293,05-04-2025,curd,251
1301,26-11-2025,root vegetables,1541
1193,03-12-2025,tropical fruit,807
1059,03-05-2024,root vegetables,880
2072,23-11-2025,margarine,3337
1365,19-04-2024,  MARGARINE,3690
1775,26-11-2025,ketchup,5665
1357,11-11-2024,chips,949
1526,15-11-2025,creamer,3036
1070,20-10-2024,citrus fruit,434
1834,18-02-2025,root vegetables,2559
1910,16-05-2024,bottled water,4507
1392,13-10-2024,bottled water,3888
1587,21-06-2024,salsa,2889
1063,14-10-2025,frankfurter,4413
1550,15-10-2025,domestic eggs,1709
1118,06-11-2024,bananas,2637
1457,27-04-2025,canned beer,28
1806,12-02-2025,canned beer,794
1969,20-07-2024,domestic eggs,1320
2111,30-09-2025,margarine,3974
1320,14-12-2024,,60
1936,28-03-2025,chocolate,3736
1645,15-12-2024,bananas,5667
1997,06-01-2025,ice cream,5704
1851,19-12-2024,pip fruit,4826
1858,07-03-2025,newspapers,2767
1006,09-07-2024,newspapers,4141
2120,10-11-2025,whole milk,1714
1270,06-04-2024,granola,1868
1678,23-03-2025,canned beer,5858
1936,09-11-2025,margarine,2422
1596,15-06-2025,domestic eggs,4783
1448,12-04-2025,newspapers,5743
2047,14-02-2024,canned beer,3465
1570,21-03-2024,root vegetables,3450
1249,07-08-2024,root vegetables,266
2146,07-12-2025,onions,3650
1381,01-04-2024,root vegetables,5346
1299,08-09-2025,  NAPKINS,3489
1917,25-04-2025,napkins,3809
1678,05-02-2025,pip fruit,3744
1943,07-08-2024,salsa,297
1185,25-06-2024,salty snack,2997
1596,27-07-2025,sugar,3440
1395,26-09-2025,bananas,672
1273,08-12-2024,newspapers,2193
2166,21-01-2025,yogurt,1353
1236,16-03-2025,chips,1257
1729,15-10-2025,canned beer,5828
2105,05-01-2024,pip fruit,3188
1827,22-08-2024,root vegetables,5569
1935,19-05-2025,frozen vegetables,585
1473,07-11-2025,newspapers,3487
1906,07-10-2025,citrus fruit,2724
1375,12-01-2024,white bread,4315
2017,01-09-2025,tropical fruit,4004
1996,03-07-2024,newspapers,4363
1146,06-12-2024,beef,116
1695,09-11-2025,root vegetables,2538
1633,01-07-2024,white bread,2909
1346,30-10-2025,brown bread,666
1633,01-07-2024,frankfurter,2909
1330,27-10-2025,tropical fruit,1352
1243,04-06-2025,red wine,4420
1014,06-04-2024,creamer,3102
2168,11-03-2024,salsa,185
1954,03-10-2024,granola,77
2149,10-03-2024,domestic eggs,1148
1337,28-06-2025,salsa,2985
1299,05-08-2024,newspapers,2162
1868,22-08-2024,root vegetables,326
1399,15-07-2024,yogurt,5266
1198,31-08-2024,whole milk,688
1057,24-07-2024,yogurt,2365
2010,22-12-2024,domestic eggs,1636
1887,18-12-2025,whole milk,3946
1356,25-04-2025,frankfurter,5040
1685,31-10-2025,white bread,5536
1213,25-02-2024,canned beer,3027
1220,04-10-2025,chocolate,1446
1816,16-10-2024,whole milk,885
2059,06-07-2024,canned beer,1690
1190,23-04-2024,frankfurter,1883
2193,08-11-2025,granola,911
1196,10-10-2024,newspapers,5514
1476,07-02-2025,cereal,615
1768,08-08-2024,whole milk,61
1207,25-09-2025,canned beer,177
1730,25-10-2025,cat food,1309
1835,09-03-2025,paper towels,3328
1540,05-07-2024,margarine,3375
2079,20-04-2024,frozen vegetables,734
1176,25-12-2025,root vegetables,2293
1365,16-02-2024,margarine,2717
1932,18-10-2025,citrus fruit,5086
1214,21-09-2025,margarine,4993
1299,07-02-2024,citrus fruit,2098
1024,08-10-2024,beef,3562
1962,03-07-2025,root vegetables,2600
1551,17-02-2024,diapers,3288
2036,24-05-2024,canned beer,1414
1692,15-11-2025,canned beer,423
1716,05-11-2024,curd,5314
2119,18-03-2025,margarine,2184
2175,26-07-2024,domestic eggs,5925
1043,23-01-2025,  COFFEE,5403
1198,31-08-2024,ground beef,688
1318,10-03-2024,chocolate,1616
2028,08-08-2025,root vegetables,3577
1803,05-06-2024,butter,5935
1893,07-10-2024,sausage,3792
1778,17-05-2025,  ICE CREAM,1433
1935,17-02-2025,sugar,1955
2073,15-06-2024,newspapers,982
1893,16-07-2024,pip fruit,231
1298,06-01-2024,root vegetables,1516
1085,27-11-2024,domestic eggs,3568
1901,19-01-2025,sausage,2316
2175,21-04-2025,root vegetables,4557
1920,16-08-2025,ice cream,566
1375,27-08-2025,salty snack,2217
1937,08-03-2025,butter,2057
1893,19-04-2025,root vegetables,2505
1245,25-02-2025,root vegetables,1911
1333,21-08-2024,canned beer,5449
2007,22-11-2025,coffee,3711
1939,07-06-2024,chocolate,4072
1905,31-10-2024,whole milk,3795
1229,03-04-2024,domestic eggs,5259
1256,28-10-2024,white bread,567
1225,03-08-2024,white bread,2949
1924,22-02-2025,whole milk,3576
1662,16-09-2025,salty snack,5316
1289,31-10-2024,whole milk,1650
2184,24-11-2025,napkins,3835
1077,02-04-2024,soda,832
2034,13-04-2025,red wine,2918
1826,25-01-2025,chips,754
1181,22-09-2024,frankfurter,3668
2151,17-11-2024,sausage,3484
1546,06-04-2025,root vegetables,2614
1073,17-09-2024,shopping bags,639
1055,22-11-2024,crackers,1524
1594,22-04-2024,pip fruit,1982
1215,07-08-2024,yogurt,5762
1891,04-03-2025,parmesan,3217
1333,29-02-2024,sausage,907
1803,08-01-2025,soda,4164
1861,24-01-2024,diapers,2899
1066,06-02-2025,whole milk,3903
1438,11-02-2025,  BUTTER,1337
1216,02-07-2024,paper towels,2642
1939,27-06-2024,salty snack,701
1411,17-10-2024,hamburger meat,3739
1150,19-12-2024,soda,2741
2091,17-12-2024,curd,5274
1329,16-10-2024,domestic eggs,5715
1318,12-12-2025,tropical fruit,2428
1434,10-03-2024,root vegetables,5499
1189,23-01-2025,margarine,741
1002,19-09-2024,newspapers,2463
1115,21-02-2024,ketchup,5611
1018,21-08-2025,root vegetables,3905
1500,29-04-2024,canned beer,337
1140,10-07-2024,paper towels,799
2144,28-09-2024,brown bread,2210
1342,08-10-2025,root vegetables,4992
1043,17-03-2024,newspapers,415
1473,07-11-2025,canned beer,3487
1530,31-03-2025,margarine,3843
2118,08-11-2025,parmesan,1892
1767,15-03-2025,beef,4245
1882,08-08-2025,pip fruit,5807
2179,27-05-2025,tropical fruit,1025
1957,25-11-2025,root vegetables,5309
1769,06-03-2025,pasta,3359
1168,15-02-2025,cat food,1682
1168,29-05-2025,rolls/buns,2109
2115,21-09-2025,canned beer,1119
1319,13-06-2025,cereal,500
1078,23-07-2024,newspapers,1770
1872,04-03-2024,curd,2947
1933,15-09-2025,margarine,5568
1494,06-08-2025,pip fruit,4905
1271,26-03-2024,soda,4831
1252,22-05-2025,root vegetables,1715
1826,25-01-2025,root vegetables,754
1856,05-07-2024,red wine,5951
1034,28-01-2025,yogurt,5237
1371,05-09-2024,newspapers,340
2068,24-08-2025,citrus fruit,5505
2058,30-10-2025,frankfurter,4125
1019,03-09-2025,salsa,2326
1401,15-11-2025,canned beer,1395
1264,07-12-2025,paper towels,4529
1454,29-07-2025,root vegetables,2562
1707,20-05-2024,pastry,3549
1973,17-09-2025,white bread,4619
1783,27-08-2024,butter,619
1921,29-04-2025,canned beer,2801
1156,21-05-2025,salty snack,1619
1597,19-10-2024,butter,2180
1353,26-11-2025,beef,1357
1071,06-10-2025,ice cream,380
1779,15-03-2025,red wine,1151
1281,12-04-2024,white bread,1614
2020,28-05-2025,citrus fruit,5712
1734,10-08-2025,whole milk,3097
1432,04-12-2024,tomato sauce,1969
1039,06-04-2024,white bread,4377
1681,04-09-2024,jam,3534
1314,22-05-2025,white bread,5354
1376,15-05-2025,frankfurter,2915
1273,02-11-2024,dish detergent,5421
2185,09-07-2025,rolls/buns,1114
2164,05-06-2024,newspapers,2343
1594,22-04-2024,newspapers,1982
1487,28-03-2024,cereal,960
1651,15-12-2024,  BROWN BREAD,4088
1171,05-02-2025,frozen vegetables,59
1600,27-09-2024,white bread,1676
2035,16-08-2024,yogurt,2982
1430,30-08-2025,canned beer,4404
1740,10-07-2025,bottled water,4182
1649,04-03-2024,soda,0
1249,07-08-2024,sausage,266
1186,01-01-2024,pip fruit,5628
1613,14-06-2025,parmesan,557
1523,17-09-2024,sausage,647
1679,03-01-2025,canned beer,156
1478,29-10-2024,  CITRUS FRUIT,2530
1253,07-07-2024,citrus fruit,3431
2041,30-09-2024,  MARGARINE,5507
1230,06-10-2024,curd,2870
1138,22-08-2025,pastry,1921
1222,01-01-2025,frankfurter,2564
1494,06-08-2025,bottled water,4905
1177,05-03-2024,margarine,772
2033,14-01-2025,salsa,4239
1543,12-04-2025,dish detergent,3358
2149,10-01-2024,canned beer,286
1454,03-05-2024,pastry,3881
1165,31-05-2024,pip fruit,3316
2183,08-12-2024,whole milk,2975
1081,21-10-2024,whole milk,2675
2073,03-09-2025,whole milk,4174
2164,26-02-2024,bananas,3683
1842,28-04-2025,root vegetables,4923
1556,01-10-2024,creamer,4372
1643,01-07-2024,paper towels,4306
1751,20-02-2024,frankfurter,5930
1146,23-04-2024,chocolate,459
1787,29-12-2025,pasta,2321
1733,17-11-2025,canned beer,3697
2163,05-05-2025,salsa,5057
2013,13-03-2025,curd,3747
1339,07-01-2025,white bread,957
1233,14-02-2025,newspapers,5127
1114,10-02-2025,hamburger meat,3302
1071,27-01-2025,frankfurter,2585
1854,29-07-2024,root vegetables,5727
1819,21-02-2024,root vegetables,190
2037,24-04-2024,cereal,4440
1859,24-09-2025,butter,1061
1618,16-08-2025,salsa,1328
1236,05-03-2024,root vegetables,3251
1479,27-07-2024,canned beer,5873
1606,27-07-2025,brown bread,31
1427,26-09-2024,white bread,5622
1935,19-05-2025,citrus fruit,585
1707,15-12-2025,whole milk,837
1901,23-09-2025,canned beer,2960
2101,27-01-2024,root vegetables,1863
1723,17-06-2025,citrus fruit,5923
1708,19-03-2025,napkins,1518
1547,10-07-2025,newspapers,3594
1618,16-08-2025,newspapers,1328
2175,01-03-2025,beef,2721
2189,13-12-2025,soda,3902
1936,28-03-2025,frankfurter,3736
1777,25-02-2024,rolls/buns,2472
1048,13-09-2025,cereal,1167
1798,24-09-2024,tomato sauce,963
1400,11-08-2025,salsa,4664
1567,17-06-2025,shopping bags,108
1904,17-06-2025,bottled water,3732
2046,21-02-2025,napkins,5860
1659,01-03-2024,citrus fruit,3132
2041,27-09-2025,ground beef,5027
1405,29-10-2024,margarine,2604
1496,04-10-2025,butter,1805
1310,19-03-2024,jam,3522
2003,11-10-2025,canned beer,320
1654,24-08-2024,cat food,2157
1036,07-01-2025,onions,1651
1932,07-09-2025,butter,4514
1368,30-01-2024,domestic eggs,69
1279,08-10-2024,yogurt,728
1194,13-12-2024,white bread,5280
2182,09-02-2025,ground beef,5795
1987,22-08-2024,brown bread,5801
1151,27-11-2025,root vegetables,2557
1905,31-10-2024,chocolate,3795
2105,20-03-2025,tomato sauce,1121
1646,22-01-2024,bottled water,1494
1110,24-10-2024,onions,4062
1630,23-10-2025,whole milk,3622
2068,08-07-2024,newspapers,2405
1332,15-01-2024,cereal,3652
1263,02-03-2024,hamburger meat,4981
1862,12-06-2024,white bread,3877
1500,21-07-2025,white bread,2122
1240,27-09-2024,frozen vegetables,804
1587,27-10-2025,soda,5415
1274,23-02-2025,margarine,115
2137,29-04-2024,pip fruit,4064
1965,06-04-2025,canned beer,3176
1915,15-09-2025,sausage,2794
1561,16-06-2024,coffee,4824
2080,08-01-2025,bottled water,49
1577,24-06-2024,margarine,4716
2079,16-12-2024,brown bread,4717
1944,19-08-2025,curd,2575
1915,15-09-2025,,2794
1046,27-02-2024,cat food,1472
2008,26-03-2025,newspapers,3145
1235,03-03-2024,pasta,2583
1234,24-09-2024,salty snack,1315
2022,10-08-2025,canned beer,2666
1852,22-11-2025,margarine,3371
2118,08-11-2025,tomato sauce,1892
1586,23-11-2025,ice cream,3734
1773,19-11-2025,margarine,5779
1798,06-06-2024,shopping bags,4422
1693,23-10-2025,,1881
1885,07-10-2025,bottled water,5584
1858,10-05-2024,margarine,2175
2084,17-11-2024,brown bread,430
2065,11-08-2025,onions,3715
1617,27-08-2025,citrus fruit,1124
1920,27-01-2024,shopping bags,165
2102,21-08-2025,beef,4766
1250,16-03-2025,margarine,3485
1722,22-08-2025,domestic eggs,721
1147,02-09-2025,frozen vegetables,3704
1086,08-05-2024,canned beer,1113
1187,17-03-2024,frozen vegetables,3700
2133,28-10-2024,pastry,45
2181,02-01-2024,domestic eggs,631
2155,15-06-2025,frozen vegetables,1810
1241,27-07-2024,curd,3585
1868,27-05-2025,butter,3632
2192,02-07-2025,napkins,5088
2061,29-09-2024,salsa,19
1067,13-10-2024,margarine,5324
1816,05-12-2024,paper towels,1459
1994,25-09-2025,rolls/buns,164
1371,21-11-2024,soda,3656
1822,29-01-2024,chocolate,3267
1362,13-09-2025,cheese,3089
1860,17-01-2024,brown bread,2266
1723,12-07-2025,sausage,4675
1516,27-04-2025,margarine,2615
2154,08-01-2025,margarine,2560
1141,03-12-2024,whole milk,1172
1417,19-09-2024,canned beer,1801
1332,19-04-2024,jam,2651
1065,15-08-2024,canned beer,1348
1126,21-02-2024,canned beer,2473
1511,04-08-2025,citrus fruit,5650
1301,29-05-2025,canned beer,1698
1616,15-09-2025,bottled water,1496
1696,16-03-2024,,1653
1996,25-06-2025,domestic eggs,1409
1782,23-12-2025,white bread,773
1324,16-07-2024,root vegetables,2249
2015,07-11-2024,canned beer,267
1155,12-01-2024,tortillas,1265
1647,02-05-2025,bottled water,3154
1660,26-02-2024,whole milk,3435
1523,04-02-2025,canned beer,479
1588,28-12-2024,newspapers,934
1045,14-03-2025,citrus fruit,292
1439,26-04-2025,red wine,3008
1790,04-08-2024,brown bread,2639
2080,09-05-2024,tomato sauce,4151
1619,07-07-2024,parmesan,161
1033,06-05-2025,rolls/buns,4880
1822,01-03-2024,frankfurter,5746
1395,04-04-2024,root vegetables,2132
2029,18-09-2024,bottled water,2540
2109,08-11-2025,tropical fruit,3786
2105,14-02-2024,onions,3082
1692,27-10-2025,frankfurter,5322
1772,10-01-2025,dish detergent,140
1959,12-03-2024,domestic eggs,3272
2017,17-12-2025,domestic eggs,5947
1273,26-04-2024,domestic eggs,4110
1310,19-03-2025,coffee,3015
1226,18-12-2024,citrus fruit,5036
2134,18-07-2025,canned beer,2136
1560,25-01-2024,,5524
1501,18-10-2025,root vegetables,781
2001,29-06-2025,beef,5784
1771,21-06-2025,frankfurter,4007
1562,12-01-2025,curd,3523
2140,21-11-2024,newspapers,3771
1542,08-03-2024,whole milk,5467
1430,22-05-2025,canned beer,1734
2001,30-07-2025,pastry,1229
1870,18-12-2025,white bread,4352
1743,28-11-2025,margarine,5824
1258,11-05-2024,dish detergent,2566
1036,11-12-2024,canned beer,1032
1330,19-11-2025,yogurt,2216
1946,21-08-2025,whole milk,2581
1749,21-12-2024,white bread,1849
1189,23-01-2025,  WHITE BREAD,741
1455,08-12-2024,newspapers,224
1739,21-05-2025,bananas,1301
1458,16-04-2024,frozen vegetables,3687
2080,18-08-2024,sausage,2774
1610,08-05-2025,margarine,787
1865,12-07-2024,yogurt,4171
1123,04-09-2024,tropical fruit,2183
1201,21-11-2024,white bread,3333
1530,23-01-2024,newspapers,4969
1547,15-03-2025,root vegetables,5757
1558,30-11-2025,white bread,96
1476,10-03-2025,curd,1980
1584,29-04-2025,root vegetables,2035
2007,18-03-2024,newspapers,3112
2168,18-02-2025,frozen vegetables,1103
1451,27-02-2025,brown bread,149
1198,23-07-2024,root vegetables,2477
1357,15-03-2025,canned beer,609
1282,16-11-2024,frozen vegetables,1575
1357,17-09-2025,chips,2950
1053,17-11-2025,root vegetables,5922
1085,30-11-2024,ground beef,135
2091,09-03-2025,margarine,5571
1578,01-04-2025,chocolate,964
1156,21-05-2025,whole milk,1619
2156,29-07-2025,salsa,5075
1089,12-03-2025,newspapers,2780
1311,29-12-2024,frankfurter,839
1390,01-07-2024,rolls/buns,5013
1054,24-04-2025,domestic eggs,1083
1939,07-06-2024,canned beer,4072
1308,27-10-2024,margarine,4012
1505,19-04-2024,tomato sauce,4768
1807,10-01-2025,canned beer,3002
1616,11-02-2024,canned beer,1554
1556,18-02-2025,canned beer,3457
1814,19-01-2024,domestic eggs,2086
1875,18-08-2024,chocolate,2370
1755,29-04-2025,citrus fruit,2751
1983,02-04-2025,canned beer,1190
2031,26-11-2024,dish detergent,2187
1425,08-03-2024,butter,328
1166,30-12-2024,domestic eggs,2447
1610,19-05-2025,dish detergent,2251
2190,27-12-2024,curd,4703
2035,16-11-2025,beef,5174
1723,23-11-2025,frozen vegetables,980
1718,04-07-2024,salsa,1002
1548,04-08-2024,white bread,4287
2001,03-05-2024,root vegetables,5015
1161,29-02-2024,brown bread,3137
1331,28-10-2025,chocolate,3245
1723,20-08-2024,canned beer,5958
1312,11-09-2025,soda,4586
1887,22-01-2025,cereal,785
1244,05-07-2025,canned beer,1173
1869,17-10-2024,newspapers,1345
2041,29-05-2024,domestic eggs,4656
2017,09-09-2024,root vegetables,5755
1683,19-05-2024,chocolate,4213
1095,14-08-2024,canned beer,3602
1211,22-12-2025,coffee,3794
2152,13-02-2025,root vegetables,2941
1157,25-09-2025,curd,4500
1840,28-08-2025,cat food,4358
1959,12-03-2024,newspapers,3272
1432,15-01-2024,napkins,2981
1257,29-03-2024,sausage,5658
1239,28-02-2025,root vegetables,4505
1114,10-02-2025,frankfurter,3302
2136,01-12-2025,brown bread,5181
2054,10-02-2025,granola,5320
1064,01-04-2024,newspapers,2671
1906,13-01-2024,frankfurter,2961
1776,09-08-2025,newspapers,5359
1819,21-02-2024,margarine,190
1007,08-04-2025,tropical fruit,2297
1960,20-02-2025,newspapers,1731
1081,30-05-2024,sausage,3737
1959,23-09-2024,margarine,2001
1972,17-10-2025,whole milk,3087
2043,06-04-2025,soda,3257
2075,21-02-2024,bottled water,3208
1055,03-09-2024,white bread,2761
1558,25-12-2024,shopping bags,2878
1795,23-03-2024,yogurt,2084
1463,05-08-2024,onions,4863
2182,09-02-2025,canned beer,5795
1043,19-01-2024,citrus fruit,2816
1173,28-05-2024,citrus fruit,268
1890,13-08-2025,dish detergent,3517
2153,02-03-2024,frozen vegetables,1566
1711,13-04-2024,white bread,57
1347,07-09-2024,root vegetables,2745
1942,01-02-2025,frankfurter,2595
1775,26-08-2025,chocolate,4990
1815,07-04-2025,pip fruit,5271
1968,26-07-2025,ice cream,629
1643,01-07-2024,citrus fruit,4306
2044,04-10-2025,newspapers,39
2189,13-12-2025,pip fruit,3902
1635,04-06-2024,frozen vegetables,5412
1707,28-02-2024,citrus fruit,3085
2061,13-11-2024,canned beer,1877
1244,16-03-2024,onions,4601
2178,09-03-2024,chocolate,2988
1912,05-12-2025,soda,3360
1955,25-07-2025,canned beer,652
1407,16-04-2025,ground beef,5963
1960,20-03-2025,curd,920
1273,08-06-2024,brown bread,4079
1466,13-02-2025,,17
1671,08-04-2025,salty snack,5892
2159,25-06-2025,canned beer,3095
1902,27-05-2024,salty snack,1594
1821,23-02-2025,dish detergent,3688
1655,17-09-2025,salsa,5466
2049,05-07-2025,citrus fruit,2315
1613,19-08-2024,citrus fruit,2906
2006,21-03-2025,margarine,1708
2015,07-07-2024,napkins,3533
1286,18-11-2025,  CURD,967
1344,09-12-2025,sausage,2972
1328,25-11-2025,jam,2729
1175,30-03-2024,crackers,3434
2045,06-03-2025,bottled water,1999
1233,28-09-2024,salsa,3869
1233,24-05-2025,citrus fruit,263
2062,27-10-2024,salty snack,4255
1289,24-02-2025,white bread,1206
1189,23-01-2025,canned beer,741
1425,19-07-2024,canned beer,5176
2105,14-02-2024,canned beer,3082
1271,08-07-2025,salsa,2594
1627,16-03-2025,soda,4166
1664,12-08-2024,cat food,83
1193,15-02-2025,frankfurter,2380
1167,01-12-2025,tortillas,2682
1682,22-06-2025,brown bread,5105
1733,23-03-2024,yogurt,1051
1814,19-06-2024,pip fruit,2577
1432,08-09-2024,paper towels,1505
2069,10-06-2024,hamburger meat,5113
1567,18-10-2024,ice cream,3849
1993,28-01-2024,dish detergent,5267
1087,03-07-2024,brown bread,5540
2008,03-04-2024,tropical fruit,4631
1477,24-05-2024,brown bread,5349
1870,07-07-2025,newspapers,3553
1967,02-01-2025,bottled water,2025
1633,01-07-2024,jam,2909
1285,20-05-2024,creamer,426
1431,10-03-2025,white bread,4832
1577,03-06-2024,root vegetables,2876
2185,17-01-2025,paper towels,427
1521,11-01-2024,margarine,3219
1008,05-02-2024,root vegetables,4999
1493,11-06-2025,  SALTY SNACK,3214
1543,12-04-2025,canned beer,3358
2025,27-07-2024,bottled water,2987
1051,26-05-2024,canned beer,3511
1229,24-05-2025,margarine,3919
1143,04-07-2025,  ROOT VEGETABLES,121
2150,26-10-2024,whole milk,5210
1604,23-02-2025,frankfurter,2810
1842,04-04-2025,margarine,2056
1883,26-07-2024,canned beer,4759
1633,21-09-2025,pastry,771
1304,17-12-2025,tropical fruit,1273
1493,09-07-2025,onions,2544
1519,06-06-2025,canned beer,2362
1858,24-11-2024,canned beer,1407
2193,04-10-2024,citrus fruit,4048
1901,11-01-2025,whole milk,4627
2051,20-01-2025,cat food,3639
2000,10-12-2024,napkins,4366
1015,10-11-2024,rolls/buns,3023
2038,18-07-2024,salsa,3149
1832,16-02-2024,whole milk,5091
1743,12-01-2024,canned beer,216
1225,18-05-2025,curd,4200
1208,16-03-2025,canned beer,4935
1800,07-05-2024,root vegetables,5966
2086,30-10-2025,whole milk,2058
1370,22-01-2025,newspapers,5116
1305,06-12-2024,crackers,4823
1812,01-07-2024,white bread,5837
1444,18-09-2024,red wine,2771
1077,15-02-2024,beef,5694
1121,29-02-2024,tropical fruit,5241
1748,20-10-2024,frankfurter,1529
1133,12-08-2025,domestic eggs,3481
1675,15-11-2024,newspapers,4216
1798,23-08-2024,bottled water,1374
2000,23-10-2024,cheese,5734
1049,09-09-2024,canned beer,4283
1915,10-05-2024,frozen vegetables,5605
1006,11-09-2025,tropical fruit,4526
1818,25-09-2024,root vegetables,5809
1816,29-12-2024,white bread,4554
1995,01-11-2025,cat food,1846
1626,23-09-2025,onions,242
2095,28-07-2024,canned beer,2718
1116,24-06-2025,beef,1307
2005,25-06-2024,canned beer,1546
2135,29-07-2025,citrus fruit,2441
2065,11-08-2025,domestic eggs,3715
2038,18-07-2024,pip fruit,3149
1890,27-07-2025,soda,1160
1223,09-09-2025,brown bread,2408
1960,29-01-2025,parmesan,4836
1470,20-12-2025,margarine,2480
1307,17-06-2025,root vegetables,2584
1293,26-09-2025,ground beef,3806
1517,04-02-2025,ground beef,1839
1487,07-11-2024,coffee,2571
1151,29-10-2025,root vegetables,5883
1741,26-04-2025,cereal,5541
1603,01-08-2025,sausage,4405
1603,20-02-2024,canned beer,2118
1778,17-05-2025,citrus fruit,1433
1616,11-02-2024,pastry,1554
1465,21-07-2024,newspapers,4028
1831,22-11-2025,canned beer,3847
1887,18-12-2025,margarine,3946
1564,24-09-2025,citrus fruit,3872
1415,20-03-2024,  WHITE BREAD,877
1101,28-03-2024,domestic eggs,875
1732,18-06-2024,  CEREAL,3039
1453,30-11-2025,canned beer,215
1430,15-11-2024,salsa,4193
1180,20-01-2024,white bread,1944
1632,08-12-2024,onions,975
1066,18-06-2024,margarine,1026
2090,23-10-2025,frankfurter,4295
1685,13-04-2024,margarine,3660
1582,27-11-2024,paper towels,604
1563,25-07-2024,root vegetables,3469
1095,02-06-2024,pasta,3125
2144,07-12-2025,tropical fruit,1220
1306,07-10-2025,frankfurter,676
1814,01-07-2024,butter,2215
1377,19-07-2024,newspapers,4662
1120,11-10-2025,pip fruit,1067
1483,13-05-2024,canned beer,4297
1070,20-10-2024,pasta,434
1027,07-04-2025,white bread,3871
1453,30-11-2025,butter,215
1637,28-06-2024,rolls/buns,3233
2193,17-11-2024,curd,4201
2079,13-08-2024,cereal,3220
1803,05-06-2024,margarine,5935
1975,12-09-2025,yogurt,2515
1309,25-02-2024,margarine,5768
2193,07-12-2025,newspapers,237
1492,24-06-2024,newspapers,1573
2009,14-06-2025,napkins,4156
1939,07-08-2024,white bread,2177
1298,26-08-2024,sausage,2311
1078,11-09-2024,white bread,1533
1915,10-05-2024,canned beer,5605
2033,04-07-2025,curd,2360
2057,30-10-2024,beef,1400
2017,01-09-2025,  WHOLE MILK,4004
1978,14-09-2025,white bread,1037
1190,13-02-2024,sausage,4639
1099,26-12-2024,soda,1408
2148,25-09-2025,onions,2359
1679,15-12-2024,white bread,5319
1555,05-04-2024,yogurt,3248
2095,03-08-2024,soda,5233
1083,03-06-2024,newspapers,5168
1107,23-02-2025,canned beer,2976
1725,24-10-2025,whole milk,590
2111,30-09-2025,frankfurter,3974
1720,05-03-2024,bottled water,5590
1250,16-03-2025,napkins,3485
1702,03-06-2024,canned beer,20
2059,14-09-2025,ketchup,3897
2111,30-09-2025,jam,3974
1902,14-09-2024,root vegetables,1169
1097,20-10-2025,root vegetables,970
1959,12-03-2024,pip fruit,3272
1663,21-06-2024,white bread,1886
1920,27-01-2024,canned beer,165
1618,16-08-2025,margarine,1328
1381,25-08-2025,newspapers,3231
2039,29-01-2025,beef,1141
2079,20-04-2024,butter,734
1568,19-11-2024,root vegetables,1455
1987,21-11-2025,paper towels,1089
1430,22-05-2025,chocolate,1734
1445,03-07-2025,newspapers,3543
1994,06-09-2025,rolls/buns,2986
1437,30-09-2024,root vegetables,3356
1077,04-09-2024,newspapers,4834
1673,06-11-2024,citrus fruit,1479
1349,01-10-2025,hamburger meat,5146
1651,20-11-2024,paper towels,466
1023,10-12-2025,chocolate,5445
2125,06-08-2025,whole milk,5099
1486,05-01-2025,tropical fruit,1163
1319,22-06-2024,canned beer,3831
2155,14-01-2025,ice cream,4970
1664,12-08-2024,hamburger meat,83
1772,09-04-2024,whole milk,5870
1142,06-10-2025,salty snack,4170
1884,29-09-2025,granola,1131
1478,19-04-2025,sausage,4314
1614,15-07-2025,canned beer,842
1176,25-12-2025,newspapers,2293
2160,08-03-2024,white bread,2746
1289,29-01-2025,sugar,1808
1508,22-08-2025,  SHOPPING BAGS,1790
1357,11-11-2024,root vegetables,949
1501,08-10-2024,pip fruit,743
1870,18-06-2024,onions,3310
1282,06-08-2024,white bread,88
2142,17-08-2024,granola,1888
1165,19-04-2025,coffee,360
1240,31-03-2025,whole milk,2075
2017,01-09-2025,diapers,4004
1433,28-08-2025,canned beer,3052
1820,21-10-2024,canned beer,4595
1867,08-11-2025,creamer,2640
1803,05-06-2024,white bread,5935
1812,06-02-2024,newspapers,759
2167,13-11-2025,soda,4775
2105,14-07-2025,bottled water,1120
1750,22-03-2024,citrus fruit,4564
1946,14-05-2024,,3083
1982,20-04-2024,tortillas,2400
2057,08-03-2025,frozen vegetables,4109
1929,07-09-2024,canned beer,200
1355,18-01-2024,citrus fruit,1647
1920,06-10-2025,frankfurter,370
1156,26-06-2025,yogurt,612
1098,19-05-2024,canned beer,3730
2047,04-05-2024,whole milk,5913
1039,14-10-2025,rolls/buns,2299
1156,22-10-2024,margarine,2546
1371,26-09-2024,canned beer,5061
2061,30-10-2024,ice cream,4561
1831,12-04-2024,whole milk,5939
1432,15-05-2025,canned beer,755
1246,24-07-2024,margarine,4841
1255,22-07-2025,creamer,2369
1137,21-10-2025,tropical fruit,1930
1410,12-04-2024,  FRANKFURTER,518
1313,12-01-2025,rolls/buns,989
1367,28-03-2024,margarine,4211
1946,21-08-2025,pip fruit,2581
1695,16-01-2025,cat food,1466
1281,06-04-2025,yogurt,4764
1935,03-12-2024,whole milk,5397
1357,15-07-2025,domestic eggs,5865
1238,31-10-2024,root vegetables,4968
1342,11-05-2024,dish detergent,624
1573,18-02-2025,pip fruit,4205
1607,28-04-2024,napkins,2958
1304,26-12-2025,sausage,1578
1749,11-01-2025,citrus fruit,1418
1633,27-11-2025,canned beer,3024
1231,11-01-2025,domestic eggs,551
1556,27-03-2024,margarine,284
2105,04-06-2025,canned beer,650
1563,25-07-2024,frozen vegetables,3469
1319,05-08-2025,newspapers,1736
2110,02-12-2024,canned beer,5252
1228,05-06-2025,tropical fruit,2404
1971,16-07-2024,pip fruit,4950
1149,09-08-2025,cereal,2146
1549,14-09-2024,sugar,1507
1168,22-02-2025,newspapers,4773
1649,04-03-2024,margarine,0
1525,23-09-2025,salty snack,1995
1254,20-03-2025,canned beer,1398
1487,16-10-2024,curd,5604
1359,17-02-2024,citrus fruit,906
1575,06-10-2025,citrus fruit,3175
1288,06-03-2025,whole milk,3815
1179,20-12-2024,margarine,1761
1989,18-10-2025,newspapers,5300
1427,26-09-2024,hamburger meat,5622
2054,14-07-2024,frankfurter,486
1088,21-05-2025,brown bread,4071
1302,27-07-2025,rolls/buns,2850
1945,21-09-2025,tortillas,4018
1072,30-01-2024,tortillas,4441
1942,11-08-2025,soda,5004
1288,30-04-2025,canned beer,2429
1943,08-06-2025,bottled water,5643
1043,23-01-2025,coffee,5403
1969,18-07-2024,  ROOT VEGETABLES,4133
1516,27-04-2025,paper towels,2615
1181,18-09-2024,root vegetables,4482
1438,04-05-2024,root vegetables,2736
2119,19-08-2024,canned beer,3186
1003,08-07-2025,sausage,4209
1021,18-06-2025,onions,2664
2084,17-11-2024,chocolate,430
1634,16-08-2025,,2078
2118,24-06-2025,root vegetables,840
2157,04-11-2025,onions,2379
1278,19-03-2025,margarine,4268
1296,01-09-2024,salsa,3598
1121,27-06-2024,canned beer,1749
1377,05-07-2025,newspapers,4465
1609,19-02-2024,jam,3286
1636,28-06-2024,chocolate,4374
1490,21-05-2025,chips,3643
2173,12-06-2024,newspapers,1917
1526,15-11-2025,sugar,3036
1927,21-04-2024,canned beer,4304
1819,07-06-2025,canned beer,5553
1016,01-05-2024,dish detergent,2753
1941,10-11-2025,citrus fruit,2807
1668,09-10-2024,white bread,455
1296,06-07-2024,root vegetables,1197
1440,21-09-2025,parmesan,5744
1850,23-03-2025,beef,5872
1267,26-08-2024,salty snack,5022
2045,03-05-2025,frankfurter,3966
1263,07-09-2024,yogurt,4732
1774,20-09-2024,margarine,480
1420,31-10-2025,root vegetables,568
1123,21-08-2024,whole milk,469
1580,07-11-2024,whole milk,4740
1291,05-07-2024,canned beer,4251
1328,25-11-2025,white bread,2729
1042,14-04-2024,pip fruit,3812
1800,01-06-2025,canned beer,3009
1850,16-06-2024,tropical fruit,4219
1819,12-07-2025,rolls/buns,5506
1149,14-04-2025,canned beer,471
1927,21-04-2024,pastry,4304
1468,07-06-2024,whole milk,5965
1301,30-12-2025,root vegetables,1861
2171,01-11-2025,red wine,2439
1212,25-10-2025,yogurt,4661
1299,09-01-2025,canned beer,5381
1707,15-12-2025,chocolate,837
1995,14-12-2025,dish detergent,4102
1619,07-07-2024,tomato sauce,161
1717,11-02-2025,domestic eggs,3239
2182,17-12-2024,canned beer,4676
1449,30-01-2025,ground beef,5630
1345,22-10-2025,whole milk,883
1807,24-08-2024,root vegetables,238
1803,26-08-2025,jam,3970
1064,19-03-2024,sausage,3990
2080,15-01-2024,whole milk,1462
1927,31-12-2024,whole milk,154
1306,07-10-2025,crackers,676
1822,16-08-2025,margarine,2605
1434,24-06-2024,rolls/buns,3486
1980,18-11-2025,frankfurter,2773
1327,13-03-2024,pip fruit,5048
1084,24-01-2024,curd,46
1433,13-09-2025,dish detergent,2330
2009,03-11-2024,canned beer,5748
1132,14-10-2025,margarine,2743
1655,04-06-2024,canned beer,1776
1392,25-12-2025,whole milk,1629
1598,18-08-2024,canned beer,4284
1866,11-04-2024,cat food,4517
1375,14-08-2025,margarine,2962
1871,26-04-2025,ground beef,1287
2082,18-05-2025,,3034
1491,04-05-2024,citrus fruit,5664
2077,10-02-2025,bottled water,4653
1487,08-07-2025,canned beer,4244
1178,09-04-2025,white bread,5264
1750,20-03-2024,tropical fruit,2787
1308,25-08-2024,citrus fruit,4593
1400,31-08-2025,newspapers,1759
1343,06-02-2024,butter,4936
1583,29-02-2024,chocolate,4657
1268,22-04-2024,chips,1994
2115,30-07-2024,margarine,5879
1024,08-07-2025,frozen vegetables,2645
1185,31-01-2025,ice cream,3658
1192,20-08-2025,salty snack,314
1329,16-10-2024,newspapers,5715
1364,22-07-2024,ketchup,2179
1323,25-01-2024,soda,5010
1328,25-11-2025,chocolate,2729
1684,01-10-2024,cereal,5625
1542,06-07-2025,tropical fruit,1323
1997,24-01-2024,margarine,174
2091,14-09-2025,citrus fruit,945
1542,08-03-2024,canned beer,5467
1478,19-04-2025,frozen vegetables,4314
1016,08-11-2024,cat food,2697
1707,20-05-2024,margarine,3549
1837,11-01-2024,ice cream,1513
1137,26-07-2025,white bread,5038
1085,07-01-2024,white bread,2672
1982,21-11-2024,tropical fruit,5638
2023,28-04-2024,salty snack,3195
1407,25-05-2024,margarine,5173
1960,29-01-2025,pasta,4836
1525,23-09-2025,granola,1995
1863,20-01-2024,newspapers,4311
2168,13-07-2024,margarine,2024
1457,27-04-2025,tropical fruit,28
1649,02-09-2024,chocolate,1704
1562,03-10-2025,frankfurter,4178
1829,05-01-2024,white bread,3566
2017,01-09-2025,frozen vegetables,4004
1195,10-04-2025,canned beer,2778
2153,01-02-2024,frozen vegetables,4301
1580,01-08-2024,yogurt,2419
1166,30-12-2024,napkins,2447
1954,03-10-2024,yogurt,77
1980,27-04-2024,napkins,2135
1743,18-07-2025,white bread,5340
1852,31-05-2025,brown bread,5100
1763,11-09-2024,paper towels,4897
1334,01-09-2024,curd,3785
1935,19-05-2025,frankfurter,585
1820,21-10-2024,margarine,4595
2141,19-12-2025,newspapers,1623
1488,06-03-2024,domestic eggs,5332
1948,02-12-2024,root vegetables,2378
1260,08-03-2025,root vegetables,1254
1709,28-07-2025,,1825
1595,15-07-2024,margarine,4844
1856,16-08-2024,white bread,3717
2157,30-01-2024,bottled water,3984
1568,14-08-2025,shopping bags,2992
1972,17-10-2025,paper towels,3087
2115,21-09-2025,cat food,1119
1147,18-01-2025,citrus fruit,4953
1851,11-12-2024,citrus fruit,4310
1937,01-01-2024,canned beer,4689
1718,15-01-2024,ketchup,1225
1156,21-05-2025,newspapers,1619
1598,18-08-2024,margarine,4284
1742,12-04-2025,dish detergent,5969
1155,08-06-2025,newspapers,4414
1220,05-11-2025,pasta,5260
1603,01-08-2025,canned beer,4405
1532,19-10-2025,cereal,919
1804,23-07-2025,margarine,40
1087,13-01-2025,whole milk,4735
1362,06-08-2024,shopping bags,1717
1154,28-07-2024,canned beer,1419
1401,11-02-2024,sausage,191
1377,19-07-2024,pasta,4662
1561,28-06-2025,citrus fruit,3066
1800,04-01-2025,margarine,4107
1204,12-11-2024,pastry,5902
1126,21-02-2024,dish detergent,2473
1235,24-07-2024,curd,3742
1416,26-05-2025,margarine,5425
2098,15-11-2025,napkins,5949
1002,11-04-2024,brown bread,2776
1660,30-03-2025,margarine,4181
1006,16-03-2025,margarine,2194
1816,15-09-2024,brown bread,2823
1527,26-11-2025,margarine,5596
1511,04-08-2025,sausage,5650
1205,16-07-2024,tropical fruit,5032
1478,22-09-2024,frankfurter,1153
1943,07-08-2024,chocolate,297
1932,31-08-2025,newspapers,4508
1562,20-04-2024,tortillas,327
1262,09-11-2025,salty snack,897
2013,13-03-2025,canned beer,3747
1986,30-09-2024,margarine,2489
1975,15-11-2025,onions,5001
2012,12-09-2025,diapers,1012
1297,10-10-2024,margarine,2784
1548,21-03-2025,granola,2599
1556,27-03-2024,  DOMESTIC EGGS,284
2138,30-08-2024,frankfurter,1611
2021,10-06-2025,whole milk,2827
1669,29-10-2025,paper towels,1730
1286,29-02-2024,canned beer,5000
1486,05-03-2024,white bread,4803
1260,15-04-2024,citrus fruit,5957
1008,15-02-2024,citrus fruit,2246
1242,13-06-2025,root vegetables,2458
2046,31-08-2025,salty snack,4256
1739,09-06-2025,hamburger meat,2977
2105,20-03-2025,pasta,1121
1004,15-01-2024,white bread,1996
2025,27-07-2024,margarine,2987
1880,25-05-2025,pastry,770
1619,24-01-2025,frozen vegetables,2407
2176,23-08-2025,root vegetables,1560
1561,03-12-2025,chocolate,2507
1820,03-10-2024,white bread,1078
1232,08-06-2025,tomato sauce,2598
1897,02-11-2025,tropical fruit,4169
1818,25-09-2024,rolls/buns,5809
1716,05-11-2024,newspapers,5314
1336,20-03-2025,tropical fruit,5125
2168,11-03-2024,soda,185
1354,05-06-2024,beef,1814
1010,26-03-2025,rolls/buns,5304
2193,12-04-2024,newspapers,3976
1859,31-03-2025,pasta,27
1414,10-10-2025,brown bread,2347
1683,24-06-2024,yogurt,955
1905,07-11-2025,tortillas,2411
1374,09-06-2025,pasta,4583
1919,08-12-2024,margarine,3322
1613,07-12-2025,  WHITE BREAD,1508
1814,01-07-2024,canned beer,2215
1512,15-03-2024,,843
1127,06-03-2025,root vegetables,4085
1338,29-03-2024,napkins,5111
1854,19-01-2024,margarine,815
1164,05-09-2024,citrus fruit,3001
1743,18-07-2025,salsa,5340
2009,30-09-2024,butter,4629
1833,12-05-2024,white bread,4014
1870,07-07-2025,white bread,3553
1004,31-10-2024,tortillas,2617
1545,31-08-2024,root vegetables,5337
1359,02-07-2024,pip fruit,3938
1337,23-07-2025,whole milk,3216
1507,09-11-2025,yogurt,3106
1508,21-03-2025,canned beer,2565
1654,15-05-2024,margarine,591
2034,17-02-2025,yogurt,3728
1143,27-11-2024,margarine,1385
2085,10-01-2024,coffee,3183
1476,18-02-2025,cereal,4302
1988,26-06-2024,salsa,3895
1285,16-10-2024,canned beer,5519
1102,23-07-2024,granola,2111
1410,02-03-2025,bottled water,2649
1228,07-04-2024,canned beer,1126
1081,15-11-2025,rolls/buns,1577
2083,25-01-2025,frozen vegetables,5318
1743,12-01-2024,root vegetables,216
2076,20-03-2024,napkins,4577
1163,13-05-2024,jam,939
1975,23-05-2024,brown bread,4576
1138,15-03-2025,canned beer,4569
1105,18-04-2025,,3463
1410,12-04-2024,salsa,518
1345,22-10-2025,frankfurter,883
1958,28-02-2025,margarine,767
1278,24-07-2025,parmesan,5634
1983,16-06-2025,butter,3753
1889,26-08-2024,newspapers,4787
2012,31-10-2024,chocolate,4061
1117,24-10-2025,shopping bags,1062
1428,07-08-2024,newspapers,3629
1558,25-12-2024,chocolate,2878
1978,20-02-2025,chocolate,3833
1678,14-06-2024,canned beer,2677
1068,17-06-2024,citrus fruit,1351
1195,20-05-2024,frankfurter,2448
1892,27-04-2025,granola,5703
1674,31-03-2025,margarine,5286
1486,05-03-2024,ice cream,4803
1591,23-09-2024,margarine,1648
1156,21-05-2025,rolls/buns,1619
1616,05-11-2025,bananas,876
2123,30-03-2024,cereal,291
2067,21-04-2025,  PASTRY,3295
1875,26-05-2025,frankfurter,4261
1955,05-12-2024,cat food,3977
1484,23-02-2024,paper towels,2635
1306,07-10-2025,pastry,676
1656,06-01-2025,canned beer,407
1447,04-11-2024,rolls/buns,4206
1004,15-01-2024,butter,1996
1539,05-04-2024,cheese,1123
1240,20-09-2024,dish detergent,1864
2173,20-10-2025,tortillas,5194
1030,17-12-2024,salsa,5333
2115,19-03-2025,cereal,854
1514,26-02-2025,frankfurter,2479
1985,28-08-2025,pastry,2888
2172,07-08-2024,margarine,5236
1565,06-09-2025,margarine,5848
1767,15-03-2025,soda,4245
1609,19-02-2024,root vegetables,3286
1501,08-10-2024,whole milk,743
1065,06-11-2025,margarine,299
2156,04-02-2025,canned beer,2933
2010,05-03-2024,citrus fruit,5546
1748,06-11-2024,canned beer,4488
1043,22-04-2024,  JAM,4438
1919,26-04-2024,margarine,5518
1574,01-02-2025,cat food,5052
1667,26-07-2025,tropical fruit,178
2001,30-07-2025,rolls/buns,1229
1577,03-06-2024,margarine,2876
1750,22-03-2024,ground beef,4564
1325,05-09-2025,jam,2669
1316,26-04-2024,canned beer,3179
1072,04-09-2024,margarine,5970
1047,20-02-2024,margarine,262
1185,25-06-2024,bottled water,2997
2117,22-11-2024,ketchup,3447
2099,28-01-2024,canned beer,2766
1531,04-06-2025,frozen vegetables,2904
1779,22-09-2025,newspapers,285
1331,25-11-2025,newspapers,4943
1641,30-11-2025,canned beer,5862
1356,07-09-2024,pastry,35
1124,18-03-2025,newspapers,3664
2191,19-08-2024,cereal,5798
2039,23-12-2025,margarine,3695
1140,10-07-2024,whole milk,799
1235,03-11-2025,margarine,369
1504,31-03-2024,whole milk,1379
1540,29-06-2025,pastry,1402
1336,09-07-2024,pastry,2461
1105,18-04-2025,margarine,3463
2167,14-06-2025,newspapers,5352
1436,28-04-2025,canned beer,5760
1429,12-11-2025,margarine,3836
2020,30-03-2024,granola,3357
1008,05-02-2024,napkins,4999
1388,24-12-2024,frozen vegetables,5525
1004,15-01-2024,bottled water,1996
1871,26-03-2025,yogurt,1674
1113,21-01-2024,tropical fruit,473
1202,19-11-2024,white bread,3850
1748,05-05-2024,margarine,169
1556,27-03-2024,domestic eggs,284
1379,26-03-2024,tortillas,578
2011,17-03-2025,bananas,1308
1235,24-07-2024,newspapers,3742
1599,25-02-2025,pasta,2523
1919,21-08-2024,jam,5050
1353,01-06-2024,napkins,870
1304,14-01-2024,root vegetables,4337
2181,25-09-2024,newspapers,966
1711,13-04-2024,soda,57
2186,28-01-2024,soda,4527
1599,25-02-2025,parmesan,2523
1055,03-09-2024,newspapers,2761
1420,29-09-2024,chocolate,4410
1243,10-09-2024,tropical fruit,5614
1616,02-04-2025,root vegetables,51
2161,20-07-2024,canned beer,951
1732,14-09-2024,napkins,2354
1579,27-08-2025,brown bread,5827
1510,15-03-2025,margarine,1773
1913,08-08-2024,soda,5250
1581,15-10-2025,dish detergent,4868
1164,30-10-2024,bananas,3287
1667,05-12-2024,canned beer,4701
1871,13-12-2025,parmesan,147
1134,23-04-2024,tomato sauce,1927
1921,23-07-2024,margarine,495
1125,23-06-2024,domestic eggs,3350
1171,12-03-2025,diapers,1960
1988,04-07-2024,  WHOLE MILK,309
1043,22-09-2025,canned beer,2535
2152,23-11-2025,chocolate,811
2066,18-09-2024,salty snack,41
1216,13-09-2025,pastry,5761
1961,04-02-2024,red wine,1438
1082,30-09-2024,shopping bags,3646
2151,11-05-2025,chips,2015
1316,12-11-2024,domestic eggs,4782
1727,03-12-2024,napkins,1748
2199,30-07-2024,bottled water,205
2035,04-05-2025,tomato sauce,5074
1107,25-11-2025,paper towels,5889
1551,11-10-2024,curd,3934
1578,01-04-2025,white bread,964
1559,30-06-2024,newspapers,3391
2090,20-02-2024,tropical fruit,4873
1681,04-09-2024,citrus fruit,3534
2194,01-12-2024,canned beer,1599
1403,23-10-2025,ice cream,3451
1692,21-05-2025,canned beer,2163
2119,08-02-2025,tropical fruit,4270
1774,20-09-2024,rolls/buns,480
1440,21-09-2025,citrus fruit,5744
1933,15-09-2025,bottled water,5568
1699,01-08-2025,pip fruit,976
1487,07-11-2024,salsa,2571
1698,06-08-2024,newspapers,2806
1893,02-04-2025,chips,4132
1178,09-09-2024,pip fruit,5948
1920,18-11-2024,whole milk,5850
1928,08-04-2025,paper towels,5725
1464,17-05-2024,citrus fruit,3334
1854,06-12-2025,frankfurter,4754
1549,14-09-2024,coffee,1507
1546,27-09-2025,margarine,2862
2146,10-11-2025,newspapers,2082
1620,14-05-2024,margarine,5636
1420,29-09-2024,root vegetables,4410
1070,27-09-2024,shopping bags,5443
1836,05-07-2024,whole milk,574
1620,14-05-2024,frankfurter,5636
1906,30-01-2025,paper towels,90
1934,17-10-2025,  MARGARINE,2161
1655,23-10-2025,root vegetables,5098
1743,15-01-2024,coffee,4437
1447,18-03-2024,canned beer,2798
1122,06-12-2025,diapers,2071
1064,19-03-2024,canned beer,3990
1600,27-08-2024,pastry,5094
2113,11-09-2024,pip fruit,5679
1930,18-01-2024,brown bread,2061
2075,17-07-2025,tropical fruit,5836
1822,27-10-2025,whole milk,1632
1374,09-06-2025,tropical fruit,4583
1802,26-06-2025,margarine,5138
2157,07-01-2025,canned beer,1453
2087,01-11-2024,diapers,5600
1411,20-10-2025,root vegetables,4266
1204,23-03-2025,bottled water,5334
1868,22-08-2024,newspapers,326
2040,07-07-2025,granola,768
1018,20-07-2024,margarine,764
1852,25-01-2024,canned beer,5357
1685,13-04-2024,newspapers,3660
2113,28-01-2024,tropical fruit,4954
1234,25-06-2024,newspapers,1812
1427,30-01-2024,canned beer,5552
1856,14-04-2024,salty snack,3777
1468,30-09-2025,ground beef,4738
2182,09-02-2025,newspapers,5795
1351,01-11-2024,rolls/buns,5812
1306,07-04-2025,pastry,2548
2108,13-07-2025,pastry,3589
1072,22-09-2025,tomato sauce,1057
2166,21-01-2025,granola,1353
1430,10-01-2025,newspapers,5666
2151,25-09-2025,sugar,3404
1314,27-10-2025,frankfurter,5993
1296,01-09-2024,citrus fruit,3598
1820,22-02-2024,chocolate,316
1424,27-04-2025,pastry,516
1032,14-01-2025,parmesan,5728
1959,31-05-2025,salsa,899
1089,04-01-2024,cat food,4026
1761,04-10-2024,white bread,4786
1538,17-12-2024,chocolate,4948
1695,09-11-2025,newspapers,2538
1377,29-06-2024,newspapers,5493
1002,11-04-2024,margarine,2776
2155,24-08-2025,  SALTY SNACK,2373
2043,05-02-2024,canned beer,3235
1855,20-04-2025,white bread,4519
1406,27-07-2024,salsa,5844
1766,22-03-2024,,4585
1862,08-07-2025,whole milk,1942
1612,14-05-2024,root vegetables,2856
1704,04-08-2025,canned beer,3518
1507,07-04-2024,root vegetables,3991
1056,18-04-2024,frankfurter,2076
1480,15-04-2025,bottled water,3803
1697,04-06-2024,frozen vegetables,3832
1775,26-11-2025,rolls/buns,5665
2185,17-01-2025,pastry,427
1103,01-02-2025,,4474
1774,18-01-2025,butter,5623
2132,25-11-2024,citrus fruit,3324
1327,08-05-2025,onions,3153
1772,25-05-2024,canned beer,3861
2109,26-08-2025,brown bread,1115
2054,10-02-2025,frozen vegetables,5320
1118,16-12-2024,pip fruit,5439
1160,18-01-2025,frozen vegetables,4046
1319,19-12-2024,bottled water,5535
1803,05-12-2025,yogurt,4189
1621,18-03-2025,frankfurter,2150
1868,25-07-2025,pasta,2732
1776,09-08-2025,ice cream,5359
1217,24-01-2024,frozen vegetables,1525
2117,19-02-2025,canned beer,3756
1556,18-02-2025,rolls/buns,3457
1350,14-10-2024,whole milk,3858
1229,24-05-2025,yogurt,3919
1467,30-08-2024,margarine,2847
1039,21-02-2024,root vegetables,2213
1565,01-12-2024,crackers,1948
1189,29-03-2024,pip fruit,4756
1437,25-09-2025,white bread,490
1193,27-02-2025,root vegetables,5953
2038,28-12-2024,napkins,3988
2168,28-11-2024,soda,4424
1502,09-08-2025,salsa,3705
1820,21-10-2024,crackers,4595
1043,12-01-2025,margarine,3923
1371,05-09-2024,salty snack,340
1651,28-06-2024,white bread,153
1483,13-05-2024,chocolate,4297
1096,24-05-2024,sausage,5774
1356,16-08-2025,margarine,851
1741,27-08-2025,jam,431
1646,16-03-2024,napkins,3019
1147,30-04-2025,brown bread,3412
1645,14-01-2025,curd,246
1378,22-07-2025,bottled water,3964
1995,01-11-2025,margarine,1846
1622,10-03-2024,cat food,79
2164,05-06-2024,whole milk,2343
1024,08-07-2025,white bread,2645
2000,31-07-2025,white bread,5705
1905,21-02-2024,salsa,2680
1308,27-10-2024,citrus fruit,4012
1312,11-09-2025,canned beer,4586
1520,19-10-2024,white bread,1584
2017,13-10-2025,frozen vegetables,81
1177,22-07-2024,margarine,3634
2179,26-06-2024,whole milk,2910
2175,26-07-2024,  CANNED BEER,5925
1405,13-04-2024,paper towels,852
1649,04-03-2024,  BOTTLED WATER,0
1344,14-07-2025,bananas,4909
1848,17-01-2025,root vegetables,2138
1693,23-10-2025,margarine,1881
1818,01-07-2025,sausage,2873
1726,11-10-2025,yogurt,4625
1177,16-03-2025,frankfurter,2006
1854,29-07-2024,yogurt,5727
1321,15-01-2025,beef,3479
1678,05-02-2025,canned beer,3744
1123,21-08-2024,root vegetables,469
1756,06-05-2024,white bread,1471
1967,02-01-2025,shopping bags,2025
1774,28-02-2025,citrus fruit,5714
2098,07-08-2025,margarine,3279
1344,25-11-2025,white bread,1784
2181,28-10-2024,rolls/buns,381
1360,21-11-2024,newspapers,1030
1815,31-10-2025,cat food,1184
1289,29-01-2025,chocolate,1808
1260,29-04-2025,diapers,3218
1170,12-11-2025,hamburger meat,3370
2061,04-07-2024,root vegetables,1053
1451,29-04-2024,root vegetables,855
1461,15-10-2025,newspapers,4621
1403,23-10-2025,margarine,3451
1463,16-02-2025,canned beer,2667
1829,07-09-2025,granola,3578
1883,16-06-2025,  BOTTLED WATER,295
2112,25-06-2025,canned beer,271
1432,15-05-2025,crackers,755
1151,29-10-2025,canned beer,5883
2060,31-05-2024,canned beer,1528
1546,30-05-2025,brown bread,1350
1481,12-01-2024,pip fruit,4737
1761,24-01-2025,citrus fruit,2042
1915,09-10-2024,margarine,924
1384,19-11-2025,yogurt,1405
1778,17-05-2025,,1433
1140,10-07-2024,rolls/buns,799
1918,06-10-2024,ground beef,275
2158,29-06-2024,tomato sauce,3385
1062,13-05-2024,frozen vegetables,3343
2172,28-12-2025,crackers,253
1361,02-10-2025,whole milk,3325
1561,02-11-2025,margarine,5433
1817,28-08-2025,butter,3444
1436,18-06-2024,newspapers,4513
1887,24-08-2024,soda,3783
1420,08-07-2025,rolls/buns,862
2054,14-07-2024,margarine,486
1200,24-07-2025,granola,5508
1357,15-03-2025,curd,609
1251,09-05-2024,canned beer,1486
1693,23-10-2025,rolls/buns,1881
1375,12-01-2024,canned beer,4315
1978,29-12-2025,domestic eggs,3765
1416,25-04-2024,yogurt,5481
1905,21-02-2024,white bread,2680
1986,18-05-2024,napkins,5016
1836,04-12-2024,sugar,3729
1142,08-01-2025,root vegetables,2414
1708,12-02-2025,  CANNED BEER,5716
1658,21-11-2024,canned beer,4594
1373,21-04-2024,frankfurter,2951
2057,18-06-2024,white bread,5758
1391,08-12-2025,newspapers,3959
1132,03-11-2025,whole milk,5270
1833,09-06-2025,chocolate,2607
1027,27-05-2024,bottled water,3038
1886,25-09-2025,margarine,4489
1263,07-10-2024,root vegetables,3994
1285,23-05-2025,root vegetables,3701
1824,05-10-2025,margarine,2077
1140,10-07-2024,white bread,799
1174,08-07-2024,citrus fruit,1011
1276,23-06-2025,salty snack,1576
1528,22-04-2024,granola,674
1906,13-01-2024,chips,2961
1844,29-03-2024,canned beer,1236
1565,05-05-2025,beef,3185
1203,15-01-2025,canned beer,959
1058,03-12-2025,citrus fruit,1232
1158,24-12-2025,onions,5962
1754,09-12-2025,whole milk,5153
1619,24-01-2025,canned beer,2407
2112,22-04-2025,parmesan,5206
1253,01-07-2025,whole milk,4848
1900,29-03-2025,curd,3709
1859,29-06-2025,frankfurter,1272
1971,23-08-2024,canned beer,2265
1046,27-02-2024,canned beer,1472
1090,18-02-2024,newspapers,319
1475,24-10-2025,domestic eggs,2591
1124,18-03-2025,ground beef,3664
1576,24-11-2025,root vegetables,1008
1306,18-04-2024,ice cream,3917
1553,26-12-2024,root vegetables,5014
1001,25-12-2025,root vegetables,776
1788,01-08-2025,sausage,2320
2039,23-12-2025,,3695
1857,11-03-2024,onions,1389
1343,06-02-2024,tomato sauce,4936
1636,24-07-2024,salsa,1343
1609,26-01-2025,domestic eggs,4040
1051,26-05-2024,chocolate,3511
1518,02-03-2025,margarine,5087
1424,27-04-2025,whole milk,516
1897,07-11-2024,root vegetables,2953
1215,30-07-2025,soda,5995
1152,17-06-2024,root vegetables,5904
1861,07-05-2024,dish detergent,2412
1456,05-08-2025,margarine,4930
1712,22-06-2025,bottled water,3802
1677,18-06-2024,salsa,1457
1404,21-03-2025,bottled water,4313
1810,01-04-2024,domestic eggs,3448
1493,27-06-2024,yogurt,3303
1138,29-12-2024,tortillas,1716
1117,31-10-2025,salty snack,1834
1206,15-09-2024,soda,2864
1929,30-05-2024,canned beer,4878
1123,22-06-2024,granola,3301
2184,29-06-2024,margarine,5697
1430,15-11-2024,onions,4193
1526,08-07-2024,margarine,4647
2091,17-12-2024,cheese,5274
2145,13-05-2025,napkins,362
1137,06-07-2025,whole milk,5681
1914,03-05-2024,napkins,2073
1096,13-09-2025,beef,4325
1076,07-01-2025,root vegetables,5131
1045,24-03-2025,frankfurter,746
1936,09-11-2025,canned beer,2422
1623,27-08-2024,ground beef,2139
1803,26-08-2025,butter,3970
1540,04-02-2024,frankfurter,2925
1205,16-07-2024,yogurt,5032
1986,18-05-2024,margarine,5016
1538,20-04-2024,root vegetables,3304
1449,22-09-2025,citrus fruit,1657
1764,14-09-2024,sugar,689
2103,27-11-2024,margarine,5730
2057,18-06-2024,ketchup,5758
2043,05-02-2024,ground beef,3235
1318,30-03-2025,yogurt,1305
2137,01-04-2024,canned beer,4697
2139,27-08-2025,whole milk,5248
1981,31-10-2025,root vegetables,5339
1215,17-05-2024,margarine,2103
2010,22-12-2024,bananas,1636
1359,17-02-2024,newspapers,906
1567,01-07-2025,white bread,3637
2074,19-04-2024,newspapers,1608
1227,15-05-2024,whole milk,4055
1220,04-10-2025,canned beer,1446
2007,22-11-2025,frozen vegetables,3711
1373,02-03-2025,  CITRUS FRUIT,4535
1934,17-10-2025,root vegetables,2161
1856,14-04-2024,beef,3777
1935,17-02-2025,tropical fruit,1955
1179,17-12-2024,ice cream,5355
1979,13-07-2025,domestic eggs,4296
1987,22-07-2025,white bread,3291
1307,07-01-2025,whole milk,11
1577,21-03-2024,cat food,2431
2042,28-08-2024,root vegetables,5398
1812,14-10-2024,onions,4690
1484,27-06-2024,tropical fruit,595
1254,22-12-2025,cereal,4096
2152,13-12-2025,brown bread,2549
1531,31-01-2024,frozen vegetables,201
1015,10-11-2024,white bread,3023
1543,19-01-2024,chips,2276
1564,24-09-2025,canned beer,3872
1227,07-11-2024,bottled water,1267
2090,20-02-2025,rolls/buns,782
2132,29-11-2025,white bread,189
1954,05-01-2024,butter,969
2003,24-07-2024,pastry,4622
1304,26-05-2025,citrus fruit,1574
2185,30-09-2025,bottled water,5830
1029,15-08-2024,butter,3197
2098,07-08-2025,bottled water,3279
1973,03-11-2025,curd,611
1530,31-03-2025,sausage,3843
1235,27-05-2025,root vegetables,5379
1203,01-10-2024,sugar,2819
1539,27-02-2024,newspapers,4263
1905,07-11-2025,domestic eggs,2411
1734,10-08-2025,white bread,3097
1458,11-09-2024,tropical fruit,1128
1272,16-02-2024,ice cream,4203
1853,12-02-2025,pastry,1983
1772,07-05-2024,dish detergent,4772
1887,18-12-2025,canned beer,3946
2117,29-11-2025,frankfurter,1605
1624,20-06-2025,citrus fruit,5077
1286,22-06-2024,yogurt,5
1222,01-01-2025,chips,2564
1411,22-02-2025,pip fruit,5049
1218,30-06-2024,root vegetables,213
2116,24-05-2024,whole milk,857
1428,07-08-2024,butter,3629
1755,09-08-2024,paper towels,1729
1346,18-06-2025,whole milk,352
1300,20-01-2024,  MARGARINE,4430
2021,26-05-2025,  GRANOLA,2492
1073,24-07-2025,frankfurter,1296
1704,22-03-2024,dish detergent,1406
1378,15-07-2025,citrus fruit,114
1487,15-07-2024,napkins,2386
1635,10-03-2025,frankfurter,2983
2017,09-09-2024,whole milk,5755
1745,31-12-2024,pip fruit,4134
1562,02-03-2025,cat food,171
1692,10-10-2024,frankfurter,4124
1204,01-10-2024,red wine,5218
1742,12-04-2025,newspapers,5969
1370,22-01-2025,margarine,5116
1774,25-11-2025,canned beer,2377
1921,14-02-2024,salsa,1468
1862,13-12-2025,tortillas,4076
1874,18-05-2025,white bread,3189
1235,27-05-2025,white bread,5379
1976,12-11-2024,rolls/buns,1586
1988,26-06-2024,margarine,3895
1951,18-03-2024,canned beer,1040
1947,11-08-2025,pip fruit,740
1381,04-06-2025,shopping bags,702
1750,24-06-2025,butter,484
1137,26-07-2025,canned beer,802
1462,08-04-2024,canned beer,5825
1664,04-04-2025,root vegetables,5365
1297,10-10-2024,pastry,2784
1522,08-10-2025,tropical fruit,3501
1170,25-10-2025,canned beer,3618
1050,06-03-2025,tropical fruit,5301
1519,06-06-2025,butter,2362
2144,20-12-2025,parmesan,5589
1993,13-08-2025,creamer,5991
1702,05-09-2025,chips,2257
1614,16-10-2025,canned beer,5372
1773,21-01-2025,citrus fruit,1710
1679,03-01-2025,white bread,156
1034,13-06-2025,creamer,4281
1473,26-11-2024,margarine,2942
1084,05-02-2024,root vegetables,4019
1505,12-04-2024,margarine,4549
1859,13-01-2025,root vegetables,5968
1426,30-07-2025,canned beer,3673
1150,05-03-2024,whole milk,2531
1502,26-04-2024,brown bread,5867
1718,15-09-2025,brown bread,4138
1215,07-08-2024,napkins,5762
1914,11-01-2024,frankfurter,5275
1877,16-06-2024,frozen vegetables,1722
1979,22-08-2024,canned beer,1133
1617,27-08-2025,salty snack,1124
1024,10-09-2024,napkins,5043
2148,15-06-2025,root vegetables,4395
1723,17-06-2025,frozen vegetables,5923
2033,14-01-2025,root vegetables,4239
1871,26-04-2025,salsa,1287
2083,27-11-2025,whole milk,2367
1584,29-04-2025,margarine,2035
1639,01-04-2025,rolls/buns,5884
1599,31-10-2025,brown bread,1721
1995,21-11-2025,newspapers,3979
2137,30-08-2024,canned beer,5545
2119,18-04-2024,whole milk,4678
1140,23-07-2024,domestic eggs,3367
2107,06-07-2025,margarine,110
1809,08-06-2025,pip fruit,3196
1797,22-03-2025,white bread,3611
2008,26-08-2025,tropical fruit,1687
1494,20-04-2024,whole milk,4080
1613,19-08-2024,canned beer,2906
1022,10-12-2024,napkins,1946
2068,24-08-2024,chocolate,5183
1620,28-08-2024,margarine,4320
1178,05-06-2024,,627
2132,18-04-2024,yogurt,2376
2059,06-07-2024,  NEWSPAPERS,1690
2170,06-02-2025,citrus fruit,5374
1437,30-09-2024,diapers,3356
2149,28-02-2025,jam,4436
1927,21-04-2024,margarine,4304
1520,19-10-2024,soda,1584
1833,09-06-2025,cat food,2607
1955,05-12-2024,soda,3977
1024,13-05-2025,soda,5147
1231,11-01-2025,newspapers,551
1831,24-10-2025,pastry,4558
1896,03-06-2025,whole milk,12
1780,27-11-2024,paper towels,424
1499,20-08-2024,shopping bags,3853
1222,18-02-2024,root vegetables,3326
2045,10-12-2024,canned beer,5373
2020,15-09-2025,,3844
1720,28-07-2025,whole milk,4406
1066,20-08-2025,  MARGARINE,2242
1634,16-08-2025,bananas,2078
1125,23-06-2024,pip fruit,3350
1278,19-07-2025,bottled water,4371
1016,11-03-2025,margarine,464
1892,07-12-2024,newspapers,4888
1222,01-01-2025,creamer,2564
1316,12-11-2024,root vegetables,4782
1620,08-06-2025,beef,5876
1451,12-09-2024,sausage,353
1420,08-07-2025,frozen vegetables,862
1615,18-06-2024,newspapers,3866
1966,09-02-2024,canned beer,5067
1573,26-11-2024,jam,4003
1783,17-11-2025,chocolate,4524
1898,02-11-2024,ice cream,3255
1228,07-04-2024,parmesan,1126
1411,10-10-2024,newspapers,1327
1633,12-04-2025,rolls/buns,47
1754,13-10-2024,shopping bags,3675
2087,04-03-2024,margarine,2474
1157,25-09-2025,canned beer,4500
1288,06-03-2025,bottled water,3815
2185,30-09-2025,dish detergent,5830
1516,27-04-2025,frozen vegetables,2615
1193,03-12-2025,root vegetables,807
1776,19-11-2024,,4388
1026,07-04-2025,ketchup,654
1616,02-04-2025,beef,51
1046,17-12-2024,sausage,2142
1688,17-10-2024,whole milk,157
1358,01-11-2024,  CHOCOLATE,1637
1626,24-11-2024,frankfurter,2514
1653,17-08-2024,frankfurter,2256
1518,30-11-2025,root vegetables,5375
1408,09-02-2024,citrus fruit,5224
1297,24-12-2025,salsa,2438
1389,30-06-2025,margarine,738
1002,22-05-2024,yogurt,3415
1905,24-07-2024,domestic eggs,713
1213,10-04-2025,canned beer,1954
1138,29-12-2024,margarine,1716
1550,15-10-2025,salty snack,1709
1493,11-10-2024,canned beer,2454
1453,30-11-2025,soda,215
1146,23-04-2024,frankfurter,459
1530,22-01-2024,canned beer,3710
1281,25-08-2024,white bread,5698
1963,21-08-2025,  CEREAL,1510
1875,13-06-2024,root vegetables,4891
1853,11-08-2024,domestic eggs,5708
1356,12-11-2025,tortillas,5444
1872,31-05-2025,margarine,2247
2066,18-09-2024,domestic eggs,41
1983,10-10-2025,  CANNED BEER,1757
1112,11-09-2025,tropical fruit,73
1686,03-03-2024,frankfurter,3886
1166,30-05-2024,curd,2338
1273,28-11-2025,root vegetables,241
1073,05-01-2024,citrus fruit,5926
1017,11-07-2024,ground beef,1558
1633,21-09-2025,citrus fruit,771
1469,10-08-2024,bottled water,2659
1517,04-02-2025,tortillas,1839
1714,15-05-2024,whole milk,5648
1300,05-04-2025,canned beer,4750
1061,25-09-2024,frozen vegetables,2250
1985,21-09-2024,margarine,3473
1821,23-02-2025,margarine,3688
1893,06-11-2025,canned beer,2511
1345,08-11-2025,whole milk,1355
1829,18-04-2025,bottled water,1822
1669,20-08-2025,pastry,3821
1524,02-11-2024,domestic eggs,4946
1603,01-08-2025,crackers,4405
1972,15-08-2024,newspapers,893
1807,23-08-2025,whole milk,4081
1077,22-07-2025,canned beer,900
1357,18-08-2024,white bread,2253
1433,16-07-2025,canned beer,5462
2189,26-11-2025,chocolate,338
1744,23-10-2024,white bread,1056
2128,23-07-2024,margarine,2726
1411,10-10-2024,soda,1327
1146,23-04-2024,margarine,459
2028,22-06-2025,chocolate,2345
1096,11-11-2025,parmesan,2224
1002,06-12-2024,rolls/buns,1712
1077,04-09-2024,cheese,4834
1579,01-01-2025,margarine,5649
1845,26-09-2024,pastry,3873
1088,21-05-2025,curd,4071
1024,18-02-2024,salsa,5629
1474,08-02-2025,whole milk,3520
1609,19-02-2024,canned beer,3286
1078,20-04-2024,salty snack,3620
1880,03-12-2025,white bread,677
1865,10-03-2024,napkins,3155
1219,09-11-2024,pasta,527
1897,07-05-2024,tortillas,1902
1616,22-06-2024,rolls/buns,1474
2172,15-11-2024,margarine,4103
1475,24-10-2025,newspapers,2591
1234,10-04-2024,root vegetables,2453
1350,15-12-2024,shopping bags,5347
1159,05-08-2024,margarine,2916
1694,16-10-2024,pip fruit,938
1916,15-01-2025,curd,726
2045,03-05-2025,pastry,3966
1991,22-03-2025,white bread,4098
1001,25-12-2025,napkins,776
1623,14-09-2024,frozen vegetables,2979
1164,01-06-2025,root vegetables,5823
1809,08-06-2025,bottled water,3196
1001,04-07-2025,bottled water,461
2134,02-02-2024,beef,5246
1870,07-07-2025,canned beer,3553
1525,21-02-2025,pasta,2230
2057,30-10-2024,root vegetables,1400
2011,29-06-2025,whole milk,4017
1744,07-11-2025,white bread,3285
1866,12-07-2024,bottled water,4788
1905,08-12-2024,canned beer,4927
1089,25-10-2024,newspapers,1205
1597,26-03-2025,frankfurter,2691
1650,09-07-2024,citrus fruit,4808
1911,09-12-2025,white bread,5560
1343,28-09-2024,paper towels,2720
1790,12-08-2024,citrus fruit,4546
1132,18-06-2025,newspapers,784
1203,15-01-2025,soda,959
2173,20-01-2024,salty snack,5833
1106,22-03-2025,  DOMESTIC EGGS,3814
1452,04-03-2025,canned beer,1997
2101,11-01-2025,bananas,5305
1448,05-09-2025,whole milk,3413
1116,04-03-2024,soda,5657
1633,12-12-2025,white bread,5737
1776,09-08-2025,parmesan,5359
2035,10-11-2025,cat food,4146
1603,25-12-2025,beef,4385
2149,10-03-2024,sausage,1148
1466,05-11-2025,root vegetables,974
1483,30-12-2024,  JAM,2020
2073,15-06-2024,bottled water,982
1905,07-11-2025,canned beer,2392
1429,08-10-2024,chocolate,1181
1684,23-09-2025,chips,2658
1130,13-08-2025,root vegetables,5692
1562,18-10-2024,chocolate,3619
1479,27-07-2024,root vegetables,5873
1114,10-02-2025,rolls/buns,3302
1903,11-10-2024,margarine,5803
1301,26-11-2025,rolls/buns,1541
2070,27-02-2024,tomato sauce,2314
1916,28-12-2024,frankfurter,5071
1127,19-04-2024,canned beer,1003
1570,21-03-2024,,3450
1961,21-07-2025,brown bread,3187
1983,16-06-2025,brown bread,3753
1178,01-12-2024,margarine,5144
1073,23-04-2025,yogurt,2568
2118,08-11-2025,cat food,1892
1080,09-04-2024,,3204
1081,23-08-2024,curd,4745
1971,21-03-2025,napkins,3107
1377,05-07-2025,bottled water,4465
1161,03-01-2025,sausage,2100
2093,31-07-2025,margarine,3236
1091,20-05-2025,yogurt,1534
1432,30-11-2025,sausage,4818
1134,02-04-2025,canned beer,3870
1451,13-07-2025,domestic eggs,4906
1517,22-12-2024,bananas,3147
1457,27-04-2025,sugar,28
1461,28-10-2025,chocolate,1986
1915,15-09-2025,white bread,2794
1348,04-05-2025,white bread,4267
1059,22-07-2025,red wine,915
1666,01-05-2024,parmesan,2237
1403,28-03-2025,bananas,1238
1253,07-07-2024,root vegetables,3431
1690,30-08-2024,canned beer,5223
1206,02-12-2025,soda,4770
1149,09-01-2024,canned beer,4495
1073,23-04-2025,newspapers,2568
1868,28-08-2025,creamer,5990
1725,05-02-2024,margarine,1228
1754,03-04-2024,citrus fruit,4391
1441,25-12-2024,margarine,950
1593,08-01-2025,margarine,5199
1573,27-09-2024,whole milk,1311
1392,25-12-2025,root vegetables,1629
2088,21-08-2025,bottled water,5593
1296,18-11-2025,brown bread,4053
1858,24-11-2024,coffee,1407
1916,09-02-2024,margarine,228
1476,24-05-2024,pastry,4294
1902,03-12-2024,root vegetables,2199
1437,30-09-2024,tortillas,3356
1334,14-04-2025,cereal,3318
1432,02-04-2024,citrus fruit,3944
1465,23-09-2024,whole milk,995
1142,25-08-2024,hamburger meat,4926
1317,26-09-2024,canned beer,111
1931,22-08-2024,chips,4902
1077,15-02-2024,margarine,5694
1300,20-01-2024,bottled water,4430
1784,23-05-2024,frozen vegetables,844
2105,04-06-2025,cat food,650
1988,26-04-2025,citrus fruit,2881
1299,21-11-2024,canned beer,2481
1470,24-07-2025,newspapers,841
2112,22-04-2025,red wine,5206
1029,15-08-2024,jam,3197
1483,13-05-2024,frankfurter,4297
1556,01-10-2024,frankfurter,4372
2065,09-12-2024,rolls/buns,3914
1470,25-02-2025,canned beer,3684
1054,24-04-2025,yogurt,1083
1883,12-01-2025,pasta,5906
1203,15-01-2025,curd,959
1493,09-07-2025,white bread,2544
1072,01-05-2024,root vegetables,3796
1134,02-04-2025,cereal,3870
1946,30-06-2025,soda,5344
2091,09-03-2025,cat food,5571
1625,20-09-2025,paper towels,5627
1508,22-08-2025,tropical fruit,1790
2002,29-04-2024,pastry,5543
1967,06-02-2025,white bread,375
1490,02-09-2024,tropical fruit,5282
1945,03-08-2024,dish detergent,1235
1881,02-12-2025,salsa,1464
1526,09-03-2024,white bread,5020
1901,19-01-2025,whole milk,2316
1561,09-04-2025,citrus fruit,2219
1804,15-06-2025,parmesan,5311
1733,03-05-2024,frozen vegetables,2235
2036,04-12-2025,beef,323
1280,03-03-2024,frankfurter,571
1490,02-09-2024,citrus fruit,5282
2119,12-06-2025,newspapers,2490
1114,27-05-2025,curd,2427
1179,03-10-2025,white bread,3260
1684,22-01-2025,parmesan,3958
1565,01-12-2024,citrus fruit,1948
1780,28-03-2025,margarine,925
1944,25-03-2025,root vegetables,2653
1614,17-08-2024,curd,118
1980,27-04-2024,pastry,2135
1853,12-02-2025,paper towels,1983
1756,20-07-2024,ketchup,5217
1723,21-03-2025,root vegetables,847
2184,24-11-2025,white bread,3835
1442,10-05-2024,red wine,3957
1694,01-11-2025,citrus fruit,3556
2128,23-07-2024,canned beer,2726
2158,29-06-2024,pasta,3385
1566,03-12-2024,domestic eggs,3064
1432,30-11-2025,chips,4818
1345,08-11-2025,canned beer,1355
1037,09-09-2024,soda,5046
1065,17-10-2024,newspapers,5448
1221,19-04-2024,canned beer,3965
1338,24-08-2025,paper towels,452
1997,28-04-2025,soda,2339
1628,02-04-2025,whole milk,2239
1456,15-11-2024,ice cream,4253
1268,31-07-2025,root vegetables,719
1603,31-05-2024,pasta,2737
2115,21-11-2025,citrus fruit,2121
1516,09-10-2024,margarine,4899
2192,07-08-2024,butter,2551
2192,19-10-2024,pip fruit,4074
1301,18-07-2024,root vegetables,521
1929,30-05-2024,newspapers,4878
1565,26-01-2024,bottled water,2593
1188,18-11-2024,soda,2836
2074,20-05-2025,yogurt,13
2140,17-08-2024,butter,3168
1509,24-05-2024,cereal,2402
1410,29-12-2024,frankfurter,2107
1089,12-03-2025,frankfurter,2780
1512,07-04-2025,domestic eggs,3320
1612,14-05-2024,coffee,2856
1972,17-10-2025,margarine,3087
2155,14-01-2025,pastry,4970
1247,07-09-2025,frozen vegetables,332
1574,23-08-2025,chocolate,4792
1044,15-05-2025,soda,3014
1774,10-12-2025,cat food,4165
1513,17-12-2025,whole milk,4235
2042,25-04-2025,newspapers,402
1556,01-10-2024,sugar,4372
1433,28-08-2025,yogurt,3052
1319,11-12-2025,pasta,3825
2158,29-06-2024,tropical fruit,3385
1948,04-12-2024,yogurt,4602
1315,25-09-2025,salty snack,3347
1936,07-04-2025,frankfurter,3614
1850,12-05-2024,tropical fruit,2446
2092,13-12-2024,bottled water,3692
1774,18-01-2025,white bread,5623
1780,09-12-2025,bananas,3111
2065,21-10-2024,rolls/buns,2442
1863,05-04-2025,whole milk,5366
1010,11-07-2025,pastry,592
1976,12-11-2024,salty snack,1586
2145,26-02-2024,domestic eggs,2110
1497,11-10-2025,whole milk,3978
1228,05-06-2025,pasta,2404
2080,09-05-2024,citrus fruit,4151
1170,10-02-2025,granola,5117
1235,15-02-2025,canned beer,3030
2159,20-02-2025,bottled water,2423
2041,30-09-2024,domestic eggs,5507
1689,23-03-2024,onions,2149
1483,13-05-2024,root vegetables,4297
1332,13-09-2024,citrus fruit,680
1924,06-05-2024,chips,5335
1748,06-11-2024,cheese,4488
1513,28-03-2025,tropical fruit,3948
1420,23-05-2025,canned beer,2005
2052,27-06-2025,ice cream,5249
1719,16-10-2025,creamer,1768
2018,06-06-2025,beef,5845
2157,07-08-2025,rolls/buns,2703
2083,10-01-2024,newspapers,373
1698,26-04-2025,whole milk,4910
2127,30-07-2025,bottled water,2871
1755,03-01-2024,curd,1102
1048,09-08-2024,canned beer,150
1149,09-01-2024,  CANNED BEER,4495
1538,17-12-2024,shopping bags,4948
1619,07-07-2024,pasta,161
1582,02-04-2024,shopping bags,5377
1875,06-02-2024,tropical fruit,793
1146,15-02-2024,white bread,5244
1320,21-05-2024,tomato sauce,3939
1159,05-08-2024,yogurt,2916
1086,23-09-2024,white bread,2049
1291,02-07-2025,margarine,1953
1146,15-02-2024,frankfurter,5244
2151,25-09-2025,frankfurter,3404
1048,13-09-2025,domestic eggs,1167
1102,23-07-2024,canned beer,2111
1225,18-05-2025,frozen vegetables,4200
1353,13-02-2024,coffee,4889
2122,25-03-2024,chocolate,3129
1997,17-02-2025,shopping bags,2226
1067,13-10-2024,newspapers,5324
1691,17-01-2025,citrus fruit,65
2000,09-04-2025,frozen vegetables,3595
2193,29-01-2025,frozen vegetables,95
1179,14-10-2024,  FRANKFURTER,3048
1980,29-04-2024,margarine,710
1365,01-04-2025,  DOMESTIC EGGS,5934
1378,04-10-2025,frozen vegetables,5044
1765,28-02-2025,pastry,1015
2152,18-03-2025,beef,1214
1149,09-08-2025,whole milk,2146
1894,22-05-2025,margarine,5213
1392,09-11-2025,chocolate,481
1465,15-09-2024,canned beer,2281
1488,30-03-2024,canned beer,973
1747,19-05-2025,citrus fruit,5284
1110,23-01-2025,citrus fruit,4713
1865,01-05-2024,white bread,3028
1287,16-01-2025,margarine,866
1390,01-07-2024,frozen vegetables,5013
1155,23-08-2024,frozen vegetables,5895
1930,04-04-2024,parmesan,3042
1169,26-07-2025,citrus fruit,4147
1928,08-04-2025,salsa,5725
1857,04-08-2025,chocolate,3134
1684,05-04-2024,margarine,5563
1350,15-12-2024,whole milk,5347
1768,08-08-2024,canned beer,61
1465,21-07-2024,bottled water,4028
1822,16-08-2025,yogurt,2605
1836,25-10-2024,whole milk,2181
1513,04-05-2025,frozen vegetables,1058
1761,04-10-2024,domestic eggs,4786
1465,21-07-2024,cereal,4028
1304,13-10-2025,pasta,1535
1798,12-10-2024,brown bread,2003
1021,20-10-2025,margarine,252
1515,16-01-2024,diapers,4617
1526,09-03-2024,dish detergent,5020
1966,21-08-2025,canned beer,3822
1465,23-09-2024,root vegetables,995
1278,19-03-2025,sausage,4268
1367,01-01-2025,newspapers,3472
1204,12-11-2024,yogurt,5902
1179,02-09-2024,ketchup,2845
1751,28-10-2025,canned beer,4920
2066,19-09-2024,canned beer,2
1822,27-10-2025,frankfurter,1632
1186,14-07-2025,whole milk,84
1651,28-06-2024,margarine,153
1096,07-07-2024,newspapers,1347
1361,18-08-2024,hamburger meat,2039
1941,30-10-2025,salsa,1515
1142,28-05-2025,canned beer,1222
1999,15-09-2024,newspapers,5003
1651,28-07-2025,root vegetables,256
1701,07-12-2025,margarine,460
1310,19-03-2024,canned beer,3522
1967,02-01-2025,margarine,2025
1973,03-11-2025,bottled water,611
1515,21-07-2025,cereal,2141
1479,08-10-2024,citrus fruit,3399
2123,02-09-2024,whole milk,4179
1559,20-12-2024,onions,1544
2157,07-08-2025,margarine,2703
1839,28-08-2024,frankfurter,3060
1273,01-06-2024,newspapers,406
1651,17-11-2024,margarine,2070
1792,12-05-2024,canned beer,1064
1822,08-04-2025,canned beer,3911
1273,28-11-2025,canned beer,241
2180,15-02-2025,salsa,4227
1712,22-03-2025,soda,3192
2188,08-12-2025,pastry,3101
1060,09-11-2025,margarine,4804
1833,04-03-2025,,2485
1299,15-09-2025,onions,5056
1474,08-02-2025,butter,3520
1234,25-06-2024,margarine,1812
1766,21-04-2024,jam,4592
2117,10-04-2024,margarine,4781
1739,09-06-2025,rolls/buns,2977
1983,20-08-2025,  CANNED BEER,1504
1641,16-12-2024,canned beer,3059
1816,29-12-2024,root vegetables,4554
1731,10-08-2024,granola,5356
1487,07-11-2024,canned beer,2571
1195,17-01-2025,tortillas,3960
1329,28-10-2024,soda,3203
1767,03-12-2024,margarine,4674
1105,18-04-2025,canned beer,3463
1773,21-01-2025,canned beer,1710
1849,23-09-2025,canned beer,858
1558,18-06-2025,soda,2017
1909,15-09-2024,cat food,4346
2061,29-09-2024,ground beef,19
2089,02-11-2024,pastry,458
1731,19-02-2025,margarine,1493
1329,28-10-2024,tortillas,3203
1860,01-03-2025,tortillas,5668
1045,25-01-2024,pastry,5570
1486,12-05-2024,whole milk,2865
2052,30-12-2024,pastry,5989
1961,30-04-2024,canned beer,3712
1786,04-01-2025,sausage,3003
1192,01-08-2025,rolls/buns,3544
1110,24-10-2024,root vegetables,4062
1638,10-02-2025,canned beer,1766
1375,28-11-2024,root vegetables,3767
1222,17-09-2025,brown bread,2388
1323,25-01-2024,bottled water,5010
1081,06-05-2024,rolls/buns,5457
1523,24-02-2025,chocolate,1180
2072,23-07-2024,bottled water,2936
1014,20-09-2025,salty snack,5171
1746,23-12-2025,  CANNED BEER,1275
1538,20-04-2024,newspapers,3304
1311,18-11-2024,canned beer,562
2008,23-07-2025,canned beer,1763
2123,30-03-2024,whole milk,291
1915,10-05-2024,soda,5605
1824,05-10-2025,pip fruit,2077
1233,24-05-2025,diapers,263
1485,23-01-2025,soda,305
1625,19-11-2025,margarine,2261
1473,01-02-2025,canned beer,1371
1328,25-11-2025,yogurt,2729
1156,01-08-2024,napkins,3671
2008,01-12-2025,margarine,3644
1153,07-09-2025,canned beer,1872
1393,21-08-2025,canned beer,1280
1703,08-06-2025,tomato sauce,1818
1883,02-12-2025,crackers,429
1032,14-01-2025,ground beef,5728
2004,12-11-2025,canned beer,5866
1912,08-10-2025,coffee,1495
2051,22-06-2025,curd,4903
1842,08-03-2025,white bread,3855
2041,29-05-2024,chocolate,4656
1374,20-11-2024,beef,457
1003,11-03-2025,pip fruit,3345
1309,20-01-2024,margarine,1005
1915,05-01-2024,chocolate,5526
2081,28-05-2025,newspapers,2067
1960,20-03-2025,canned beer,920
1718,09-03-2025,domestic eggs,999
1427,04-07-2024,  COFFEE,1585
1418,07-10-2025,whole milk,504
1526,15-11-2025,rolls/buns,3036
1925,13-12-2025,white bread,5585
1955,28-02-2025,tropical fruit,757
1395,01-05-2024,margarine,1041
1774,28-02-2025,tropical fruit,5714
1825,31-05-2024,rolls/buns,2440
1867,29-01-2024,jam,4473
1550,03-11-2025,pastry,3754
1679,24-01-2025,pastry,2813
1031,15-09-2024,bananas,4231
1803,26-08-2025,frozen vegetables,3970
1325,10-02-2024,chocolate,4204
2033,04-07-2025,pastry,2360
1881,02-12-2025,tortillas,1464
1119,10-02-2025,tomato sauce,5214
2017,25-10-2025,yogurt,3703
1098,19-05-2024,onions,3730
1680,27-01-2025,white bread,4431
1979,20-12-2025,shopping bags,5082
2007,29-07-2024,whole milk,3929
1099,07-06-2024,canned beer,1354
1803,08-01-2025,domestic eggs,4164
1501,20-01-2025,  CANNED BEER,2225
1659,25-06-2024,chocolate,1824
2105,17-11-2024,canned beer,545
2049,16-03-2024,domestic eggs,2625
1181,23-12-2024,sugar,5491
1451,20-11-2024,whole milk,5240
2022,10-03-2024,domestic eggs,5290
1353,26-11-2025,margarine,1357
1802,28-02-2024,frankfurter,3839
1148,03-12-2025,rolls/buns,3654
1175,27-10-2025,newspapers,2171
2063,31-10-2025,chocolate,5933
1484,27-06-2024,chocolate,595
1860,17-01-2024,bottled water,2266
1319,06-10-2024,frozen vegetables,2704
1453,30-11-2025,jam,215
2128,23-07-2024,brown bread,2726
1209,01-01-2025,sausage,2670
1716,15-05-2025,bottled water,4555
1002,03-11-2024,citrus fruit,5262
1106,24-01-2024,cereal,1728
1778,11-05-2025,tortillas,4478
1754,03-04-2024,margarine,4391
1255,07-09-2024,creamer,2173
1871,26-04-2025,tortillas,1287
1582,02-04-2024,beef,5377
1247,14-08-2024,cereal,1919
1381,25-08-2025,margarine,3231
1563,02-04-2025,newspapers,752
1839,28-08-2024,sugar,3060
1795,14-03-2024,bottled water,4050
1621,07-01-2024,ground beef,1247
1353,25-12-2025,chocolate,5115
1287,04-01-2024,salsa,4153
1223,17-12-2025,sausage,2943
1702,31-03-2025,root vegetables,3252
2193,26-08-2025,margarine,2009
1941,30-10-2025,butter,1515
1585,08-06-2024,chips,2747
1342,08-10-2025,yogurt,4992
2068,24-08-2025,brown bread,5505
1745,31-12-2024,granola,4134
1311,24-11-2024,root vegetables,5607
2013,16-04-2024,canned beer,313
1173,28-05-2024,cat food,268
1629,14-06-2024,tropical fruit,4354
2057,05-12-2025,jam,358
1899,23-02-2024,root vegetables,606
1805,15-04-2025,curd,3221
1316,27-09-2024,ketchup,1794
1669,29-10-2025,newspapers,1730
1407,16-04-2025,whole milk,5963
1375,28-11-2024,canned beer,3767
2168,28-11-2024,cereal,4424
1812,01-07-2024,root vegetables,5837
1413,10-03-2024,newspapers,5256
1473,07-11-2025,sausage,3487
1855,10-09-2024,canned beer,3968
1901,12-10-2025,root vegetables,4726
1920,17-11-2024,white bread,3942
2072,23-07-2024,pip fruit,2936
1854,21-05-2025,root vegetables,3854
1873,01-08-2024,salsa,1059
1686,03-03-2024,pip fruit,3886
1609,26-01-2025,newspapers,4040
1276,29-08-2024,root vegetables,2059
1616,11-02-2024,yogurt,1554
1014,21-04-2025,beef,2735
1090,08-07-2025,canned beer,5686
1216,11-12-2024,citrus fruit,2229
1955,05-12-2024,yogurt,3977
1965,24-07-2024,margarine,5019
1225,22-07-2025,newspapers,453
2079,20-04-2024,  WHOLE MILK,734
2021,22-10-2024,margarine,5710
1019,21-12-2025,yogurt,376
1627,29-03-2025,cheese,2633
1649,04-03-2024,root vegetables,0
1965,24-07-2024,chips,5019
1997,17-04-2025,canned beer,404
1889,16-09-2024,pip fruit,4340
2069,30-12-2025,domestic eggs,2739
1899,06-06-2025,canned beer,3400
1428,11-03-2024,pastry,4286
2190,13-11-2024,brown bread,134
1373,02-03-2025,white bread,4535
1777,14-06-2025,citrus fruit,5978
1952,12-11-2025,canned beer,1781
1528,24-05-2024,shopping bags,230
1718,08-11-2024,yogurt,1989
1675,15-11-2024,rolls/buns,4216
1991,16-04-2025,margarine,2684
1029,28-12-2024,  KETCHUP,4528
2155,15-06-2025,citrus fruit,1810
2017,30-08-2024,cat food,3532
1276,17-04-2025,root vegetables,30
1489,06-04-2024,frankfurter,4722
1138,29-12-2024,canned beer,1716
1269,13-12-2024,frozen vegetables,2221
1872,06-11-2025,canned beer,4123
1244,07-12-2025,rolls/buns,1068
1458,30-03-2025,soda,1895
1566,11-05-2025,salsa,3528
2108,25-09-2024,frankfurter,1365
2018,06-06-2025,butter,5845
2034,13-04-2025,crackers,2918
1651,31-01-2024,canned beer,2285
1971,10-03-2024,root vegetables,4240
1650,05-05-2024,root vegetables,3067
1603,31-05-2024,newspapers,2737
1549,22-11-2024,  DOMESTIC EGGS,5898
1997,17-02-2025,  WHOLE MILK,2226
2136,22-12-2025,frozen vegetables,1490
1070,02-06-2025,chocolate,2835
1204,01-10-2024,cheese,5218
1582,15-03-2025,napkins,2841
1843,05-06-2024,cat food,3250
1128,19-10-2024,canned beer,4843
1676,07-05-2024,onions,1201
1070,27-09-2024,parmesan,5443
1931,22-08-2024,salsa,4902
1708,12-02-2025,root vegetables,5716
1262,09-11-2025,citrus fruit,897
1812,09-04-2024,ice cream,1987
1584,04-03-2024,canned beer,3845
2120,10-09-2025,newspapers,5220
2059,20-04-2024,citrus fruit,2298
1852,25-01-2024,red wine,5357
1861,24-01-2024,margarine,2899
1536,09-03-2024,chocolate,3586
1602,03-10-2025,newspapers,4338
1535,02-12-2024,soda,5008
1119,11-09-2024,white bread,901
2078,08-02-2025,newspapers,3108
1569,14-06-2024,canned beer,233
1965,06-04-2025,brown bread,3176
1882,08-08-2025,ketchup,5807
1476,03-04-2025,newspapers,4399
1974,09-12-2025,ice cream,4651
1073,17-09-2024,citrus fruit,639
1165,19-04-2025,creamer,360
1432,02-04-2024,onions,3944
1425,19-07-2024,root vegetables,5176
1108,24-11-2024,citrus fruit,2851
1198,05-11-2025,butter,3811
1010,02-09-2024,frozen vegetables,5185
2102,21-08-2025,margarine,4766
1299,08-09-2025,pastry,3489
1244,18-06-2024,whole milk,736
1073,05-01-2024,pastry,5926
1836,23-12-2025,parmesan,3661
1793,12-11-2024,pasta,2650
1621,20-09-2025,hamburger meat,4596
1972,25-08-2024,margarine,3305
1352,04-10-2024,yogurt,991
1473,01-02-2025,sausage,1371
1186,01-01-2024,rolls/buns,5628
2032,21-12-2024,tropical fruit,1908
1103,11-12-2024,canned beer,5842
1671,08-04-2025,newspapers,5892
1667,02-06-2025,canned beer,3225
1128,07-09-2024,tropical fruit,5369
1189,03-10-2025,citrus fruit,240
2019,07-08-2024,soda,4143
1348,05-12-2024,tortillas,2129
2048,08-02-2024,yogurt,3171
1253,07-07-2024,chips,3431
2189,26-11-2025,dish detergent,338
1702,11-07-2025,jam,145
1904,12-07-2024,whole milk,2282
1073,17-09-2024,pasta,639
1786,13-07-2024,,3653
1975,23-05-2024,root vegetables,4576
1597,02-04-2025,pastry,1627
2152,13-12-2025,canned beer,2549
1409,16-03-2024,tropical fruit,3437
1357,22-01-2024,sugar,4254
1914,03-05-2024,frankfurter,2073
1950,17-03-2024,brown bread,2275
1512,11-01-2025,tortillas,1820
1372,25-08-2025,rolls/buns,1036
1872,17-10-2025,sausage,5454
1296,06-07-2024,butter,1197
1604,12-10-2025,newspapers,926
1032,31-05-2024,root vegetables,2468
1311,23-06-2025,white bread,514
1535,18-10-2025,shopping bags,399
1869,16-03-2024,citrus fruit,3633
1787,30-08-2025,root vegetables,4349
2009,14-06-2025,margarine,4156
2005,20-05-2024,creamer,2924
2110,07-10-2025,white bread,4884
1448,05-09-2025,root vegetables,3413
1802,07-02-2025,frankfurter,2831
2061,18-08-2024,tropical fruit,2939
1535,14-01-2024,canned beer,1431
1897,02-11-2025,pastry,4169
1936,09-11-2025,sausage,2422
1351,10-11-2024,newspapers,4574
2133,28-10-2024,rolls/buns,45
1626,26-09-2025,whole milk,2883
1873,14-06-2024,whole milk,132
1989,31-10-2024,rolls/buns,1253
2148,14-06-2025,canned beer,3126
1843,05-06-2024,root vegetables,3250
1027,15-03-2025,domestic eggs,3824
1542,18-03-2025,canned beer,420
1294,25-03-2024,canned beer,2420
1852,09-10-2025,citrus fruit,377
2195,02-04-2024,ice cream,5321
1337,28-06-2025,red wine,2985
1321,15-01-2025,bottled water,3479
1151,06-04-2025,whole milk,2165
1573,18-02-2025,domestic eggs,4205
1292,15-03-2025,bottled water,5751
2025,27-07-2024,canned beer,2987
1080,09-04-2024,chips,3204
1198,31-08-2024,tortillas,688
1850,16-04-2024,pip fruit,4186
1884,11-03-2025,citrus fruit,4854
1355,08-08-2024,rolls/buns,3265
1701,18-02-2024,salsa,4739
1335,15-04-2024,root vegetables,4895
1767,01-04-2024,curd,1855
2073,19-10-2025,whole milk,483
1929,07-09-2024,root vegetables,200
1117,16-11-2024,root vegetables,4402
1912,08-10-2025,sugar,1495
1456,15-11-2024,whole milk,4253
1096,17-07-2024,parmesan,4331
1120,13-10-2025,,2457
1501,08-10-2024,ketchup,743
1918,25-12-2024,brown bread,1689
1216,15-04-2025,tropical fruit,236
1549,22-02-2025,whole milk,4978
2157,30-01-2024,salsa,3984
2189,22-02-2024,onions,432
1461,28-10-2025,rolls/buns,1986
2057,05-12-2025,canned beer,358
1625,11-04-2024,canned beer,1778
1058,03-01-2025,curd,234
1391,08-12-2025,frankfurter,3959
1676,10-01-2025,citrus fruit,3706
2015,12-10-2025,pip fruit,712
1141,07-12-2024,bottled water,3460
1933,30-07-2024,citrus fruit,3420
2070,12-10-2025,chocolate,4552
1218,30-06-2024,newspapers,213
1288,30-04-2025,cat food,1988
1545,28-07-2025,brown bread,4550
2105,04-06-2025,ice cream,650
1798,24-09-2024,parmesan,963
1233,27-07-2025,citrus fruit,1127
1774,28-02-2025,canned beer,5714
1338,29-03-2024,canned beer,5111
1771,08-04-2024,margarine,985
1626,26-09-2025,newspapers,2883
1027,28-03-2024,whole milk,1626
1920,16-08-2025,root vegetables,566
1599,15-05-2024,domestic eggs,2383
2004,15-01-2024,onions,2760
1526,15-11-2025,newspapers,3036
2179,30-05-2024,root vegetables,4964
1432,27-07-2024,margarine,1372
1711,03-04-2024,canned beer,1224
1852,25-01-2024,brown bread,5357
1019,21-12-2025,beef,376
2002,29-04-2024,white bread,5543
2044,04-10-2025,sugar,39
1386,08-03-2024,,5296
2035,10-11-2025,napkins,4146
1556,25-02-2024,diapers,1085
1774,20-09-2024,whole milk,480
1276,26-03-2024,canned beer,2708
1662,16-09-2025,whole milk,5316
1511,04-08-2025,whole milk,5650
1057,24-07-2024,newspapers,2365
1801,14-12-2025,yogurt,2928
1326,04-08-2024,domestic eggs,1587
1772,19-05-2025,canned beer,3150
1148,24-12-2024,white bread,3162
1271,26-03-2024,chips,4831
1616,05-11-2025,margarine,876
1285,16-10-2024,margarine,5519
1850,13-06-2024,pip fruit,1755
1250,03-07-2024,beef,4484
1358,27-06-2024,shopping bags,3445
1184,11-10-2024,soda,4001
2073,09-12-2024,bottled water,1547
1718,24-02-2024,margarine,5205
2018,18-02-2024,citrus fruit,1939
1434,29-03-2025,pip fruit,1602
1332,14-10-2024,frankfurter,716
1354,04-07-2025,margarine,2748
1983,08-08-2025,root vegetables,5789
1849,21-10-2024,root vegetables,1022
1410,29-12-2024,citrus fruit,2107
2191,15-06-2025,chocolate,3429
2046,27-11-2025,newspapers,1332
1012,24-09-2025,newspapers,3867
1615,03-02-2025,rolls/buns,535
1030,08-03-2024,root vegetables,1500
1455,14-09-2024,whole milk,902
1706,12-02-2025,dish detergent,2858
1109,21-11-2025,tropical fruit,1100
1110,17-12-2025,pastry,3387
1316,24-04-2024,cheese,4108
1230,23-12-2025,citrus fruit,3417
1349,01-10-2025,rolls/buns,5146
1287,04-01-2024,chocolate,4153
1684,10-07-2025,frankfurter,4300
1621,05-01-2025,canned beer,3432
2180,19-10-2024,canned beer,2483
1918,25-12-2024,root vegetables,1689
2151,03-12-2024,crackers,1088
1887,08-04-2024,frankfurter,3943
1525,21-01-2024,whole milk,3842
1771,08-04-2024,salty snack,985
1754,03-04-2024,ice cream,4391
1474,18-07-2025,chocolate,1782
1919,27-02-2024,frankfurter,3383
2152,17-10-2024,canned beer,5327
1766,25-11-2024,root vegetables,4983
1463,15-09-2025,diapers,792
1634,01-08-2024,,678
1662,08-09-2024,rolls/buns,5831
1843,04-04-2025,salty snack,2033
1207,25-09-2025,frozen vegetables,177
1530,31-03-2025,,3843
1014,06-07-2024,root vegetables,5234
1235,26-04-2025,soda,374
2119,21-06-2025,root vegetables,5002
1182,24-10-2024,margarine,998
1921,14-02-2024,soda,1468
1141,07-12-2024,white bread,3460
1230,21-11-2024,canned beer,978
1491,17-05-2024,jam,4501
1659,01-03-2024,citrus fruit,5787
1841,23-06-2024,white bread,952
1187,23-02-2024,frozen vegetables,3638
1284,11-08-2025,canned beer,2503
1974,09-12-2025,root vegetables,4651
1356,16-08-2025,canned beer,851
2009,30-09-2024,canned beer,4629
2080,07-10-2025,bottled water,5683
1184,26-03-2025,cheese,5418
1386,24-07-2024,diapers,368
1613,14-06-2025,pasta,557
1753,07-12-2024,domestic eggs,3755
1259,19-07-2024,canned beer,4793
2041,30-09-2024,ground beef,5507
1313,12-01-2025,canned beer,989
1679,01-05-2025,ketchup,1694
1818,01-07-2025,  SAUSAGE,2873
1613,14-06-2025,tomato sauce,557
1390,28-09-2025,parmesan,4056
1720,25-06-2025,canned beer,364
2086,02-06-2025,  BEEF,4199
1127,19-04-2024,frankfurter,1003
1071,27-01-2025,napkins,2585
1014,25-05-2024,whole milk,1990
1743,28-11-2024,canned beer,5028
1954,23-02-2024,pastry,4030
1679,27-11-2025,chocolate,932
1840,12-10-2025,root vegetables,1701
2151,29-03-2024,chocolate,5821
2082,02-06-2024,canned beer,1052
1161,18-09-2025,frankfurter,589
1071,06-10-2025,beef,380
1649,04-03-2024,salsa,0
1179,20-12-2024,citrus fruit,1761
1535,17-05-2025,citrus fruit,3606
1260,02-10-2025,margarine,2857
1306,18-04-2024,root vegetables,3917
1110,17-12-2025,margarine,3387
1319,06-10-2024,napkins,2704
1310,26-08-2024,white bread,1156
1847,05-01-2024,ketchup,723
1166,29-04-2025,domestic eggs,5085
1991,09-01-2024,salsa,3157
1516,22-12-2024,citrus fruit,2506
1633,12-04-2025,margarine,47
1562,20-04-2024,salsa,327
2035,16-11-2025,shopping bags,5174
2118,08-11-2025,tropical fruit,1892
1039,04-08-2025,salty snack,4043
1184,06-08-2024,citrus fruit,1725
2159,12-04-2024,white bread,5542
1108,07-12-2024,whole milk,977
1304,13-10-2025,cereal,1535
1739,18-06-2024,curd,5631
1860,27-02-2024,margarine,708
1853,11-08-2024,soda,5708
1024,18-02-2024,margarine,5629
1651,15-12-2024,newspapers,4088
2112,22-04-2025,sausage,5206
1118,06-11-2024,newspapers,2637
1122,05-08-2024,soda,524
1107,23-02-2025,cat food,2976
1812,09-04-2024,cat food,1987
2006,18-12-2025,whole milk,5615
1645,09-06-2025,citrus fruit,1894
1849,15-10-2024,salsa,2270
2097,02-10-2025,sausage,1857
1837,17-11-2024,bananas,2336
2133,28-10-2024,sausage,45
1961,04-02-2024,canned beer,1438
1381,04-01-2025,root vegetables,3093
1815,02-10-2025,parmesan,5191
1979,06-03-2024,tropical fruit,2706
1943,11-10-2024,canned beer,1048
1505,11-05-2025,canned beer,4626
1910,06-03-2025,root vegetables,3256
1509,02-12-2025,soda,5773
1342,23-12-2024,frozen vegetables,583
1291,22-10-2025,frankfurter,651
1891,15-10-2024,cereal,1663
1702,08-06-2025,canned beer,5389
1364,11-06-2024,napkins,5977
1562,22-04-2024,pasta,1213
2044,05-07-2024,pastry,1107
1730,06-11-2025,rolls/buns,5068
2195,24-08-2025,white bread,2374
1754,29-05-2024,citrus fruit,2782
1881,02-12-2025,margarine,1464
1080,07-09-2025,canned beer,3114
1455,24-08-2025,root vegetables,3061
1549,14-09-2024,canned beer,1507
1163,02-11-2024,ground beef,608
1721,24-03-2025,cat food,775
1190,19-03-2025,curd,2626
1825,29-12-2024,,621
1331,25-11-2025,citrus fruit,4943
1165,10-09-2024,salsa,7
1783,17-11-2025,canned beer,4524
1795,23-03-2024,curd,2084
1500,12-07-2025,margarine,1974
1235,27-05-2025,yogurt,5379
2018,18-02-2024,white bread,1939
1540,29-06-2025,salsa,1402
1468,30-09-2025,sausage,4738
1267,26-08-2024,canned beer,5022
1138,14-09-2025,whole milk,4730
1531,04-06-2025,bottled water,2904
1250,03-07-2024,chocolate,4484
1596,15-06-2025,bottled water,4783
1079,13-10-2024,soda,5422
2159,12-04-2024,tropical fruit,5542
2190,08-03-2025,root vegetables,1344
2146,27-07-2025,rolls/buns,2382
2192,19-10-2024,margarine,4074
1599,25-02-2025,frankfurter,2523
2126,02-11-2025,margarine,3072
2074,06-08-2025,,5967
1070,16-05-2024,  CANNED BEER,2008
1792,14-04-2024,root vegetables,160
1649,04-03-2024,rolls/buns,0
1655,24-07-2024,bottled water,1196
1248,11-09-2024,parmesan,5961
1872,17-07-2024,napkins,3338
1231,11-01-2025,pastry,551
1526,27-02-2024,pastry,3985
2088,26-08-2024,shopping bags,3005
1861,08-04-2025,canned beer,3610
1465,23-09-2024,canned beer,995
1561,09-04-2025,napkins,2219
2183,10-06-2025,white bread,1630
1283,18-02-2025,canned beer,4167
1220,13-01-2024,granola,727
1764,14-09-2024,brown bread,689
1384,13-09-2025,tropical fruit,343
1318,12-12-2025,rolls/buns,2428
1343,07-06-2025,whole milk,3321
1655,17-09-2025,brown bread,5466
1752,09-12-2025,pip fruit,4915
1106,30-05-2024,  CITRUS FRUIT,2106
1712,06-03-2024,salty snack,2125
1311,23-06-2025,root vegetables,514
1375,23-02-2024,diapers,3758
1164,30-10-2024,canned beer,3287
1943,18-01-2025,canned beer,5078
2033,04-07-2025,root vegetables,2360
1540,05-07-2024,whole milk,3375
1943,08-06-2025,onions,5643
1748,20-10-2024,canned beer,1529
1141,07-09-2025,frankfurter,225
1021,18-06-2025,paper towels,2664
2195,29-07-2025,canned beer,4771
1418,17-07-2025,soda,4551
1614,16-10-2025,domestic eggs,5372
1211,03-05-2025,beef,5451
1804,23-07-2025,root vegetables,40
1409,17-01-2025,  CURD,2570
1211,22-12-2025,domestic eggs,3794
1795,29-04-2024,margarine,3374
1814,29-08-2024,rolls/buns,4492
1189,21-04-2025,bananas,942
1354,04-07-2025,whole milk,2748
1979,22-08-2024,cereal,1133
2185,17-01-2025,salsa,427
1942,09-01-2024,citrus fruit,4210
1505,19-04-2024,citrus fruit,4768
1646,04-08-2024,margarine,472
1104,23-06-2024,brown bread,5849
1508,22-08-2025,shopping bags,1790
1723,23-11-2025,tropical fruit,980
1262,09-11-2025,root vegetables,897
1858,18-07-2024,tropical fruit,3676
1229,03-04-2024,sugar,5259
1400,11-08-2025,frankfurter,4664
1491,04-05-2024,rolls/buns,5664
1500,12-12-2024,parmesan,997
1988,23-03-2025,newspapers,1317
1899,06-06-2025,sausage,3400
2155,25-03-2024,canned beer,2023
1961,21-07-2025,bottled water,3187
1516,26-11-2025,whole milk,4509
1493,09-07-2025,tortillas,2544
2069,31-07-2025,cereal,3264
1353,16-12-2024,tortillas,761
2063,28-03-2024,root vegetables,1145
1739,03-09-2024,frankfurter,4361
2104,22-10-2025,  CHOCOLATE,4919
1416,17-03-2024,beef,917
1624,27-11-2025,newspapers,3751
1542,05-06-2025,canned beer,5924
1274,01-05-2025,salty snack,1936
2059,23-06-2024,margarine,3971
1935,03-12-2024,canned beer,5397
1953,13-04-2024,newspapers,4393
2020,15-09-2025,parmesan,3844
1809,11-01-2024,shopping bags,3282
1636,24-01-2024,newspapers,5685
1965,24-07-2024,soda,5019
1739,21-05-2025,granola,1301
1814,22-09-2024,root vegetables,1054
1667,18-04-2025,whole milk,2854
2000,09-04-2025,newspapers,3595
1357,11-11-2024,curd,949
2008,25-05-2024,frankfurter,3467
1310,21-11-2025,margarine,4190
1958,31-10-2024,sausage,5315
1288,06-03-2025,paper towels,3815
1333,20-11-2025,domestic eggs,2190
1429,21-12-2024,creamer,1221
1447,18-05-2024,  CREAMER,3062
1392,25-12-2025,salsa,1629
2105,20-03-2025,parmesan,1121
2063,04-02-2024,margarine,4493
1642,09-12-2024,pastry,2783
2168,01-08-2024,frozen vegetables,2238
1014,06-04-2024,canned beer,3102
1731,10-08-2024,pastry,5356
1919,27-02-2024,shopping bags,3383
2034,17-02-2025,margarine,3728
1405,18-02-2025,cereal,3464
1405,16-01-2025,root vegetables,124
2154,26-05-2024,frankfurter,1165
1685,25-07-2025,margarine,2358
1133,12-08-2025,hamburger meat,3481
1204,23-03-2025,whole milk,5334
1428,27-08-2024,canned beer,3079
1645,15-12-2024,chocolate,5667
1194,11-02-2025,domestic eggs,4573
1624,27-11-2025,bottled water,3751
1019,03-09-2025,onions,2326
1293,06-08-2024,margarine,4191
1831,22-11-2025,margarine,3847
1319,13-06-2025,chocolate,500
1084,14-06-2024,bottled water,3202
1926,27-03-2024,canned beer,1373
1888,17-10-2024,white bread,921
1103,11-12-2024,  MARGARINE,5842
2048,08-02-2024,jam,3171
1748,04-05-2024,shopping bags,3615
1104,06-05-2025,salsa,5843
1032,14-01-2025,frozen vegetables,5728
2137,14-03-2024,domestic eggs,3362
1009,12-06-2024,rolls/buns,3515
1141,07-09-2025,citrus fruit,225
1192,01-08-2025,root vegetables,3544
1400,28-05-2025,tropical fruit,5192
2021,26-10-2024,shopping bags,101
1718,15-01-2024,sausage,1225
1851,17-03-2025,sausage,801
1557,14-12-2024,tropical fruit,3829
1741,12-04-2024,canned beer,4041
1696,25-07-2024,white bread,4161
1005,23-06-2025,parmesan,4872
1606,27-07-2025,white bread,31
1766,25-11-2024,ice cream,4983
1352,18-10-2024,bottled water,2356
1237,03-08-2024,chocolate,498
1906,03-05-2024,rolls/buns,729
1945,09-07-2024,root vegetables,4649
1203,15-01-2025,tropical fruit,959
1975,23-05-2024,sausage,4576
1801,27-01-2024,sausage,5255
2074,24-04-2025,newspapers,3640
1576,18-01-2024,root vegetables,1879
1980,27-04-2024,canned beer,2135
1871,13-12-2025,white bread,147
1050,21-05-2024,ketchup,4330
1891,15-10-2024,curd,1663
1440,21-09-2025,pasta,5744
1250,25-10-2025,sausage,3049
1209,26-02-2025,white bread,572
1905,26-11-2025,ketchup,889
1285,15-11-2024,bottled water,3292
1724,27-10-2024,onions,3625
1280,02-03-2025,chocolate,559
1357,15-07-2025,frozen vegetables,5865
1335,15-04-2024,canned beer,4895
2023,28-04-2024,canned beer,3195
1471,17-12-2024,tropical fruit,3238
1833,21-06-2025,margarine,4859
1177,22-07-2024,paper towels,3634
1603,31-05-2024,bananas,2737
1231,11-09-2025,shopping bags,3561
1676,10-01-2025,whole milk,3706
1297,24-12-2025,canned beer,2438
1350,20-08-2024,margarine,4257
1971,10-03-2024,curd,4240
1352,04-10-2024,tropical fruit,991
1671,14-10-2024,brown bread,5928
1909,19-02-2025,coffee,5495
2110,02-12-2024,frozen vegetables,5252
1436,13-01-2024,canned beer,1487
1538,30-06-2024,frankfurter,2192
1618,04-08-2025,pastry,667
2117,29-11-2025,whole milk,1605
1845,11-10-2025,granola,3466
1406,12-10-2024,sausage,2127
1042,14-04-2024,cat food,3812
1786,01-10-2024,bottled water,2542
1375,14-08-2025,frankfurter,2962
1518,30-11-2025,pastry,5375
1859,29-06-2025,pip fruit,1272
1209,16-08-2025,margarine,3819
2119,02-11-2024,canned beer,5670
1515,06-06-2024,chips,2353
1878,05-11-2024,newspapers,1179
2133,28-10-2024,soda,45
1078,23-07-2024,yogurt,1770
1060,12-01-2025,margarine,600
1669,22-08-2024,white bread,1076
1194,17-03-2025,dish detergent,1570
1580,03-04-2025,citrus fruit,539
1292,20-09-2024,whole milk,5918
1327,13-03-2024,domestic eggs,5048
1226,06-01-2024,  FROZEN VEGETABLES,2842
1896,07-02-2025,frankfurter,3307
1151,27-11-2025,  SALTY SNACK,2557
1774,25-11-2025,salsa,2377
1278,24-07-2025,bottled water,5634
1193,23-05-2024,red wine,5388
1945,03-08-2024,frankfurter,1235
1522,25-02-2025,brown bread,4426
1095,02-06-2024,crackers,3125
1410,23-12-2024,sausage,1444
1329,08-09-2024,domestic eggs,4016
1663,14-04-2024,pasta,383
1260,13-06-2024,sausage,2437
1717,15-05-2024,citrus fruit,4027
1413,14-01-2024,rolls/buns,696
2182,11-08-2024,margarine,1098
1225,22-05-2024,napkins,4087
2195,02-04-2024,canned beer,5321
1088,08-04-2025,napkins,1135
1433,08-05-2025,sausage,2200
1666,22-03-2025,jam,4054
1120,11-04-2025,canned beer,44
1021,18-06-2025,rolls/buns,2664
1324,23-01-2025,margarine,4851
1255,22-07-2025,sugar,2369
1945,21-09-2025,salsa,4018
1422,23-09-2025,canned beer,1268
1869,10-05-2024,canned beer,4042
1513,21-11-2025,margarine,1791
1242,12-09-2024,pip fruit,1551
1679,18-09-2025,dish detergent,193
1451,20-11-2024,  PAPER TOWELS,5240
1642,14-04-2025,frozen vegetables,3557
1088,08-04-2025,soda,1135
1487,08-07-2025,citrus fruit,4244
1551,21-05-2025,canned beer,2963
2088,27-08-2025,sugar,1334
1886,02-10-2024,frankfurter,3361
1115,21-02-2024,coffee,5611
1178,09-09-2024,frozen vegetables,5948
1356,07-09-2024,napkins,35
1941,30-05-2024,pip fruit,307
2171,06-06-2024,whole milk,3152
1329,28-10-2024,canned beer,3203
1048,07-01-2025,shopping bags,3453
1276,29-08-2024,domestic eggs,2059
1274,14-03-2024,parmesan,3296
1457,17-03-2025,soda,3363
1287,04-01-2024,frozen vegetables,4153
1260,08-09-2024,  NAPKINS,4840
2152,13-12-2025,sugar,2549
2049,29-09-2024,margarine,5927
1778,05-12-2025,tropical fruit,2993
1328,15-12-2025,brown bread,62
1481,12-01-2024,pastry,4737
1709,29-12-2024,margarine,272
1278,24-07-2025,newspapers,5634
1411,15-07-2025,domestic eggs,2528
1815,07-04-2025,margarine,5271
1214,16-07-2025,canned beer,4461
1565,26-01-2024,rolls/buns,2593
1374,20-11-2024,paper towels,457
1113,21-01-2024,salsa,473
1776,09-08-2025,root vegetables,5359
1724,09-06-2024,  MARGARINE,4037
1178,06-03-2025,whole milk,2318
1872,21-05-2025,ground beef,5136
1959,30-03-2024,dish detergent,4667
1181,23-12-2024,canned beer,5491
1572,27-12-2025,curd,2662
2122,25-03-2024,newspapers,3129
1056,04-12-2025,salsa,2518
1998,20-09-2025,root vegetables,5023
1616,15-09-2025,beef,1496
1526,07-03-2024,cereal,1021
1273,26-04-2024,,4110
1941,30-05-2024,margarine,307
1272,17-04-2025,frozen vegetables,5696
1978,14-09-2025,canned beer,1037
1251,12-01-2025,crackers,1250
1487,16-10-2024,bottled water,5604
1150,05-03-2024,curd,2531
1221,15-09-2024,sausage,2808
1073,05-01-2024,salty snack,5926
1633,01-07-2024,newspapers,2909
1392,27-02-2025,whole milk,1218
2092,13-12-2024,canned beer,3692
1943,08-06-2025,canned beer,5643
1752,05-08-2024,brown bread,4168
1613,19-07-2025,cat food,4318
1893,06-11-2025,paper towels,2511
1350,13-09-2025,root vegetables,5269
1871,26-03-2025,frankfurter,1674
1043,23-01-2025,root vegetables,5403
1375,27-04-2024,,534
1108,24-11-2024,frankfurter,2851
1656,11-02-2025,canned beer,1202
1645,02-02-2025,curd,5851
1240,11-02-2025,beef,5378
1339,12-10-2025,whole milk,1152
1060,10-10-2024,newspapers,1441
2196,29-08-2025,yogurt,2686
1237,23-01-2025,napkins,3088
1293,05-04-2025,tropical fruit,251
1461,17-01-2024,rolls/buns,1159
2171,02-08-2025,margarine,3396
1672,06-08-2025,pip fruit,1764
1222,18-02-2024,ketchup,3326
2088,26-08-2024,root vegetables,3005
1562,12-01-2025,root vegetables,3523
1253,22-08-2025,whole milk,5207
1701,18-02-2024,tomato sauce,4739
1318,30-03-2025,margarine,1305
1328,20-05-2024,chocolate,3476
1087,13-01-2025,newspapers,2234
1848,20-07-2025,white bread,106
1147,30-04-2025,salty snack,3412
1666,01-05-2024,shopping bags,2237
1562,09-08-2025,newspapers,401
1194,11-02-2025,sausage,4573
1450,05-09-2024,cat food,3390
1575,02-06-2024,whole milk,4202
1765,14-10-2024,tropical fruit,878
2153,03-01-2025,yogurt,579
1242,12-09-2024,domestic eggs,1551
1588,24-06-2025,canned beer,4681
1917,25-04-2025,pastry,3809
1419,09-01-2025,white bread,2590
1173,28-05-2024,margarine,268
2007,31-12-2024,white bread,2907
1472,19-01-2024,sugar,4150
1139,13-06-2025,rolls/buns,4584
1993,01-05-2024,ground beef,789
1017,27-02-2025,cat food,1349
1709,29-12-2024,canned beer,272
2048,21-04-2025,root vegetables,2409
2027,25-02-2024,pastry,3686
1712,06-03-2024,soda,2125
1787,29-12-2025,whole milk,2321
1169,26-07-2025,rolls/buns,1010
1006,09-07-2024,soda,4141
1553,15-04-2025,root vegetables,1125
1330,19-11-2025,white bread,2216
1813,31-03-2025,sausage,5754
1149,19-08-2024,frankfurter,541
1701,18-02-2024,canned beer,4739
1268,02-07-2025,white bread,1673
1612,16-04-2025,canned beer,4856
1202,07-09-2025,tropical fruit,16
1451,29-04-2024,curd,855
1233,19-09-2024,canned beer,5157
1246,14-07-2025,frankfurter,669
2046,31-08-2025,canned beer,4256
1680,25-02-2024,canned beer,827
2071,21-07-2025,bottled water,388
1344,08-04-2025,root vegetables,2432
1893,19-04-2025,canned beer,2505
1898,02-11-2024,paper towels,3255
1182,26-12-2025,tomato sauce,3406
1790,27-05-2025,newspapers,4100
2098,01-12-2025,bottled water,1929
1075,09-09-2024,bottled water,4575
1658,15-11-2025,napkins,3567
1175,01-03-2025,canned beer,2243
1418,27-08-2024,canned beer,3443
1222,18-02-2024,rolls/buns,3326
1567,13-01-2025,canned beer,5159
1449,30-01-2025,frankfurter,5630
1289,31-10-2024,canned beer,1650
2100,12-10-2025,whole milk,1157
1906,03-05-2024,coffee,729
1536,13-11-2025,margarine,3682
2109,26-08-2025,napkins,1115
1096,17-07-2024,pasta,4331
2096,14-12-2024,frozen vegetables,5151
2089,14-08-2025,,1915
1992,17-03-2025,pastry,850
1150,05-03-2024,pasta,2531
2069,20-03-2025,curd,1092
2156,04-02-2025,diapers,2933
1311,09-12-2025,red wine,4795
1916,18-01-2024,sausage,1246
1007,21-05-2024,canned beer,2260
1708,12-02-2025,onions,5716
1304,01-05-2025,canned beer,4623
1419,09-01-2025,butter,2590
1526,15-11-2025,white bread,3036
1366,16-07-2024,margarine,2267
1323,08-10-2024,white bread,5104
2068,24-08-2025,margarine,5505
1370,03-12-2025,salty snack,4850
1344,08-04-2025,margarine,2432
1393,14-01-2025,tortillas,1836
2051,01-07-2025,onions,617
1291,22-04-2024,beef,756
1010,04-07-2024,pip fruit,3876
2128,23-07-2024,napkins,2726
1736,13-03-2025,pastry,4972
1126,21-02-2024,cat food,2473
1993,01-05-2024,white bread,789
2032,21-12-2024,ice cream,1908
1365,14-01-2025,brown bread,5936
1998,24-10-2024,canned beer,4932
1003,13-04-2025,margarine,5475
2170,06-02-2025,root vegetables,5374
1326,05-06-2025,citrus fruit,2569
1996,10-06-2024,beef,2143
1482,11-02-2024,pasta,1887
1665,11-10-2025,soda,4511
1008,05-02-2024,frankfurter,4999
1476,24-05-2024,brown bread,4294
2039,23-12-2025,bottled water,3695
1249,11-03-2024,margarine,2499
1627,27-08-2024,coffee,1620
1160,27-11-2025,pastry,4534
2194,29-11-2024,cereal,1286
1344,09-12-2025,curd,2972
1983,10-10-2025,tropical fruit,1757
2013,07-03-2025,pip fruit,3790
1512,21-05-2024,whole milk,2539
2032,21-12-2024,pasta,1908
1076,14-10-2025,white bread,26
1035,01-09-2024,tropical fruit,4698
1977,08-05-2024,tomato sauce,565
1362,06-08-2024,frankfurter,1717
2025,19-11-2024,root vegetables,2759
1312,15-12-2024,root vegetables,1079
1713,02-05-2025,paper towels,3582
1707,15-12-2025,ground beef,837
1803,11-04-2025,salsa,4477
1951,21-07-2024,frankfurter,5135
1983,11-02-2025,onions,979
1611,14-06-2025,canned beer,614
1683,06-09-2025,ketchup,4259
1137,26-07-2025,chocolate,5038
2176,28-09-2025,citrus fruit,2969
1625,09-01-2024,  ICE CREAM,4777
2126,12-05-2024,whole milk,2630
1815,07-04-2025,root vegetables,5271
1177,05-03-2024,citrus fruit,772
2046,08-04-2024,canned beer,3580
1286,12-08-2025,frankfurter,4708
1488,11-10-2024,canned beer,4035
1279,18-01-2024,canned beer,3645
1301,25-07-2025,parmesan,4322
1738,17-10-2025,root vegetables,4149
1825,28-06-2024,whole milk,5718
1029,17-06-2024,cat food,2044
1852,22-11-2025,root vegetables,3371
1607,14-07-2024,canned beer,4810
1342,23-12-2024,root vegetables,583
2105,20-03-2025,root vegetables,1121
1699,01-08-2025,frankfurter,976
1045,12-02-2025,white bread,5287
1283,05-08-2024,margarine,5361
1333,18-01-2025,newspapers,648
1825,01-04-2024,frankfurter,4977
1390,07-06-2025,canned beer,2655
1527,20-08-2024,frankfurter,421
1251,20-12-2025,bottled water,2830
1209,05-05-2025,citrus fruit,1509
1837,11-01-2024,newspapers,1513
1650,09-07-2024,frankfurter,4808
1028,13-02-2024,pastry,1410
2095,24-02-2024,red wine,5345
1204,12-11-2024,soda,5902
1743,23-04-2024,yogurt,5539
1004,15-01-2024,shopping bags,1996
1111,24-01-2024,yogurt,4496
1451,13-03-2024,white bread,4411
1436,31-03-2024,root vegetables,4720
1787,14-08-2024,salsa,3982
2065,21-10-2024,cereal,2442
1494,08-08-2025,tropical fruit,564
1754,08-10-2025,bottled water,1601
1416,22-02-2024,paper towels,4233
1234,25-06-2024,  CANNED BEER,1812
1218,02-08-2025,margarine,3425
1933,29-04-2025,cat food,5162
1720,28-07-2025,yogurt,4406
1498,28-06-2024,  TORTILLAS,3439
1842,09-10-2024,  CANNED BEER,2932
1374,09-06-2025,canned beer,4583
1031,30-10-2025,rolls/buns,2825
1053,27-03-2024,domestic eggs,1993
1942,01-02-2025,pip fruit,2595
1301,10-04-2025,white bread,5891
1018,25-10-2024,salsa,4082
1679,27-11-2025,canned beer,932
1210,31-08-2025,crackers,2372
1544,29-08-2024,tropical fruit,5480
1742,14-08-2025,margarine,1178
1381,01-04-2024,citrus fruit,5346
1290,26-02-2024,canned beer,694
1923,06-11-2024,frozen vegetables,2648
1495,08-11-2024,red wine,2792
2117,22-11-2024,napkins,3447
2079,13-08-2024,frankfurter,3220
1597,02-04-2025,  CANNED BEER,1627
1749,21-12-2024,,1849
1733,19-07-2025,root vegetables,3601
1610,07-01-2024,white bread,1678
1014,07-11-2025,root vegetables,1288
2029,22-08-2025,ice cream,4994
1692,27-10-2025,canned beer,5322
1196,11-06-2025,margarine,1154
1010,07-08-2024,  GROUND BEEF,4650
1905,27-12-2025,yogurt,3536
1571,18-07-2025,canned beer,1269
1301,13-05-2024,pip fruit,1767
1435,04-08-2024,  TROPICAL FRUIT,1548
1250,20-11-2024,frankfurter,965
1694,04-12-2024,newspapers,257
1513,17-12-2025,white bread,4235
1200,24-07-2025,bananas,5508
1531,31-01-2024,cereal,201
1130,05-04-2024,diapers,5736
2060,04-05-2024,whole milk,3410
1439,06-04-2024,frozen vegetables,1233
1003,24-02-2024,frozen vegetables,1497
1099,07-06-2024,margarine,1354
1436,01-04-2024,tortillas,894
2019,11-03-2025,whole milk,540
1403,28-03-2025,root vegetables,1238
1834,11-02-2025,margarine,384
1299,20-04-2024,pip fruit,3535
1409,20-05-2025,white bread,1369
1972,15-08-2024,margarine,893
1840,12-03-2025,paper towels,1774
1705,24-10-2025,canned beer,1097
2000,09-04-2025,chocolate,3595
1351,30-06-2024,white bread,5897
1354,06-04-2025,parmesan,1239
1489,06-04-2024,granola,4722
1615,18-06-2024,pip fruit,3866
1764,07-05-2025,white bread,5517
1406,25-04-2025,creamer,5182
1854,26-07-2024,yogurt,2198
1403,31-01-2025,curd,4997
1545,25-09-2024,margarine,1557
1653,25-02-2024,salsa,1150
2117,29-11-2025,margarine,1605
2035,04-05-2025,bananas,5074
1293,26-09-2025,parmesan,3806
1611,22-01-2024,pasta,5687
2182,10-03-2024,beef,5371
1829,18-04-2025,soda,1822
1694,04-12-2024,margarine,257
1307,10-10-2024,napkins,4117
1359,14-11-2025,hamburger meat,1978
2014,22-12-2024,margarine,707
1212,25-10-2025,frankfurter,4661
1570,14-07-2025,curd,3211
1712,22-03-2025,root vegetables,3192
2135,29-07-2025,canned beer,2441
1953,25-10-2025,tropical fruit,3780
1453,12-07-2024,root vegetables,2476
1082,30-09-2024,margarine,3646
1891,17-12-2024,salsa,806
1410,03-05-2024,whole milk,5477
2052,27-06-2025,newspapers,5249
1425,08-03-2024,white bread,328
2083,10-05-2024,canned beer,152
1782,24-02-2025,domestic eggs,3115
1856,26-01-2025,ice cream,1740
1131,07-01-2025,frankfurter,3424
1287,04-01-2024,bottled water,4153
1106,10-04-2025,frankfurter,5887
1227,07-11-2024,root vegetables,1267
1031,08-11-2024,canned beer,4852
1356,31-10-2024,soda,5856
1454,29-07-2025,whole milk,2562
2129,13-01-2024,white bread,628
1774,25-11-2025,frozen vegetables,2377
1248,11-09-2024,tomato sauce,5961
1751,28-10-2025,domestic eggs,4920
1618,16-08-2025,ground beef,1328
1251,17-11-2024,margarine,779
1221,22-02-2024,citrus fruit,2665
2117,23-01-2024,sausage,5437
2134,06-11-2024,crackers,849
1567,01-07-2025,brown bread,3637
1429,21-12-2024,whole milk,1221
1305,15-01-2024,beef,3056
1333,14-02-2025,domestic eggs,5722
1630,31-10-2025,frozen vegetables,1185
1663,12-09-2025,root vegetables,2160
1354,01-11-2025,cheese,5794
2190,13-11-2024,napkins,134
1697,29-04-2025,canned beer,3880
1537,12-11-2024,curd,2676
1559,20-12-2024,canned beer,1544
1024,08-10-2024,brown bread,3562
1382,18-12-2024,margarine,5854
1515,21-07-2025,soda,2141
1743,15-01-2024,cereal,4437
1192,02-05-2024,white bread,2019
1987,22-08-2024,salsa,5801
1326,05-06-2025,coffee,2569
1515,06-06-2024,bottled water,2353
1809,08-06-2025,ground beef,3196
1864,06-02-2024,root vegetables,4464
1247,14-08-2024,beef,1919
1891,17-12-2024,canned beer,806
1471,17-12-2024,canned beer,3238
1942,01-02-2025,salsa,2595
1235,03-03-2024,frankfurter,2583
1188,25-07-2025,citrus fruit,3207
2144,20-12-2025,tomato sauce,5589
1019,31-05-2025,root vegetables,3215
1429,21-12-2024,coffee,1221
1836,23-12-2025,pip fruit,3661
1743,04-02-2024,curd,5441
2075,17-07-2025,root vegetables,5836
2135,23-11-2024,white bread,5886
1088,29-05-2024,bottled water,465
1733,23-03-2024,canned beer,1051
1094,23-03-2025,salsa,3963
1583,13-06-2024,bananas,4998
2013,13-03-2025,margarine,3747
1431,19-09-2024,root vegetables,1006
1856,05-07-2024,cheese,5951
2141,16-05-2025,margarine,1893
1619,24-01-2025,paper towels,2407
1192,21-09-2024,frozen vegetables,4367
1121,29-02-2024,pip fruit,5241
1655,24-07-2024,  BOTTLED WATER,1196
1512,07-04-2025,bottled water,3320
1434,29-03-2025,whole milk,1602
1632,08-12-2024,salty snack,975
2021,22-10-2024,canned beer,5710
1080,18-07-2025,canned beer,239
1378,04-10-2025,tropical fruit,5044
1976,03-06-2025,creamer,2416
1140,29-06-2024,margarine,3591
1921,29-04-2025,margarine,2801
1943,11-10-2024,cat food,1048
1862,19-05-2025,jam,1047
1336,20-03-2025,cheese,5125
1476,07-02-2025,ice cream,615
1071,17-05-2024,root vegetables,1175
1714,07-11-2024,margarine,4937
1195,10-04-2025,diapers,2778
1905,07-11-2025,margarine,2392
1530,30-01-2025,tortillas,848
1471,01-02-2025,pip fruit,5089
1389,28-10-2024,tropical fruit,4929
1816,19-02-2025,whole milk,2725
1334,28-01-2025,newspapers,3513
2065,09-12-2024,curd,3914
1943,07-08-2024,yogurt,297
2112,22-04-2025,pasta,5206
2142,23-03-2025,newspapers,3482
1564,25-03-2025,yogurt,2527
2055,05-03-2025,root vegetables,1581
1718,24-02-2024,root vegetables,5205
1181,22-09-2024,onions,3668
1718,14-03-2024,bottled water,659
1089,03-02-2025,newspapers,5302
1092,19-12-2025,citrus fruit,2137
1260,02-10-2025,tomato sauce,2857
1806,06-09-2024,root vegetables,4241
2080,07-10-2025,crackers,5683
1932,18-10-2025,newspapers,5086
1630,08-09-2024,newspapers,1024
2155,10-01-2024,brown bread,2134
1261,27-08-2024,sausage,371
2025,27-07-2024,ground beef,2987
2173,30-04-2024,jam,3121
1933,16-03-2025,frozen vegetables,2063
1139,13-06-2025,citrus fruit,4584
1703,08-06-2025,salty snack,1818
2109,03-02-2025,granola,5118
1073,17-12-2024,root vegetables,3740
1010,07-08-2024,rolls/buns,4650
1963,06-02-2024,whole milk,1382
1596,18-06-2024,canned beer,547
1065,15-08-2024,margarine,1348
1891,26-07-2024,bottled water,821
1518,26-07-2024,ground beef,657
1303,09-03-2025,brown bread,5838
1409,16-03-2024,sugar,3437
1034,30-07-2025,citrus fruit,2046
1195,21-05-2024,creamer,4118
2160,08-03-2024,sausage,2746
1385,24-10-2024,newspapers,1306
1570,15-08-2025,frozen vegetables,4677
1238,29-11-2024,canned beer,3581
2152,17-10-2024,citrus fruit,5327
1328,25-07-2025,canned beer,3894
1823,06-09-2025,beef,3340
1071,27-01-2025,margarine,2585
2120,11-02-2024,whole milk,3041
1997,17-02-2025,ice cream,2226
2043,16-11-2024,canned beer,1492
1625,19-11-2025,tropical fruit,2261
1312,24-05-2025,frankfurter,1977
1621,05-01-2025,frozen vegetables,3432
1128,02-11-2024,pip fruit,5878
1683,24-06-2024,canned beer,955
1373,10-05-2024,root vegetables,1449
1612,07-12-2024,margarine,5797
1596,18-06-2024,citrus fruit,547
1899,02-01-2024,soda,5012
1544,09-05-2024,frozen vegetables,293
1300,05-04-2025,,4750
1400,28-05-2025,napkins,5192
1691,17-01-2025,tomato sauce,65
2021,10-06-2025,bananas,2827
2190,13-11-2024,chocolate,134
1486,05-03-2024,newspapers,4803
1778,11-05-2025,ketchup,4478
1627,23-12-2025,frozen vegetables,3000
1420,29-09-2024,pastry,4410
1626,22-01-2025,rolls/buns,1420
1594,07-11-2025,tomato sauce,76
1618,14-09-2024,canned beer,1506
2152,04-07-2024,canned beer,2308
1803,05-06-2024,whole milk,5935
1902,14-09-2024,frankfurter,1169
1188,18-08-2025,bananas,2396
1310,19-03-2025,salty snack,3015
1254,20-03-2025,ground beef,1398
1013,16-10-2025,cereal,5497
1223,17-12-2025,citrus fruit,2943
2153,05-02-2025,red wine,4942
2096,29-01-2024,citrus fruit,494
2147,03-05-2024,canned beer,3775
1599,25-02-2025,tomato sauce,2523
1055,14-05-2025,butter,3223
1870,15-02-2024,domestic eggs,3226
1982,17-01-2025,soda,2707
1977,08-05-2024,parmesan,565
1518,22-11-2025,bananas,4611
2046,31-08-2025,paper towels,4256
1979,13-07-2025,newspapers,4296
1222,18-02-2024,chocolate,5972
1236,28-12-2025,chocolate,3587
1516,27-10-2025,root vegetables,1223
1403,02-01-2025,bottled water,5154
2017,09-09-2024,citrus fruit,5755
1627,27-08-2024,newspapers,1620
1876,15-11-2024,crackers,2890
1478,19-04-2025,curd,4314
1685,13-04-2024,tomato sauce,3660
1631,20-08-2025,whole milk,1318
1810,01-04-2024,citrus fruit,3448
2190,08-03-2025,onions,1344
1015,18-04-2025,whole milk,2240
1973,17-09-2025,cat food,4619
1516,28-06-2025,salty snack,163
1262,14-05-2025,canned beer,2452
1975,23-05-2024,chocolate,4576
1003,24-02-2024,ketchup,1497
2010,24-06-2024,canned beer,5285
1439,01-10-2025,margarine,3055
1571,25-03-2025,whole milk,3270
1875,13-06-2024,tropical fruit,4891
1170,30-10-2025,newspapers,687
1823,27-09-2025,frankfurter,3999
1664,09-09-2024,bottled water,3438
1692,15-11-2025,margarine,423
1812,17-09-2025,jam,2093
1526,08-07-2024,whole milk,4647
1030,07-11-2025,canned beer,42
1655,04-06-2024,frankfurter,1776
1235,03-03-2024,tropical fruit,2583
1179,19-11-2025,domestic eggs,3720
1182,30-04-2024,sugar,219
2008,23-07-2025,root vegetables,1763
1933,15-09-2025,curd,5568
1137,06-04-2024,domestic eggs,5819
1815,27-10-2024,tropical fruit,3630
1488,15-04-2024,canned beer,2174
1461,17-01-2024,sausage,1159
1537,02-10-2025,onions,5294
1077,09-08-2024,margarine,1465
1988,17-07-2024,frozen vegetables,1906
1306,23-05-2024,whole milk,4789
1645,02-02-2025,sausage,5851
1148,03-12-2025,,3654
1600,27-08-2024,margarine,5094
1642,10-07-2024,tropical fruit,4000
1210,31-08-2025,margarine,2372
1310,19-03-2024,salty snack,3522
1304,17-12-2025,whole milk,1273
1296,14-03-2025,salty snack,4539
1064,19-03-2024,rolls/buns,3990
1518,26-07-2024,tortillas,657
1631,05-12-2024,cat food,888
1734,06-10-2025,granola,4384
2155,09-07-2025,canned beer,3346
1352,04-10-2024,sausage,991
1709,20-12-2025,soda,1624
1434,27-01-2025,cheese,54
1011,21-11-2025,curd,1161
1304,15-09-2024,diapers,3369
1370,16-03-2025,citrus fruit,5416
1351,01-11-2024,margarine,5812
1034,09-03-2024,frankfurter,1204
1189,23-01-2025,tortillas,741
1468,02-01-2025,rolls/buns,3394
1411,21-08-2024,root vegetables,2537
1370,02-04-2024,newspapers,3477
2061,30-10-2024,whole milk,4561
1104,23-06-2024,canned beer,5849
2044,05-07-2024,whole milk,1107
1787,14-08-2024,white bread,3982
1859,18-02-2024,soda,4725
1887,24-08-2024,canned beer,3783
1570,21-03-2024,bottled water,3450
1797,14-01-2024,soda,3430
1744,31-07-2025,yogurt,5414
2154,28-12-2025,citrus fruit,5562
1742,03-04-2025,root vegetables,173
1221,18-05-2025,root vegetables,4063
2003,15-02-2024,root vegetables,3180
2033,24-01-2025,margarine,3492
1306,23-05-2024,canned beer,4789
1906,30-01-2025,ground beef,90
2019,14-05-2025,pastry,3613
1264,06-12-2025,rolls/buns,5998
1296,20-08-2025,chocolate,5988
1793,09-02-2025,tomato sauce,2381
1527,01-07-2025,tortillas,795
1493,16-05-2025,ground beef,379
1209,16-08-2025,bottled water,3819
1081,06-10-2025,salsa,3139
1861,08-04-2025,chocolate,3610
1960,20-02-2025,white bread,1731
2083,27-11-2025,newspapers,2367
1142,25-08-2024,ketchup,4926
1122,21-11-2024,chocolate,2355
1967,02-01-2025,white bread,2025
1343,06-02-2024,white bread,4936
1317,04-10-2025,whole milk,833
1505,08-01-2024,frankfurter,4360
1992,23-10-2024,onions,4956
2063,28-03-2024,tropical fruit,1145
1140,11-03-2024,margarine,3762
1561,28-04-2024,salty snack,4128
1604,12-10-2025,white bread,926
1796,22-05-2024,domestic eggs,2922
1128,19-10-2024,root vegetables,4843
1588,28-07-2025,  DOMESTIC EGGS,1336
1718,04-07-2024,frankfurter,1002
1070,16-05-2024,bottled water,2008
2141,14-09-2025,ice cream,4536
2153,05-02-2025,whole milk,4942
1090,08-07-2025,tortillas,5686
1943,11-10-2024,frozen vegetables,1048
1014,06-04-2024,coffee,3102
1748,20-10-2024,  YOGURT,1529
1434,24-06-2024,diapers,3486
2097,28-05-2024,chocolate,1130
1217,11-07-2025,ketchup,1702
1921,14-02-2024,chips,1468
1065,17-10-2024,whole milk,5448
1744,25-09-2024,ketchup,2526
1935,03-12-2024,bottled water,5397
2080,08-01-2025,domestic eggs,49
1579,01-05-2024,canned beer,2694
2155,15-06-2025,root vegetables,1810
1137,20-11-2024,white bread,210
1348,04-05-2025,salty snack,4267
1405,10-09-2025,white bread,1333
1569,17-08-2025,canned beer,2874
2166,21-01-2025,canned beer,1353
1536,16-11-2024,canned beer,3065
2075,25-08-2025,whole milk,1538
1782,02-04-2025,pastry,2596
1952,14-01-2025,margarine,3151
1318,08-11-2025,butter,304
1101,11-01-2024,margarine,1463
1704,08-09-2025,canned beer,4348
1799,27-10-2025,bottled water,5640
1510,27-03-2024,margarine,4533
1877,14-07-2024,curd,454
1875,26-05-2025,canned beer,4261
1903,11-10-2024,whole milk,5803
1181,18-09-2024,tropical fruit,4482
1527,26-11-2025,  FRANKFURTER,5596
1146,23-07-2025,margarine,1845
1682,21-02-2024,canned beer,5239
1378,22-07-2025,beef,3964
1031,30-10-2025,  KETCHUP,2825
1187,26-08-2025,diapers,2060
2013,13-01-2024,parmesan,1723
1217,24-01-2024,rolls/buns,1525
1916,28-12-2024,white bread,5071
1687,21-04-2024,canned beer,4060
1357,19-04-2024,citrus fruit,4099
2051,17-02-2025,root vegetables,2879
1858,18-07-2024,root vegetables,3676
1910,16-05-2024,parmesan,4507
1787,30-08-2025,onions,4349
1282,06-08-2024,rolls/buns,88
1732,18-06-2024,chocolate,3039
1395,09-11-2025,newspapers,5729
2090,20-02-2024,sausage,4873
1815,31-10-2025,newspapers,1184
2075,17-04-2024,margarine,5390
1296,12-04-2025,frozen vegetables,3449
1439,26-04-2025,newspapers,3008
2026,27-12-2024,cat food,5983
1960,29-01-2025,canned beer,4836
1861,05-11-2025,margarine,3071
1073,24-07-2025,white bread,1296
1885,25-06-2024,margarine,1962
1716,23-04-2024,pip fruit,1875
1296,06-07-2024,,1197
1998,05-09-2025,citrus fruit,5594
1247,26-10-2024,tropical fruit,5520
1471,08-09-2024,newspapers,5341
1930,18-01-2024,pip fruit,2061
2071,21-07-2025,canned beer,388
1857,27-10-2024,beef,1590
1223,28-02-2025,root vegetables,3020
1423,10-10-2024,canned beer,4155
2092,10-06-2024,chocolate,1667
1342,04-08-2025,canned beer,4021
1925,09-02-2024,shopping bags,1421
1331,27-05-2024,margarine,1517
2059,20-04-2024,,2298
1801,03-08-2025,salsa,4038
1185,28-11-2025,sausage,3471
2167,27-06-2025,curd,544
1206,19-10-2025,sausage,503
2062,31-03-2024,,4767
2093,16-09-2024,frozen vegetables,4833
2164,05-06-2024,chocolate,2343
1057,04-04-2024,frozen vegetables,3317
2137,06-09-2025,white bread,5680
2101,11-01-2025,beef,5305
1912,17-08-2025,dish detergent,3741
2143,10-02-2025,frozen vegetables,747
1481,12-01-2024,,4737
1353,16-12-2024,pastry,761
1510,24-07-2024,whole milk,603
1780,17-08-2025,canned beer,2996
2181,31-05-2025,chocolate,2031
2086,07-01-2024,margarine,4887
1255,07-09-2024,coffee,2173
1036,21-11-2024,salty snack,4351
1213,07-03-2025,margarine,3428
1220,09-01-2024,root vegetables,3527
1260,29-04-2025,bananas,3218
1537,25-05-2024,canned beer,4727
1645,15-12-2024,granola,5667
1683,24-06-2024,napkins,955
1014,21-04-2025,canned beer,2735
1833,02-06-2024,frozen vegetables,4309
1667,18-04-2025,brown bread,2854
1133,15-05-2024,parmesan,2012
1549,03-12-2025,canned beer,1240
1961,04-02-2024,salsa,1438
1003,02-11-2024,newspapers,4285
2166,30-12-2025,canned beer,1926
1214,02-05-2024,newspapers,1659
1373,02-11-2024,pastry,3766
1518,25-10-2025,pasta,5905
1869,17-10-2024,yogurt,1345
1280,03-03-2024,root vegetables,571
2093,16-09-2024,tropical fruit,4833
1885,18-03-2025,curd,4860
1134,02-04-2025,newspapers,3870
1946,30-06-2025,canned beer,5344
1623,05-01-2025,salty snack,3158
1254,13-09-2025,chocolate,1527
2041,09-01-2024,canned beer,3274
1347,10-03-2025,shopping bags,5874
1055,22-11-2024,frozen vegetables,1524
1070,27-09-2024,canned beer,5443
1434,24-06-2024,salsa,3486
1983,16-06-2025,white bread,3753
1565,31-08-2025,tropical fruit,4715
1778,17-05-2025,ice cream,1433
1204,23-03-2025,brown bread,5334
2091,12-04-2025,creamer,5954
1352,31-01-2024,parmesan,4707
1541,21-11-2024,root vegetables,5035
1812,06-02-2024,napkins,759
1899,29-05-2024,onions,2331
1743,23-04-2024,  SODA,5539
1614,17-08-2024,frankfurter,118
1668,22-03-2025,white bread,2763
2119,18-04-2024,paper towels,4678
1367,30-09-2024,hamburger meat,2010
1019,03-09-2025,whole milk,2326
1174,26-07-2025,bottled water,3864
1488,10-08-2025,tropical fruit,3098
1864,17-09-2025,whole milk,658
2119,18-03-2025,napkins,2184
2087,01-11-2024,domestic eggs,5600
1128,06-10-2024,brown bread,4901
2068,03-03-2025,tortillas,5011
1315,25-09-2025,salsa,3347
1163,17-03-2025,chocolate,4645
1102,29-08-2024,newspapers,324
1232,08-06-2025,sausage,2598
1512,24-09-2024,domestic eggs,1404
1074,23-11-2024,paper towels,4755
1161,13-06-2024,tomato sauce,5921
1792,14-04-2024,domestic eggs,160
1797,22-03-2025,salsa,3611
1722,02-08-2024,root vegetables,704
1296,02-08-2024,pasta,2696
1019,21-12-2025,bananas,376
1509,24-05-2024,tomato sauce,2402
1087,16-05-2025,brown bread,4052
2050,18-05-2025,whole milk,607
1587,29-05-2025,soda,5059
2163,29-08-2025,frozen vegetables,5822
1876,15-11-2024,tropical fruit,2890
1597,04-03-2025,pip fruit,1851
2138,25-11-2025,margarine,4904
1461,09-06-2024,root vegetables,4865
1852,25-01-2024,crackers,5357
2097,28-05-2024,canned beer,1130
1927,31-12-2024,rolls/buns,154
1812,20-09-2025,tomato sauce,5108
1146,06-12-2024,ketchup,116
1820,18-07-2024,canned beer,1878
1454,04-06-2025,red wine,3022
2045,03-01-2024,napkins,5591
2026,27-12-2024,frankfurter,5983
1064,01-04-2024,cat food,2671
2136,01-12-2025,  BROWN BREAD,5181
2167,13-11-2025,ice cream,4775
1961,30-04-2024,newspapers,3712
1451,13-03-2024,salty snack,4411
2152,09-02-2024,brown bread,783
1732,02-06-2025,chocolate,3053
1193,03-12-2025,white bread,807
2090,20-02-2024,canned beer,4873
1998,24-10-2024,dish detergent,4932
1997,13-06-2024,canned beer,2752
1948,04-12-2024,domestic eggs,4602
1179,14-10-2024,curd,3048
1719,06-02-2024,onions,2898
1400,11-08-2025,root vegetables,4664
1199,18-10-2025,cereal,2478
1050,04-03-2025,yogurt,3529
1151,15-08-2025,canned beer,5597
1467,09-12-2025,bananas,4912
1891,26-07-2024,frankfurter,821
1330,27-10-2025,curd,1352
1486,05-01-2025,crackers,1163
1973,16-01-2024,bottled water,3823
2013,13-01-2024,  PASTA,1723
1159,05-12-2024,root vegetables,3863
1852,22-11-2025,newspapers,3371
2034,29-05-2025,canned beer,4013
1720,25-06-2025,sausage,364
1116,20-03-2025,pip fruit,5424
1551,23-05-2025,curd,3379
1384,29-11-2025,margarine,1346
1099,19-12-2025,beef,2484
1470,25-03-2024,cat food,5338
1681,04-09-2024,white bread,3534
1845,09-10-2025,canned beer,493
1984,01-03-2024,soda,4075
2179,22-01-2025,napkins,5450
1232,08-06-2025,canned beer,2598
1717,15-09-2025,frankfurter,2790
1282,05-06-2024,cereal,4449
1865,21-01-2024,beef,5975
1198,10-11-2025,root vegetables,5172
1356,03-02-2025,white bread,1828
1826,30-07-2025,salty snack,5299
1126,21-02-2024,chips,2473
2065,21-10-2024,whole milk,2442
1194,30-09-2024,root vegetables,3804
1156,01-08-2024,soda,3671
2146,27-07-2025,ice cream,2382
1091,20-05-2025,brown bread,1534
2193,26-08-2025,newspapers,2009
1156,24-02-2024,canned beer,5786
1139,28-06-2024,whole milk,4022
2187,21-07-2024,salsa,3623
1819,11-06-2025,yogurt,1897
1316,29-10-2025,canned beer,865
1216,16-11-2024,margarine,1093
1754,17-04-2024,root vegetables,93
1816,05-12-2024,salsa,1459
1622,14-10-2025,whole milk,750
1312,24-05-2025,cat food,1977
1679,24-01-2025,napkins,2813
1470,24-07-2025,dish detergent,841
2106,26-03-2024,pastry,2201
2140,21-11-2024,dish detergent,3771
1291,05-07-2024,salsa,4251
2043,19-03-2024,napkins,2469
1365,01-04-2025,domestic eggs,5934
1193,15-02-2025,soda,2380
1408,09-02-2024,onions,5224
2144,28-09-2024,shopping bags,2210
2003,24-07-2024,sausage,4622
1171,23-05-2024,salty snack,438
2182,10-03-2024,tortillas,5371
1523,24-02-2025,root vegetables,1180
1085,30-11-2024,bottled water,135
1060,08-10-2024,citrus fruit,5367
1762,22-04-2025,onions,4691
2010,28-02-2024,whole milk,5386
1181,21-01-2024,tropical fruit,4685
1831,22-11-2025,shopping bags,3847
2065,21-10-2024,  BROWN BREAD,2442
1087,03-07-2024,white bread,5540
1723,05-08-2025,citrus fruit,2309
1739,18-06-2024,pip fruit,5631
2065,23-03-2025,canned beer,4588
1678,07-04-2025,creamer,2513
1253,07-07-2024,margarine,3431
1142,25-08-2024,pastry,4926
1029,28-11-2025,napkins,180
1192,04-11-2024,whole milk,5534
1616,15-09-2025,margarine,1496
1238,31-10-2024,cat food,4968
1096,17-07-2024,margarine,4331
1220,04-03-2024,ketchup,2576
1161,13-02-2024,shopping bags,5411
2056,11-02-2024,root vegetables,2305
1895,26-11-2024,frankfurter,5446
1060,12-01-2025,cereal,600
1140,10-06-2024,frankfurter,2223
1532,08-02-2025,beef,1485
1251,09-05-2024,citrus fruit,1486
1297,25-08-2025,citrus fruit,5531
1502,26-04-2024,root vegetables,5867
1622,10-03-2024,dish detergent,79
1969,20-07-2024,white bread,1320
1024,08-07-2025,salty snack,2645
1352,18-10-2024,dish detergent,2356
1775,26-08-2025,tropical fruit,4990
1264,23-12-2025,ketchup,2893
1549,14-09-2024,pastry,1507
1168,15-02-2025,paper towels,1682
1894,24-09-2025,canned beer,4800
1178,05-06-2024,root vegetables,627
1032,31-05-2024,yogurt,2468
1366,28-05-2024,chocolate,634
1349,28-12-2025,shopping bags,3475
1106,29-03-2025,chocolate,630
1268,19-02-2025,whole milk,2762
1840,05-09-2024,tropical fruit,1285
2177,11-12-2024,newspapers,3459
1564,03-06-2024,red wine,3281
2005,11-07-2024,canned beer,636
1539,13-06-2024,margarine,5899
1575,02-06-2024,jam,4202
1509,02-12-2025,frankfurter,5773
1445,22-07-2024,root vegetables,4945
1169,26-07-2025,whole milk,1010
1312,28-03-2024,whole milk,2455
1366,01-02-2025,canned beer,4425
1070,11-09-2024,parmesan,129
2070,12-10-2025,soda,4552
1155,23-08-2024,frankfurter,5895
1200,20-05-2024,tropical fruit,560
1011,21-11-2025,white bread,1161
1043,09-11-2024,bottled water,4089
2194,25-09-2025,brown bread,1217
1893,16-07-2024,citrus fruit,231
1306,07-10-2025,citrus fruit,676
1653,09-03-2025,canned beer,244
1005,23-06-2025,white bread,4872
1689,23-03-2024,newspapers,2149
2050,17-01-2025,tropical fruit,68
1976,28-05-2025,root vegetables,482
1229,24-05-2025,root vegetables,3919
1869,10-05-2024,margarine,4042
1927,08-05-2024,newspapers,270
1676,19-05-2025,canned beer,3402
1328,15-12-2025,citrus fruit,62
2114,24-05-2024,,874
1081,23-08-2024,margarine,4745
1319,06-10-2024,brown bread,2704
1822,01-03-2024,citrus fruit,5746
1301,29-05-2025,root vegetables,1698
1425,19-07-2024,frankfurter,5176
1700,28-11-2025,white bread,643
1164,05-09-2024,margarine,3001
1314,07-11-2024,margarine,2204
1059,10-12-2024,margarine,790
1820,22-02-2024,paper towels,316
1393,14-01-2025,margarine,1836
1463,05-08-2024,  ONIONS,4863
1161,29-02-2024,root vegetables,3137
1148,03-12-2025,napkins,3654
1301,29-05-2025,citrus fruit,1698
1195,17-01-2025,white bread,3960
1140,29-06-2024,citrus fruit,3591
1507,18-01-2024,salsa,3726
1133,12-08-2025,ketchup,3481
1107,12-08-2024,onions,4298
1250,27-05-2024,chocolate,365
2046,08-04-2024,soda,3580
1861,05-11-2025,citrus fruit,3071
1095,04-06-2025,canned beer,4728
1398,23-10-2025,onions,822
2185,26-03-2024,yogurt,2934
1778,08-09-2025,newspapers,1691
2104,01-02-2024,root vegetables,1841
1898,09-12-2024,canned beer,5620
1976,06-05-2024,bottled water,871
1081,25-09-2024,curd,350
1989,31-10-2024,canned beer,1253
1004,25-06-2024,white bread,673
1043,22-04-2024,margarine,4438
2013,16-04-2024,pasta,313
1403,31-01-2025,canned beer,4997
1024,08-10-2024,cereal,3562
2034,28-04-2025,whole milk,2340
1331,28-11-2024,curd,4898
1324,16-07-2024,bottled water,2249
1338,20-01-2025,white bread,2550
1223,02-08-2024,bananas,5699
1720,28-07-2025,citrus fruit,4406
1195,21-05-2024,cat food,4118
1189,21-04-2025,sausage,942
1375,27-08-2025,frankfurter,2217
1339,18-07-2024,whole milk,3105
1542,05-06-2025,ground beef,5924
1689,13-04-2024,bottled water,5802
1447,04-11-2024,curd,4206
1671,20-08-2024,salty snack,397
2090,29-07-2025,salsa,5647
1394,09-09-2024,whole milk,1854
1084,24-01-2024,onions,46
1377,05-07-2025,pastry,4465
1486,05-01-2025,newspapers,1163
1254,22-12-2025,margarine,4096
1660,30-03-2025,canned beer,4181
1405,10-09-2025,pastry,1333
1995,01-11-2025,canned beer,1846
1403,23-10-2025,bananas,3451
1735,14-08-2025,margarine,5645
1748,01-08-2025,canned beer,2051
1798,12-10-2024,tropical fruit,2003
1465,15-09-2024,newspapers,2281
1579,27-08-2025,newspapers,5827
2180,24-03-2024,onions,3119
1090,29-01-2024,cat food,1461
1318,31-05-2025,newspapers,731
2078,13-03-2025,whole milk,2722
1109,21-05-2024,salty snack,2087
1188,20-10-2024,pastry,2533
1538,26-09-2025,bananas,5932
1436,01-04-2024,cat food,894
1713,15-07-2025,shopping bags,3411
1164,01-10-2024,salty snack,105
1331,28-11-2024,pastry,4898
1480,09-01-2024,newspapers,1283
1276,26-03-2024,margarine,2708
1563,10-03-2025,canned beer,4916
1854,25-08-2024,white bread,3184
1548,10-08-2024,chocolate,1189
2097,24-05-2024,canned beer,476
1969,31-07-2025,cereal,5018
1261,20-08-2025,root vegetables,2931
1939,07-06-2024,whole milk,4072
1734,02-05-2025,canned beer,2618
1982,20-04-2024,bottled water,2400
1958,28-02-2025,citrus fruit,767
1587,21-06-2024,ground beef,2889
1679,03-01-2025,pip fruit,156
1930,26-05-2024,citrus fruit,433
1433,13-09-2025,salsa,2330
1101,11-01-2024,root vegetables,1463
1773,21-01-2025,frozen vegetables,1710
1217,11-07-2025,root vegetables,1702
1707,15-12-2025,tortillas,837
2034,29-05-2025,  ROOT VEGETABLES,4013
1304,01-05-2025,pip fruit,4623
2138,25-11-2025,citrus fruit,4904
2089,24-10-2025,root vegetables,223
1593,08-01-2025,canned beer,5199
1009,29-03-2024,sausage,3035
1418,25-08-2024,canned beer,1264
2060,31-05-2024,root vegetables,1528
1860,27-02-2024,dish detergent,708
1437,25-09-2025,frankfurter,490
2180,15-02-2025,hamburger meat,4227
2185,09-07-2025,salsa,1114
1963,06-02-2024,bottled water,1382
1991,16-04-2025,whole milk,2684
1611,14-06-2025,margarine,614
1425,19-07-2024,margarine,5176
2079,20-04-2024,canned beer,734
2135,13-11-2025,newspapers,4051
1858,18-07-2024,paper towels,3676
1829,07-09-2025,margarine,3578
1194,17-03-2025,sausage,1570
1013,16-10-2025,root vegetables,5497
1788,01-08-2025,frozen vegetables,2320
2089,02-11-2024,curd,458
1158,07-11-2024,canned beer,542
1627,10-12-2024,root vegetables,1339
1605,07-09-2025,newspapers,3989
2039,29-01-2025,margarine,1141
1709,26-12-2025,rolls/buns,2424
1794,25-04-2024,root vegetables,117
2015,01-04-2025,frankfurter,5447
2055,09-01-2024,rolls/buns,3261
1018,20-07-2024,root vegetables,764
1693,23-10-2025,frankfurter,1881
1416,10-09-2025,beef,5384
2008,07-02-2025,yogurt,3090
1248,10-08-2025,pip fruit,5126
2007,31-12-2024,yogurt,2907
1002,03-11-2024,salty snack,5262
1723,05-02-2024,chocolate,4458
1753,07-12-2024,crackers,3755
1776,09-08-2025,napkins,5359
1450,09-09-2025,brown bread,3442
2157,04-11-2025,margarine,2379
1752,22-12-2024,root vegetables,1007
1812,24-05-2024,beef,4714
1994,29-12-2025,root vegetables,1502
1929,01-01-2024,root vegetables,3136
1342,23-12-2024,canned beer,583
1494,30-12-2025,shopping bags,3770
1912,15-04-2024,domestic eggs,3554
2088,26-08-2024,napkins,3005
1427,30-01-2024,root vegetables,5552
1428,21-07-2024,cheese,930
2021,22-10-2024,bottled water,5710
1470,25-02-2025,domestic eggs,3684
2116,02-12-2025,soda,886
1941,13-10-2025,citrus fruit,526
2036,24-05-2024,rolls/buns,1414
2008,26-08-2025,frozen vegetables,1687
2003,09-05-2024,diapers,1478
1360,24-10-2025,whole milk,5701
2056,11-02-2024,domestic eggs,2305
1006,06-07-2024,brown bread,3887
2171,06-06-2024,margarine,3152
1587,14-08-2024,onions,5558
1213,07-03-2025,canned beer,3428
1133,15-05-2024,canned beer,2012
1232,30-08-2024,newspapers,5343
1794,20-01-2024,chocolate,2425
1978,03-01-2024,canned beer,1158
1375,28-11-2024,margarine,3767
1656,20-01-2025,red wine,4606
1324,18-01-2025,root vegetables,463
1850,26-07-2025,onions,5476
1707,15-12-2025,paper towels,837
1014,21-04-2025,butter,2735
1906,18-08-2024,brown bread,1604
1883,02-12-2025,ketchup,429
2075,17-07-2025,dish detergent,5836
1636,24-07-2024,yogurt,1343
1746,19-11-2025,,5221
1865,10-03-2024,frankfurter,3155
1167,05-10-2024,dish detergent,2385
1682,21-02-2024,bottled water,5239
2017,14-02-2024,pastry,4746
1832,16-02-2024,jam,5091
1410,23-12-2024,domestic eggs,1444
1891,11-05-2025,canned beer,456
1952,14-01-2025,canned beer,3151
1109,21-05-2024,white bread,2087
2016,26-08-2024,margarine,4415
1418,29-04-2024,onions,4892
2056,16-08-2024,newspapers,1556
2021,26-10-2024,pastry,101
2138,19-07-2024,white bread,5855
1752,22-12-2024,canned beer,1007
1065,08-02-2024,crackers,2968
1091,19-01-2025,domestic eggs,4886
1959,30-03-2024,paper towels,4667
1280,02-03-2024,  WHOLE MILK,3808
1994,03-11-2024,root vegetables,5211
1347,10-03-2025,canned beer,5874
1010,07-08-2024,tortillas,4650
1293,26-09-2025,dish detergent,3806
1946,08-08-2024,white bread,5261
1332,14-03-2024,salty snack,1707
1649,02-09-2024,white bread,1704
1224,06-06-2024,sausage,5674
1742,14-08-2025,frozen vegetables,1178
1603,31-05-2024,paper towels,2737
1345,08-11-2025,  CANNED BEER,1355
1241,09-01-2025,creamer,4570
1151,29-10-2025,citrus fruit,5883
1940,12-08-2025,bottled water,2574
1978,14-09-2025,margarine,1037
1052,27-03-2024,frozen vegetables,3749
1023,09-05-2025,newspapers,3856
1102,29-08-2024,salty snack,324
1403,23-10-2025,salty snack,3451
1511,12-05-2025,margarine,646
1132,03-11-2025,pastry,5270
2174,11-11-2024,newspapers,1718
1339,07-01-2025,canned beer,957
2166,31-03-2025,whole milk,3563
1495,08-11-2024,shopping bags,2792
1504,23-06-2024,hamburger meat,5485
1123,04-09-2024,canned beer,2183
1859,29-06-2025,white bread,1272
2043,06-04-2025,white bread,3257
2152,18-03-2025,  WHOLE MILK,1214
1593,14-02-2025,margarine,1377
2192,21-11-2024,granola,5587
1836,06-04-2025,brown bread,5868
1685,31-10-2025,root vegetables,5536
1703,21-06-2024,canned beer,2026
1344,09-12-2025,canned beer,2972
1861,05-11-2025,bottled water,3071
1908,27-01-2025,curd,1066
2057,08-03-2025,napkins,4109
1353,11-11-2025,canned beer,3172
2173,10-06-2024,frankfurter,3416
1490,18-12-2024,cereal,5189
1191,06-03-2024,root vegetables,4480
1649,04-03-2024,chips,0
2121,14-04-2025,margarine,1430
1833,12-05-2024,margarine,4014
1315,25-09-2025,canned beer,3347
1037,02-02-2025,butter,255
2090,23-10-2025,rolls/buns,4295
1499,20-08-2024,pasta,3853
1327,08-05-2025,citrus fruit,3153
1068,17-06-2024,domestic eggs,1351
1409,07-08-2025,margarine,1147
1567,14-03-2024,bottled water,66
2142,17-08-2024,creamer,1888
1545,26-09-2025,margarine,5808
1666,31-01-2024,whole milk,2579
1649,12-02-2025,red wine,3807
1866,22-03-2024,root vegetables,3148
2145,13-05-2025,canned beer,362
1242,12-09-2024,citrus fruit,1551
2062,31-03-2024,canned beer,4767
1142,28-05-2025,paper towels,1222
1060,08-10-2024,frozen vegetables,5367
1767,03-12-2024,tomato sauce,4674
1858,14-05-2025,rolls/buns,5281
1981,20-01-2024,root vegetables,1565
2085,10-01-2024,,3183
1450,23-06-2025,domestic eggs,5031
1370,02-04-2024,hamburger meat,3477
1211,22-12-2025,whole milk,3794
1025,21-03-2025,canned beer,1622
1719,08-01-2024,yogurt,2844
2173,30-04-2024,citrus fruit,3121
2119,08-02-2025,whole milk,4270
2030,28-02-2024,citrus fruit,1469
1885,10-01-2024,white bread,259
1891,11-05-2025,margarine,456
1741,12-04-2024,pastry,4041
1791,28-07-2024,ice cream,2556
1304,26-12-2025,cat food,1578
1873,01-08-2024,hamburger meat,1059
1645,14-01-2025,domestic eggs,246
1989,11-05-2025,yogurt,1447
1221,19-04-2024,margarine,3965
2005,12-12-2025,white bread,718
1836,06-04-2025,newspapers,5868
1181,22-09-2024,newspapers,3668
1354,01-11-2025,red wine,5794
1164,05-09-2024,tomato sauce,3001
1191,19-02-2024,curd,3659
1812,06-02-2024,margarine,759
2010,19-01-2025,citrus fruit,5358
1852,22-03-2025,cat food,1539
1170,30-10-2025,whole milk,687
1108,04-08-2025,sausage,1304
2090,14-03-2025,whole milk,3283
1838,08-07-2024,margarine,4158
1644,03-08-2024,pip fruit,3388
1511,08-09-2025,soda,2877
1465,31-01-2024,frankfurter,1388
1071,06-09-2024,whole milk,354
1390,06-05-2025,salty snack,298
1631,18-09-2025,butter,4655
1722,02-08-2024,salsa,704
1162,03-11-2024,canned beer,4971
1535,10-12-2025,margarine,5137
1374,11-07-2024,rolls/buns,3478
1062,28-01-2025,tortillas,4839
2147,13-02-2024,frankfurter,5532
1932,12-11-2024,rolls/buns,2462
1404,01-12-2024,whole milk,2702
2142,01-11-2025,margarine,4317
2124,21-05-2024,bottled water,3210
1903,09-03-2024,root vegetables,5423
1799,16-09-2025,ice cream,3355
2059,14-09-2025,rolls/buns,3897
1802,07-02-2025,whole milk,2831
1872,06-11-2025,frankfurter,4123
1391,29-09-2025,canned beer,4312
1288,06-03-2025,brown bread,3815
1395,04-04-2024,frozen vegetables,2132
1899,29-05-2024,root vegetables,2331
1919,01-10-2025,margarine,5431
1294,14-11-2024,napkins,4807
1666,22-03-2025,butter,4054
2080,20-02-2025,butter,1069
1253,18-03-2025,tomato sauce,4761
1288,11-01-2024,coffee,2334
1498,25-07-2025,butter,2995
1461,17-01-2024,ketchup,1159
2175,21-04-2025,whole milk,4557
1368,30-01-2024,napkins,69
1567,14-03-2024,canned beer,66
1614,17-06-2024,newspapers,2606
2154,08-01-2025,chocolate,2560
1502,11-03-2024,salty snack,55
1163,13-05-2024,butter,939
1724,03-07-2025,root vegetables,5709
1034,09-03-2024,canned beer,1204
1236,16-03-2025,sausage,1257
2194,01-12-2024,  ROOT VEGETABLES,1599
1946,02-01-2025,canned beer,2611
1963,20-10-2024,dish detergent,5293
1199,20-11-2024,newspapers,892
1981,31-08-2025,salty snack,760
1436,01-04-2024,crackers,894
1676,07-05-2024,whole milk,1201
1175,20-04-2024,granola,5772
1137,20-11-2024,canned beer,210
1498,25-04-2024,frankfurter,5721
1694,01-11-2025,root vegetables,3556
1979,06-03-2024,diapers,2706
1646,07-03-2024,brown bread,5034
1254,17-08-2025,frankfurter,4957
1980,26-12-2024,newspapers,3851
2056,16-10-2024,citrus fruit,1219
1911,15-04-2024,rolls/buns,1375
1893,07-10-2024,salty snack,3792
1562,03-10-2025,  BOTTLED WATER,4178
2179,27-05-2025,sausage,1025
1463,08-12-2025,frankfurter,3194
2190,27-07-2025,bananas,4799
1177,16-03-2025,root vegetables,2006
1192,08-12-2025,onions,3972
1064,19-03-2024,bottled water,3990
1558,01-06-2024,  SAUSAGE,2861
2179,21-12-2024,canned beer,3955
1409,07-08-2025,pip fruit,1147
1755,29-04-2025,newspapers,2751
1603,20-02-2024,tortillas,2118
1665,15-07-2024,cat food,1358
1278,27-09-2025,salsa,2032
1884,11-03-2025,canned beer,4854
1806,15-02-2024,butter,5142
2118,18-04-2024,root vegetables,1033
1965,10-01-2025,bananas,3491
1159,22-07-2025,chocolate,836
1308,25-03-2025,margarine,1237
1226,09-05-2025,margarine,3899
2146,10-11-2025,margarine,2082
1538,26-09-2025,white bread,5932
2046,31-08-2025,root vegetables,4256
1984,06-07-2024,  PASTRY,3242
2101,11-01-2025,salty snack,5305
2105,17-11-2024,pip fruit,545
1220,29-08-2025,canned beer,4757
2149,09-03-2025,newspapers,4086
1134,02-04-2025,  CANNED BEER,3870
1254,20-03-2025,salsa,1398
2010,19-01-2025,brown bread,5358
1575,06-10-2025,margarine,5196
1251,25-08-2025,cheese,2262
1031,12-07-2025,margarine,3816
2021,10-06-2025,yogurt,2827
2067,10-12-2025,frozen vegetables,4828
1752,05-08-2024,domestic eggs,4168
1392,27-02-2025,newspapers,1218
1812,06-02-2024,canned beer,759
1834,15-10-2024,cereal,4784
1418,09-10-2024,whole milk,4067
1627,29-03-2025,tomato sauce,2633
1746,19-11-2025,shopping bags,5221
2084,17-11-2024,bottled water,430
1175,20-04-2024,beef,5772
2125,04-05-2025,beef,5376
2139,27-08-2025,canned beer,5248
1803,05-12-2025,rolls/buns,4189
1476,10-03-2025,newspapers,1980
1531,07-11-2025,  GRANOLA,884
1078,20-04-2024,domestic eggs,3620
1829,07-09-2025,root vegetables,3578
1316,27-09-2024,tortillas,1794
1833,21-04-2024,whole milk,2222
2103,27-11-2025,salsa,4058
1536,09-03-2024,parmesan,3586
1361,18-08-2024,bottled water,2039
1662,15-08-2025,paper towels,1094
1932,30-12-2025,pasta,697
1319,15-11-2024,ground beef,828
1666,31-01-2024,sausage,2579
1085,29-08-2024,bottled water,5888
2137,29-04-2024,  CREAMER,4064
2072,04-11-2024,citrus fruit,670
1684,05-04-2024,canned beer,5563
1409,16-07-2024,root vegetables,2335
1937,05-08-2024,onions,2509
1523,04-02-2024,tropical fruit,698
1565,30-05-2024,canned beer,3314
1319,15-11-2024,tortillas,828
2079,21-10-2024,frozen vegetables,4139
1793,12-11-2024,whole milk,2650
1502,03-03-2025,margarine,1831
2025,05-09-2024,canned beer,5974
1437,30-09-2024,chips,3356
1856,14-04-2024,margarine,3777
1538,09-05-2025,curd,5232
1251,12-01-2025,cheese,1250
1569,14-06-2024,curd,233
1545,12-09-2025,tortillas,5110
1883,02-12-2025,red wine,429
1005,23-06-2025,frozen vegetables,4872
1815,31-10-2025,  NEWSPAPERS,1184
1613,08-03-2024,citrus fruit,2460
1800,04-01-2025,newspapers,4107
1633,16-07-2025,canned beer,4941
1037,23-11-2024,domestic eggs,2818
2011,17-03-2025,newspapers,1308
1043,19-01-2024,canned beer,2816
1115,20-11-2025,cat food,1326
1225,22-05-2024,dish detergent,4087
1627,29-03-2025,parmesan,2633
1702,08-02-2025,dish detergent,4835
1086,08-05-2024,curd,1113
1017,23-03-2025,canned beer,814
1177,05-03-2024,canned beer,772
1614,17-08-2024,white bread,118
2123,02-09-2024,chocolate,4179
2185,26-03-2024,margarine,2934
1049,04-08-2024,  WHOLE MILK,1526
1323,27-11-2024,canned beer,1765
1877,14-07-2024,hamburger meat,454
1213,25-02-2024,brown bread,3027
2171,01-11-2025,canned beer,2439
1076,07-01-2025,canned beer,5131
1576,24-11-2025,canned beer,1008
1956,04-02-2024,domestic eggs,2588
1310,19-03-2024,pastry,3522
1250,25-10-2025,yogurt,3049
1991,05-12-2025,white bread,3160
1375,14-08-2025,salty snack,2962
1225,05-05-2025,newspapers,2319
1410,13-08-2025,whole milk,1542
1296,02-08-2024,canned beer,2696
1483,24-07-2024,white bread,2956
1589,25-01-2025,margarine,1136
1272,07-07-2025,sausage,3206
1339,07-01-2025,,957
1014,21-04-2025,diapers,2735
1301,26-11-2025,citrus fruit,1541
1673,02-09-2025,,4654
2074,29-07-2024,chocolate,2567
2112,22-04-2025,tomato sauce,5206
1564,06-05-2024,bottled water,2822
1302,27-07-2025,citrus fruit,2850
1036,15-09-2025,bottled water,4033
1916,09-02-2024,whole milk,228
1745,31-12-2024,canned beer,4134
2073,21-03-2024,soda,4
1156,24-02-2024,citrus fruit,5786
1556,18-02-2025,bottled water,3457
1869,10-05-2024,  TROPICAL FRUIT,4042
1202,08-11-2024,canned beer,913
1698,26-04-2025,canned beer,4910
1854,19-01-2024,domestic eggs,815
1460,27-05-2025,margarine,5909
1128,06-10-2024,soda,4901
1715,29-11-2024,frozen vegetables,4172
1500,12-12-2024,pasta,997
2141,16-05-2025,frankfurter,1893
1829,05-01-2024,curd,3566
2013,19-02-2024,brown bread,4047
1489,06-04-2024,curd,4722
1957,05-02-2024,margarine,5944
1951,21-07-2024,white bread,5135
1089,22-02-2024,root vegetables,2711
1486,05-03-2024,frankfurter,4803
1449,30-01-2025,ice cream,5630
1260,08-09-2024,pip fruit,4840
1098,19-05-2024,margarine,3730
1694,15-05-2024,newspapers,322
2106,06-12-2025,root vegetables,2228
1082,31-03-2025,newspapers,4350
1567,28-02-2025,canned beer,2705
1230,23-12-2025,canned beer,3417
1536,17-04-2025,frozen vegetables,2838
2057,05-05-2024,citrus fruit,4805
2139,27-08-2025,cereal,5248
2145,05-06-2024,root vegetables,5777
1128,07-09-2024,white bread,5369
1198,10-11-2025,yogurt,5172
1535,02-12-2024,cheese,5008
1027,01-03-2025,newspapers,3956
1154,13-02-2024,sugar,1055
2091,14-06-2024,parmesan,2361
1308,11-10-2024,newspapers,3397
1822,01-03-2024,margarine,5746
1304,14-01-2024,pasta,4337
1538,01-06-2024,paper towels,1335
1650,05-05-2024,salsa,3067
2031,26-11-2024,newspapers,2187
1263,07-10-2024,canned beer,3994
2060,31-05-2024,newspapers,1528
1679,01-05-2025,root vegetables,1694
2163,11-04-2024,canned beer,1297
2177,19-05-2024,rolls/buns,1680
1931,19-03-2025,coffee,5455
1562,03-10-2025,bananas,4178
1434,29-03-2025,margarine,1602
2054,10-02-2025,coffee,5320
1814,13-07-2024,salty snack,563
1248,11-09-2024,canned beer,5961
1940,12-08-2025,sugar,2574
1395,12-06-2024,canned beer,2435
1274,06-11-2025,salty snack,3141
1476,20-01-2024,canned beer,992
1347,07-09-2024,white bread,2745
1296,01-09-2024,  CITRUS FRUIT,3598
2021,26-05-2025,ice cream,2492
1265,06-12-2025,bananas,4119
1872,22-09-2025,onions,3164
1850,26-07-2025,bananas,5476
1141,23-02-2024,rolls/buns,3306
1731,10-08-2024,bananas,5356
1167,01-12-2025,cheese,2682
1355,07-03-2024,canned beer,3178
1249,03-08-2024,margarine,1075
1588,28-07-2025,white bread,1336
1073,17-12-2024,tortillas,3740
1986,30-09-2024,newspapers,2489
2122,27-03-2024,frankfurter,4811
1474,07-06-2025,tomato sauce,3046
2043,16-11-2024,tortillas,1492
1577,21-03-2024,shopping bags,2431
1721,24-03-2025,newspapers,775
1866,28-01-2024,dish detergent,5690
1842,09-10-2024,domestic eggs,2932
1479,19-05-2025,whole milk,311
1171,15-08-2025,margarine,2866
1050,21-05-2024,whole milk,4330
1117,15-01-2025,curd,580
2153,03-01-2025,granola,579
1050,06-03-2025,frozen vegetables,5301
1229,03-04-2024,root vegetables,5259
1928,08-04-2025,cat food,5725
2173,12-06-2024,shopping bags,1917
1145,11-10-2024,bottled water,82
2016,13-04-2025,white bread,3750
1274,14-03-2024,pasta,3296
1565,02-07-2024,margarine,5656
1161,29-02-2024,paper towels,3137
1506,06-12-2024,whole milk,4258
1259,09-09-2025,sausage,4444
1898,09-10-2025,dish detergent,4135
2151,03-12-2024,cheese,1088
1405,06-10-2025,white bread,2719
1321,05-03-2025,chocolate,1460
1240,05-09-2024,margarine,3596
2155,24-04-2024,bottled water,3190
1249,01-11-2024,domestic eggs,405
1558,25-12-2024,root vegetables,2878
1275,01-06-2024,tomato sauce,2258
1558,30-11-2025,sausage,96
1077,20-08-2025,ice cream,3191
2156,23-06-2025,margarine,3798
1975,23-12-2025,  SALTY SNACK,3224
1987,21-11-2025,soda,1089
1431,10-03-2025,butter,4832
2078,26-05-2024,margarine,2450
1251,25-08-2025,citrus fruit,2262
1843,21-01-2024,canned beer,4940
1449,30-01-2025,salsa,5630
2027,04-11-2025,newspapers,1417
1222,01-01-2025,sugar,2564
1418,20-01-2025,white bread,4491
1616,22-07-2024,paper towels,5417
1163,13-05-2024,root vegetables,939
1636,14-04-2024,citrus fruit,1655
1902,13-05-2025,margarine,3961
1859,30-10-2024,pip fruit,2920
1554,31-12-2024,frankfurter,4070
2143,03-04-2024,whole milk,3246
1862,19-05-2025,newspapers,1047
1927,08-05-2024,frozen vegetables,270
1865,01-05-2024,margarine,3028
1070,20-10-2024,whole milk,434
1513,17-12-2025,chocolate,4235
1747,19-05-2025,dish detergent,5284
1859,29-06-2025,root vegetables,1272
1061,25-09-2024,canned beer,887
1181,09-09-2024,tropical fruit,3081
2057,27-10-2024,pastry,4866
2125,06-08-2025,sausage,5099
1912,05-12-2025,sausage,3360
1931,22-08-2024,tropical fruit,4902
1667,02-06-2025,shopping bags,3225
2118,18-04-2024,tropical fruit,1033
1170,25-10-2025,  NAPKINS,3618
1312,24-05-2025,soda,1977
2012,16-09-2024,whole milk,348
1299,25-09-2025,frankfurter,2418
1955,05-12-2024,citrus fruit,3977
1849,15-10-2024,whole milk,2270
1772,19-05-2025,margarine,3150
1064,01-04-2024,curd,2671
1502,11-03-2024,margarine,55
1509,27-11-2024,whole milk,2885
1694,01-11-2025,ketchup,3556
1976,06-05-2024,shopping bags,871
1716,27-06-2024,cheese,4962
1806,06-09-2024,margarine,4241
2044,20-11-2024,ground beef,2244
1113,21-01-2024,citrus fruit,473
2041,09-01-2024,bottled water,3274
2074,06-08-2025,margarine,5967
1609,21-02-2024,frozen vegetables,690
1512,09-03-2024,sausage,3243
1171,23-05-2024,cat food,438
1761,07-12-2024,frankfurter,3380
1343,29-09-2024,newspapers,5307
1972,23-10-2024,cat food,5039
1998,28-01-2024,rolls/buns,4113
1585,08-06-2024,canned beer,2747
1085,29-08-2024,sugar,5888
1310,26-08-2024,shopping bags,1156
1192,08-12-2025,coffee,3972
2190,27-12-2024,butter,4703
1378,22-07-2025,shopping bags,3964
1390,28-09-2025,margarine,4056
2085,15-08-2025,canned beer,3212
2107,10-01-2024,onions,3778
1417,02-02-2024,cat food,4751
1190,23-08-2025,frankfurter,4459
1083,03-06-2024,hamburger meat,5168
1841,15-02-2025,frozen vegetables,2047
1904,01-04-2024,salty snack,5907
2089,25-03-2024,canned beer,2620
1007,08-04-2025,chocolate,2297
1060,09-11-2025,root vegetables,4804
1729,15-10-2025,frankfurter,5828
1409,20-05-2025,canned beer,1369
1498,18-09-2025,soda,4553
1798,23-08-2024,root vegetables,1374
1815,02-10-2025,pastry,5191
2177,05-02-2025,frankfurter,810
1933,12-05-2025,chocolate,1706
1536,17-04-2025,margarine,2838
1147,18-01-2025,paper towels,4953
1857,09-07-2025,canned beer,2395
1872,17-07-2024,butter,3338
1743,28-11-2025,canned beer,5824
2036,27-05-2025,root vegetables,3526
1167,05-10-2024,root vegetables,2385
1473,07-11-2025,chocolate,3487
1801,09-11-2024,canned beer,4045
1727,28-04-2024,tropical fruit,2561
1471,01-02-2025,newspapers,5089
2069,11-02-2024,margarine,3793
1393,21-08-2025,red wine,1280
1848,20-07-2025,newspapers,106
1301,13-05-2024,margarine,1767
1623,27-08-2024,tortillas,2139
1468,19-01-2025,bananas,1324
1189,25-09-2024,canned beer,4032
1379,26-03-2024,root vegetables,578
2189,16-10-2025,canned beer,4668
1329,16-10-2024,sugar,5715
1374,20-11-2024,ice cream,457
1206,02-12-2025,newspapers,4770
2005,10-11-2025,newspapers,1245
1798,24-09-2024,  GRANOLA,963
1587,26-12-2025,canned beer,5826
1029,26-12-2025,sausage,4829
1139,28-06-2024,shopping bags,4022
1506,28-04-2024,white bread,5401
1562,03-10-2025,pip fruit,4178
1159,22-07-2025,onions,836
1522,25-02-2025,curd,4426
1942,11-08-2025,citrus fruit,5004
1204,12-11-2024,onions,5902
1801,01-08-2025,white bread,5400
1260,04-11-2025,canned beer,953
1014,06-04-2024,crackers,3102
2061,18-08-2024,,2939
1903,09-07-2024,napkins,181
2157,07-01-2025,citrus fruit,1453
1525,03-11-2025,curd,1957
1856,14-04-2024,newspapers,3777
2063,28-03-2024,canned beer,1145
1263,07-09-2024,frankfurter,4732
1795,14-03-2024,white bread,4050
1841,20-06-2025,domestic eggs,18
2179,27-05-2025,yogurt,1025
2147,05-11-2025,curd,681
2158,14-12-2025,canned beer,656
2148,15-06-2025,domestic eggs,4395
1032,02-05-2025,root vegetables,5391
1255,07-09-2024,canned beer,2173
1460,22-12-2025,margarine,2232
1952,08-12-2024,bottled water,5095
1463,16-02-2025,whole milk,2667
1513,17-12-2025,canned beer,4235
2144,07-12-2025,root vegetables,1220
1289,24-02-2025,domestic eggs,1206
1950,04-07-2024,frankfurter,3403
1003,11-03-2025,chocolate,3345
1614,17-10-2024,pip fruit,1693
1088,29-05-2025,canned beer,4671
1718,14-03-2024,pip fruit,659
1338,30-05-2024,cat food,4187
1284,16-05-2025,yogurt,4765
1234,10-04-2024,sausage,2453
2028,27-11-2024,canned beer,4416
1953,04-10-2025,root vegetables,5026
2053,15-09-2024,salty snack,4039
1667,05-12-2024,margarine,4701
2020,15-09-2025,canned beer,3844
1026,10-09-2024,frozen vegetables,808
2129,15-11-2024,canned beer,3531
1718,08-11-2024,bananas,1989
1193,13-05-2025,canned beer,2011
1890,27-07-2025,whole milk,1160
2157,16-09-2024,frankfurter,3244
1861,24-01-2024,canned beer,2899
1430,15-11-2024,chips,4193
1164,30-10-2024,frankfurter,3287
2045,10-12-2024,newspapers,5373
1850,13-06-2024,frankfurter,1755
2067,21-04-2025,margarine,3295
1546,27-09-2025,brown bread,2862
1549,14-09-2024,root vegetables,1507
1946,21-06-2024,frozen vegetables,2389
1824,21-11-2025,pastry,576
1689,13-04-2024,white bread,5802
1803,11-04-2025,root vegetables,4477
1829,08-08-2025,tomato sauce,861
1950,28-04-2024,margarine,206
1344,09-12-2025,rolls/buns,2972
1911,29-11-2024,butter,3308
1010,02-09-2024,whole milk,5185
1851,19-12-2024,whole milk,4826
1642,18-03-2025,white bread,394
1914,30-11-2025,salsa,5693
1553,26-12-2024,domestic eggs,5014
1281,01-09-2025,yogurt,4198
2126,30-01-2025,,1259
1950,28-04-2024,salsa,206
1667,05-12-2024,frozen vegetables,4701
1847,18-12-2025,bottled water,3949
1024,14-02-2025,newspapers,4010
1119,10-02-2025,onions,5214
1873,20-11-2024,frozen vegetables,570
1125,20-11-2025,rolls/buns,2123
1274,30-11-2025,chocolate,437
1143,04-08-2025,onions,983
1709,21-02-2025,newspapers,4398
1460,16-05-2025,yogurt,1866
1461,24-01-2025,whole milk,4468
1163,13-05-2024,newspapers,939
1377,17-01-2025,white bread,4494
1229,03-04-2024,salsa,5259
1427,04-07-2024,canned beer,1585
1669,20-08-2025,canned beer,3821
1216,11-11-2025,white bread,5395
1276,26-03-2024,sugar,2708
1473,26-11-2024,onions,2942
1929,01-01-2024,margarine,3136
1439,08-10-2024,citrus fruit,796
2105,15-02-2024,root vegetables,123
1807,24-08-2024,canned beer,238
1765,28-02-2025,curd,1015
1268,02-07-2025,curd,1673
1429,06-07-2025,canned beer,1947
1795,14-03-2024,canned beer,4050
1573,26-11-2024,canned beer,4003
1428,27-08-2024,chocolate,3079
1065,07-09-2024,white bread,3547
1277,30-04-2025,crackers,517
1841,19-02-2025,frankfurter,5306
1955,05-12-2024,frozen vegetables,3977
1254,22-12-2025,citrus fruit,4096
1243,01-02-2024,margarine,4857
2049,29-09-2024,paper towels,5927
1593,08-01-2025,domestic eggs,5199
1718,15-01-2024,margarine,1225
1363,06-06-2024,dish detergent,3725
2173,12-06-2024,cereal,1917
1070,20-10-2024,ice cream,434
1739,09-06-2025,root vegetables,2977
1077,22-07-2025,diapers,900
1658,21-11-2024,tropical fruit,4594
1809,11-02-2025,soda,2613
2072,23-11-2025,beef,3337
1106,30-05-2024,newspapers,2106
1545,28-05-2025,domestic eggs,588
1419,12-10-2024,bottled water,3788
1555,24-09-2025,canned beer,4207
1448,05-09-2025,paper towels,3413
1905,24-08-2024,margarine,4744
1072,30-09-2024,yogurt,916
2185,30-09-2025,canned beer,5830
1504,31-03-2024,rolls/buns,1379
2110,19-05-2025,curd,1143
1284,16-05-2025,newspapers,4765
1877,16-06-2024,sausage,1722
2159,26-11-2025,tomato sauce,5308
2032,27-10-2024,whole milk,1340
1074,19-10-2024,domestic eggs,679
1573,26-11-2024,butter,4003
1969,05-11-2024,diapers,4537
1940,12-01-2024,salsa,5464
1953,11-11-2025,canned beer,1976
1743,15-01-2024,sugar,4437
1357,15-07-2025,  DOMESTIC EGGS,5865
2145,05-06-2024,frozen vegetables,5777
1857,11-03-2024,citrus fruit,1389
1456,15-11-2024,margarine,4253
1636,14-08-2024,  YOGURT,103
1214,02-05-2024,margarine,1659
2088,21-08-2025,butter,5593
1465,10-01-2025,pastry,4282
1575,07-07-2024,rolls/buns,1226
1820,03-10-2024,root vegetables,1078
1165,19-04-2025,sugar,360
1297,24-12-2025,domestic eggs,2438
2109,23-12-2024,frozen vegetables,3068
1588,24-06-2025,ice cream,4681
1249,12-12-2024,canned beer,4327
1234,24-09-2024,white bread,1315
1324,18-01-2025,napkins,463
1845,10-02-2025,bottled water,5150
1460,23-09-2024,butter,4192
1935,19-05-2025,canned beer,585
1912,05-12-2025,pastry,3360
1826,25-01-2025,salsa,754
1455,25-12-2024,pastry,385
1359,14-11-2025,margarine,1978
1977,10-12-2024,canned beer,3133
1364,22-07-2024,onions,2179
1883,10-10-2025,cat food,5920
1140,16-03-2025,citrus fruit,3954
1792,08-07-2024,whole milk,2307
1445,11-12-2025,pip fruit,5916
1390,07-06-2025,sausage,2655
1408,11-09-2025,root vegetables,766
1987,20-05-2024,margarine,3309
1841,23-06-2024,yogurt,952
1859,22-05-2024,  CANNED BEER,1745
1564,03-06-2024,chocolate,3281
2006,27-03-2025,ground beef,1537
1237,25-07-2025,cat food,4154
1818,25-09-2024,whole milk,5809
1043,13-09-2024,onions,3983
1840,05-09-2024,newspapers,1285
1880,25-05-2025,bananas,770
1869,17-10-2024,ketchup,1345
2182,16-07-2025,margarine,3537
1265,02-03-2024,onions,582
1496,15-03-2025,cereal,5380
1567,28-02-2025,chips,2705
1125,11-12-2024,root vegetables,1425
1126,21-02-2024,  SODA,2473
1532,30-07-2024,canned beer,5472
1384,19-11-2025,margarine,1405
1249,03-08-2024,whole milk,1075
2172,13-01-2025,margarine,1938
1319,05-08-2025,ice cream,1736
1844,24-02-2024,rolls/buns,3423
1049,09-09-2024,white bread,4283
2153,03-01-2025,bananas,579
1275,06-08-2024,brown bread,63
1532,22-05-2025,newspapers,1019
1621,26-01-2025,whole milk,1116
1872,31-05-2025,canned beer,2247
1306,18-04-2024,margarine,3917
1369,31-01-2024,whole milk,4752
1006,25-09-2024,chocolate,2892
2010,19-01-2025,yogurt,5358
1743,12-01-2024,crackers,216
1724,19-09-2024,citrus fruit,1670
2032,03-04-2025,shopping bags,3941
2129,19-05-2025,margarine,2268
1621,05-01-2025,margarine,3432
1182,24-04-2025,soda,4980
2083,10-05-2024,newspapers,152
1232,12-04-2025,paper towels,846
1352,26-05-2024,margarine,4659
1348,04-05-2025,frozen vegetables,4267
1181,28-06-2024,white bread,2716
1805,15-04-2025,margarine,3221
1015,05-03-2025,frankfurter,5486
1674,30-12-2025,coffee,1683
1524,27-08-2025,chocolate,1423
2070,27-02-2024,citrus fruit,2314
1824,21-11-2025,cat food,576
1862,21-07-2024,onions,2007
1318,30-03-2025,granola,1305
1219,10-03-2024,margarine,1847
2042,25-04-2025,white bread,402
1849,15-10-2024,  DOMESTIC EGGS,2270
1802,14-08-2025,citrus fruit,3530
1809,11-01-2024,canned beer,3282
1327,10-05-2024,cat food,3364
1995,14-12-2025,tomato sauce,4102
1030,07-11-2025,margarine,42
2128,30-08-2024,root vegetables,1932
1537,27-08-2025,whole milk,928
2008,01-12-2025,citrus fruit,3644
1384,21-08-2024,hamburger meat,4364
1891,04-03-2025,pip fruit,3217
1595,17-08-2024,chocolate,1244
2079,08-11-2025,  NEWSPAPERS,2945
1016,08-11-2024,frozen vegetables,2697
2073,21-03-2024,canned beer,4
1345,22-10-2025,canned beer,883
1623,05-01-2025,pip fruit,3158
1374,11-07-2024,newspapers,3478
1980,18-11-2025,napkins,2773
1084,05-02-2024,margarine,4019
1343,29-09-2024,canned beer,5307
1545,25-09-2024,pastry,1557
1161,18-09-2025,domestic eggs,589
1483,13-06-2025,tortillas,3837
2157,16-09-2024,pastry,3244
1384,19-11-2025,granola,1405
1415,20-03-2024,napkins,877
1373,02-11-2024,root vegetables,3766
1334,28-01-2025,canned beer,3513
1977,10-12-2024,beef,3133
1704,07-05-2024,root vegetables,5393
1506,28-04-2024,curd,5401
1561,02-11-2025,  PIP FRUIT,5433
2055,08-12-2025,napkins,386
2013,16-04-2024,margarine,313
1002,22-05-2024,margarine,3415
1840,12-03-2025,canned beer,1774
1664,05-06-2024,newspapers,5312
2115,30-07-2024,canned beer,5879
1566,22-03-2025,creamer,4376
2098,03-05-2024,salsa,714
1973,16-01-2024,frozen vegetables,3823
2055,08-12-2025,canned beer,386
1796,22-05-2024,canned beer,2922
1977,10-12-2024,white bread,3133
2179,01-08-2024,citrus fruit,3277
1883,26-07-2024,frozen vegetables,4759
2008,11-04-2025,root vegetables,522
1701,23-02-2025,chocolate,339
1230,06-10-2024,white bread,2870
1594,22-04-2024,citrus fruit,1982
1096,26-01-2024,whole milk,1043
1809,24-08-2025,cereal,4335
1320,29-05-2025,curd,5676
1440,21-09-2025,pastry,5744
1507,07-04-2024,brown bread,3991
1304,17-12-2025,newspapers,1273
1122,18-01-2024,pastry,4879
1633,12-12-2025,jam,5737
1545,05-01-2025,white bread,4025
1749,21-12-2024,bottled water,1849
2024,28-08-2024,frozen vegetables,1396
1360,24-10-2025,creamer,5701
1167,19-08-2025,margarine,3647
1187,31-05-2025,newspapers,5482
1568,14-08-2024,soda,2880
1908,10-12-2024,canned beer,882
1045,21-06-2024,canned beer,3776
1093,24-12-2024,parmesan,1186
1002,28-02-2024,root vegetables,5987
1384,21-08-2024,margarine,4364
1202,15-10-2025,canned beer,602
1290,21-04-2024,frankfurter,5494
1272,12-11-2025,frankfurter,197
2119,21-06-2025,margarine,5002
1765,06-03-2024,sausage,4383
1120,01-12-2024,dish detergent,6
1536,28-06-2024,jam,1200
1803,26-08-2025,,3970
2081,11-08-2025,domestic eggs,5055
2192,19-10-2024,curd,4074
1193,27-09-2024,root vegetables,10
1945,30-03-2025,frozen vegetables,4599
2193,26-08-2025,root vegetables,2009
1857,04-08-2025,onions,3134
1350,15-12-2024,  MARGARINE,5347
1743,12-01-2024,white bread,216
1942,09-01-2024,root vegetables,4210
2044,20-11-2024,napkins,2244
1671,14-10-2024,margarine,5928
1272,10-03-2024,salty snack,5783
1816,15-06-2025,bottled water,2765
2157,30-01-2024,newspapers,3984
1961,30-04-2024,root vegetables,3712
1872,17-07-2024,white bread,3338
1392,24-07-2025,newspapers,172
1694,01-11-2025,chocolate,3556
1403,31-01-2025,diapers,4997
1797,14-01-2024,salsa,3430
1708,19-03-2025,chocolate,1518
1222,23-07-2025,tropical fruit,3077
2073,15-04-2025,canned beer,655
1296,14-03-2025,shopping bags,4539
2049,27-10-2025,chocolate,4232
1311,18-11-2024,margarine,2344
1074,19-10-2024,salsa,679
2146,10-11-2025,diapers,2082
1271,26-02-2024,sausage,5544
1177,16-03-2025,canned beer,2006
1937,14-12-2024,frozen vegetables,3498
1468,03-07-2024,canned beer,2292
1622,10-03-2024,ice cream,79
1460,16-05-2025,pasta,1866
1857,11-03-2024,frozen vegetables,1389
1029,28-12-2024,margarine,4528
1429,12-11-2025,root vegetables,3836
1367,30-09-2024,ketchup,2010
1077,04-09-2024,crackers,4834
1006,11-06-2025,chips,3731
1956,04-02-2024,yogurt,2588
1705,24-10-2025,margarine,1097
2198,06-08-2024,root vegetables,36
1433,20-03-2024,canned beer,264
1226,02-06-2025,whole milk,1803
1743,12-01-2024,red wine,216
1683,06-09-2025,rolls/buns,4259
1370,03-12-2025,frankfurter,4850
1798,08-02-2024,ice cream,4816
1349,17-03-2025,frankfurter,2821
1253,07-07-2024,,3431
1641,03-02-2024,bottled water,1625
1093,08-03-2024,newspapers,1598
1342,25-06-2024,white bread,2349
1842,14-02-2024,newspapers,4329
1348,03-06-2024,sausage,398
1663,29-09-2024,bottled water,4157
1195,14-12-2025,shopping bags,3327
1815,07-04-2025,bottled water,5271
1775,26-11-2025,pasta,5665
2152,04-11-2024,canned beer,1821
1108,04-08-2025,frankfurter,1304
1460,19-04-2025,citrus fruit,5017
2174,11-11-2024,pastry,1718
1675,12-03-2025,whole milk,2119
1411,22-02-2025,canned beer,5049
1732,18-06-2024,rolls/buns,3039
1191,06-03-2024,napkins,4480
1427,30-01-2024,frozen vegetables,5552
1017,27-05-2024,citrus fruit,5160
1860,19-08-2024,frankfurter,5387
1403,02-01-2025,margarine,5154
1225,03-08-2024,chocolate,2949
1268,22-04-2024,soda,1994
1372,07-02-2025,domestic eggs,448
1684,05-04-2024,newspapers,5563
1007,22-06-2024,pip fruit,2291
2026,08-03-2024,bottled water,1589
2039,23-12-2025,canned beer,3695
1487,28-03-2024,cat food,960
1952,08-12-2024,cat food,5095
1010,01-04-2025,beef,1903
1317,26-09-2024,frankfurter,111
1782,28-11-2025,onions,3100
1701,18-02-2024,tortillas,4739
1170,12-11-2025,ketchup,3370
1892,27-04-2025,chocolate,5703
1361,17-04-2024,crackers,4672
1797,03-11-2024,dish detergent,3070
1970,20-11-2024,canned beer,4921
1734,06-10-2025,dish detergent,4384
1619,24-01-2025,bananas,2407
1516,27-04-2025,sausage,2615
1278,24-07-2025,citrus fruit,5634
1792,01-02-2025,soda,2930
2145,26-02-2024,whole milk,2110
1233,19-09-2024,pastry,5157
1047,20-02-2024,yogurt,262
1744,07-11-2025,sausage,3285
1320,12-04-2024,sausage,4760
2101,30-08-2025,cheese,1750
1194,05-02-2025,salty snack,4702
2090,14-03-2025,domestic eggs,3283
1737,29-10-2025,margarine,330
1976,05-02-2025,ice cream,2800
1199,20-11-2024,canned beer,892
1347,10-03-2025,white bread,5874
1454,07-09-2024,bottled water,4687
1526,15-11-2025,canned beer,3036
1205,29-05-2025,margarine,2401
1528,24-05-2024,newspapers,230
2095,24-02-2024,margarine,5345
1137,21-10-2025,newspapers,1930
1293,05-04-2025,citrus fruit,251
1708,12-02-2025,citrus fruit,5716
1216,15-04-2025,chocolate,236
1351,15-09-2024,frozen vegetables,1029
1067,21-09-2025,newspapers,3159
1987,21-11-2025,chips,1089
1600,03-12-2025,newspapers,4247
1121,07-10-2024,margarine,2144
2036,30-04-2025,diapers,2805
2116,18-09-2025,canned beer,4288
1487,28-03-2024,soda,960
1904,21-08-2025,butter,3655
2007,29-07-2024,citrus fruit,3929
1070,11-09-2024,margarine,129
1818,25-09-2024,  ROOT VEGETABLES,5809
2083,15-04-2024,granola,2687
2172,28-12-2025,red wine,253
1902,27-01-2024,whole milk,2999
1236,28-12-2025,citrus fruit,3587
2171,06-06-2024,canned beer,3152
2191,19-08-2024,curd,5798
1861,08-04-2025,whole milk,3610
1914,30-11-2025,margarine,5693
2186,28-01-2024,tortillas,4527
1049,04-08-2024,canned beer,1526
2098,15-10-2025,canned beer,3820
1992,23-10-2024,cereal,4956
1286,12-08-2025,margarine,4708
1851,16-08-2024,white bread,3612
1123,04-09-2024,root vegetables,2183
1696,29-06-2024,root vegetables,3800
1892,21-09-2025,canned beer,435
1034,20-05-2025,citrus fruit,4719
1299,08-09-2025,canned beer,3489
1127,19-04-2024,tropical fruit,1003
1720,25-06-2025,yogurt,364
1115,20-11-2025,pastry,1326
1405,06-10-2025,jam,2719
2197,07-08-2025,salsa,896
1560,10-11-2024,domestic eggs,5263
2098,22-08-2025,margarine,2501
2062,24-12-2025,,3947
1952,14-01-2025,newspapers,3151
1272,17-04-2025,root vegetables,5696
1288,11-04-2025,canned beer,3441
1368,30-01-2024,frozen vegetables,69
1163,02-02-2024,salsa,3542
1204,12-11-2024,granola,5902
1051,26-05-2024,bottled water,3511
1288,11-01-2024,canned beer,2334
1453,04-10-2025,crackers,3094
1053,27-03-2024,tropical fruit,1993
1748,20-10-2024,domestic eggs,1529
1733,23-03-2024,napkins,1051
1760,13-05-2024,hamburger meat,5890
1218,09-05-2024,domestic eggs,64
1375,14-08-2025,napkins,2962
1530,31-03-2025,napkins,3843
1942,01-02-2025,white bread,2595
1427,30-01-2024,margarine,5552
1124,03-09-2024,hamburger meat,4353
1290,20-07-2024,frankfurter,691
1192,08-12-2025,canned beer,3972
1543,12-04-2025,chocolate,3358
1616,02-04-2025,canned beer,51
1772,10-01-2025,white bread,140
1002,11-04-2024,dish detergent,2776
1314,12-03-2025,canned beer,3898
1830,24-06-2024,canned beer,235
1355,08-06-2025,white bread,4184
1328,25-11-2025,newspapers,2729
1793,04-03-2024,rolls/buns,5419
1990,07-08-2024,bottled water,5165
1843,05-06-2024,  WHITE BREAD,3250
1982,21-11-2025,bottled water,5565
2065,23-03-2025,newspapers,4588
1753,24-11-2024,margarine,4955
2155,04-07-2025,soda,5235
1230,06-10-2024,root vegetables,2870
1004,16-04-2025,margarine,3512
1962,28-11-2025,canned beer,5613
1524,15-08-2025,canned beer,3779
1994,20-01-2024,citrus fruit,641
1823,21-06-2025,coffee,4341
1273,04-04-2025,pip fruit,356
1278,19-03-2025,whole milk,4268
1039,01-12-2025,domestic eggs,958
1154,13-02-2024,white bread,1055
1374,22-06-2024,canned beer,355
1933,29-04-2025,citrus fruit,5162
1686,25-12-2025,brown bread,2728
1023,25-03-2025,white bread,130
1866,22-09-2024,whole milk,633
1752,09-12-2025,sausage,4915
1010,11-07-2025,frozen vegetables,592
1950,04-07-2024,sausage,3403
1943,08-06-2025,frankfurter,5643
1130,27-03-2025,white bread,2231
2072,23-11-2025,domestic eggs,3337
1511,16-07-2025,hamburger meat,403
1085,13-03-2025,red wine,1703
1725,24-10-2025,margarine,590
2063,31-10-2025,soda,5933
1039,26-09-2025,margarine,3044
1003,13-04-2025,bananas,5475
1669,07-05-2025,  CREAMER,1174
1439,12-06-2024,chocolate,4587
1281,09-12-2024,root vegetables,5251
2176,20-01-2025,sugar,274
1225,22-06-2024,pastry,5368
2016,05-02-2025,canned beer,2612
2050,18-05-2025,white bread,607
1254,22-12-2025,newspapers,4096
1620,28-08-2024,citrus fruit,4320
1956,17-07-2024,frozen vegetables,3293
1284,06-09-2025,root vegetables,3926
1002,06-04-2025,newspapers,1869
1508,04-12-2025,newspapers,1118
1506,19-03-2024,bananas,4162
1170,30-10-2025,margarine,687
1095,14-08-2024,ice cream,3602
1329,16-10-2024,  ROOT VEGETABLES,5715
1299,30-05-2024,canned beer,3405
1692,27-10-2025,white bread,5322
1830,09-11-2025,creamer,4952
2006,27-03-2025,margarine,1537
1357,17-09-2025,,2950
1804,09-01-2024,frankfurter,1403
1463,08-12-2025,brown bread,3194
1035,23-02-2025,bottled water,1559
2077,08-08-2025,tropical fruit,733
1623,05-01-2025,bottled water,3158
1325,05-09-2025,rolls/buns,2669
1240,05-09-2024,salsa,3596
1820,21-10-2024,newspapers,4595
1932,12-11-2024,citrus fruit,2462
1558,22-05-2025,margarine,948
2149,10-03-2024,tomato sauce,1148
2096,14-12-2024,margarine,5151
1088,08-03-2024,citrus fruit,2597
2018,12-06-2024,root vegetables,3181
1620,14-05-2024,newspapers,5636
1210,31-08-2025,canned beer,2372
1757,22-12-2024,root vegetables,2296
1074,23-11-2024,canned beer,4755
1723,05-08-2025,granola,2309
1128,02-11-2024,white bread,5878
1548,21-03-2025,paper towels,2599
1871,03-11-2025,frozen vegetables,4412
2041,25-01-2024,canned beer,1536
1071,06-10-2025,napkins,380
2183,01-03-2025,canned beer,3922
1985,21-09-2024,salsa,3473
1702,03-06-2024,white bread,20
1142,28-05-2025,napkins,1222
1676,09-11-2024,coffee,5247
1306,07-04-2025,margarine,2548
1869,10-05-2024,butter,4042
1536,23-12-2024,  BOTTLED WATER,4342
1492,18-08-2024,frankfurter,1751
1137,06-04-2024,pasta,5819
1279,08-10-2024,margarine,728
1834,18-02-2025,hamburger meat,2559
2181,02-01-2024,salty snack,631
2025,27-07-2024,salsa,2987
2128,23-07-2024,whole milk,2726
1078,20-04-2024,beef,3620
1537,12-11-2024,newspapers,2676
1181,11-12-2024,canned beer,451
2029,22-08-2025,root vegetables,4994
1159,05-12-2024,crackers,3863
1845,09-10-2025,salty snack,493
1870,18-12-2025,margarine,4352
2104,22-10-2025,whole milk,4919
1298,15-07-2024,citrus fruit,4896
1819,24-12-2025,white bread,3998
2079,20-04-2024,jam,734
1193,13-05-2025,salsa,2011
1060,12-01-2025,pip fruit,600
1338,30-05-2024,margarine,4187
1818,15-01-2024,bottled water,5852
1033,06-05-2025,frankfurter,4880
1202,17-09-2025,salsa,1325
1312,10-04-2025,root vegetables,3110
1291,22-04-2024,onions,756
1263,07-10-2024,chocolate,3994
1229,11-05-2025,margarine,586
1403,31-01-2025,chocolate,4997
1977,10-12-2024,cereal,3133
1250,25-10-2025,shopping bags,3049
1428,11-03-2024,whole milk,4286
2019,12-07-2024,onions,5804
1160,19-08-2025,root vegetables,209
1709,28-07-2025,salsa,1825
1314,22-05-2025,shopping bags,5354
1304,13-10-2025,citrus fruit,1535
1840,27-04-2025,,4709
1428,27-08-2024,root vegetables,3079
1718,14-03-2024,sugar,659
1155,12-01-2024,salsa,1265
1615,03-12-2024,whole milk,637
1952,11-07-2024,canned beer,4669
2005,10-11-2025,butter,1245
1910,16-05-2024,pasta,4507
1516,27-04-2025,root vegetables,2615
1436,18-06-2024,canned beer,4513
1530,30-01-2025,soda,848
2082,18-05-2025,onions,3034
1096,22-05-2025,frozen vegetables,2364
1096,17-07-2024,newspapers,4331
1234,10-10-2024,curd,5912
1413,14-01-2024,onions,696
1325,25-05-2025,domestic eggs,2366
1775,29-12-2024,yogurt,1843
1755,29-04-2025,frozen vegetables,2751
1070,27-09-2024,tortillas,5443
1279,18-01-2024,salty snack,3645
2190,08-03-2025,citrus fruit,1344
1428,19-10-2025,  WHITE BREAD,3144
1523,26-06-2025,onions,3452
1377,06-02-2025,whole milk,2294
1861,27-10-2024,curd,662
1659,01-03-2024,canned beer,3132
2190,17-04-2024,root vegetables,2750
1077,22-07-2025,onions,900
1983,08-08-2025,soda,5789
1433,08-05-2025,dish detergent,2200
1098,13-04-2024,,1799
1978,01-01-2024,domestic eggs,2867
2131,28-11-2024,whole milk,5717
2028,28-04-2024,canned beer,5820
1280,24-04-2025,canned beer,5741
1296,18-11-2025,frozen vegetables,4053
1434,03-03-2024,root vegetables,2521
1010,24-03-2024,tropical fruit,5409
1392,09-11-2025,napkins,481
1236,20-06-2024,root vegetables,1531
1403,14-12-2024,chocolate,3266
1864,16-03-2025,frozen vegetables,5719
1527,01-07-2025,bottled water,795
1963,23-04-2025,margarine,2303
1245,25-04-2025,,2929
1998,24-10-2024,whole milk,4932
1329,28-09-2024,newspapers,4734
2043,19-03-2024,frankfurter,2469
1388,28-02-2025,white bread,2300
1774,25-11-2025,tortillas,2377
1277,30-04-2025,canned beer,517
1183,11-10-2025,root vegetables,1521
1243,05-08-2024,tropical fruit,5724
1250,20-11-2024,frozen vegetables,965
1223,17-12-2025,root vegetables,2943
1964,25-06-2024,frozen vegetables,347
1970,19-06-2024,tropical fruit,4469
1822,27-10-2025,curd,1632
1125,11-12-2024,domestic eggs,1425
1798,06-06-2024,frankfurter,4422
1043,17-03-2024,root vegetables,415
1260,08-09-2024,canned beer,4840
2130,14-04-2025,root vegetables,1436
1406,12-10-2024,shopping bags,2127
1713,18-06-2025,pip fruit,4814
2133,18-11-2025,tropical fruit,4837
1166,29-04-2025,red wine,5085
2152,09-10-2025,shopping bags,1950
1348,03-06-2024,onions,398
2180,15-02-2025,soda,4227
1558,12-04-2024,frozen vegetables,273
1794,20-06-2025,pastry,5782
1839,09-09-2025,whole milk,5791
1912,15-04-2024,whole milk,3554
1017,27-02-2025,salsa,1349
1491,17-05-2024,white bread,4501
1209,26-02-2025,domestic eggs,572
1258,19-01-2025,brown bread,2151
1251,11-06-2024,margarine,4242
1488,30-03-2024,ice cream,973
1072,30-09-2024,beef,916
1777,14-06-2025,salty snack,5978
1147,18-01-2025,frankfurter,4953
1700,31-01-2025,pastry,1945
1157,19-05-2025,margarine,2310
1856,16-08-2024,ice cream,3717
1388,24-12-2024,salsa,5525
1242,12-09-2024,canned beer,1551
1514,07-09-2025,white bread,519
1856,16-08-2024,coffee,3717
1567,17-06-2025,newspapers,108
2074,06-08-2025,frankfurter,5967
1587,11-03-2024,bottled water,3579
1940,12-08-2025,root vegetables,2574
1318,16-05-2024,whole milk,1018
1145,02-04-2024,coffee,4409
2182,17-12-2024,margarine,4676
1589,25-01-2025,root vegetables,1136
1074,19-10-2024,margarine,679
1783,20-03-2025,white bread,4084
1838,24-01-2025,yogurt,1882
1769,05-11-2025,rolls/buns,2678
1233,14-02-2025,ground beef,5127
1115,20-12-2025,paper towels,5572
1420,29-09-2024,dish detergent,4410
2068,24-08-2025,whole milk,5505
1010,01-04-2025,creamer,1903
1039,01-12-2025,newspapers,958
2173,12-06-2024,yogurt,1917
1322,27-11-2024,yogurt,1241
1020,09-01-2025,margarine,2946
1672,03-09-2025,pastry,2497
1329,28-01-2024,newspapers,1046
1550,16-10-2024,pastry,3135
1146,15-02-2024,  TORTILLAS,5244
1448,05-09-2025,shopping bags,3413
2033,04-08-2025,canned beer,3278
1519,06-06-2025,tomato sauce,2362
1192,20-08-2025,rolls/buns,314
1324,18-01-2025,white bread,463
1310,12-12-2025,dish detergent,644
1192,12-08-2024,domestic eggs,5646
1251,20-12-2025,canned beer,2830
1946,02-01-2025,newspapers,2611
1564,06-05-2024,pastry,2822
1224,12-03-2024,margarine,5979
1053,27-03-2024,frankfurter,1993
1874,18-05-2025,whole milk,3189
1663,29-09-2024,salty snack,4157
1380,19-06-2025,soda,470
1884,29-09-2025,yogurt,1131
1141,13-03-2025,salty snack,1992
2122,25-03-2024,rolls/buns,3129
1027,28-03-2024,domestic eggs,1626
1488,11-10-2024,sausage,4035
2054,15-04-2024,crackers,1031
1896,07-02-2025,root vegetables,3307
1696,29-06-2024,newspapers,3800
1955,05-12-2024,margarine,3977
1224,06-06-2024,canned beer,5674
1126,15-04-2024,citrus fruit,869
1138,14-09-2025,canned beer,4730
1052,09-11-2025,canned beer,1192
1008,05-02-2024,newspapers,4999
1809,22-11-2025,white bread,4855
1027,28-03-2024,cat food,1626
1131,11-06-2025,canned beer,3915
1041,29-03-2024,napkins,905
1537,02-10-2025,salsa,5294
1499,01-12-2025,jam,3058
1982,04-06-2024,parmesan,594
1206,19-10-2025,paper towels,503
1921,25-06-2025,whole milk,5702
1634,06-12-2024,rolls/buns,622
1769,08-04-2024,root vegetables,1738
1544,29-08-2024,canned beer,5480
2191,19-08-2024,whole milk,5798
1735,07-01-2025,ice cream,1105
1502,09-08-2025,newspapers,3705
2012,06-10-2025,sugar,1800
1367,01-01-2025,bottled water,3472
1573,26-11-2024,margarine,4003
1186,14-07-2025,tomato sauce,84
2116,02-12-2025,tropical fruit,886
1445,11-12-2025,pastry,5916
1455,15-03-2024,domestic eggs,5931
1410,22-04-2024,frankfurter,5964
1834,18-02-2025,frozen vegetables,2559
1351,12-01-2024,newspapers,4949
1966,19-04-2025,bananas,3228
1477,21-03-2024,ice cream,1111
1877,16-06-2024,canned beer,1722
1448,20-10-2025,margarine,1001
1690,22-03-2025,whole milk,1981
1436,28-04-2025,diapers,5760
1594,22-04-2024,paper towels,1982
2000,23-10-2024,bananas,5734
1686,26-12-2025,root vegetables,1522
1506,28-04-2024,citrus fruit,5401
1794,17-09-2025,whole milk,4582
1115,21-02-2024,creamer,5611
1635,09-10-2024,cat food,4328
1251,17-11-2024,diapers,779
2029,22-08-2025,frankfurter,4994
1585,09-10-2025,rolls/buns,4794
1669,19-08-2024,cereal,444
1372,25-08-2025,salty snack,1036
1882,11-11-2024,pastry,2730
1850,16-03-2024,canned beer,3201
1251,12-01-2025,red wine,1250
1971,16-07-2024,cereal,4950
2189,16-10-2025,onions,4668
1112,19-06-2025,rolls/buns,613
1233,25-09-2024,parmesan,2259
2045,03-05-2025,yogurt,3966
1676,09-11-2024,sugar,5247
2073,15-06-2024,bananas,982
2180,08-06-2024,citrus fruit,972
1255,01-10-2024,salty snack,1411
1875,06-02-2024,cereal,793
2153,03-01-2025,canned beer,579
1673,02-09-2025,yogurt,4654
1629,25-09-2025,root vegetables,3967
1146,06-12-2024,hamburger meat,116
1395,01-05-2024,jam,1041
2047,04-05-2024,canned beer,5913
1547,15-03-2025,white bread,5757
1855,02-08-2024,cat food,2072
1767,21-03-2025,root vegetables,3791
1674,20-10-2024,ground beef,258
1646,27-12-2025,ground beef,2621
2016,13-04-2025,root vegetables,3750
1676,07-05-2024,white bread,1201
1184,26-03-2025,newspapers,5418
1318,31-05-2025,chocolate,731
2087,01-11-2024,frankfurter,5600
1851,11-04-2025,frankfurter,638
1809,09-02-2025,sausage,400
1905,08-12-2024,root vegetables,4927
1797,05-02-2025,canned beer,1016
1581,23-10-2025,canned beer,1916
1465,10-01-2025,sausage,4282
1433,15-03-2025,  CITRUS FRUIT,3558
1903,09-07-2024,canned beer,181
1090,29-01-2024,beef,1461
1193,13-05-2025,chips,2011
2079,08-11-2025,newspapers,2945
1328,14-03-2025,whole milk,4433
1439,07-08-2024,margarine,1853
1538,09-06-2025,tropical fruit,4769
1565,25-03-2024,newspapers,2952
1780,17-12-2025,chocolate,3738
1868,05-07-2024,margarine,4020
1308,03-09-2025,chocolate,4077
1403,28-03-2025,margarine,1238
2032,21-12-2024,margarine,1908
1859,24-09-2025,pastry,1061
1694,15-05-2024,hamburger meat,322
2098,03-05-2024,root vegetables,714
1244,16-03-2024,chocolate,4601
1273,26-04-2024,bananas,4110
1956,17-07-2024,yogurt,3293
1729,02-03-2024,cat food,1004
1723,23-11-2025,canned beer,980
1498,18-09-2025,frozen vegetables,4553
1334,05-05-2025,margarine,797
1607,28-04-2024,crackers,2958
2155,14-01-2025,citrus fruit,4970
1607,28-04-2024,parmesan,2958
1345,03-03-2025,butter,3674
1390,01-07-2024,canned beer,5013
1361,02-10-2025,chocolate,3325
1212,03-04-2025,salty snack,5430
1597,08-01-2025,white bread,410
1106,30-05-2024,margarine,2106
1872,04-03-2024,root vegetables,2947
1963,04-05-2025,creamer,4563
1982,17-01-2025,salsa,2707
1186,14-07-2025,sausage,84
1093,08-03-2024,salty snack,1598
1750,24-03-2025,frankfurter,4176
1331,25-11-2025,chocolate,4943
1789,19-03-2025,ice cream,717
1204,23-03-2025,beef,5334
1183,27-07-2025,paper towels,5313
1011,21-11-2025,pastry,1161
1236,05-03-2024,margarine,3251
1567,14-03-2024,onions,66
1963,22-01-2024,bottled water,5765
1994,29-12-2025,salty snack,1502
1008,15-02-2024,canned beer,2246
2181,06-01-2025,cat food,4457
1190,23-04-2024,margarine,1883
1920,27-01-2024,bottled water,165
1193,27-09-2024,white bread,10
1624,15-03-2024,sausage,5289
1389,29-08-2024,tortillas,4620
1467,02-07-2024,diapers,3667
1470,24-07-2025,bottled water,841
1211,22-12-2025,root vegetables,3794
1525,21-02-2025,rolls/buns,2230
1565,26-01-2024,whole milk,2593
1712,22-03-2025,brown bread,3192
2194,25-09-2025,bottled water,1217
1008,20-05-2025,  BOTTLED WATER,5408
1355,08-06-2025,margarine,4184
1736,05-10-2024,salty snack,3177
1295,24-01-2024,frankfurter,207
1146,03-07-2025,soda,2768
1981,31-10-2025,margarine,5339
2114,02-12-2024,rolls/buns,5097
2153,03-05-2024,whole milk,826
1031,12-07-2025,tropical fruit,3816
2179,26-06-2024,salsa,2910
1972,17-10-2025,sausage,3087
1582,27-11-2024,tropical fruit,604
2116,18-09-2025,frankfurter,4288
2186,17-01-2025,salsa,3826
1493,21-10-2024,margarine,278
2130,24-08-2024,tomato sauce,5438
1081,06-05-2024,cat food,5457
1137,26-07-2025,beef,5038
1096,13-09-2025,canned beer,4325
1938,01-02-2025,beef,5399
2141,16-05-2025,onions,1893
1065,07-09-2024,cat food,3547
1905,08-12-2024,  NAPKINS,4927
1280,24-04-2025,margarine,5741
1187,26-08-2025,canned beer,2060
1806,06-09-2024,ground beef,4241
1916,18-01-2024,tropical fruit,1246
2107,28-08-2024,cat food,1095
1535,17-09-2025,cat food,2764
1569,17-08-2025,soda,2874
1878,02-03-2025,frankfurter,5141
1051,26-05-2024,jam,3511
1460,19-04-2025,newspapers,5017
1635,09-10-2024,margarine,4328
1814,19-06-2024,frozen vegetables,2577
1170,18-12-2025,citrus fruit,269
1952,11-07-2024,root vegetables,4669
2016,05-02-2025,parmesan,2612
1072,04-09-2024,yogurt,5970
1574,01-02-2025,granola,5052
1277,07-04-2025,frankfurter,5025
1275,28-01-2024,pasta,705
1247,05-10-2024,newspapers,929
1025,28-04-2025,tortillas,5817
1548,05-11-2024,tomato sauce,5984
1522,01-09-2025,frankfurter,2488
1177,22-07-2024,newspapers,3634
1994,20-01-2024,chips,641
1072,04-09-2024,sausage,5970
1435,25-06-2025,brown bread,75
1089,29-02-2024,curd,5901
1546,07-02-2024,onions,5283
1865,21-01-2024,root vegetables,5975
1505,12-04-2024,white bread,4549
1606,02-07-2025,tropical fruit,2263
1787,29-12-2025,cereal,2321
2101,23-01-2025,margarine,5775
1630,31-10-2025,  TROPICAL FRUIT,1185
1420,08-07-2025,hamburger meat,862
1777,03-08-2025,citrus fruit,1735
1551,21-05-2025,tropical fruit,2963
1694,16-10-2024,napkins,938
1956,02-03-2024,  TROPICAL FRUIT,3571
1752,09-07-2024,sausage,5992
1043,17-07-2025,jam,3365
1856,05-07-2024,rolls/buns,5951
1839,28-08-2024,creamer,3060
1830,09-11-2025,ketchup,4952
1755,27-10-2025,rolls/buns,834
1564,30-03-2025,canned beer,1000
1468,28-07-2024,paper towels,1182
1136,08-12-2025,root vegetables,4944
1805,26-02-2024,newspapers,1940
1570,30-06-2025,salty snack,4466
1296,29-03-2025,newspapers,531
1009,27-11-2024,soda,549
2050,21-01-2025,margarine,5573
1128,16-04-2024,salsa,3900
1320,12-04-2024,canned beer,4760
1919,15-11-2024,whole milk,722
1232,12-04-2025,canned beer,846
2038,30-03-2024,canned beer,3768
1573,18-02-2025,whole milk,4205
1604,23-10-2024,frozen vegetables,5997
1045,05-11-2024,bottled water,800
1783,20-03-2025,ground beef,4084
1038,16-03-2025,frozen vegetables,5578
1222,17-09-2025,margarine,2388
1282,16-11-2024,ketchup,1575
1727,03-12-2024,brown bread,1748
1743,23-04-2024,frozen vegetables,5539
1049,04-08-2024,yogurt,1526
1453,30-11-2025,  WHITE BREAD,215
2000,21-08-2024,canned beer,5265
1833,17-03-2024,white bread,1880
1856,26-01-2025,citrus fruit,1740
1352,26-05-2024,chips,4659
1188,25-07-2025,red wine,3207
1084,24-04-2025,salty snack,5065
1048,09-08-2024,sausage,150
1998,24-10-2024,newspapers,4932
2022,11-11-2025,whole milk,5981
1911,29-11-2024,yogurt,3308
1093,24-12-2024,shopping bags,1186
1019,31-05-2025,margarine,3215
2049,07-08-2025,domestic eggs,1985
1674,24-01-2024,canned beer,1401
1548,04-08-2024,frankfurter,4287
1248,11-09-2024,pasta,5961
1343,16-11-2025,whole milk,4276
1975,12-09-2025,curd,2515
1260,28-08-2024,soda,1491
1842,12-10-2025,granola,1367
1472,19-01-2024,cat food,4150
1577,13-05-2025,citrus fruit,2329
2127,26-11-2024,bottled water,2608
1192,02-05-2024,rolls/buns,2019
1775,26-11-2025,parmesan,5665
1398,26-02-2025,yogurt,439
1066,02-03-2025,newspapers,1166
1390,06-05-2025,napkins,298
1416,22-02-2024,citrus fruit,4233
1304,15-09-2024,canned beer,3369
1916,28-02-2024,cereal,2905
1398,23-10-2025,white bread,822
1640,03-07-2025,shopping bags,593
2176,20-01-2025,ketchup,274
2159,02-02-2024,margarine,2101
1948,04-12-2024,onions,4602
1860,01-04-2025,canned beer,2185
1152,26-01-2025,margarine,1456
1108,07-12-2024,margarine,977
1066,05-11-2024,shopping bags,1077
2192,26-08-2025,crackers,3642
1476,20-01-2024,salsa,992
1418,25-08-2024,onions,1264
2199,30-07-2024,root vegetables,205
1133,15-05-2024,cat food,2012
1372,07-02-2025,newspapers,448
1505,16-06-2024,frankfurter,1256
1614,15-09-2024,ground beef,2525
2198,18-09-2025,white bread,5903
1016,30-07-2025,chocolate,2532
1928,01-02-2024,canned beer,1281
1852,25-01-2024,white bread,2619
1432,04-12-2024,granola,1969
1427,30-01-2024,sausage,5552
2073,19-10-2025,citrus fruit,483
1213,07-03-2025,whole milk,3428
1488,10-08-2025,ketchup,3098
1835,09-03-2025,whole milk,3328
1801,03-08-2025,curd,4038
2179,30-05-2024,cat food,4964
1881,07-12-2024,cereal,2853
1708,26-02-2024,frozen vegetables,3746
1835,28-02-2025,canned beer,5881
2198,24-09-2025,newspapers,1612
1574,01-04-2025,sausage,1835
1852,25-01-2024,shopping bags,5357
1123,22-06-2024,frozen vegetables,3301
1205,10-07-2025,root vegetables,3641
1353,01-06-2024,bottled water,870
1039,21-02-2024,canned beer,2213
1727,03-12-2024,salsa,1748
1726,11-10-2025,brown bread,4625
1810,22-07-2025,chocolate,2436
1667,19-02-2025,tropical fruit,4260
1944,10-07-2024,salsa,5950
1564,12-02-2025,white bread,179
1864,13-03-2024,  ONIONS,4591
1240,18-08-2025,cat food,4456
1425,20-04-2024,pastry,5442
1920,18-11-2024,cereal,5850
1115,12-10-2024,canned beer,3433
1384,29-11-2025,jam,1346
1997,08-03-2024,margarine,5145
1812,01-07-2024,rolls/buns,5837
1166,30-12-2024,citrus fruit,2447
1623,24-04-2025,root vegetables,3344
1298,26-08-2024,curd,2311
1789,10-06-2025,white bread,5208
1108,24-11-2024,canned beer,2851
1399,24-11-2025,canned beer,1700
1229,03-04-2024,canned beer,5259
1945,21-09-2025,brown bread,4018
2180,01-07-2025,ice cream,4867
1535,25-01-2024,onions,5178
1973,03-11-2025,ice cream,611
1775,26-11-2025,hamburger meat,5665
1906,06-08-2024,  WHITE BREAD,5713
1222,18-02-2024,canned beer,5972
2106,25-05-2024,white bread,2120
1549,22-11-2024,bottled water,5898
1884,10-12-2025,ketchup,4874
2026,27-12-2024,frozen vegetables,5983
1307,05-04-2024,root vegetables,3392
1311,23-06-2025,citrus fruit,514
1801,13-07-2024,rolls/buns,3018
1844,04-07-2024,curd,5616
2021,16-10-2025,whole milk,4642
1358,16-10-2024,cheese,5942
1902,03-12-2024,canned beer,2199
1577,13-05-2025,domestic eggs,2329
1983,11-02-2025,shopping bags,979
1531,07-11-2025,bananas,884
1818,23-09-2024,salsa,5549
1153,25-10-2024,domestic eggs,1719
1675,20-05-2025,citrus fruit,2140
1493,11-06-2025,salty snack,3214
1070,20-10-2024,tomato sauce,434
1117,10-04-2024,dish detergent,1871
1958,06-09-2024,bananas,505
1599,16-02-2025,chocolate,2656
1814,07-04-2025,whole milk,1876
1382,21-03-2025,salsa,2629
1316,23-01-2024,soda,4643
1993,28-01-2024,pip fruit,5267
1611,22-01-2024,parmesan,5687
1756,11-11-2025,whole milk,3140
1836,25-03-2025,  CANNED BEER,3521
1830,20-10-2024,white bread,2415
1080,09-04-2024,soda,3204
2119,02-11-2024,  NEWSPAPERS,5670
1301,30-12-2025,,1861
1174,30-06-2024,white bread,4934
1384,26-12-2025,pastry,4543
1982,04-06-2024,sugar,594
1846,31-10-2025,cat food,366
1257,31-10-2025,brown bread,4418
1249,08-01-2025,margarine,4386
2075,21-02-2024,margarine,3208
1359,02-07-2024,granola,3938
1709,21-12-2024,canned beer,510
1284,11-08-2025,salty snack,2503
1870,07-04-2025,whole milk,1699
1948,04-12-2024,margarine,4602
1684,10-07-2025,canned beer,4300
1255,22-07-2025,soda,2369
1326,11-04-2024,whole milk,5938
1723,21-03-2025,canned beer,847
1304,26-12-2025,domestic eggs,1578
1991,09-01-2024,brown bread,3157
1033,25-04-2024,pasta,1967
2038,30-03-2024,tomato sauce,3768
1074,19-10-2024,  DOMESTIC EGGS,679
2111,30-09-2025,butter,3974
1054,02-01-2025,bottled water,3312
1945,03-08-2024,yogurt,1235
1159,22-07-2025,tropical fruit,836
1328,04-09-2025,newspapers,817
1394,30-01-2024,chocolate,1796
1728,22-01-2024,paper towels,5996
2174,24-05-2025,sausage,4034
1077,20-08-2025,white bread,3191
1060,09-11-2025,salty snack,4804
1782,05-10-2024,canned beer,4454
1499,07-08-2025,sausage,825
1174,08-07-2024,newspapers,1011
1405,29-10-2024,frankfurter,2604
2038,30-03-2024,  PASTA,3768
2196,16-07-2024,onions,2283
1198,23-07-2024,curd,2477
1236,30-12-2025,root vegetables,910
1769,24-10-2024,white bread,625
1875,18-08-2024,yogurt,2370
1365,01-04-2025,root vegetables,5934
1718,08-11-2024,granola,1989
1517,04-02-2025,shopping bags,1839
2037,21-06-2025,ground beef,4842
1432,30-08-2025,onions,4512
1801,18-10-2025,paper towels,3234
1271,08-07-2025,ground beef,2594
1342,30-08-2025,beef,3724
2026,09-06-2025,whole milk,4185
1586,23-11-2025,brown bread,3734
1600,03-12-2025,canned beer,4247
2195,08-02-2025,newspapers,2341
1636,24-07-2024,cat food,1343
1748,01-08-2025,ice cream,2051
1683,06-09-2025,margarine,4259
1424,29-12-2025,white bread,4819
1273,08-06-2024,salsa,4079
1410,22-04-2024,white bread,5964
1221,02-07-2024,chips,1038
1253,02-01-2025,pastry,2647
1377,19-07-2024,tomato sauce,4662
1716,27-06-2024,white bread,4962
1123,01-12-2024,root vegetables,2491
1899,07-02-2024,granola,4988
1775,17-09-2024,canned beer,3109
1139,28-06-2024,domestic eggs,4022
2038,18-07-2024,rolls/buns,3149
1462,06-01-2024,newspapers,2410
1436,01-04-2024,red wine,894
1075,26-01-2025,paper towels,635
1101,11-01-2024,domestic eggs,1463
2057,18-06-2024,brown bread,5758
1077,27-10-2024,butter,2517
1022,09-07-2025,chocolate,43
1298,06-01-2024,salty snack,1516
1056,04-12-2025,frozen vegetables,2518
1826,30-07-2025,yogurt,5299
1814,22-09-2024,canned beer,1054
1477,24-05-2024,canned beer,5349
1516,20-05-2025,cat food,4522
1193,27-09-2024,sugar,10
1915,05-01-2024,canned beer,5526
1195,21-05-2024,sugar,4118
1822,13-05-2024,margarine,1480
1505,24-07-2024,crackers,4928
1899,15-04-2025,domestic eggs,2413
1203,04-04-2024,white bread,2153
1031,15-09-2024,frankfurter,4231
1785,22-08-2025,napkins,1193
1425,12-06-2025,crackers,2350
1488,10-08-2025,rolls/buns,3098
1130,25-04-2025,newspapers,3651
1538,01-06-2024,canned beer,1335
1487,28-03-2024,jam,960
1994,06-09-2025,granola,2986
1570,13-02-2024,canned beer,1451
2073,21-03-2024,salsa,4
1803,05-06-2024,salty snack,5935
1569,01-08-2025,jam,8
1115,21-02-2024,newspapers,5611
1261,16-12-2024,frozen vegetables,1656
2073,19-10-2025,rolls/buns,483
1980,18-11-2025,whole milk,2773
1332,14-10-2024,canned beer,716
1576,18-01-2024,sausage,1879
1432,15-01-2024,brown bread,2981
2171,09-12-2025,pastry,5551
1323,08-10-2024,canned beer,5104
2015,15-11-2024,jam,3699
1976,03-06-2025,onions,2416
1281,01-09-2025,soda,4198
1949,21-08-2024,canned beer,4333
1536,24-03-2025,onions,2589
2120,10-09-2025,white bread,5220
1064,07-11-2025,bottled water,310
1093,28-04-2025,newspapers,195
1437,30-09-2024,soda,3356
1223,17-12-2025,canned beer,2943
1571,14-01-2025,cereal,3945
1122,18-01-2024,yogurt,4879
2093,29-03-2025,canned beer,4648
1273,10-08-2025,bottled water,1865
1523,24-02-2025,chips,1180
1433,16-07-2025,citrus fruit,5462
1290,19-02-2024,beef,5711
1327,13-03-2024,sausage,5048
1353,26-11-2025,granola,1357
1161,13-02-2024,bottled water,5411
1353,11-11-2025,margarine,3172
1986,30-09-2024,pip fruit,2489
1667,23-11-2024,rolls/buns,3269
1421,03-12-2024,frankfurter,693
2147,03-05-2024,ice cream,3775
1115,07-12-2024,white bread,3377
1532,22-05-2025,margarine,1019
1838,08-07-2024,frozen vegetables,4158
2155,25-03-2024,margarine,2023
1020,23-12-2024,tomato sauce,2351
1899,15-04-2025,sausage,2413
1774,19-09-2025,whole milk,4421
1616,25-12-2024,canned beer,3763
1630,23-10-2025,sausage,3622
1837,11-01-2024,canned beer,1513
2142,17-08-2024,white bread,1888
1294,17-12-2025,curd,735
1664,09-09-2024,shopping bags,3438
1227,05-11-2024,citrus fruit,4613
1279,28-03-2025,onions,1376
1177,26-07-2025,napkins,4797
1411,22-02-2025,,5049
1528,22-04-2024,yogurt,674
1045,05-11-2024,domestic eggs,800
1979,04-06-2024,pastry,5114
1165,27-02-2025,whole milk,4180
1747,19-05-2025,tropical fruit,5284
1039,18-09-2024,domestic eggs,440
2168,13-07-2024,granola,2024
1390,24-05-2025,red wine,2758
1507,07-04-2024,salty snack,3991
2152,18-03-2025,rolls/buns,1214
1955,21-10-2024,root vegetables,661
1142,08-01-2025,citrus fruit,2414
1909,17-02-2024,whole milk,1858
2001,17-09-2024,canned beer,5829
1453,12-07-2024,newspapers,2476
1152,17-06-2024,frankfurter,5706
1187,19-01-2024,red wine,2403
1726,15-03-2025,soda,4481
1868,05-07-2024,whole milk,4020
1903,09-07-2024,citrus fruit,181
1128,23-04-2025,curd,1044
1382,04-03-2024,newspapers,3896
1833,04-03-2025,tropical fruit,2485
1209,05-05-2025,frozen vegetables,1509
1838,09-05-2025,chocolate,2723
1788,01-08-2025,whole milk,2320
1952,12-11-2025,citrus fruit,1781
1697,20-03-2024,canned beer,4476
1470,01-01-2024,newspapers,3885
1558,21-09-2025,root vegetables,720
1005,18-02-2025,rolls/buns,5325
1468,30-09-2025,napkins,4738
1724,03-07-2025,white bread,5709
1899,06-06-2025,pip fruit,3400
1595,15-07-2024,cat food,4844
1712,22-03-2025,newspapers,3192
1293,26-09-2025,canned beer,3806
1430,15-11-2024,pasta,4193
2125,06-01-2024,newspapers,4515
1752,09-07-2024,margarine,5992
1563,26-12-2024,frankfurter,4608
2089,14-08-2025,margarine,1915
1880,29-03-2025,yogurt,1925
1559,27-07-2025,newspapers,5635
1852,09-10-2025,chocolate,377
1866,14-02-2025,pastry,3702
2187,21-07-2024,bananas,3623
1418,18-05-2024,canned beer,2002
1351,15-09-2024,margarine,1029
1445,16-04-2025,margarine,4603
1124,03-09-2024,chocolate,4353
1838,09-05-2025,pastry,2723
1086,08-05-2024,root vegetables,1113
2195,29-07-2025,ground beef,4771
1604,23-10-2024,cat food,5997
1175,20-04-2024,yogurt,5772
1852,05-04-2025,root vegetables,2332
2041,27-09-2025,canned beer,5027
1089,12-03-2025,jam,2780
1094,23-03-2025,soda,3963
1361,28-11-2024,margarine,5853
2104,05-01-2025,chips,409
1848,20-07-2025,yogurt,106
1567,21-10-2024,margarine,1965
1902,27-05-2024,tortillas,1594
1767,20-12-2025,canned beer,5069
1096,24-05-2024,butter,5774
1571,18-07-2025,root vegetables,1269
2147,02-03-2025,white bread,1442
1651,28-05-2024,canned beer,1643
2006,27-03-2025,tortillas,1537
1908,27-01-2025,ground beef,1066
1816,05-12-2024,whole milk,1459
1604,23-10-2024,curd,5997
2191,27-06-2025,brown bread,3735
2172,15-11-2024,whole milk,4103
2112,29-10-2025,curd,1139
1484,23-02-2024,white bread,2635
1147,21-11-2025,white bread,3782
1014,21-04-2025,white bread,2735
1678,05-02-2025,pastry,3744
1696,29-06-2024,  MARGARINE,3800
1669,29-10-2025,canned beer,1730
1378,04-10-2025,root vegetables,5044
1463,19-01-2025,yogurt,4665
1842,08-03-2025,jam,3855
1581,23-10-2025,cat food,1916
1023,20-03-2024,pip fruit,2302
1227,05-11-2024,whole milk,4613
2008,26-08-2025,frankfurter,1687
2112,13-08-2024,chocolate,4451
1505,08-01-2024,margarine,4360
1609,09-04-2024,pastry,4562
1068,17-06-2024,newspapers,1351
1747,19-05-2025,margarine,5284
1339,12-10-2025,cat food,1152
1357,18-08-2024,butter,2253
1235,26-04-2025,salsa,374
1487,16-10-2024,domestic eggs,5604
1105,15-05-2024,salty snack,2740
1929,21-02-2025,frankfurter,1270
1140,10-07-2024,onions,799
1142,08-01-2025,  FRANKFURTER,2414
1513,21-11-2025,pip fruit,1791
1891,11-03-2025,cat food,3352
1723,05-02-2024,  CANNED BEER,4458
1301,13-05-2024,frozen vegetables,1767
1149,14-04-2025,margarine,471
1669,07-05-2025,margarine,1174
1952,27-06-2024,frankfurter,1827
2017,17-12-2025,dish detergent,5947
1428,11-03-2024,bottled water,4286
1145,11-10-2024,root vegetables,82
1718,15-09-2025,  SHOPPING BAGS,4138
2151,03-12-2024,newspapers,1088
1320,12-04-2024,soda,4760
1098,19-05-2024,sausage,3730
1358,01-11-2024,newspapers,1637
1014,06-04-2024,red wine,3102
1343,06-02-2024,jam,4936
2172,28-12-2025,shopping bags,253
1927,08-05-2024,canned beer,270
1365,19-04-2024,margarine,3690
1401,21-06-2025,margarine,1063
1529,06-08-2025,brown bread,695
1911,11-10-2024,yogurt,3993
2046,31-08-2025,whole milk,4256
2150,26-10-2024,newspapers,5210
1401,13-12-2024,canned beer,133
1342,23-12-2024,soda,583
1095,14-08-2024,napkins,3602
1805,26-02-2024,salty snack,1940
1982,20-04-2024,margarine,2400
1470,24-07-2025,napkins,841
1222,18-02-2024,hamburger meat,3326
1914,03-05-2024,tropical fruit,2073
1588,24-06-2025,sausage,4681
1350,15-12-2024,margarine,5347
1208,16-03-2025,pip fruit,4935
1893,06-03-2025,canned beer,3592
1527,20-08-2024,granola,421
1289,18-09-2024,ground beef,816
1587,21-06-2024,tortillas,2889
1950,17-03-2024,tropical fruit,2275
1425,06-11-2024,canned beer,3127
2163,27-03-2024,frozen vegetables,5566
1339,30-01-2024,newspapers,4397
1910,06-03-2025,frozen vegetables,3256
1687,21-04-2024,curd,4060
1476,10-03-2025,margarine,1980
1740,09-11-2024,canned beer,2802
2091,14-06-2024,pasta,2361
2124,21-11-2024,bottled water,2860
2142,17-08-2024,coffee,1888
1096,22-05-2025,margarine,2364
2066,18-09-2024,curd,41
1764,14-09-2024,coffee,689
1120,01-12-2024,curd,6
1861,24-01-2024,bottled water,2899
1925,09-02-2024,chocolate,1421
1298,06-01-2024,jam,1516
1802,27-03-2024,canned beer,3205
1064,02-06-2024,curd,2944
1987,21-11-2025,sausage,1089
1054,24-04-2025,granola,1083
2021,10-06-2025,root vegetables,2827
1416,17-03-2024,frozen vegetables,917
2173,31-03-2024,margarine,5503
1923,06-11-2024,margarine,2648
2054,10-02-2025,yogurt,5320
1817,15-10-2024,ketchup,4559
1558,18-06-2025,  DISH DETERGENT,2017
1896,27-12-2024,frozen vegetables,5780
1425,20-04-2024,margarine,5442
1744,07-11-2025,root vegetables,3285
1199,01-09-2025,canned beer,4387
1356,03-02-2025,bananas,1828
1966,09-02-2024,ketchup,5067
2050,27-10-2025,whole milk,4224
2010,19-01-2025,ketchup,5358
1393,23-05-2025,salty snack,4785
1137,09-11-2025,napkins,3209
1438,16-11-2025,cat food,289
1789,10-06-2025,sugar,5208
1570,28-03-2024,shopping bags,2394
1319,06-10-2024,domestic eggs,2704
1685,25-07-2025,  DISH DETERGENT,2358
1007,05-12-2024,citrus fruit,3718
2110,28-10-2024,whole milk,5908
1168,22-02-2025,canned beer,4773
1928,08-04-2025,white bread,5725
1695,09-11-2025,frankfurter,2538
2033,07-09-2024,newspapers,4236
2043,16-11-2024,yogurt,1492
1838,24-01-2025,frankfurter,1882
2036,07-04-2025,citrus fruit,1665
2168,13-07-2024,salty snack,2024
1563,06-04-2025,whole milk,5523
1969,31-07-2025,sugar,5018
1277,30-04-2025,butter,517
1645,22-05-2025,onions,5537
1130,25-04-2025,canned beer,3651
2117,22-11-2024,rolls/buns,3447
1430,15-11-2024,domestic eggs,4193
1936,28-03-2025,root vegetables,3736
1249,28-04-2024,margarine,2812
1358,25-03-2024,whole milk,2788
1675,04-10-2024,diapers,5956
2113,09-07-2025,root vegetables,3488
1818,01-07-2025,margarine,2873
2180,01-07-2025,root vegetables,4867
1616,05-11-2025,curd,876
2007,18-03-2024,yogurt,3112
1390,28-09-2025,red wine,4056
1516,22-12-2024,salsa,2506
1345,22-10-2025,cereal,883
1180,20-11-2024,whole milk,4068
2080,20-02-2025,jam,1069
1227,30-03-2024,chips,1743
1783,17-11-2025,frozen vegetables,4524
1434,23-06-2025,chocolate,5642
1164,01-10-2024,tropical fruit,105
1904,01-04-2024,frankfurter,5907
1513,25-09-2024,rolls/buns,2197
1222,23-07-2025,canned beer,3077
1243,30-06-2024,dish detergent,2274
1180,20-01-2024,yogurt,1944
2126,12-05-2024,canned beer,2630
1181,22-09-2024,salsa,3668
1499,20-08-2024,tomato sauce,3853
2168,13-07-2024,frankfurter,2024
1085,30-11-2024,tortillas,135
1845,11-10-2025,cat food,3466
2105,20-03-2025,soda,1121
1933,15-09-2025,frankfurter,5568
1658,19-08-2024,pastry,1322
1517,04-02-2025,sausage,1839
1975,23-12-2025,margarine,3224
2056,16-08-2024,tortillas,1556
1840,27-04-2025,shopping bags,4709
2005,12-12-2025,rolls/buns,718
2017,24-01-2024,whole milk,1931
1071,17-05-2024,newspapers,1175
1748,14-06-2024,white bread,1362
1920,06-10-2025,margarine,370
1440,11-07-2025,canned beer,2203
1983,02-04-2025,frankfurter,1190
1116,04-03-2024,,5657
1892,21-09-2025,soda,435
1834,15-10-2024,sausage,4784
1951,18-03-2024,rolls/buns,1040
1998,19-01-2024,canned beer,1898
1993,01-05-2024,newspapers,789
1902,13-05-2025,canned beer,3961
1787,14-08-2024,canned beer,3982
1817,15-10-2024,canned beer,4559
1506,21-06-2025,curd,4615
1188,18-11-2024,canned beer,2836
2090,23-10-2025,root vegetables,4295
1863,20-01-2024,margarine,4311
2043,06-04-2025,salsa,3257
1856,29-11-2024,pastry,5268
1243,28-03-2025,bananas,5478
1526,15-11-2025,root vegetables,3036
1062,11-09-2024,newspapers,5161
1545,28-07-2025,newspapers,4550
2089,24-10-2025,frozen vegetables,223
1039,01-12-2025,margarine,958
1981,31-08-2025,yogurt,760
1790,04-08-2024,citrus fruit,2639
1891,26-07-2024,yogurt,821
1898,09-10-2025,canned beer,4135
1283,18-02-2025,chocolate,4167
1182,24-10-2024,domestic eggs,998
1452,06-10-2025,domestic eggs,4568
1336,20-03-2025,tomato sauce,5125
1279,08-07-2024,frozen vegetables,3086
1819,12-07-2025,canned beer,5506
1362,06-08-2024,citrus fruit,1717
1117,16-11-2024,cat food,4402
1823,27-09-2025,canned beer,3999
1476,20-01-2024,pastry,992
1606,27-07-2025,newspapers,31
1831,24-10-2025,cereal,4558
1816,18-01-2024,butter,2273
1906,30-01-2025,margarine,90
1292,15-03-2025,newspapers,5751
1897,07-05-2024,canned beer,1902
2015,01-08-2024,shopping bags,3546
2166,22-01-2024,root vegetables,5030
1876,15-11-2024,margarine,2890
1983,02-04-2025,domestic eggs,1190
1355,01-07-2025,margarine,492
1214,16-07-2025,newspapers,4461
2150,11-11-2024,paper towels,4666
2101,23-01-2025,newspapers,5775
2021,26-05-2025,granola,2492
1460,16-05-2025,tomato sauce,1866
1832,16-02-2024,butter,5091
1739,09-06-2025,shopping bags,2977
1862,12-06-2024,canned beer,3877
2182,10-03-2024,ground beef,5371
1686,26-12-2025,granola,1522
2074,29-07-2024,onions,2567
1664,05-06-2024,white bread,5312
1581,05-12-2024,pastry,2029
1396,19-01-2025,canned beer,1110
2144,23-07-2025,pasta,1298
1117,31-10-2025,beef,1834
1889,13-01-2025,canned beer,5231
1774,10-12-2025,whole milk,4165
1884,17-03-2024,salty snack,4121
1634,05-10-2025,dish detergent,1134
1655,26-10-2024,canned beer,3969
2012,06-10-2025,onions,1800
2035,16-08-2024,canned beer,2982
2013,20-07-2024,ground beef,5788
1832,30-09-2024,whole milk,1475
1362,06-08-2024,newspapers,1717
1976,12-11-2024,white bread,1586
1018,20-07-2024,ice cream,764
2017,30-08-2024,canned beer,3532
1718,04-07-2024,brown bread,1002
1750,22-03-2024,canned beer,4564
1827,19-08-2025,white bread,2417
1192,01-08-2025,newspapers,3544
1485,23-01-2025,citrus fruit,305
1505,16-06-2024,newspapers,1256
1081,14-03-2025,cat food,4129
1854,29-07-2024,brown bread,5727
1858,07-03-2025,canned beer,2767
1937,22-05-2024,citrus fruit,4127
2179,21-12-2024,whole milk,3955
1394,30-01-2024,butter,1796
1795,14-03-2024,whole milk,4050
2116,02-12-2025,white bread,886
1959,06-07-2024,  GRANOLA,3545
2017,01-09-2025,citrus fruit,4004
2119,19-08-2024,  CANNED BEER,3186
1631,15-02-2024,canned beer,4447
1655,23-10-2025,bottled water,5098
2155,04-07-2025,newspapers,5235
1308,25-03-2025,root vegetables,1237
1264,23-12-2025,sausage,2893
1446,01-02-2024,whole milk,5810
1276,26-03-2024,tortillas,2708
1128,16-04-2024,tortillas,3900
1839,15-08-2024,rolls/buns,2701
1860,14-04-2024,white bread,2573
1050,06-03-2025,newspapers,5301
2090,29-10-2024,root vegetables,3113
1171,23-05-2024,root vegetables,438
1891,17-12-2024,domestic eggs,806
1175,30-03-2024,cheese,3434
1743,02-09-2025,canned beer,3841
1102,11-04-2024,canned beer,5180
2145,30-08-2025,canned beer,2775
1724,19-09-2024,newspapers,1670
2059,14-09-2025,canned beer,3897
1539,05-04-2024,yogurt,1123
1706,12-02-2025,canned beer,2858
2035,16-08-2024,beef,2982
1241,05-02-2025,yogurt,4392
1446,17-09-2025,shopping bags,2021
1978,01-01-2024,parmesan,2867
1693,27-05-2025,tropical fruit,3040
1888,24-04-2024,bottled water,282
1854,06-12-2025,newspapers,4754
1082,31-03-2025,canned beer,4350
2063,04-02-2024,pastry,4493
1091,25-02-2025,canned beer,4612
2057,18-06-2024,hamburger meat,5758
1354,04-07-2025,white bread,2748
1300,17-04-2024,sausage,3698
1432,02-04-2024,salty snack,3944
2147,02-03-2025,domestic eggs,1442
1943,18-01-2025,root vegetables,5078
1627,29-03-2025,red wine,2633
1504,31-03-2024,bottled water,1379
1189,29-03-2024,cheese,4756
1035,28-04-2024,margarine,4652
1454,29-07-2025,canned beer,2562
1060,19-03-2025,root vegetables,2053
1699,14-07-2024,ground beef,956
1308,11-10-2024,margarine,3397
1941,13-10-2025,root vegetables,526
1582,15-03-2025,sausage,2841
1759,11-02-2024,margarine,2872
1943,18-01-2025,yogurt,5078
1025,29-04-2024,salsa,3921
1988,26-06-2024,napkins,3895
2061,01-10-2024,frankfurter,2390
1865,21-01-2024,citrus fruit,5975
2001,12-10-2025,chocolate,4883
1814,13-07-2024,hamburger meat,563
1909,17-02-2024,frozen vegetables,1858
1538,12-12-2025,whole milk,4876
2107,18-10-2024,chocolate,3975
1959,06-07-2024,canned beer,3545
1220,28-03-2024,canned beer,4439
2075,07-01-2024,whole milk,3456
1833,26-08-2025,chocolate,5392
1115,07-12-2024,root vegetables,3377
1430,22-05-2025,citrus fruit,1734
2195,29-07-2025,whole milk,4771
1279,18-01-2024,root vegetables,3645
1122,02-07-2024,tortillas,4924
1392,27-02-2025,white bread,1218
1573,20-04-2024,soda,711
1086,23-04-2025,whole milk,232
1458,16-04-2024,citrus fruit,3687
1815,31-10-2025,bottled water,1184
1170,25-10-2025,  PASTRY,3618
1024,28-05-2024,canned beer,3247
2083,10-01-2024,white bread,373
1891,04-03-2025,tomato sauce,3217
1902,03-12-2024,sausage,2199
1274,06-11-2025,whole milk,3141
1056,05-02-2025,citrus fruit,1984
1251,09-05-2024,soda,1486
2080,09-05-2024,frozen vegetables,4151
1155,25-05-2024,creamer,1896
1491,04-05-2024,ketchup,5664
2148,15-06-2025,beef,4395
1261,20-08-2025,onions,2931
1473,07-11-2025,frankfurter,3487
1066,18-06-2024,canned beer,1026
1030,04-12-2024,canned beer,5479
1669,19-08-2024,root vegetables,444
1552,08-12-2024,canned beer,288
1871,13-12-2025,,147
2074,29-07-2024,white bread,2567
1221,19-04-2024,yogurt,3965
1432,15-05-2025,brown bread,755
1284,16-05-2025,salty snack,4765
1667,18-04-2025,frozen vegetables,2854
1063,14-10-2025,curd,4413
1318,16-05-2024,root vegetables,1018
1326,04-08-2024,canned beer,1587
1183,11-10-2025,chocolate,1521
1667,02-06-2025,salty snack,3225
1971,26-04-2025,canned beer,302
1660,10-10-2024,cereal,1302
1905,24-07-2024,margarine,713
1324,19-07-2025,bottled water,3500
1441,26-01-2025,white bread,1934
2065,21-10-2024,margarine,2442
1875,13-06-2024,bottled water,4891
1962,03-07-2025,margarine,2600
2000,23-10-2024,granola,5734
2015,12-08-2024,canned beer,3884
2192,19-10-2024,salty snack,4074
1654,09-03-2025,citrus fruit,4510
1444,04-10-2024,sausage,4249
1978,14-09-2025,sausage,1037
1553,26-12-2024,white bread,5014
2073,15-04-2025,citrus fruit,655
1842,12-10-2025,pastry,1367
1311,18-11-2024,canned beer,2344
1488,28-02-2024,white bread,122
1235,03-11-2025,shopping bags,369
1002,19-09-2024,dish detergent,2463
2077,30-12-2025,margarine,5298
1399,15-07-2024,domestic eggs,5266
2033,24-02-2025,red wine,2777
1975,15-11-2025,whole milk,5001
1283,18-02-2025,cereal,4167
2181,07-04-2024,canned beer,184
1161,18-09-2025,canned beer,589
1345,03-03-2025,domestic eggs,3674
1073,05-01-2024,jam,5926
1669,29-10-2025,frozen vegetables,1730
1321,05-03-2025,citrus fruit,1460
1339,30-01-2024,dish detergent,4397
1335,15-04-2024,onions,4895
1396,19-01-2025,soda,1110
1622,29-02-2024,root vegetables,166
1790,28-03-2024,sausage,1671
1290,20-07-2024,frozen vegetables,691
1626,22-01-2025,margarine,1420
1091,19-01-2025,citrus fruit,4886
1200,30-09-2025,ground beef,2016
1667,18-04-2025,curd,2854
1859,24-09-2025,canned beer,1061
1837,17-11-2024,newspapers,2336
2155,24-08-2025,white bread,2373
1699,14-08-2024,canned beer,336
1448,12-04-2025,canned beer,5743
1177,26-07-2025,whole milk,4797
1537,21-06-2024,canned beer,4195
2048,13-06-2025,canned beer,3193
2079,20-04-2024,root vegetables,734
1359,14-11-2025,granola,1978
1216,13-09-2025,canned beer,5761
2088,14-01-2024,napkins,86
1879,20-12-2025,dish detergent,4628
1342,23-12-2024,salsa,583
1526,08-07-2024,sausage,4647
1125,11-12-2024,canned beer,1425
1272,17-04-2025,salty snack,5696
1009,29-03-2024,pastry,3035
2110,07-10-2025,salty snack,4884
1187,31-05-2025,napkins,5482
1829,08-08-2025,rolls/buns,861
2169,25-06-2024,,4319
2052,27-06-2025,yogurt,5249
1282,10-02-2025,curd,3677
1525,21-02-2025,margarine,2230
1160,27-11-2025,margarine,4534
1006,09-07-2024,margarine,4141
1522,25-02-2025,hamburger meat,4426
1790,12-08-2024,cereal,4546
1071,19-09-2025,root vegetables,2112
1307,17-06-2025,margarine,2584
1884,03-05-2025,bottled water,1786
1031,08-11-2024,tropical fruit,4852
1871,03-11-2025,newspapers,4412
1978,06-11-2024,frankfurter,5671
1289,04-08-2024,newspapers,4073
1037,02-02-2025,jam,255
1351,10-08-2024,canned beer,3760
1431,10-03-2025,jam,4832
1907,24-10-2024,  NEWSPAPERS,2496
1150,19-12-2024,salty snack,2741
1712,22-03-2025,chips,3192
1918,06-10-2024,canned beer,275
1319,13-06-2025,margarine,500
1289,24-02-2025,canned beer,1206
2060,21-04-2025,frozen vegetables,1675
1081,14-03-2025,brown bread,4129
1815,07-04-2025,domestic eggs,5271
1569,01-08-2025,white bread,8
1975,15-11-2025,canned beer,5001
1969,20-07-2024,chocolate,1320
1239,17-03-2025,soda,4614
1565,18-10-2024,frankfurter,1532
1179,02-09-2024,bottled water,2845
1352,18-10-2024,curd,2356
1371,02-04-2024,salty snack,441
1153,07-09-2025,white bread,1872
2190,27-12-2024,ground beef,4703
1894,06-10-2025,canned beer,2536
1919,01-10-2025,newspapers,5431
1493,21-10-2024,bottled water,278
1272,17-01-2025,soda,805
1818,15-01-2024,canned beer,5852
1313,27-03-2025,margarine,2504
1483,30-12-2024,butter,2020
2074,16-10-2024,pastry,3419
1984,01-03-2024,white bread,4075
1816,15-06-2025,chocolate,2765
1225,18-05-2025,canned beer,4200
2055,25-11-2025,dish detergent,4137
1389,30-06-2025,dish detergent,738
1470,27-10-2025,red wine,528
1903,13-07-2024,bottled water,715
2179,27-05-2025,canned beer,1025
2073,21-03-2024,  WHITE BREAD,4
1347,10-03-2025,curd,5874
1319,13-06-2025,red wine,500
2012,06-10-2025,sausage,1800
1825,29-12-2024,newspapers,621
1318,30-03-2025,  ICE CREAM,1305
1056,18-04-2024,salsa,2076
1160,18-01-2025,canned beer,4046
1750,24-06-2025,tropical fruit,484
1325,05-05-2024,pastry,5621
1392,25-12-2025,soda,1629
1770,18-10-2024,whole milk,2754
2117,10-04-2024,salty snack,4781
1683,19-05-2024,ketchup,4213
2015,01-04-2025,domestic eggs,5447
1905,24-08-2024,root vegetables,4744
1200,24-07-2025,yogurt,5508
1614,17-10-2024,canned beer,1693
1307,10-10-2024,brown bread,4117
1779,22-09-2025,pasta,285
2073,19-10-2025,paper towels,483
2175,02-08-2024,yogurt,4699
1152,17-06-2024,domestic eggs,5904
1096,24-05-2024,citrus fruit,5774
2126,30-01-2025,coffee,1259
1684,01-10-2024,margarine,5625
2105,20-03-2025,coffee,1121
1507,12-12-2025,canned beer,3588
2152,09-02-2024,citrus fruit,783
1134,23-03-2025,citrus fruit,2055
1149,14-04-2025,dish detergent,471
2130,19-03-2025,margarine,664
1220,29-08-2025,pastry,4757
2177,19-05-2024,paper towels,1680
1110,24-01-2025,chocolate,2108
1915,09-10-2024,whole milk,924
1869,10-05-2024,pastry,3593
2125,06-08-2025,crackers,5099
1749,21-12-2024,coffee,1849
1007,05-12-2024,curd,3718
1104,06-05-2025,canned beer,5843
2069,11-02-2024,cereal,3793
1600,25-03-2025,dish detergent,2498
1558,12-04-2024,napkins,273
2086,07-01-2024,  ROOT VEGETABLES,4887
1988,04-07-2024,butter,309
1356,11-06-2025,cheese,4194
1502,03-03-2025,whole milk,1831
1793,04-03-2024,whole milk,5419
1651,04-12-2024,salsa,3163
1204,01-10-2024,soda,5218
1799,05-08-2025,root vegetables,1187
1128,25-08-2025,canned beer,1595
2119,06-07-2024,rolls/buns,94
1319,22-06-2024,citrus fruit,3831
1014,21-04-2025,,2735
1260,02-10-2025,pastry,2857
1807,28-02-2025,margarine,749
1465,31-01-2024,jam,1388
1641,30-11-2025,margarine,5862
1412,17-12-2025,salty snack,4023
1095,14-08-2024,soda,3602
1862,08-07-2025,domestic eggs,1942
1791,28-10-2024,pastry,5428
1959,05-10-2025,citrus fruit,3910
1479,09-08-2024,domestic eggs,684
2188,01-08-2024,domestic eggs,683
1743,23-04-2024,margarine,5539
2093,29-03-2025,margarine,4648
1198,31-08-2024,rolls/buns,688
1199,18-10-2025,  MARGARINE,2478
1339,18-07-2024,canned beer,3105
1498,18-09-2025,canned beer,4553
1954,05-01-2024,,969
1292,05-05-2024,citrus fruit,3901
2049,27-10-2025,canned beer,4232
1722,02-08-2024,chips,704
1350,11-11-2025,tortillas,3462
1240,18-03-2025,citrus fruit,5463
1230,21-11-2024,salty snack,978
2007,22-11-2025,sugar,3711
1902,14-09-2024,shopping bags,1169
1304,26-05-2025,tropical fruit,1574
1456,15-11-2024,cereal,4253
1936,07-04-2025,canned beer,3614
1880,29-03-2025,margarine,1925
1801,14-12-2025,granola,2928
2147,05-11-2025,bottled water,681
2159,20-02-2025,ice cream,2423
1254,20-03-2025,white bread,1398
1389,26-04-2025,whole milk,3551
1718,09-03-2025,chocolate,999
1468,07-06-2024,tropical fruit,5965
1059,10-12-2024,canned beer,790
2090,23-10-2025,ketchup,4295
1823,20-07-2024,canned beer,2634
1829,07-09-2025,bottled water,3578
1563,06-04-2025,  CANNED BEER,5523
2056,16-10-2024,ice cream,1219
1260,29-04-2025,citrus fruit,3218
2185,30-09-2025,onions,5830
1198,10-11-2025,canned beer,5172
1024,10-09-2024,ground beef,5043
1018,25-10-2024,chips,4082
1791,28-07-2024,margarine,2556
1227,07-11-2024,white bread,1267
1970,19-06-2024,whole milk,4469
2074,19-04-2024,margarine,1608
2171,17-12-2025,paper towels,25
1946,20-03-2024,margarine,5066
1466,13-02-2025,paper towels,17
1529,04-07-2025,root vegetables,245
1946,20-03-2024,curd,5066
2157,16-09-2024,onions,3244
1323,06-01-2024,yogurt,3550
1891,17-12-2024,newspapers,806
1751,29-11-2025,canned beer,1899
1868,03-02-2025,margarine,5045
1957,03-09-2024,whole milk,4802
1527,31-01-2025,domestic eggs,1696
1782,24-02-2025,creamer,3115
1467,30-08-2024,domestic eggs,2847
1468,03-07-2024,napkins,2292
1077,27-10-2024,jam,2517
1381,04-01-2025,white bread,3093
1643,01-07-2024,canned beer,4306
1627,31-03-2025,ground beef,5163
2196,29-08-2025,bananas,2686
2016,13-04-2025,frozen vegetables,3750
1492,18-08-2024,sugar,1751
1346,30-10-2025,curd,666
2144,20-12-2025,root vegetables,5589
1654,15-05-2024,pastry,591
1306,07-10-2025,whole milk,676
2159,26-11-2025,newspapers,5308
1326,04-08-2024,yogurt,1587
1354,01-01-2024,canned beer,1941
1827,22-08-2024,shopping bags,5569
1740,09-11-2024,domestic eggs,2802
1852,05-04-2025,margarine,2332
1545,26-09-2025,canned beer,5808
1097,20-10-2025,pasta,970
1958,31-10-2024,canned beer,5315
2059,20-04-2024,root vegetables,2298
2094,08-04-2025,margarine,5060
1821,23-02-2025,chocolate,3688
1703,30-10-2024,diapers,5644
2194,24-04-2025,rolls/buns,2170
1798,02-12-2024,brown bread,903
1684,05-04-2024,root vegetables,5563
1941,30-10-2025,crackers,1515
1110,24-01-2025,canned beer,2108
2115,21-11-2025,root vegetables,2121
1416,11-06-2024,shopping bags,2083
1943,08-06-2025,margarine,5643
1329,28-01-2024,bottled water,1046
2120,10-09-2025,frozen vegetables,5220
1886,12-10-2025,whole milk,5382
1997,24-01-2024,root vegetables,174
1070,27-09-2024,  WHOLE MILK,5443
1470,01-01-2024,root vegetables,3885
1518,30-11-2025,margarine,5375
1185,25-06-2024,citrus fruit,2997
2158,29-06-2024,parmesan,3385
2107,19-05-2024,margarine,1815
1427,13-05-2025,canned beer,786
1115,21-08-2024,creamer,3670
1780,28-03-2025,canned beer,925
1320,26-11-2024,canned beer,1415
1610,19-05-2025,cat food,2251
1930,26-05-2024,white bread,433
2179,27-05-2025,root vegetables,1025
1101,13-07-2025,napkins,3348
1234,10-10-2024,brown bread,5912
1352,24-03-2024,pastry,2158
1077,20-08-2025,beef,3191
1451,01-11-2024,canned beer,1248
1279,28-03-2025,pip fruit,1376
1354,05-06-2024,frozen vegetables,1814
1833,01-06-2024,onions,4861
2078,26-05-2024,bananas,2450
1239,24-10-2025,parmesan,136
1843,05-06-2024,butter,3250
1498,25-07-2025,margarine,2995
2180,03-08-2025,canned beer,2668
1871,25-02-2024,newspapers,599
1789,10-06-2025,canned beer,5208
1970,19-06-2024,canned beer,4469
1612,14-05-2024,canned beer,2856
1884,11-01-2024,pastry,5547
2079,13-08-2024,pastry,3220
2153,02-03-2024,soda,1566
2057,27-10-2024,dish detergent,4866
1634,16-08-2025,margarine,2078
1274,30-11-2025,paper towels,437
1327,16-08-2024,newspapers,3657
1858,14-05-2025,beef,5281
2033,07-09-2024,domestic eggs,4236
1470,01-01-2024,canned beer,3885
1645,22-05-2025,canned beer,5537
1878,03-09-2024,parmesan,3031
1823,20-07-2024,whole milk,2634
1977,08-05-2024,chocolate,565
1184,11-10-2024,coffee,4001
1500,12-07-2025,pastry,1974
1025,29-04-2024,bananas,3921
1314,12-03-2025,napkins,3898
1336,24-11-2025,margarine,2154
1928,29-08-2024,root vegetables,961
1220,04-03-2024,canned beer,2576
1891,09-08-2024,citrus fruit,3617
2090,14-03-2025,salty snack,3283
1039,06-04-2024,  BUTTER,4377
2182,09-02-2025,margarine,5795
1026,07-04-2025,hamburger meat,654
2019,05-01-2024,ketchup,5882
1784,23-05-2024,canned beer,844
1755,27-10-2025,frozen vegetables,834
1394,30-01-2024,jam,1796
2105,16-11-2024,tropical fruit,3514
2192,07-08-2024,cheese,2551
2145,30-08-2025,pip fruit,2775
1141,22-09-2025,tomato sauce,2206
1696,05-02-2024,yogurt,2799
1426,06-05-2025,white bread,3483
2136,17-02-2025,white bread,4264
1290,26-02-2024,margarine,694
1669,07-05-2025,salty snack,1174
1096,11-11-2025,napkins,2224
1372,25-08-2025,salsa,1036
1526,09-03-2024,salty snack,5020
1631,15-02-2024,domestic eggs,4447
1381,25-08-2025,domestic eggs,3231
1847,08-01-2025,margarine,1424
1049,13-09-2025,newspapers,2280
1959,06-07-2024,curd,3545
1545,26-09-2025,whole milk,5808
2001,17-09-2024,frozen vegetables,5829
2090,23-10-2025,hamburger meat,4295
1205,16-07-2024,chocolate,5032
1395,30-04-2024,frozen vegetables,1234
2046,31-08-2025,domestic eggs,4256
1222,01-01-2025,salsa,2564
1451,27-02-2025,paper towels,149
1589,05-06-2025,beef,5129
1610,19-05-2025,whole milk,2251
1626,22-01-2025,ketchup,1420
1409,07-08-2025,shopping bags,1147
1351,30-06-2024,frankfurter,5897
1064,01-04-2024,tropical fruit,2671
1494,08-08-2025,ground beef,564
1614,15-09-2024,root vegetables,2525
1316,23-01-2024,margarine,4643
1906,06-08-2024,frozen vegetables,5713
2149,10-01-2024,margarine,286
1390,07-06-2025,beef,2655
1706,21-03-2024,canned beer,5158
1043,12-01-2025,curd,3923
1530,07-06-2025,margarine,5149
1323,29-05-2025,frozen vegetables,4882
1140,22-06-2024,citrus fruit,3237
1091,19-01-2025,whole milk,4886
1152,17-06-2024,coffee,5904
1686,26-12-2025,bananas,1522
2010,28-02-2024,canned beer,3933
1920,27-01-2024,pasta,165
1505,12-04-2024,rolls/buns,4549
1002,06-04-2025,napkins,1869
1941,13-10-2025,pip fruit,526
1206,10-09-2025,paper towels,1842
1627,29-03-2025,chocolate,2633
1008,05-02-2024,yogurt,4999
2098,03-05-2025,frankfurter,3319
1254,08-12-2024,newspapers,5745
1210,06-12-2024,pasta,1956
1337,02-04-2025,  CANNED BEER,3635
1678,07-09-2025,root vegetables,1503
1752,05-08-2024,frankfurter,4168
1373,16-03-2024,paper towels,1488
1370,01-06-2025,margarine,1087
1566,11-05-2025,chips,3528
2120,08-03-2025,sausage,442
1139,28-06-2024,newspapers,4022
2178,20-11-2024,pastry,2065
1242,14-11-2025,newspapers,2327
2089,14-08-2025,salsa,1915
1141,07-12-2024,tropical fruit,3460
2002,29-04-2024,sausage,5543
2122,25-03-2024,canned beer,3129
2061,04-07-2024,napkins,1053
1434,23-06-2025,white bread,5642
1289,04-08-2024,domestic eggs,4073
2103,27-11-2024,cheese,5730
1793,12-11-2024,cereal,2650
1220,06-10-2025,whole milk,5190
1646,27-12-2025,canned beer,2621
2185,17-01-2025,ketchup,427
1351,10-11-2024,soda,4574
1243,04-06-2025,crackers,4420
1818,25-09-2024,citrus fruit,5809
2069,08-05-2024,parmesan,3398
1560,10-11-2024,brown bread,5263
2149,28-02-2025,rolls/buns,4436
2122,06-11-2024,newspapers,5184
1036,26-06-2025,diapers,5037
1477,21-03-2024,chocolate,1111
1195,20-05-2024,white bread,2448
1786,13-07-2024,tomato sauce,3653
1085,29-08-2024,coffee,5888
1014,07-11-2025,salty snack,1288
1177,15-01-2024,newspapers,416
1504,06-07-2025,margarine,2164
1764,14-09-2024,root vegetables,689
2131,28-11-2024,domestic eggs,5717
1871,25-10-2024,frozen vegetables,5209
2130,28-11-2025,tropical fruit,3351
1412,08-01-2024,domestic eggs,5362
1630,08-09-2024,white bread,1024
1925,31-01-2025,white bread,2444
1429,06-07-2025,margarine,1947
1304,01-05-2025,margarine,4623
1635,04-06-2024,sausage,5412
1212,25-09-2024,whole milk,4487
1531,13-02-2025,cat food,3490
2104,05-01-2025,canned beer,409
1793,04-03-2024,domestic eggs,5419
1308,03-09-2025,salty snack,4077
1855,11-04-2024,  KETCHUP,3757
2153,09-12-2025,canned beer,1628
2075,11-03-2024,chocolate,4531
1017,23-03-2025,whole milk,814
2080,07-10-2025,tropical fruit,5683
1498,25-07-2025,jam,2995
1115,20-12-2025,beef,5572
1633,14-07-2024,pasta,220
1614,15-09-2024,cat food,2525
1331,25-11-2025,soda,4943
2033,04-07-2025,margarine,2360
1177,22-07-2024,bottled water,3634
1975,11-12-2025,margarine,5911
1487,15-07-2024,dish detergent,2386
1116,20-03-2025,white bread,5424
1160,18-01-2025,domestic eggs,4046
1589,05-06-2025,cat food,5129
2017,18-01-2024,bottled water,4237
2038,28-12-2024,citrus fruit,3988
2091,27-10-2025,,1514
1418,09-10-2024,,4067
1815,27-10-2024,cat food,3630
2044,27-12-2025,frankfurter,1760
1684,01-10-2024,rolls/buns,5625
1649,09-05-2025,sausage,4036
2090,02-09-2025,canned beer,1832
1962,28-11-2025,citrus fruit,5613
1179,06-11-2025,frozen vegetables,4877
1123,22-06-2024,bananas,3301
1297,09-01-2024,root vegetables,3470
1103,11-12-2024,citrus fruit,5842
1691,04-10-2025,citrus fruit,5406
1264,23-12-2025,margarine,2893
1018,30-03-2025,chocolate,1859
1648,25-10-2024,ice cream,1122
1811,23-09-2025,coffee,378
1328,07-05-2025,curd,4136
1175,20-04-2024,whole milk,5772
1806,06-09-2024,canned beer,4241
1740,20-11-2025,curd,3276
2054,10-02-2025,cat food,5320
2185,09-07-2025,hamburger meat,1114
1740,20-11-2025,root vegetables,3276
1637,03-08-2024,onions,1366
1781,28-08-2025,whole milk,3381
1987,22-07-2025,frankfurter,3291
1794,20-06-2025,,5782
1432,15-05-2025,cheese,755
1559,14-09-2025,canned beer,2646
1811,23-09-2025,frozen vegetables,378
1510,15-03-2025,yogurt,1773
1662,26-04-2025,white bread,4479
1102,24-11-2024,margarine,3817
1072,10-09-2024,yogurt,2797
2077,11-06-2024,salsa,5588
1220,20-03-2025,canned beer,4448
2163,05-05-2025,soda,5057
1358,05-10-2025,whole milk,2241
1899,02-01-2024,bottled water,5012
1245,25-04-2025,newspapers,2929
1638,10-02-2025,margarine,1766
1971,25-12-2024,chocolate,372
2061,04-07-2024,yogurt,1053
2075,07-01-2024,onions,3456
1644,10-03-2024,root vegetables,1209
1394,19-06-2025,domestic eggs,2555
1933,23-04-2024,citrus fruit,5496
1899,02-01-2024,pasta,5012
2000,10-12-2024,yogurt,4366
2030,28-02-2024,yogurt,1469
1842,14-02-2024,margarine,4329
1094,23-03-2025,chips,3963
1401,13-12-2024,salty snack,133
1787,14-08-2024,ground beef,3982
2042,25-04-2025,salty snack,402
1592,21-10-2024,canned beer,5096
1460,23-09-2024,chocolate,4192
1391,29-09-2025,chips,4312
1754,13-10-2024,salsa,3675
1542,18-03-2025,bottled water,420
1713,18-06-2025,napkins,4814
2026,09-06-2025,canned beer,4185
1797,16-09-2025,granola,5257
1675,04-10-2024,frankfurter,5956
1872,21-05-2025,salsa,5136
1873,14-06-2024,frankfurter,132
1774,19-09-2025,cereal,4421
1319,05-08-2025,margarine,1736
1828,06-06-2024,yogurt,5632
1635,26-11-2025,root vegetables,4695
1978,20-02-2025,frozen vegetables,3833
1123,26-05-2024,tomato sauce,1230
1608,12-07-2024,paper towels,5896
1452,04-03-2025,salty snack,1997
1941,30-10-2025,white bread,1515
1570,13-02-2024,white bread,1451
2000,21-08-2024,yogurt,5265
1489,04-01-2025,pastry,4881
2050,27-10-2025,salty snack,4224
1125,23-06-2024,frankfurter,3350
2000,10-12-2024,newspapers,4366
2045,03-09-2025,canned beer,1440
1627,21-05-2025,pastry,2325
1122,18-01-2024,napkins,4879
2191,24-09-2024,salsa,1889
1439,07-08-2024,jam,1853
2026,09-06-2025,sausage,4185
1513,25-09-2024,bottled water,2197
1639,27-09-2025,ketchup,1553
1468,19-01-2025,newspapers,1324
1024,15-02-2025,canned beer,131
1434,27-01-2025,red wine,54
2129,13-01-2024,onions,628
2105,05-01-2024,citrus fruit,3188
1255,01-10-2024,onions,1411
1214,09-05-2024,cat food,4446
1444,18-09-2024,margarine,2771
2106,26-03-2024,margarine,2201
1512,21-05-2024,citrus fruit,2539
1310,28-09-2025,tropical fruit,4846
1630,08-09-2024,ice cream,1024
1099,12-11-2024,frankfurter,5226
1576,11-09-2024,frozen vegetables,2000
1748,06-11-2024,citrus fruit,4488
2083,24-11-2025,pastry,2227
1805,13-08-2024,tropical fruit,663
1651,04-12-2024,domestic eggs,3163
1711,13-04-2024,salsa,57
1986,10-08-2025,bottled water,3063
1487,07-11-2024,pip fruit,2571
1896,03-06-2025,margarine,12
1119,11-09-2024,citrus fruit,901
1574,20-11-2024,domestic eggs,4947
1842,22-03-2025,margarine,5405
1359,07-12-2024,canned beer,3143
1293,11-07-2024,root vegetables,2601
1727,27-03-2025,tropical fruit,2081
1008,13-10-2025,whole milk,1086
2080,20-02-2025,margarine,1069
2012,16-09-2024,cat food,348
1761,02-09-2024,dish detergent,1364
2180,24-03-2024,jam,3119
1354,01-01-2024,whole milk,1941
1171,09-12-2025,canned beer,1943
1014,20-09-2025,bottled water,5171
2086,30-10-2025,cereal,2058
1146,15-02-2024,salsa,5244
1476,03-04-2025,margarine,4399
1673,05-11-2024,brown bread,872
1992,23-10-2024,tomato sauce,4956
1673,02-09-2025,shopping bags,4654
1897,09-05-2025,curd,1737
1206,02-12-2025,shopping bags,4770
1827,22-08-2024,bananas,5569
1905,07-11-2025,,2392
1812,17-11-2024,canned beer,5778
1398,23-10-2025,root vegetables,822
1558,30-11-2025,salty snack,96
2063,28-03-2024,white bread,1145
1671,20-08-2024,margarine,397
1470,25-02-2025,whole milk,3684
1241,05-02-2025,citrus fruit,4392
1196,31-08-2024,curd,533
1355,18-01-2024,root vegetables,1647
1497,11-10-2025,pastry,3978
2061,29-09-2024,canned beer,19
1761,06-09-2025,crackers,2172
1500,21-07-2025,soda,2122
2051,20-01-2025,bottled water,3639
1659,17-02-2025,cheese,4641
1535,02-12-2024,red wine,5008
1848,25-10-2024,salty snack,1484
1117,21-06-2025,hamburger meat,392
2036,09-10-2024,tropical fruit,4579
1856,29-11-2024,whole milk,5268
1866,28-01-2024,canned beer,5690
1352,11-03-2025,bottled water,5742
1139,28-06-2024,canned beer,4022
1863,02-10-2024,  PASTRY,3389
1975,12-09-2025,napkins,3503
2175,26-07-2024,tropical fruit,5925
1850,23-03-2025,white bread,5872
1177,24-06-2025,whole milk,3032
1802,26-06-2025,bottled water,5138
1299,05-08-2024,bananas,2162
1328,04-09-2025,yogurt,817
1792,01-02-2025,pasta,2930
1383,04-03-2025,tropical fruit,509
1043,12-01-2025,newspapers,3923
1876,15-11-2024,  CHEESE,2890
1229,03-04-2024,margarine,5259
1274,30-11-2025,tomato sauce,437
1547,15-03-2025,  CANNED BEER,5757
1225,22-07-2025,white bread,453
1720,05-03-2024,frankfurter,5590
2020,15-09-2025,margarine,3844
1878,05-11-2024,domestic eggs,1179
1619,02-02-2024,hamburger meat,5200
1618,16-08-2025,tropical fruit,1328
1677,18-07-2025,onions,32
1425,29-06-2025,pip fruit,3583
1538,17-12-2024,tropical fruit,4948
1775,06-07-2025,margarine,1741
1655,23-10-2025,cat food,5098
1189,25-09-2024,margarine,4032
1830,17-04-2025,margarine,3043
1407,03-07-2025,shopping bags,4541
1214,21-09-2025,frankfurter,4993
1590,29-05-2025,canned beer,4996
1219,26-05-2024,citrus fruit,1330
1564,24-09-2025,beef,3872
1295,03-11-2025,sausage,290
1016,30-07-2025,newspapers,2532
2019,12-07-2024,bottled water,5804
1976,11-12-2024,canned beer,1724
1905,21-02-2024,granola,2680
2056,11-02-2024,canned beer,2305
1775,26-08-2025,ground beef,4990
1390,07-06-2025,coffee,2655
2134,06-11-2024,root vegetables,849
1044,15-05-2025,ground beef,3014
2013,16-04-2024,pastry,313
2144,23-07-2025,tropical fruit,1298
1921,23-07-2024,whole milk,495
1990,24-01-2025,yogurt,5959
1971,16-07-2024,margarine,4950
1779,21-12-2025,canned beer,4379
1996,10-06-2024,napkins,2143
2190,08-03-2025,whole milk,1344
2196,29-08-2025,margarine,2686
2080,08-01-2025,canned beer,49
2152,18-03-2025,whole milk,1214
1597,26-03-2025,soda,2691
1738,21-04-2024,tropical fruit,1543
1177,16-11-2025,cat food,2166
2056,16-08-2024,ground beef,1556
1942,24-05-2024,tortillas,2886
1783,15-03-2024,canned beer,3323
1040,14-03-2024,whole milk,2558
1723,12-07-2025,canned beer,4675
1072,01-05-2024,canned beer,3796
1683,23-04-2025,napkins,2288
2115,30-07-2024,citrus fruit,5879
1486,07-03-2025,margarine,5652
1512,07-04-2025,root vegetables,3320
1903,05-09-2025,ice cream,4131
1684,01-10-2024,newspapers,5625
1199,18-10-2025,napkins,2478
1045,14-03-2025,canned beer,292
1814,13-01-2024,newspapers,4918
2101,11-01-2025,coffee,5305
1382,04-03-2024,cereal,3896
2065,13-06-2024,newspapers,3781
1432,15-01-2024,paper towels,2981
2107,18-10-2024,newspapers,3975
1183,06-01-2025,dish detergent,1299
1703,08-06-2025,hamburger meat,1818
1170,19-09-2024,root vegetables,2028
1328,04-11-2024,canned beer,2586
1619,24-01-2025,granola,2407
1161,18-09-2025,tomato sauce,589
1001,25-12-2025,canned beer,776
1194,17-03-2025,ketchup,1570
2028,18-05-2025,citrus fruit,5655
1085,29-08-2024,newspapers,5888
1275,07-09-2025,white bread,3069
1258,19-01-2025,shopping bags,2151
1336,09-07-2024,cat food,2461
1021,20-10-2025,curd,252
1741,27-08-2025,margarine,431
1436,01-04-2024,margarine,894
1091,19-01-2025,tropical fruit,4886
1293,06-08-2024,soda,4191
1260,08-09-2024,napkins,4840
1392,25-12-2025,pastry,1629
1025,21-03-2025,newspapers,1622
1556,25-09-2024,bottled water,4290
1613,07-12-2025,citrus fruit,1508
1899,02-01-2024,parmesan,5012
1278,17-01-2024,canned beer,686
1862,19-05-2025,white bread,1047
1634,16-08-2025,ketchup,2078
1801,25-03-2025,frozen vegetables,4234
1407,16-04-2025,tortillas,5963
1573,26-11-2024,soda,4003
1991,16-01-2024,citrus fruit,3679
1459,27-05-2025,whole milk,5675
1780,17-08-2025,bottled water,2996
1535,02-12-2024,onions,5008
1548,21-03-2025,newspapers,2599
1823,27-09-2025,citrus fruit,3999
1194,30-09-2024,curd,3804
1700,28-11-2025,sausage,643
2068,08-07-2024,canned beer,2405
1188,03-11-2024,citrus fruit,1498
1569,17-08-2025,white bread,2874
1580,11-07-2024,margarine,395
1662,26-04-2025,pip fruit,4479
1058,03-01-2025,chocolate,234
1272,17-04-2025,white bread,5696
1487,07-11-2024,curd,2571
2193,26-10-2025,frankfurter,5195
1959,05-10-2025,margarine,3910
1356,07-09-2024,pasta,35
1795,23-03-2024,granola,2084
1418,27-08-2024,curd,3443
1837,11-01-2024,pastry,1513
1049,04-08-2024,whole milk,1526
1748,04-02-2025,white bread,1112
1216,11-11-2025,onions,5395
1403,09-12-2025,root vegetables,212
1653,10-05-2024,root vegetables,3494
1696,05-02-2024,citrus fruit,2799
1713,18-06-2025,curd,4814
1666,01-05-2024,tomato sauce,2237
1536,13-11-2025,brown bread,3682
1158,16-01-2025,canned beer,4122
2119,18-04-2024,white bread,4678
1726,10-10-2025,chocolate,1073
1299,15-09-2025,newspapers,5056
1574,01-02-2025,pip fruit,5052
2088,04-06-2024,root vegetables,3349
1492,07-04-2024,tropical fruit,3104
1965,02-06-2024,domestic eggs,2912
2160,28-07-2025,whole milk,294
1044,15-05-2025,tortillas,3014
1381,27-08-2025,margarine,4660
1723,26-12-2024,ice cream,2040
1886,25-09-2025,tomato sauce,4489
1862,12-06-2024,butter,3877
1713,02-05-2025,cat food,3582
1624,15-03-2024,ketchup,5289
1695,09-11-2025,canned beer,2538
1975,23-12-2025,citrus fruit,3224
1814,18-12-2025,rolls/buns,4450
1785,03-10-2024,crackers,4571
1679,18-09-2025,canned beer,193
2112,22-04-2025,crackers,5206
2036,04-12-2025,margarine,323
2124,07-05-2024,margarine,3
1094,06-02-2024,yogurt,2652
1019,03-09-2025,beef,2326
1171,09-12-2025,newspapers,5502
1863,05-04-2025,cereal,5366
1402,27-06-2024,beef,2829
1168,29-05-2025,white bread,2109
1884,10-12-2025,rolls/buns,4874
2015,20-06-2024,canned beer,1188
2186,06-04-2025,margarine,1138
1427,12-12-2025,root vegetables,4590
1020,09-01-2025,chocolate,2946
1785,03-10-2024,coffee,4571
1945,09-01-2025,cat food,610
1535,10-12-2025,frozen vegetables,5137
1410,22-04-2024,canned beer,5964
1474,08-02-2025,brown bread,3520
1273,26-04-2024,newspapers,4110
1382,04-02-2025,margarine,4540
2140,17-08-2024,white bread,3168
2071,05-11-2024,margarine,4724
1679,24-01-2025,sausage,2813
1961,21-07-2025,root vegetables,3187
1236,28-12-2025,tropical fruit,3587
1688,16-11-2024,brown bread,5139
1378,04-10-2025,whole milk,5044
1579,01-01-2025,salty snack,5649
1943,07-08-2024,dish detergent,297
1985,21-09-2024,root vegetables,3473
1633,02-09-2024,paper towels,4112
1029,17-06-2024,dish detergent,2044
1526,15-11-2025,jam,3036
1399,15-07-2024,granola,5266
1874,20-09-2025,brown bread,4408
1593,05-07-2024,root vegetables,5598
1368,10-09-2024,bottled water,1580
1892,07-12-2024,canned beer,4888
2113,11-09-2024,pastry,5679
2025,24-05-2025,margarine,511
1545,12-09-2025,root vegetables,5110
1146,15-02-2024,ground beef,5244
1616,25-12-2024,newspapers,3763
1305,06-12-2024,cheese,4823
1198,10-11-2025,paper towels,5172
1189,23-01-2025,ground beef,741
1099,24-12-2024,root vegetables,3678
1093,03-10-2025,onions,996
1834,11-02-2025,bottled water,384
1357,18-08-2024,bottled water,2253
2000,23-10-2024,cereal,5734
1130,27-03-2025,hamburger meat,2231
2138,19-07-2024,citrus fruit,5855
1137,21-10-2025,salsa,1930
1296,01-09-2024,tortillas,3598
1106,30-05-2024,crackers,2106
1328,25-07-2025,bananas,3894
1239,17-03-2025,citrus fruit,4614
2152,17-10-2024,yogurt,5327
1122,05-08-2024,rolls/buns,524
1515,21-07-2025,cheese,2141
1350,27-12-2024,citrus fruit,5516
1595,15-07-2024,white bread,4844
1161,27-10-2025,tropical fruit,1049
1130,05-04-2024,canned beer,5736
2172,27-05-2025,root vegetables,1473
2137,30-08-2024,  PASTRY,5545
1263,03-01-2024,tropical fruit,4197
1755,20-10-2024,sausage,1754
1023,10-12-2025,napkins,5445
1521,20-08-2024,whole milk,5033
1862,13-12-2025,root vegetables,4076
1001,25-12-2025,domestic eggs,776
1551,17-02-2024,canned beer,3288
1405,13-04-2024,brown bread,852
1161,04-05-2024,beef,5663
2056,22-08-2025,white bread,5832
1612,05-06-2024,root vegetables,100
1406,25-04-2025,coffee,5182
1142,08-01-2025,napkins,2414
2104,05-01-2025,salsa,409
1693,10-03-2024,citrus fruit,2508
2125,04-05-2025,frankfurter,5376
1479,09-08-2024,cereal,684
1576,11-09-2024,  FROZEN VEGETABLES,2000
2091,17-12-2024,white bread,5274
2052,30-12-2024,margarine,5989
1880,25-05-2025,granola,770
1177,22-07-2024,canned beer,3634
1040,03-05-2025,dish detergent,5952
1582,15-03-2025,margarine,2841
2141,01-04-2025,pastry,477
1478,29-10-2024,sausage,2530
2171,12-12-2025,whole milk,5767
2059,21-04-2024,rolls/buns,389
1275,01-06-2024,newspapers,2258
1567,21-10-2024,yogurt,1965
2077,10-02-2025,cat food,4653
1731,19-02-2025,sausage,1493
1526,02-05-2025,sausage,3727
1541,21-11-2024,margarine,5035
1509,30-11-2024,canned beer,5177
1327,13-03-2024,whole milk,5048
1789,10-06-2025,coffee,5208
1226,09-05-2025,onions,3899
1642,14-04-2025,brown bread,3557
1893,12-09-2025,onions,4104
1438,16-11-2025,margarine,289
2175,21-04-2025,beef,4557
1866,09-08-2024,white bread,1370
1130,13-08-2025,margarine,5692
1221,16-04-2024,cat food,2690
1220,13-01-2024,canned beer,727
1350,27-05-2024,canned beer,1777
1183,30-09-2025,onions,4679
1846,21-05-2025,  YOGURT,4723
1373,02-03-2025,citrus fruit,4535
2057,27-10-2024,bottled water,4866
1219,10-03-2024,newspapers,1847
1726,01-02-2024,margarine,2333
1565,18-10-2024,napkins,1532
1395,12-06-2024,yogurt,2435
1476,09-05-2025,parmesan,2572
1581,03-03-2025,canned beer,2342
2069,10-06-2024,shopping bags,5113
1019,19-01-2024,margarine,1952
2078,14-11-2025,white bread,1552
1509,24-05-2024,pasta,2402
2063,04-02-2024,white bread,4493
1205,16-07-2024,canned beer,5032
1527,26-11-2025,canned beer,5596
1324,19-07-2025,canned beer,3500
1983,09-01-2025,margarine,5179
1086,23-04-2025,brown bread,232
1010,02-09-2024,canned beer,5185
2063,31-10-2025,rolls/buns,5933
1031,15-09-2024,canned beer,4231
1407,25-05-2024,cereal,5173
2183,16-11-2024,margarine,5470
1033,05-09-2024,frankfurter,4455
1971,24-07-2025,curd,1837
1192,20-08-2025,shopping bags,314
1888,24-04-2024,root vegetables,282
1713,02-05-2025,jam,3582
1506,28-04-2024,canned beer,5401
1873,22-02-2024,canned beer,4741
1767,15-03-2025,dish detergent,4245
1867,15-09-2025,creamer,5279
2180,08-06-2024,tropical fruit,972
1678,07-09-2025,beef,1503
1336,21-02-2025,margarine,5006
1411,21-08-2024,canned beer,2537
2070,27-02-2024,canned beer,2314
1354,05-06-2024,butter,1814
1411,20-10-2025,whole milk,4266
1828,24-04-2025,yogurt,2391
1613,19-07-2025,canned beer,4318
1846,21-12-2025,root vegetables,249
1260,29-04-2025,bottled water,3218
1243,18-01-2024,pastry,1331
1854,29-03-2025,domestic eggs,803
1958,31-10-2024,soda,5315
1902,03-12-2024,curd,2199
2049,18-05-2024,napkins,4597
1768,22-08-2025,ice cream,2828
2138,01-03-2025,root vegetables,3271
1536,13-11-2025,cheese,3682
1065,06-11-2025,root vegetables,299
2112,29-10-2025,root vegetables,1139
1976,01-08-2025,tortillas,3973
1954,23-02-2024,jam,4030
2188,08-12-2025,citrus fruit,3101
1102,11-04-2024,citrus fruit,5180
1804,23-07-2025,newspapers,40
1576,24-11-2025,frozen vegetables,1008
1880,25-05-2025,sausage,770
1594,07-11-2025,citrus fruit,76
1901,30-09-2025,rolls/buns,3407
1780,25-08-2025,cat food,489
1415,20-03-2024,pip fruit,877
2149,10-03-2024,parmesan,1148
1718,15-03-2024,bottled water,4776
1233,14-02-2025,tortillas,5127
1698,13-11-2025,root vegetables,3548
1709,22-05-2025,margarine,1904
1458,04-08-2024,canned beer,4378
1090,08-07-2025,white bread,5686
1536,20-04-2024,canned beer,5134
2127,26-11-2024,  CANNED BEER,2608
1053,17-11-2025,bottled water,5922
1896,25-01-2024,newspapers,33
1820,28-04-2025,citrus fruit,1949
2105,10-09-2024,citrus fruit,2495
1616,22-06-2024,paper towels,1474
1132,18-06-2025,canned beer,784
1819,12-07-2025,beef,5506
1505,08-01-2024,bottled water,4360
1663,14-04-2024,  CANNED BEER,383
1057,04-04-2024,whole milk,3317
1723,26-12-2024,root vegetables,2040
1869,10-09-2024,margarine,5556
1630,23-10-2025,cereal,3622
1488,28-02-2024,cereal,122
1467,09-12-2025,canned beer,4912
1929,21-05-2025,ice cream,5720
2026,09-06-2025,chocolate,4185
1356,07-09-2024,tropical fruit,35
1932,30-12-2025,diapers,697
1024,15-11-2025,root vegetables,4345
1780,27-11-2024,white bread,424
1939,16-09-2024,canned beer,418
1410,12-04-2024,root vegetables,518
1494,16-02-2025,chocolate,4778
2165,21-08-2025,canned beer,3507
1204,01-10-2024,bananas,5218
2000,09-04-2025,pastry,3595
1167,20-05-2024,  CITRUS FRUIT,4097
1384,03-02-2024,pip fruit,994
1579,27-08-2025,frozen vegetables,5827
1081,25-09-2024,newspapers,350
2123,02-09-2024,canned beer,4179
1320,11-05-2024,domestic eggs,1096
1237,03-08-2024,root vegetables,498
1898,09-10-2025,citrus fruit,4135
1871,06-12-2024,root vegetables,737
1888,17-10-2024,margarine,921
1090,11-10-2024,domestic eggs,1155
1741,08-05-2025,canned beer,3609
1750,24-06-2025,white bread,484
1010,11-07-2025,tropical fruit,592
1676,07-05-2024,rolls/buns,1201
1955,30-04-2025,chocolate,3165
1245,17-11-2024,yogurt,5609
1906,13-01-2024,bottled water,2961
2038,30-03-2024,root vegetables,3768
1857,11-03-2024,root vegetables,1389
1190,23-08-2025,brown bread,4459
1202,15-10-2025,root vegetables,602
1295,24-01-2024,coffee,207
1583,26-01-2024,domestic eggs,4434
2135,23-11-2024,jam,5886
1565,25-03-2024,salty snack,2952
1793,09-02-2025,domestic eggs,2381
2111,31-01-2025,yogurt,2289
2001,12-10-2025,beef,4883
1415,20-03-2024,paper towels,877
1569,14-06-2024,cat food,233
1987,22-08-2024,soda,5801
1897,13-09-2024,root vegetables,1742
1709,21-02-2025,sausage,4398
1851,11-12-2025,margarine,1341
1111,21-06-2024,newspapers,3122
1286,22-06-2024,canned beer,5
1276,26-03-2024,domestic eggs,2708
1483,30-12-2024,root vegetables,2020
1929,08-01-2024,brown bread,5971
1676,07-05-2024,newspapers,1201
1107,23-02-2025,frozen vegetables,2976
1616,25-12-2024,cereal,3763
1610,19-05-2025,domestic eggs,2251
1978,29-12-2025,newspapers,3765
1852,09-10-2025,margarine,377
1310,28-09-2025,canned beer,4846
2038,30-03-2024,pasta,3768
1149,18-12-2024,newspapers,2938
2000,23-10-2024,citrus fruit,5734
2013,16-04-2024,whole milk,313
1479,29-11-2025,canned beer,5468
1318,12-12-2025,sausage,2428
1706,12-02-2025,pip fruit,2858
1706,12-02-2025,citrus fruit,2858
1056,04-12-2025,frankfurter,2518
1307,05-04-2024,curd,3392
2111,16-09-2025,canned beer,5538
1494,06-08-2025,canned beer,4905
1357,22-01-2024,tortillas,4254
2152,17-10-2024,domestic eggs,5327
1264,31-08-2024,yogurt,4006
1255,01-10-2024,domestic eggs,1411
1138,28-12-2024,sausage,5861
2109,08-11-2025,white bread,3786
1646,22-01-2024,whole milk,1494
1741,26-04-2025,parmesan,5541
1802,28-02-2024,salty snack,3839
1860,19-08-2024,diapers,5387
1699,22-12-2024,granola,4215
1847,15-07-2025,newspapers,3857
1850,16-03-2024,margarine,3201
1386,12-08-2025,margarine,5583
1243,18-01-2024,domestic eggs,1331
1373,21-04-2024,tropical fruit,2951
2074,24-04-2025,canned beer,3640
1790,27-05-2025,canned beer,4100
1937,08-03-2025,frozen vegetables,2057
1331,28-10-2025,rolls/buns,3245
1494,06-08-2025,newspapers,4905
1635,10-03-2025,sausage,2983
1669,19-08-2024,soda,444
1117,15-01-2025,bottled water,580
1579,27-08-2025,coffee,5827
1395,09-11-2025,parmesan,5729
1336,09-07-2024,canned beer,2461
1774,10-12-2025,canned beer,4165
2158,30-01-2024,canned beer,5490
1908,27-01-2025,dish detergent,1066
1853,11-08-2024,margarine,5708
2053,18-04-2025,tortillas,2027
2177,18-04-2025,margarine,1603
2134,23-08-2025,margarine,5586
1353,25-12-2025,pip fruit,5115
2065,11-08-2025,cat food,3715
1689,13-04-2024,whole milk,5802
1337,02-04-2025,frozen vegetables,3635
1008,06-03-2024,canned beer,1277
1637,03-08-2024,canned beer,1366
1845,01-02-2024,white bread,642
1857,18-05-2024,citrus fruit,3616
2121,10-12-2024,sugar,2817
1236,30-12-2025,pastry,910
1724,09-06-2024,white bread,4037
1618,13-03-2024,  YOGURT,218
1432,04-12-2024,parmesan,1969
1332,26-06-2024,newspapers,1572
1767,03-12-2024,parmesan,4674
1943,07-08-2024,tortillas,297
1975,23-12-2025,onions,3224
1309,25-02-2024,parmesan,5768
1719,18-11-2024,canned beer,1013
1254,22-12-2025,soda,4096
1337,02-08-2025,citrus fruit,3341
1481,09-02-2025,napkins,4445
1949,21-08-2024,margarine,4333
1074,19-10-2024,ground beef,679
1965,06-07-2025,canned beer,5169
2149,10-01-2024,rolls/buns,286
1218,09-05-2024,cat food,64
1688,16-11-2024,pastry,5139
1806,15-02-2024,white bread,5142
1289,18-09-2024,salsa,816
2146,27-07-2025,sausage,2382
1756,20-07-2024,dish detergent,5217
1277,03-07-2024,pastry,2245
2072,11-04-2024,pastry,1975
1825,01-04-2024,yogurt,4977
1445,16-04-2025,curd,4603
1460,27-05-2025,citrus fruit,5909
1971,23-08-2024,white bread,2265
1988,26-04-2025,soda,2881
1939,19-05-2025,frozen vegetables,1101
2133,18-11-2025,yogurt,4837
2135,29-07-2025,whole milk,2441
1750,24-03-2025,domestic eggs,4176
1772,17-09-2024,citrus fruit,3284
1505,16-06-2024,ketchup,1256
2180,16-10-2025,parmesan,2088
1022,10-12-2024,whole milk,1946
1015,09-05-2025,canned beer,3723
1817,28-08-2025,jam,3444
1074,23-11-2024,newspapers,4755
1760,13-05-2024,canned beer,5890
1435,04-08-2024,frankfurter,1548
2141,19-12-2025,margarine,1623
1106,30-05-2024,canned beer,2106
1916,12-05-2025,yogurt,3752
1959,31-05-2025,canned beer,899
1826,25-01-2025,dish detergent,754
1876,15-11-2024,citrus fruit,2890
1359,14-11-2025,ice cream,1978
1361,17-04-2024,citrus fruit,4672
1487,18-02-2025,granola,5839
1965,06-07-2025,rolls/buns,5169
1795,31-07-2025,citrus fruit,4580
1654,19-05-2025,domestic eggs,2287
1844,29-03-2024,root vegetables,1236
1101,25-06-2025,margarine,5471
2057,27-10-2024,margarine,4866
1789,19-03-2025,frozen vegetables,717
1304,14-01-2024,margarine,4337
1131,07-01-2025,salty snack,3424
1204,23-03-2025,rolls/buns,5334
1649,12-02-2025,crackers,3807
1973,16-01-2024,frankfurter,3823
1077,02-04-2024,chips,832
1834,11-02-2025,white bread,384
2025,27-07-2024,brown bread,2987
1982,21-11-2025,tropical fruit,5565
2062,27-10-2024,root vegetables,4255
2060,04-05-2024,canned beer,3410
1325,10-02-2024,whole milk,4204
2168,11-03-2024,chips,185
1016,01-05-2024,yogurt,2753
2164,10-06-2025,bananas,1958
1664,09-07-2024,jam,640
2076,20-03-2024,white bread,4577
1370,16-03-2025,ice cream,5416
1106,22-03-2025,newspapers,3814
1325,10-02-2024,salsa,4204
1623,27-08-2024,salty snack,2139
1584,14-12-2025,tropical fruit,5915
1559,14-09-2025,rolls/buns,2646
1149,12-01-2024,pastry,1816
1277,30-04-2025,cheese,517
1616,22-06-2024,hamburger meat,1474
2182,16-07-2025,  DISH DETERGENT,3537
1220,04-03-2024,bottled water,2576
1921,23-07-2024,yogurt,495
1466,05-11-2025,canned beer,974
1188,03-11-2024,chocolate,1498
2038,28-12-2024,margarine,3988
1651,20-11-2024,canned beer,466
1394,16-02-2025,newspapers,1470
1084,14-06-2024,domestic eggs,3202
1390,26-04-2025,frozen vegetables,2524
1214,02-05-2024,bottled water,1659
1920,18-11-2024,  DOMESTIC EGGS,5850
1561,02-11-2025,curd,5433
1102,11-04-2024,white bread,5180
1461,17-01-2024,hamburger meat,1159
1752,22-12-2024,newspapers,1007
2134,18-07-2025,citrus fruit,2136
1029,20-08-2025,margarine,554
1976,11-12-2024,pip fruit,1724
1634,03-06-2024,canned beer,3353
2031,26-11-2024,pip fruit,2187
1439,16-03-2024,parmesan,5193
1536,24-03-2025,diapers,2589
1549,03-12-2025,whole milk,1240
1055,22-11-2024,cheese,1524
1965,06-07-2025,margarine,5169
1199,01-09-2025,margarine,4387
1803,05-06-2024,tomato sauce,5935
1804,28-11-2024,ice cream,5155
1803,26-08-2025,napkins,3970
1868,12-07-2024,margarine,3995
2041,29-05-2024,root vegetables,4656
2106,06-12-2025,white bread,2228
1499,20-08-2024,root vegetables,3853
1064,24-11-2024,canned beer,3232
1909,19-02-2025,sugar,5495
1141,22-09-2025,margarine,2206
1542,08-03-2024,newspapers,5467
1072,30-09-2024,  CHOCOLATE,916
1618,13-03-2024,canned beer,218
1904,04-01-2025,citrus fruit,5081
1140,29-06-2024,tropical fruit,3591
1782,02-04-2025,root vegetables,2596
1455,26-01-2025,newspapers,280
1043,12-01-2025,chocolate,3923
1467,02-07-2024,napkins,3667
2001,08-06-2024,beef,3980
1868,27-05-2025,white bread,3632
1858,18-07-2024,beef,3676
1831,24-10-2025,white bread,4558
1005,23-06-2025,canned beer,4872
1473,01-02-2025,whole milk,1371
1436,08-07-2025,brown bread,1582
1060,24-06-2025,whole milk,4560
1849,16-12-2024,tomato sauce,3342
2035,16-08-2024,onions,2982
2051,02-11-2025,soda,538
1041,08-12-2024,root vegetables,2641
1078,23-07-2024,ground beef,1770
1469,13-11-2024,root vegetables,4688
1202,15-10-2025,ketchup,602
1488,06-03-2024,paper towels,5332
1060,09-11-2025,  SALTY SNACK,4804
1378,15-07-2025,sausage,114
1894,22-05-2025,frozen vegetables,5213
1353,15-02-2025,domestic eggs,5370
1691,17-01-2025,rolls/buns,65
1914,30-11-2025,bottled water,5693
1532,08-02-2025,citrus fruit,1485
1330,19-11-2025,,2216
1525,21-02-2025,napkins,2230
1366,28-05-2024,domestic eggs,634
2160,15-07-2024,margarine,3584
1536,17-04-2025,citrus fruit,2838
2154,28-12-2025,onions,5562
1008,20-05-2025,margarine,5408
1308,27-10-2024,whole milk,4012
2008,28-02-2024,citrus fruit,5982
2165,20-12-2024,canned beer,1991
1559,14-09-2025,whole milk,2646
1890,27-07-2025,margarine,1160
2043,19-03-2024,salty snack,2469
1807,10-01-2025,frozen vegetables,3002
1664,05-06-2024,canned beer,5312
2061,01-10-2024,white bread,2390
1576,24-12-2024,  CHEESE,3509
1050,20-07-2024,whole milk,4160
1635,02-06-2024,frozen vegetables,4801
1405,18-02-2025,parmesan,3464
2180,16-10-2025,rolls/buns,2088
1963,20-10-2024,newspapers,5293
1719,08-01-2024,soda,2844
1659,15-11-2025,citrus fruit,831
1634,01-08-2024,pastry,678
1811,20-04-2025,napkins,682
1996,25-06-2025,citrus fruit,1409
1743,23-04-2024,soda,5539
1299,08-09-2025,white bread,3489
1235,03-11-2025,root vegetables,369
1375,22-09-2024,canned beer,2371
1024,08-07-2025,salsa,2645
1723,05-02-2024,curd,4458
1021,20-10-2025,canned beer,252
1705,04-08-2024,napkins,4115
2098,03-05-2024,ground beef,714
1839,16-03-2025,pip fruit,2803
1921,23-07-2024,pastry,495
1161,13-02-2024,citrus fruit,5411
2082,26-01-2025,newspapers,4272
2095,28-07-2024,frozen vegetables,2718
1633,01-07-2024,margarine,2909
2119,03-06-2024,tropical fruit,2891
1471,17-12-2024,jam,3238
1342,04-08-2025,bottled water,4021
1256,28-10-2024,butter,567
1424,27-04-2025,dish detergent,516
1872,06-11-2025,dish detergent,4123
1607,28-04-2024,salty snack,2958
2005,10-11-2025,jam,1245
1634,03-06-2024,yogurt,3353
1405,29-10-2024,white bread,2604
1250,18-10-2025,paper towels,3621
1806,13-03-2024,bottled water,5917
1149,19-08-2024,cheese,541
1356,31-10-2024,frozen vegetables,5856
1515,16-01-2024,canned beer,4617
1328,04-09-2025,bananas,817
2042,25-04-2024,curd,23
1168,15-11-2025,root vegetables,2738
1990,24-07-2024,beef,1252
1716,09-01-2024,yogurt,211
1038,15-10-2024,ice cream,1563
1822,10-01-2024,white bread,1867
2110,19-05-2025,rolls/buns,1143
1250,20-11-2024,newspapers,965
1537,02-10-2025,paper towels,5294
2059,21-04-2024,,389
1702,05-09-2025,salsa,2257
1160,27-11-2025,whole milk,4534
1562,20-04-2024,paper towels,327
1263,18-05-2025,canned beer,904
2085,10-01-2024,newspapers,3183
1301,23-08-2025,butter,2785
1516,28-06-2025,whole milk,163
1447,04-11-2024,margarine,4206
1340,20-05-2024,canned beer,4359
1709,29-12-2024,whole milk,272
1278,17-01-2024,pastry,686
1325,05-05-2024,brown bread,5621
1176,25-12-2025,sausage,2293
1408,01-06-2025,root vegetables,1314
1915,15-09-2025,jam,2794
1741,12-01-2024,margarine,2957
1329,28-10-2024,ground beef,3203
2044,31-12-2024,rolls/buns,3681
1453,30-11-2025,sausage,215
1284,06-09-2025,sausage,3926
1007,22-06-2024,soda,2291
1227,30-03-2024,tortillas,1743
1755,26-08-2024,chocolate,5245
1684,01-10-2024,canned beer,5625
1685,31-10-2025,yogurt,5536
1093,03-10-2025,white bread,996
1025,29-04-2024,canned beer,3921
1309,23-02-2025,ketchup,4368
1937,01-01-2024,frankfurter,4689
1731,24-01-2025,citrus fruit,4093
1156,15-06-2024,white bread,1907
1562,17-01-2024,citrus fruit,5835
2083,27-11-2025,domestic eggs,2367
2011,22-01-2025,root vegetables,4323
1816,29-12-2024,bottled water,4554
1613,14-06-2025,margarine,557
1981,20-01-2024,margarine,1565
1897,21-06-2024,chocolate,1321
2159,02-02-2024,ice cream,2101
2067,21-04-2025,pastry,3295
1699,08-01-2024,napkins,4747
1166,04-11-2024,margarine,4065
1530,23-01-2024,whole milk,4969
1971,16-07-2024,  PIP FRUIT,4950
1009,26-09-2024,canned beer,2897
1714,31-07-2024,root vegetables,5790
1411,23-10-2025,margarine,345
1808,12-04-2025,pastry,390
1182,26-12-2025,brown bread,3406
1403,10-01-2024,rolls/buns,4959
1032,16-12-2024,cereal,3332
1439,07-08-2024,white bread,1853
1299,05-08-2024,brown bread,2162
1851,19-12-2024,paper towels,4826
1642,18-03-2025,whole milk,394
2159,20-02-2025,canned beer,2423
1446,01-02-2024,ground beef,5810
2191,27-06-2025,root vegetables,3735
1470,27-10-2025,sugar,528
1953,13-04-2024,beef,4393
1751,20-02-2024,yogurt,5930
2003,11-10-2025,margarine,320
1979,13-07-2025,canned beer,4296
1887,04-10-2024,rolls/buns,5749
1675,15-11-2024,citrus fruit,4216
1263,18-05-2025,jam,904
1209,05-05-2025,canned beer,1509
1487,15-07-2024,pastry,2386
1719,18-11-2024,margarine,1013
1277,24-11-2024,canned beer,5567
1163,13-05-2024,white bread,939
1727,27-03-2025,whole milk,2081
1594,22-04-2024,soda,1982
1825,31-05-2024,whole milk,2440
1046,17-12-2024,whole milk,2142
2083,27-11-2025,frankfurter,2367
1486,12-05-2024,  WHOLE MILK,2865
1059,10-12-2024,whole milk,790
1997,28-04-2025,diapers,2339
1532,30-07-2024,margarine,5472
1967,02-12-2025,pastry,1568
1622,29-02-2024,frankfurter,166
1656,11-02-2025,domestic eggs,1202
1566,11-05-2025,soda,3528
1516,09-10-2024,canned beer,4899
1276,05-12-2024,canned beer,3572
1525,21-02-2025,citrus fruit,2230
2069,31-07-2025,canned beer,3264
2135,29-07-2025,frankfurter,2441
1040,03-05-2025,frankfurter,5952
2071,21-07-2025,whole milk,388
1177,22-07-2024,parmesan,3634
2065,13-06-2024,crackers,3781
1606,09-11-2024,beef,4566
1750,24-06-2025,bottled water,484
2155,24-04-2024,newspapers,3190
1222,17-09-2025,white bread,2388
1705,25-10-2024,root vegetables,3123
1793,12-11-2024,napkins,2650
1807,10-01-2025,ground beef,3002
1998,28-01-2024,canned beer,4113
1334,01-09-2024,white bread,3785
1425,19-07-2024,pastry,5176
1710,26-06-2025,margarine,1789
1250,18-10-2025,onions,3621
1090,11-10-2024,canned beer,1155
1229,24-05-2025,bottled water,3919
1891,09-08-2024,white bread,3617
1639,17-02-2024,root vegetables,2502
1716,05-11-2024,salsa,5314
1902,14-09-2024,pastry,1169
2128,20-12-2025,,2494
1281,06-04-2025,chips,4764
2153,03-01-2025,brown bread,579
1114,10-02-2025,canned beer,3302
1624,27-07-2025,bananas,3050
1682,04-05-2025,,5297
1216,13-02-2024,domestic eggs,359
1336,20-03-2025,canned beer,5125
1743,04-02-2024,citrus fruit,5441
1752,22-05-2024,bottled water,4273
1222,23-07-2025,white bread,3077
1066,06-02-2025,canned beer,3903
1525,23-09-2025,bananas,1995
1027,28-03-2024,tortillas,1626
1092,22-10-2024,margarine,931
1016,30-07-2025,chips,2532
1795,23-03-2024,canned beer,2084
1286,17-07-2025,pastry,445
1678,23-03-2025,citrus fruit,5858
1783,15-03-2024,margarine,3323
1836,06-09-2025,hamburger meat,4975
1249,11-03-2024,citrus fruit,2499
1357,23-08-2024,coffee,2820
2132,25-11-2024,tropical fruit,3324
1226,13-03-2024,newspapers,1646
2077,11-06-2024,soda,5588
1377,29-06-2024,soda,5493
1170,30-10-2025,canned beer,687
1499,20-08-2024,canned beer,3853
1862,08-07-2024,butter,703
1108,24-11-2024,  CANNED BEER,2851
1031,08-11-2024,pastry,4852
1127,08-02-2024,granola,2534
1798,02-12-2024,root vegetables,903
1558,01-06-2024,sausage,2861
1370,01-06-2025,cat food,1087
1775,26-08-2025,paper towels,4990
2107,06-07-2025,whole milk,110
1122,05-08-2024,white bread,524
2087,01-11-2024,white bread,5600
1586,04-01-2024,chocolate,4504
2120,08-03-2025,margarine,442
2033,04-07-2025,onions,2360
1967,06-02-2025,domestic eggs,375
1472,14-10-2025,soda,3294
2181,25-09-2024,soda,966
1576,24-12-2024,crackers,3509
1561,02-11-2025,pip fruit,5433
1025,27-06-2025,canned beer,2685
2044,31-12-2024,sausage,3681
1554,08-11-2025,canned beer,4913
2003,15-02-2024,rolls/buns,3180
1355,18-01-2024,paper towels,1647
1210,31-08-2025,yogurt,2372
1237,03-08-2024,margarine,498
1086,23-09-2024,onions,2049
1391,08-12-2025,crackers,3959
1944,10-07-2024,ground beef,5950
1158,26-07-2024,newspapers,3198
1526,01-06-2025,margarine,2456
1429,12-11-2025,newspapers,3836
1680,27-01-2025,canned beer,4431
1410,23-12-2024,tortillas,1444
2177,19-05-2024,sausage,1680
1281,19-08-2025,margarine,1862
1569,01-08-2025,canned beer,8
1361,18-08-2024,yogurt,2039
1902,27-05-2024,salsa,1594
2050,08-12-2025,pip fruit,5005
1738,17-09-2024,hamburger meat,2152
1718,15-03-2024,canned beer,4776
1894,22-05-2025,root vegetables,5213
2019,11-03-2025,newspapers,540
1803,05-12-2025,frozen vegetables,4189
1797,16-09-2025,bananas,5257
2005,20-05-2024,margarine,2924
1869,17-10-2024,citrus fruit,1345
2086,07-01-2024,canned beer,4887
1216,13-09-2025,cereal,5761
1200,20-05-2024,canned beer,560
1850,26-07-2025,yogurt,5476
1077,16-04-2025,margarine,315
1600,29-11-2024,pastry,4369
1982,04-06-2024,chips,594
1676,09-11-2024,ice cream,5247
1518,26-07-2024,whole milk,657
1424,11-06-2024,chocolate,5258
1170,10-02-2025,bananas,5117
1724,27-10-2024,bottled water,3625
1354,11-12-2025,canned beer,2869
1505,19-04-2024,parmesan,4768
1732,12-05-2025,bottled water,1080
1844,04-07-2024,domestic eggs,5616
1332,15-01-2024,margarine,3652
1724,03-11-2024,margarine,4145
1161,25-01-2024,bananas,4712
1599,16-02-2025,onions,2656
1290,26-02-2024,ice cream,694
1447,18-03-2024,chocolate,2798
1329,07-11-2025,canned beer,3813
2005,25-06-2024,cat food,1546
1260,29-04-2025,salsa,3218
2126,30-01-2025,sugar,1259
1460,03-11-2025,margarine,5815
1694,01-11-2025,newspapers,3556
2023,28-04-2024,frozen vegetables,3195
1747,19-05-2025,shopping bags,5284
2068,24-08-2024,curd,5183
1513,25-09-2024,tortillas,2197
2017,30-08-2024,rolls/buns,3532
1914,30-11-2025,whole milk,5693
1699,14-07-2024,canned beer,956
1536,13-11-2025,root vegetables,3682
1943,18-01-2025,pip fruit,5078
1043,09-11-2024,whole milk,4089
1718,07-07-2024,canned beer,192
1567,13-01-2025,root vegetables,5159
2119,19-08-2024,chocolate,3186
1282,10-02-2025,dish detergent,3677
1002,28-02-2024,brown bread,5987
1274,30-11-2025,parmesan,437
2141,01-04-2025,margarine,477
1761,02-09-2024,pip fruit,1364
1050,21-05-2024,soda,4330
1399,07-10-2025,whole milk,4497
1016,08-11-2024,soda,2697
1753,07-12-2024,citrus fruit,3755
2082,17-06-2024,soda,3907
1718,07-07-2024,tortillas,192
1002,06-04-2025,curd,1869
1523,26-05-2024,newspapers,1393
1022,09-07-2025,white bread,43
1998,20-09-2025,canned beer,5023
1918,24-06-2025,cat food,2220
1179,02-09-2024,pip fruit,2845
1510,12-11-2024,canned beer,3607
1395,01-05-2024,butter,1041
1589,15-06-2024,root vegetables,1618
1996,08-08-2024,white bread,4057
1862,12-06-2024,curd,3877
1999,02-10-2025,salty snack,2623
1967,06-02-2025,yogurt,375
1021,18-06-2025,white bread,2664
2078,14-11-2025,root vegetables,1552
2151,11-05-2025,salty snack,2015
1009,26-09-2024,rolls/buns,2897
2065,09-12-2024,cereal,3914
1355,01-07-2025,whole milk,492
2149,10-03-2024,whole milk,1148
1579,16-06-2025,canned beer,3468
1919,15-11-2024,bottled water,722
1820,03-10-2024,butter,1078
1094,25-06-2024,cat food,4616
1946,08-08-2024,crackers,5261
1271,13-05-2024,margarine,4148
1750,24-06-2025,margarine,484
1892,17-04-2025,sausage,496
1840,12-10-2025,margarine,1701
1084,24-01-2024,frankfurter,46
1741,08-05-2025,dish detergent,3609
1750,20-03-2024,tomato sauce,2787
1781,28-08-2025,frankfurter,3381
1527,01-07-2025,hamburger meat,795
2141,22-07-2025,salty snack,3254
2080,09-05-2024,parmesan,4151
1630,23-10-2025,chocolate,3622
1161,04-05-2024,pastry,5663
1705,20-08-2025,chocolate,4974
1645,15-12-2024,canned beer,5667
1844,24-02-2024,whole milk,3423
2033,04-08-2025,frankfurter,3278
1988,26-04-2025,pastry,2881
1148,03-12-2025,hamburger meat,3654
1860,01-03-2025,margarine,5668
1006,21-12-2024,yogurt,4248
1438,11-02-2025,tropical fruit,1337
1181,23-12-2024,bottled water,5491
1901,07-05-2024,citrus fruit,879
2162,19-06-2025,frankfurter,2900
1854,29-03-2025,curd,803
2053,15-09-2024,newspapers,4039
1006,25-09-2024,pip fruit,2892
1842,22-03-2025,  TROPICAL FRUIT,5405
1801,14-12-2025,salsa,2928
1955,21-10-2024,ketchup,661
2007,29-07-2024,curd,3929
1743,18-07-2025,soda,5340
1702,11-04-2025,tropical fruit,1771
2145,30-08-2025,root vegetables,2775
2057,18-06-2024,bottled water,5758
2180,15-02-2025,sausage,4227
1435,18-11-2025,canned beer,1014
1685,21-11-2024,napkins,4663
1184,20-04-2024,newspapers,85
1645,14-01-2025,margarine,246
1549,14-09-2024,pip fruit,1507
1347,30-10-2024,pastry,1972
1565,23-05-2025,frozen vegetables,2050
1279,08-10-2024,bananas,728
2192,07-08-2024,crackers,2551
1036,15-09-2025,beef,4033
1073,06-03-2025,margarine,3828
2107,10-01-2024,newspapers,3778
1149,09-08-2025,rolls/buns,2146
1250,03-07-2024,  PAPER TOWELS,4484
1249,09-08-2025,canned beer,4711
1671,14-10-2024,frankfurter,5928
1409,17-01-2025,curd,2570
1339,18-07-2024,cheese,3105
1766,22-03-2024,domestic eggs,4585
1357,23-08-2024,onions,2820
2130,19-03-2025,ice cream,664
1004,04-06-2024,domestic eggs,2014
1535,14-01-2024,shopping bags,1431
1248,11-09-2024,white bread,5961
1653,10-05-2024,frankfurter,3494
1120,11-10-2025,canned beer,1067
2083,27-11-2025,yogurt,2367
1024,11-06-2024,citrus fruit,1231
1829,18-04-2025,pastry,1822
1782,24-02-2025,coffee,3115
1009,12-06-2024,diapers,3515
1662,15-08-2025,napkins,1094
1723,17-06-2025,whole milk,5923
1146,23-04-2024,root vegetables,459
2050,27-10-2025,onions,4224
2177,19-05-2024,onions,1680
1675,05-01-2025,onions,1176
1417,28-11-2024,tomato sauce,4518
2053,01-02-2025,canned beer,3669
1181,22-09-2024,canned beer,3668
1022,10-12-2024,paper towels,1946
2011,14-10-2024,canned beer,5846
1851,11-12-2024,canned beer,4310
1195,24-11-2025,parmesan,4262
1260,08-09-2024,tropical fruit,4840
1399,15-07-2024,canned beer,5266
1639,27-09-2025,white bread,1553
1957,15-08-2025,canned beer,4130
2026,08-03-2024,tropical fruit,1589
1071,19-09-2025,pip fruit,2112
1429,12-11-2025,whole milk,3836
1359,14-11-2025,frankfurter,1978
1715,29-11-2024,soda,4172
1558,30-11-2025,canned beer,96
1536,13-11-2025,soda,3682
1633,27-11-2025,root vegetables,3024
1392,24-07-2025,salty snack,172
1932,18-10-2025,hamburger meat,5086
1850,12-05-2024,citrus fruit,2446
1203,15-01-2025,margarine,959
1099,12-11-2024,rolls/buns,5226
1234,18-04-2024,frankfurter,4114
1073,27-02-2025,newspapers,5272
1523,09-09-2025,margarine,4694
1919,01-10-2025,pip fruit,5431
1878,02-03-2025,dish detergent,5141
1866,11-04-2024,pastry,4517
1635,26-11-2025,napkins,4695
1951,21-07-2024,butter,5135
1091,25-02-2025,sausage,4612
1740,20-11-2025,citrus fruit,3276
1696,29-06-2024,white bread,3800
1286,29-02-2024,citrus fruit,5000
2079,21-10-2024,root vegetables,4139
1825,31-05-2024,bottled water,2440
1406,27-07-2024,frankfurter,5844
1872,04-03-2024,cereal,2947
1634,16-08-2025,yogurt,2078
1828,24-04-2025,canned beer,2391
1059,10-11-2025,parmesan,3892
1538,12-12-2025,red wine,4876
1353,13-02-2024,margarine,4889
1306,07-04-2025,,2548
1131,26-01-2025,  CANNED BEER,1454
1995,01-11-2024,canned beer,918
2079,16-12-2024,creamer,4717
1540,29-06-2025,tortillas,1402
2134,23-08-2025,pastry,5586
1466,26-12-2025,salty snack,99
1658,10-11-2025,yogurt,2148
1043,17-07-2025,coffee,3365
2173,31-03-2024,sausage,5503
1333,20-11-2025,frozen vegetables,2190
1877,02-11-2024,bottled water,501
1349,17-03-2025,rolls/buns,2821
2006,27-03-2025,frankfurter,1537
1194,30-09-2024,canned beer,3804
1170,10-02-2025,yogurt,5117
1404,01-12-2024,white bread,2702
1674,20-10-2024,tortillas,258
2155,14-01-2025,  MARGARINE,4970
1500,12-07-2025,curd,1974
1112,20-07-2025,  ROLLS/BUNS,1392
1538,30-06-2024,bottled water,2192
1271,26-03-2024,ketchup,4831
2033,14-01-2025,bottled water,4239
1367,30-04-2025,soda,1203
1830,02-03-2024,canned beer,1684
2098,22-08-2025,bananas,2501
1433,28-08-2025,bottled water,3052
1369,25-05-2024,newspapers,412
1399,24-11-2025,sugar,1700
1306,07-04-2025,napkins,2548
1449,24-03-2025,creamer,5653
1286,12-08-2025,newspapers,4708
1218,29-01-2024,ice cream,3502
2118,18-04-2024,margarine,1033
1802,26-06-2025,napkins,5138
1849,16-12-2024,cereal,3342
1741,12-01-2024,root vegetables,2957
2123,30-03-2024,  CANNED BEER,291
1492,07-04-2024,white bread,3104
1844,04-07-2024,root vegetables,5616
1292,05-05-2024,root vegetables,3901
1871,26-03-2025,white bread,1674
1698,26-04-2025,tortillas,4910
1949,26-01-2024,jam,2445
1649,02-09-2024,frozen vegetables,1704
1197,30-01-2025,domestic eggs,3875
1785,26-09-2025,canned beer,1279
1916,24-05-2025,frankfurter,823
1260,15-04-2024,soda,5957
1237,06-10-2024,margarine,5456
1712,22-03-2025,sausage,3192
1539,07-01-2025,cereal,5156
1865,12-07-2024,bananas,4171
1701,18-02-2024,parmesan,4739
2098,03-05-2024,brown bread,714
1024,01-03-2025,root vegetables,1262
1564,06-05-2024,margarine,2822
1840,28-08-2025,whole milk,4358
1315,25-09-2025,jam,3347
2055,13-11-2024,rolls/buns,4344
2049,18-05-2024,margarine,4597
1499,01-12-2025,soda,3058
1862,21-07-2024,margarine,2007
1685,31-10-2025,canned beer,5536
1783,15-03-2024,jam,3323
1009,12-06-2024,root vegetables,3515
1405,29-10-2024,salsa,2604
1479,08-10-2024,ice cream,3399
1214,21-09-2025,whole milk,4993
2140,17-08-2024,canned beer,3168
1404,13-02-2025,whole milk,5276
1189,15-11-2024,whole milk,2352
1111,17-09-2024,newspapers,5533
1394,16-02-2025,frankfurter,1470
1780,28-03-2025,pastry,925
1809,18-11-2025,canned beer,2068
1616,02-04-2025,margarine,51
1240,18-08-2025,canned beer,4456
1353,25-12-2025,root vegetables,5115
1646,16-03-2024,pip fruit,3019
2147,17-12-2025,newspapers,1923
1633,27-11-2025,whole milk,3024
1775,17-09-2024,whole milk,3109
2057,30-10-2024,napkins,1400
1714,15-03-2024,yogurt,5579
1848,25-10-2024,soda,1484
1159,05-08-2024,newspapers,2916
1216,11-11-2025,dish detergent,5395
1181,09-05-2025,chocolate,3458
1669,06-01-2024,tomato sauce,2052
1850,12-05-2024,,2446
1137,06-07-2025,cereal,5681
2112,03-05-2025,margarine,5452
1718,14-03-2024,chocolate,659
1263,18-05-2025,whole milk,904
1008,06-03-2024,bananas,1277
1247,14-08-2024,margarine,1919
1351,10-11-2024,bottled water,4574
1008,05-02-2024,canned beer,4999
1460,27-05-2025,bottled water,5909
1965,10-01-2025,whole milk,3491
1597,19-10-2024,soda,2180
2030,28-02-2024,cat food,1469
1173,03-11-2024,onions,1359
1983,02-04-2025,pastry,1190
1684,22-01-2025,ketchup,3958
1357,23-08-2024,brown bread,2820
1107,25-11-2025,soda,5889
1414,10-10-2025,canned beer,2347
1250,18-10-2025,diapers,3621
1137,26-07-2025,pastry,802
1995,21-08-2025,bottled water,3774
2173,30-04-2024,bottled water,3121
1883,10-10-2025,margarine,5920
1903,05-09-2025,canned beer,4131
1929,16-07-2024,margarine,3010
1848,15-12-2024,pip fruit,4931
1558,12-04-2024,root vegetables,273
2057,08-03-2025,citrus fruit,4109
1328,04-09-2025,brown bread,817
1056,05-02-2025,newspapers,1984
1694,04-12-2024,canned beer,257
1994,25-09-2025,canned beer,164
1655,24-07-2024,canned beer,1196
1582,15-03-2025,canned beer,2841
1145,11-10-2024,newspapers,82
2152,09-02-2024,pip fruit,783
2146,10-11-2025,white bread,2082
1729,15-10-2025,butter,5828
2190,27-09-2024,whole milk,5342
2061,22-06-2025,soda,1445
1079,26-12-2025,onions,2793
2038,30-03-2024,hamburger meat,3768
2135,13-11-2025,  WHOLE MILK,4051
1929,07-09-2024,citrus fruit,200
1567,02-10-2025,butter,5024
2180,15-02-2025,ketchup,4227
2099,28-01-2024,beef,2766
2078,13-03-2025,margarine,2722
1128,07-09-2024,sausage,5369
1262,27-07-2024,tropical fruit,2393
1776,09-08-2025,sugar,5359
1293,06-08-2024,canned beer,4191
1675,15-11-2024,frankfurter,4216
2181,07-03-2024,bananas,5330
1314,22-05-2025,canned beer,5354
1244,07-12-2025,soda,1068
1262,09-11-2025,chocolate,897
1960,20-03-2025,onions,920
1077,22-07-2025,whole milk,900
1401,11-09-2024,root vegetables,4292
1416,25-04-2024,onions,5481
1128,02-11-2024,canned beer,5878
1745,31-12-2024,newspapers,4134
1549,31-07-2025,root vegetables,2124
1238,05-02-2025,cat food,2195
2019,14-05-2025,margarine,3613
1249,12-12-2024,  SHOPPING BAGS,4327
1847,18-12-2025,onions,3949
1253,18-03-2025,white bread,4761
2114,24-05-2024,margarine,874
1018,30-03-2025,canned beer,1859
1227,13-03-2025,paper towels,1973
1562,02-03-2025,curd,171
2044,05-05-2024,newspapers,1292
1675,04-10-2024,canned beer,5956
1222,06-02-2025,citrus fruit,4743
1780,17-08-2025,beef,2996
1360,17-07-2025,margarine,2887
1738,21-04-2024,bananas,1543
2041,27-09-2025,citrus fruit,5027
1377,17-01-2025,cheese,4494
1400,24-12-2024,margarine,4635
1790,28-03-2024,  SAUSAGE,1671
1018,20-07-2024,canned beer,764
1589,05-06-2025,canned beer,5129
1740,09-11-2024,frankfurter,2802
1471,01-02-2025,salsa,1489
1951,21-07-2024,,5135
1395,26-09-2025,granola,672
1670,26-01-2025,canned beer,5007
1460,03-11-2025,pip fruit,5815
1636,24-07-2024,curd,1343
1277,24-11-2024,jam,5567
1587,10-05-2025,rolls/buns,5595
1163,17-03-2025,salsa,4645
1813,31-03-2025,domestic eggs,5754
2171,12-12-2025,margarine,5767
1026,10-09-2024,bottled water,808
2125,06-08-2025,red wine,5099
2049,07-08-2025,soda,1985
1536,13-11-2025,red wine,3682
1070,16-05-2024,canned beer,2008
1574,01-04-2025,frozen vegetables,1835
1884,29-09-2025,chocolate,1131
1234,10-04-2024,margarine,2453
1111,09-05-2024,salty snack,2967
1885,10-01-2024,root vegetables,259
1556,25-02-2024,margarine,1085
1098,22-03-2024,pastry,3552
1353,01-06-2024,newspapers,870
1836,06-04-2025,paper towels,5868
1319,22-06-2024,brown bread,3831
1613,19-07-2025,onions,4318
1581,15-10-2025,citrus fruit,4868
1095,11-07-2025,canned beer,5128
1399,24-11-2025,creamer,1700
1373,16-03-2024,  COFFEE,1488
1805,26-02-2024,beef,1940
1818,23-09-2024,chips,5549
1474,07-06-2025,canned beer,3046
1432,27-07-2024,citrus fruit,1372
2055,13-11-2024,canned beer,4344
1706,21-03-2024,frankfurter,5158
2182,09-02-2025,ice cream,5795
1620,14-05-2024,root vegetables,5636
1852,05-04-2025,canned beer,2332
1425,06-11-2024,margarine,3127
1407,25-05-2024,soda,5173
1225,17-10-2024,margarine,5880
1225,03-08-2024,onions,2949
1457,17-03-2025,sausage,3363
1769,08-04-2024,tropical fruit,1738
1089,22-02-2024,onions,2711
1379,16-08-2025,rolls/buns,3493
2153,02-03-2024,dish detergent,1566
1567,01-07-2025,pip fruit,3637
1741,26-04-2025,citrus fruit,5541
2095,24-02-2024,cheese,5345
1170,07-04-2024,margarine,2908
1024,13-05-2025,margarine,5147
1016,11-03-2025,root vegetables,464
2042,28-08-2024,chocolate,5398
1297,09-01-2024,newspapers,3470
2181,06-01-2025,root vegetables,4457
1531,04-06-2025,domestic eggs,2904
1697,29-04-2025,newspapers,3880
1306,07-04-2025,red wine,2548
1152,17-06-2024,sausage,5904
1949,26-01-2024,butter,2445
1720,25-06-2025,whole milk,364
2009,14-06-2025,citrus fruit,4156
1891,15-10-2024,canned beer,1663
1235,26-04-2025,sausage,374
1703,08-06-2025,ice cream,1818
2149,28-02-2025,canned beer,4436
1779,22-09-2025,tomato sauce,285
2172,18-12-2024,rolls/buns,2991
1781,28-06-2024,whole milk,4749
1442,13-11-2024,paper towels,3719
1490,03-01-2025,yogurt,3665
1146,18-08-2025,canned beer,4370
1031,12-07-2025,diapers,3816
1731,20-08-2024,pasta,4307
1651,04-12-2024,bottled water,3163
1108,04-08-2025,whole milk,1304
1538,12-12-2025,sausage,4876
2189,13-12-2025,salty snack,3902
1854,21-05-2025,canned beer,3854
1057,07-07-2024,brown bread,5691
1658,15-11-2025,canned beer,3567
1343,15-12-2025,newspapers,5440
1526,15-11-2025,whole milk,3036
1101,25-06-2025,bottled water,5471
2124,21-11-2024,chocolate,2860
1413,14-01-2024,canned beer,696
2062,20-01-2024,margarine,146
1206,19-10-2025,onions,503
1083,03-06-2024,margarine,5168
1691,27-02-2025,whole milk,4106
1065,31-07-2025,paper towels,3608
1021,20-10-2025,frankfurter,252
1513,25-09-2024,chocolate,2197
1634,06-12-2024,whole milk,622
1015,03-01-2025,canned beer,5435
1436,14-09-2025,tropical fruit,222
1415,20-03-2024,bottled water,877
1347,05-12-2024,rolls/buns,5943
1319,06-10-2024,canned beer,2704
1885,07-10-2025,newspapers,5584
1193,13-05-2025,curd,2011
1166,29-04-2025,shopping bags,5085
1221,16-04-2024,yogurt,2690
2062,20-01-2024,whole milk,146
1983,16-08-2025,butter,2710
1977,08-05-2024,cereal,565
1859,13-01-2025,newspapers,5968
1864,13-03-2024,canned beer,4591
1589,17-01-2024,canned beer,3075
1279,08-10-2024,tropical fruit,728
2062,31-03-2024,red wine,4767
1091,20-05-2025,bananas,1534
2147,13-02-2024,root vegetables,5532
1596,27-07-2025,coffee,3440
1910,04-05-2024,soda,1640
2148,15-06-2025,canned beer,4395
1576,18-01-2024,chocolate,1879
1479,08-10-2024,margarine,3399
1389,15-05-2024,pastry,1870
1518,26-07-2024,yogurt,657
1597,25-11-2024,chips,3799
1205,29-05-2025,bananas,2401
2157,04-11-2025,white bread,2379
1767,22-09-2025,white bread,3891
2057,05-12-2025,sausage,358
1697,29-06-2025,margarine,5140
1994,06-09-2025,whole milk,2986
2032,14-04-2025,cereal,4871
2136,01-12-2025,pastry,5181
1958,22-07-2024,bottled water,2727
1885,10-01-2024,canned beer,259
1170,12-11-2025,rolls/buns,3370
2079,20-04-2024,tomato sauce,734
1488,11-10-2024,diapers,4035
1820,03-10-2024,onions,1078
1240,18-08-2025,margarine,4456
1277,30-04-2025,jam,517
1579,01-05-2024,frankfurter,2694
1024,01-03-2025,white bread,1262
1165,27-02-2025,bottled water,4180
1855,11-04-2024,ketchup,3757
1204,12-11-2024,cereal,5902
1016,01-05-2024,frozen vegetables,2753
1866,09-08-2024,butter,1370
1969,20-07-2024,parmesan,1320
1743,02-09-2025,soda,3841
1539,30-10-2024,root vegetables,5781
1721,07-05-2024,crackers,2587
1185,28-11-2025,pip fruit,3471
1079,15-06-2024,margarine,3142
2145,28-02-2024,brown bread,2357
1472,19-01-2024,creamer,4150
2039,29-01-2025,cat food,1141
1187,18-04-2025,whole milk,3299
1640,26-01-2025,newspapers,4095
1809,22-11-2025,rolls/buns,4855
1743,12-01-2024,ketchup,216
1739,03-09-2024,bottled water,4361
1696,24-11-2024,paper towels,4316
2042,25-04-2024,frankfurter,23
1640,13-01-2025,frankfurter,447
1122,21-11-2024,bottled water,2355
1512,21-05-2024,margarine,2539
1912,15-04-2024,cat food,3554
1290,19-02-2024,cereal,5711
1062,28-01-2025,butter,4839
1594,22-04-2024,canned beer,1982
1569,17-08-2025,chips,2874
1059,10-12-2024,citrus fruit,790
1584,04-03-2024,whole milk,3845
1099,26-12-2024,salsa,1408
1887,30-08-2025,bottled water,2277
1629,21-09-2025,citrus fruit,4684
1424,11-06-2024,root vegetables,5258
1358,27-06-2024,root vegetables,3445
1295,24-01-2024,canned beer,207
1842,08-03-2025,paper towels,3855
1409,16-03-2024,citrus fruit,3437
1554,08-11-2025,cat food,4913
1973,16-01-2024,canned beer,3823
2046,10-10-2024,margarine,5106
2108,13-07-2025,,3589
1606,09-11-2024,ice cream,4566
2158,29-06-2024,yogurt,3385
2141,16-05-2025,canned beer,1893
1971,24-07-2025,frozen vegetables,1837
1543,29-08-2024,margarine,3166
1433,13-09-2025,salty snack,2330
1105,15-05-2024,canned beer,2740
1783,02-11-2024,citrus fruit,546
1138,23-07-2025,canned beer,4686
1849,15-10-2024,tortillas,2270
1068,25-01-2025,canned beer,1017
1834,07-01-2024,jam,5215
1488,10-08-2025,domestic eggs,3098
1548,21-03-2025,hamburger meat,2599
1595,17-08-2024,pip fruit,1244
1840,05-09-2024,soda,1285
1566,03-12-2024,whole milk,3064
1679,01-05-2025,whole milk,1694
1436,20-02-2025,margarine,2984
1589,05-06-2025,salsa,5129
1732,18-06-2024,margarine,3039
2183,01-03-2025,margarine,3922
1390,28-11-2024,cat food,4758
1413,07-09-2024,chocolate,74
1223,28-02-2025,newspapers,3020
1868,28-08-2025,sugar,5990
1909,19-02-2025,whole milk,5495
2167,13-11-2025,margarine,4775
1540,28-02-2025,root vegetables,4817
1837,20-12-2024,frankfurter,1922
1440,28-04-2025,white bread,507
1861,24-01-2024,root vegetables,2899
1973,16-01-2024,ice cream,3823
1676,10-01-2025,canned beer,3706
1189,29-03-2024,crackers,4756
1563,25-07-2024,tortillas,3469
1676,10-01-2025,onions,3706
1662,26-04-2025,pastry,4479
1699,14-07-2024,tortillas,956
1040,03-05-2025,onions,5952
1382,18-12-2024,tomato sauce,5854
1525,21-01-2024,canned beer,3842
1401,11-02-2024,citrus fruit,191
1302,02-09-2025,rolls/buns,1826
1148,03-12-2025,root vegetables,3654
1988,18-02-2024,bottled water,4269
1885,18-03-2025,white bread,4860
1707,15-12-2025,salsa,837
2184,21-09-2025,canned beer,2955
1382,04-02-2025,canned beer,4540
2154,11-11-2024,brown bread,1519
1739,03-09-2024,frozen vegetables,4361
1779,22-09-2025,paper towels,285
1774,11-02-2025,frankfurter,5555
1237,25-07-2025,canned beer,4154
1774,25-11-2025,newspapers,2377
1635,09-04-2024,canned beer,2688
1509,02-08-2025,bananas,3273
1434,23-06-2025,margarine,5642
1085,30-11-2024,salsa,135
1467,02-07-2024,canned beer,3667
1132,14-10-2025,root vegetables,2743
1014,16-06-2025,canned beer,2421
1975,24-08-2024,onions,5863
1566,03-12-2024,margarine,3064
1840,27-04-2025,frankfurter,4709
1342,04-08-2025,  CANNED BEER,4021
2017,13-10-2025,margarine,81
2073,21-03-2024,white bread,4
1236,13-03-2024,frozen vegetables,1520
1324,19-07-2025,root vegetables,3500
1048,13-09-2025,curd,1167
2027,12-01-2025,canned beer,408
1213,10-04-2025,citrus fruit,1954
1243,05-08-2024,pastry,5724
1627,29-03-2025,paper towels,2633
1617,05-10-2025,frankfurter,2927
1014,21-04-2025,salty snack,2735
1299,10-05-2025,margarine,4460
1224,12-03-2024,tropical fruit,5979
1693,23-10-2025,hamburger meat,1881
1963,04-05-2025,white bread,4563
1276,26-03-2024,rolls/buns,2708
1709,20-12-2025,ice cream,1624
1868,03-02-2025,canned beer,5045
1612,05-06-2024,bananas,100
1887,22-01-2025,soda,785
1802,07-08-2025,canned beer,577
1101,28-03-2024,curd,875
1709,20-12-2025,napkins,1624
1432,15-05-2025,root vegetables,755
1691,17-01-2025,napkins,65
1198,23-07-2024,canned beer,2477
1291,05-07-2024,  SHOPPING BAGS,4251
1833,02-06-2024,root vegetables,4309
1832,30-09-2024,canned beer,1475
2151,25-09-2025,root vegetables,3404
1392,25-12-2025,  DISH DETERGENT,1629
1229,03-04-2024,frankfurter,5259
1558,25-12-2024,margarine,2878
1002,28-02-2024,granola,5987
1979,12-08-2024,canned beer,1695
1701,18-02-2024,ketchup,4739
1724,09-06-2024,paper towels,4037
1337,02-04-2025,domestic eggs,3635
2089,14-08-2025,canned beer,1915
1026,07-04-2025,newspapers,654
2046,27-11-2024,root vegetables,5420
1854,29-03-2025,sausage,803
1130,27-03-2025,beef,2231
2093,25-07-2024,citrus fruit,5806
2021,16-10-2025,canned beer,4642
1610,08-05-2025,canned beer,787
1531,13-02-2025,frankfurter,3490
1278,19-03-2025,pip fruit,4268
1510,18-01-2024,dish detergent,1979
1019,31-05-2025,newspapers,3215
1488,10-08-2025,brown bread,3098
1635,04-06-2024,canned beer,5412
2019,05-04-2024,frankfurter,5941
1099,19-12-2025,tomato sauce,2484
1539,07-01-2025,frankfurter,5156
1299,12-05-2024,  DISH DETERGENT,3401
1972,25-08-2024,frankfurter,3305
1487,28-03-2024,white bread,960
1888,17-10-2024,chocolate,921
1296,16-08-2025,paper towels,1391
1039,26-09-2025,bananas,3044
2025,27-07-2024,beef,2987
1297,09-01-2024,sausage,3470
1860,01-03-2025,ground beef,5668
1141,09-02-2024,canned beer,1034
1832,25-07-2025,cheese,5747
1659,25-06-2024,margarine,1824
1254,08-12-2024,sugar,5745
1453,12-07-2024,white bread,2476
1361,17-04-2024,cheese,4672
2080,15-01-2024,newspapers,1462
1850,13-06-2024,ice cream,1755
2119,06-07-2024,cereal,94
1473,29-05-2025,cat food,2826
1725,16-12-2024,canned beer,3173
1290,21-04-2024,canned beer,5494
1751,29-11-2025,whole milk,1899
1914,11-01-2024,salty snack,5275
1079,15-06-2024,whole milk,3142
1095,02-08-2024,canned beer,5076
1517,04-02-2025,canned beer,1839
1953,24-01-2025,canned beer,941
1528,22-04-2024,margarine,674
2016,13-04-2025,  ROOT VEGETABLES,3750
1432,15-05-2025,margarine,755
1031,15-09-2024,sausage,4231
1846,31-10-2025,creamer,366
2195,02-04-2024,domestic eggs,5321
2182,09-02-2025,salsa,5795
2057,05-12-2025,yogurt,358
1479,27-07-2024,jam,5873
1998,24-10-2024,bananas,4932
1540,29-06-2025,white bread,1402
1356,31-05-2025,paper towels,5070
2150,30-01-2024,canned beer,3986
1236,05-03-2024,canned beer,3251
1386,04-09-2024,root vegetables,5818
1164,01-10-2024,root vegetables,105
1340,22-01-2025,soda,4274
2145,26-02-2024,soda,2110
1104,23-06-2024,  CITRUS FRUIT,5849
1512,21-05-2024,root vegetables,2539
1171,05-02-2025,canned beer,59
2010,24-06-2024,newspapers,5285
2094,08-12-2025,frozen vegetables,3300
1674,30-12-2025,cereal,1683
1982,07-03-2024,newspapers,4632
1717,25-12-2025,rolls/buns,632
1133,20-12-2025,root vegetables,3920
1743,28-11-2024,frankfurter,5028
1960,20-02-2025,bottled water,1731
2032,21-12-2024,parmesan,1908
1288,30-04-2025,sausage,1988
1506,28-04-2024,margarine,5401
1467,09-12-2025,citrus fruit,4912
1180,12-04-2024,  TORTILLAS,581
1785,26-09-2025,margarine,1279
1898,02-11-2024,citrus fruit,3255
1190,23-04-2024,citrus fruit,1883
1398,04-10-2025,tropical fruit,1397
1793,12-11-2024,newspapers,2650
1008,13-10-2025,granola,1086
1955,30-04-2025,cat food,3165
1489,04-01-2025,root vegetables,4881
1334,28-01-2025,yogurt,3513
2007,31-12-2024,pastry,2907
1177,03-07-2024,yogurt,1971
1109,24-05-2024,chocolate,2126
1177,26-07-2025,root vegetables,4797
1734,06-10-2025,onions,4384
1142,16-04-2024,sausage,4223
1284,15-01-2024,shopping bags,3007
1798,12-10-2024,citrus fruit,2003
2138,15-06-2025,frankfurter,4718
2077,15-05-2024,beef,3769
1899,07-02-2024,shopping bags,4988
1410,13-08-2025,white bread,1542
1055,09-03-2024,ground beef,5639
1392,27-02-2025,canned beer,1218
1828,24-04-2025,pip fruit,2391
2079,08-11-2025,paper towels,2945
1434,29-03-2025,yogurt,1602
1210,09-03-2024,canned beer,620
1559,20-12-2024,salty snack,1544
1158,24-12-2025,brown bread,5962
1227,05-11-2024,canned beer,4613
1837,26-06-2024,margarine,2895
1322,27-07-2024,sugar,5120
2137,29-04-2024,canned beer,4064
2057,31-12-2024,margarine,391
2188,01-08-2024,sausage,683
1487,16-10-2024,cat food,5604
1077,04-09-2024,soda,4834
1029,17-06-2024,frankfurter,2044
1077,20-08-2025,margarine,3191
1539,27-02-2024,cereal,4263
1614,15-07-2025,chocolate,842
2180,15-02-2025,pip fruit,4227
1988,04-07-2024,canned beer,309
2147,05-11-2025,root vegetables,681
1853,11-08-2024,yogurt,5708
1138,29-12-2024,cat food,1716
2079,20-04-2024,whole milk,734
1394,16-02-2025,yogurt,1470
1782,24-02-2025,ketchup,3115
2008,11-04-2025,bottled water,522
2065,13-06-2024,pastry,3781
1189,21-04-2025,margarine,942
1262,07-04-2024,citrus fruit,37
1290,19-02-2024,whole milk,5711
1400,03-10-2024,canned beer,3012
2189,01-07-2024,newspapers,4452
1794,20-06-2025,newspapers,5782
1891,17-12-2024,onions,806
1316,23-01-2024,citrus fruit,4643
1972,23-10-2024,margarine,5039
1833,09-06-2025,sausage,2607
1123,26-05-2024,canned beer,1230
1703,08-06-2025,granola,1818
1513,21-11-2025,cat food,1791
1626,09-09-2025,canned beer,1432
1474,18-07-2025,pasta,1782
1691,12-06-2024,pastry,1060
1559,20-12-2024,butter,1544
2037,03-04-2025,frozen vegetables,1363
1210,31-08-2025,salsa,2372
1402,27-06-2024,  CANNED BEER,2829
1535,02-12-2024,citrus fruit,5008
2021,16-02-2024,tropical fruit,5436
2088,04-06-2024,frankfurter,3349
1263,07-09-2024,canned beer,4732
1149,18-12-2024,margarine,2938
1103,20-09-2025,margarine,1458
1731,24-01-2025,cat food,4093
1494,16-02-2025,,4778
2147,23-12-2024,paper towels,335
1666,01-05-2024,ice cream,2237
2149,28-02-2025,butter,4436
1139,22-03-2025,canned beer,3680
1398,26-02-2025,newspapers,439
1420,08-07-2025,tropical fruit,862
2074,19-04-2024,white bread,1608
1710,21-07-2024,canned beer,2322
1066,14-04-2024,canned beer,2744
2056,11-02-2024,white bread,2305
2170,06-02-2025,canned beer,5374
1671,14-10-2024,whole milk,5928
1394,24-08-2025,citrus fruit,4429
1624,15-03-2024,hamburger meat,5289
1268,02-07-2025,pastry,1673
1445,01-03-2025,whole milk,2182
1912,08-12-2024,pastry,914
1115,20-11-2025,whole milk,1326
1279,24-10-2025,newspapers,2715
1195,24-11-2025,whole milk,4262
1573,26-11-2024,bottled water,4003
1432,02-04-2024,newspapers,3944
1160,04-04-2024,root vegetables,2804
1164,05-09-2024,canned beer,3001
1284,11-08-2025,margarine,2503
1081,15-11-2025,domestic eggs,1577
2011,09-12-2024,pasta,943
1370,03-12-2025,root vegetables,4850
1864,18-11-2024,butter,2486
1834,15-10-2024,margarine,4784
1389,01-09-2025,root vegetables,5253
1615,18-06-2024,ketchup,3866
1154,01-03-2024,root vegetables,3508
1545,28-07-2025,whole milk,4550
1614,17-08-2024,margarine,118
1220,13-01-2024,bananas,727
1222,18-02-2024,tropical fruit,5972
1792,14-07-2025,chips,3167
1471,01-02-2025,,1489
1990,24-07-2024,canned beer,1252
1357,15-03-2025,onions,609
1436,01-04-2024,napkins,894
1053,07-03-2025,newspapers,15
2077,30-12-2025,root vegetables,5298
1281,25-08-2024,ice cream,5698
1060,12-01-2025,whole milk,600
1615,03-02-2025,canned beer,535
1528,30-01-2024,pasta,2328
1296,14-03-2025,cheese,4539
1135,07-06-2024,curd,4917
1195,21-05-2024,white bread,4118
2004,12-11-2025,bottled water,5866
1684,23-09-2025,margarine,2658
1719,06-02-2024,ice cream,2898
1330,30-04-2024,canned beer,52
1616,22-06-2024,frankfurter,1474
1645,14-01-2025,chocolate,246
2083,25-01-2025,canned beer,5318
1539,30-10-2024,domestic eggs,5781
1161,25-01-2024,tortillas,4712
1778,11-05-2025,rolls/buns,4478
1963,21-08-2025,cereal,1510
2069,21-12-2024,margarine,675
1856,29-11-2024,canned beer,5268
1830,09-11-2025,rolls/buns,4952
1925,31-01-2025,ice cream,2444
1478,29-10-2024,canned beer,2530
1332,13-09-2024,curd,680
1955,05-12-2024,domestic eggs,3977
1050,21-05-2024,domestic eggs,4330
1905,21-02-2024,tortillas,2680
2004,22-03-2025,white bread,3733
2090,29-07-2025,creamer,5647
1184,11-10-2024,frozen vegetables,4001
1609,09-04-2024,domestic eggs,4562
1721,07-05-2024,pip fruit,2587
1337,02-08-2025,frozen vegetables,3341
1587,29-05-2025,canned beer,5059
1027,01-03-2025,cereal,3956
1823,25-07-2025,canned beer,653
2005,16-02-2024,canned beer,1726
1679,01-05-2025,canned beer,1694
1471,01-02-2025,  SALTY SNACK,1489
1520,19-10-2024,canned beer,1584
1264,23-12-2025,canned beer,2893
1378,04-10-2025,margarine,5044
1387,15-10-2025,whole milk,2188
1697,19-08-2025,root vegetables,296
1038,15-10-2024,canned beer,1563
1636,24-07-2024,canned beer,1343
1189,21-04-2025,canned beer,942
2007,29-07-2024,cereal,3929
1757,22-12-2024,margarine,2296
1179,02-09-2024,dish detergent,2845
1290,21-04-2024,dish detergent,5494
1941,30-05-2024,whole milk,307
1832,31-01-2024,tortillas,4869
1138,29-12-2024,brown bread,1716
1825,31-05-2024,domestic eggs,2440
1756,28-07-2024,salty snack,4637
2009,14-06-2025,newspapers,4156
1629,14-06-2024,sausage,4354
2112,03-05-2025,brown bread,5452
1558,25-12-2024,pastry,2878
1173,18-04-2025,root vegetables,4989
1474,08-02-2025,chocolate,3520
1665,15-07-2024,bottled water,1358
1655,23-10-2025,canned beer,5098
1836,05-07-2024,canned beer,574
1382,04-03-2024,canned beer,3896
1719,06-02-2024,sugar,2898
2010,24-06-2024,margarine,5285
1018,21-08-2025,tropical fruit,3905
1291,22-10-2025,cheese,651
1138,23-07-2025,citrus fruit,4686
1074,23-11-2024,whole milk,4755
1957,15-08-2025,bottled water,4130
1801,14-12-2025,bananas,2928
2162,19-06-2025,soda,2900
1873,14-06-2024,newspapers,132
2155,04-07-2025,white bread,5235
1147,07-06-2024,frankfurter,5871
1296,01-09-2024,canned beer,3598
1812,09-04-2024,coffee,1987
1181,22-09-2024,rolls/buns,3668
1349,11-01-2025,root vegetables,4791
1328,25-07-2025,bottled water,3894
1696,29-06-2024,paper towels,3800
1084,24-04-2025,canned beer,5065
1559,24-06-2025,bottled water,5489
2145,13-10-2025,napkins,3092
1234,10-04-2024,canned beer,2453
1189,29-03-2024,canned beer,4756
2194,24-04-2025,frozen vegetables,2170
2021,26-05-2025,bananas,2492
1918,24-06-2025,white bread,2220
1202,27-03-2025,creamer,4092
1334,05-05-2025,citrus fruit,797
1489,06-04-2024,domestic eggs,4722
1239,17-03-2025,canned beer,4614
1351,15-09-2024,hamburger meat,1029
2064,04-09-2025,salty snack,1243
1329,28-09-2024,whole milk,4734
2170,06-02-2025,newspapers,5374
2005,12-12-2025,frankfurter,718
1499,01-12-2025,ketchup,3058
1399,24-11-2025,citrus fruit,1700
1108,07-12-2024,pastry,977
2026,27-12-2024,chocolate,5983
1669,20-08-2025,frozen vegetables,3821
1381,27-08-2025,cat food,4660
1679,15-12-2024,whole milk,5319
1285,16-10-2024,citrus fruit,5519
1850,26-07-2025,frankfurter,5476
1872,15-04-2025,canned beer,4673
1489,10-01-2024,canned beer,5960
2044,04-10-2025,white bread,39
1432,30-08-2025,newspapers,4512
1776,09-08-2025,margarine,5359
1391,15-07-2025,root vegetables,2493
1382,21-03-2025,newspapers,2629
1124,03-09-2024,rolls/buns,4353
1914,30-11-2025,chips,5693
1691,17-01-2025,curd,65
2046,27-11-2025,canned beer,1332
1846,31-10-2025,frozen vegetables,366
1352,24-11-2024,canned beer,1380
1304,13-10-2025,parmesan,1535
1530,23-01-2024,ice cream,4969
1289,20-12-2024,newspapers,5143
1070,27-09-2024,frozen vegetables,5443
1706,12-02-2025,root vegetables,2858
2015,10-08-2024,jam,4467
1062,11-09-2024,bottled water,5161
1733,05-05-2025,parmesan,4293
1473,07-11-2025,curd,3487
1527,26-11-2025,bananas,5596
2180,15-02-2025,rolls/buns,4227
1838,22-12-2024,soda,277
1562,10-12-2025,canned beer,2043
1395,09-11-2025,tomato sauce,5729
1627,10-04-2024,bottled water,5188
1846,31-10-2025,sugar,366
1855,04-08-2025,margarine,2935
1510,18-01-2024,  WHOLE MILK,1979
1390,08-03-2025,canned beer,4532
1498,28-06-2024,tortillas,3439
1950,04-07-2024,salty snack,3403
2094,21-12-2025,margarine,2959
1150,05-03-2024,parmesan,2531
1024,01-03-2025,margarine,1262
1367,03-05-2024,citrus fruit,2734
1300,05-04-2025,whole milk,4750
1921,14-02-2024,margarine,1468
2073,15-04-2025,pastry,655
1278,19-03-2025,bottled water,4268
1182,26-12-2025,margarine,3406
2064,03-05-2024,salsa,4175
1011,09-01-2024,canned beer,4343
1234,10-10-2024,frozen vegetables,5912
2092,13-12-2024,yogurt,3692
1552,08-12-2024,frozen vegetables,288
2031,23-02-2024,frankfurter,4453
2154,11-11-2024,whole milk,1519
1998,20-09-2025,whole milk,5023
1803,05-06-2024,jam,5935
1059,10-11-2025,pasta,3892
1093,05-04-2025,margarine,1809
1253,17-06-2025,curd,2323
1584,04-03-2024,citrus fruit,3845
1631,15-02-2024,newspapers,4447
1102,23-07-2024,butter,2111
2143,06-02-2024,ketchup,2689
2181,06-01-2025,tropical fruit,4457
1394,16-02-2025,whole milk,1470
1709,21-12-2024,newspapers,510
2021,10-06-2025,canned beer,2827
1698,13-11-2025,brown bread,3548
1403,28-03-2025,frozen vegetables,1238
1942,01-02-2025,soda,2595
1926,25-09-2025,margarine,5800
1510,15-03-2025,citrus fruit,1773
2010,17-02-2024,pasta,4502
1250,14-12-2024,margarine,1780
1301,13-05-2024,salsa,1767
2136,22-12-2025,pastry,1490
1446,17-09-2025,soda,2021
1545,05-01-2025,whole milk,4025
1906,03-05-2024,margarine,729
1137,20-11-2024,beef,210
1343,28-09-2024,shopping bags,2720
1405,31-05-2024,white bread,70
2085,10-01-2024,sugar,3183
1280,21-09-2025,  SALTY SNACK,5009
1963,21-08-2025,whole milk,1510
1271,24-12-2024,margarine,3649
1679,24-01-2025,curd,2813
1748,05-05-2024,sausage,169
1870,18-06-2024,pip fruit,3310
1692,21-05-2025,whole milk,2163
1792,14-07-2025,  WHOLE MILK,3167
1260,19-09-2025,canned beer,2004
2083,27-11-2025,bananas,2367
1031,15-09-2024,salsa,4231
1058,22-08-2024,newspapers,2091
1618,04-08-2025,domestic eggs,667
1719,06-02-2024,white bread,2898
2073,21-03-2024,sausage,4
2037,04-03-2024,ice cream,148
1971,25-12-2024,cat food,372
1402,27-06-2024,canned beer,2829
1760,01-08-2024,onions,1935
1991,22-03-2025,frankfurter,4098
1453,30-11-2025,white bread,215
1160,27-11-2025,bottled water,4534
1675,12-03-2025,parmesan,2119
1999,15-09-2024,cat food,5003
1985,28-08-2025,margarine,2888
2076,31-01-2025,newspapers,4683
1631,18-09-2025,bottled water,4655
1747,21-08-2025,canned beer,1511
1101,25-06-2025,dish detergent,5471
1512,21-05-2025,soda,1874
1468,02-01-2025,frankfurter,3394
2105,04-06-2025,  ICE CREAM,650
2108,25-09-2024,margarine,1365
2083,27-11-2025,white bread,2367
1222,18-02-2024,ice cream,5972
1613,07-12-2025,canned beer,1508
1119,15-06-2024,salty snack,229
1548,21-03-2025,yogurt,2599
2065,21-10-2024,brown bread,2442
1868,22-08-2024,ground beef,326
1183,11-10-2025,margarine,1521
2075,11-03-2024,root vegetables,4531
1996,08-08-2024,ice cream,4057
1814,22-09-2024,newspapers,1054
1327,13-05-2024,root vegetables,5521
1933,16-03-2025,brown bread,2063
1342,11-05-2024,  ROOT VEGETABLES,624
1229,11-05-2025,white bread,586
1835,28-02-2025,jam,5881
1694,11-09-2024,yogurt,5063
2113,11-09-2024,frankfurter,5679
1646,27-12-2025,frozen vegetables,2621
1781,19-01-2025,margarine,4356
2054,10-02-2025,creamer,5320
1752,09-12-2025,curd,4915
1630,08-09-2024,chocolate,1024
1983,20-08-2025,canned beer,1504
1865,12-07-2024,salsa,4171
1982,21-11-2024,frozen vegetables,5638
1424,22-02-2025,chocolate,908
2034,13-04-2025,domestic eggs,2918
1151,27-11-2025,canned beer,2557
1065,08-02-2024,newspapers,2968
1188,20-10-2024,curd,2533
1719,18-11-2024,tropical fruit,1013
1464,17-05-2024,cereal,3334
1790,27-05-2025,soda,4100
1614,11-06-2025,canned beer,485
1880,29-03-2025,coffee,1925
1271,13-05-2024,canned beer,4148
1694,11-09-2024,rolls/buns,5063
2066,19-05-2024,bottled water,1482
1868,12-07-2024,pastry,3995
1055,25-08-2025,onions,5353
1333,18-01-2025,white bread,648
1903,09-03-2024,sugar,5423
1296,06-07-2024,white bread,1197
1969,20-07-2024,root vegetables,1320
2107,28-08-2024,whole milk,1095
1705,25-10-2024,newspapers,3123
1010,09-06-2024,white bread,2884
2151,03-12-2024,butter,1088
1970,20-11-2024,citrus fruit,4921
1002,06-04-2025,salty snack,1869
2155,25-03-2024,citrus fruit,2023
1475,03-12-2025,soda,3395
1857,09-07-2025,margarine,2395
1945,09-01-2025,canned beer,610
2131,28-11-2024,beef,5717
2081,09-12-2025,tomato sauce,5672
2128,20-12-2025,onions,2494
1602,26-12-2024,cat food,2921
2175,12-07-2024,frozen vegetables,4827
1034,30-07-2025,margarine,2046
1066,18-06-2024,curd,1026
2019,07-08-2024,rolls/buns,4143
1627,29-03-2025,soda,2633
1126,15-04-2024,margarine,869
1079,13-10-2024,canned beer,5422
1802,14-08-2025,canned beer,3530
1895,10-02-2024,cheese,5187
2112,25-06-2025,butter,271
1811,16-08-2024,cereal,5894
1920,18-11-2024,cat food,5850
2114,24-02-2025,domestic eggs,2397
1150,05-03-2024,margarine,2531
1718,15-09-2025,canned beer,4138
1869,16-03-2024,canned beer,3633
2152,09-02-2024,canned beer,783
1260,13-06-2024,newspapers,2437
1438,12-08-2025,dish detergent,4090
1220,09-01-2024,pasta,3527
1333,18-01-2025,margarine,648
2130,19-03-2025,onions,664
1538,30-06-2024,salty snack,2192
1476,18-02-2025,root vegetables,4302
1679,03-01-2025,soda,156
1825,02-11-2025,cat food,1360
2122,25-03-2024,hamburger meat,3129
2163,27-03-2024,coffee,5566
1456,05-08-2025,frozen vegetables,4930
1935,19-05-2025,curd,585
1505,01-03-2024,cereal,5513
1596,18-06-2024,margarine,547
1430,22-05-2025,paper towels,1734
2073,15-06-2024,yogurt,982
1134,23-04-2024,cat food,1927
1455,25-12-2024,rolls/buns,385
1580,07-11-2024,red wine,4740
1496,06-04-2025,canned beer,128
1870,18-05-2024,salsa,276
1718,15-01-2024,rolls/buns,1225
2142,30-03-2025,newspapers,1793
2086,30-10-2025,cat food,2058
1243,22-01-2024,margarine,1610
1394,24-08-2025,canned beer,4429
1242,26-07-2024,canned beer,3865
1635,22-08-2024,whole milk,4289
1493,16-05-2025,salsa,379
1082,30-09-2024,pastry,3646
1131,07-01-2025,root vegetables,3424
1692,27-10-2025,pastry,5322
1718,15-01-2024,bottled water,1225
1675,15-11-2024,pastry,4216
2028,22-02-2024,soda,2254
1368,23-12-2024,whole milk,4523
1139,22-03-2025,curd,3680
1664,09-07-2024,butter,640
1030,07-11-2025,pasta,42
1327,08-05-2025,red wine,3153
1515,10-03-2025,curd,4015
1624,27-11-2025,canned beer,3751
1822,16-08-2025,canned beer,2605
1161,27-10-2025,pip fruit,1049
1861,24-01-2024,salty snack,2899
1236,28-12-2025,whole milk,3587
2114,04-05-2025,margarine,1697
1424,11-06-2024,white bread,5258
1713,15-07-2025,margarine,3411
1976,11-12-2024,chocolate,1724
1884,03-05-2025,salty snack,1786
1345,23-10-2025,bottled water,2541
1906,21-10-2024,sugar,515
1035,23-02-2025,chocolate,1559
1220,28-03-2024,root vegetables,4439
1406,22-05-2024,root vegetables,1437
1367,03-05-2024,salty snack,2734
1891,15-10-2024,citrus fruit,1663
1451,12-09-2024,root vegetables,353
1523,24-02-2025,bottled water,1180
2053,04-08-2025,white bread,935
1809,11-02-2025,canned beer,2613
1754,29-05-2024,white bread,2782
1954,05-01-2024,yogurt,969
1968,26-07-2025,parmesan,629
2166,30-12-2025,frankfurter,1926
1064,19-03-2024,margarine,3990
2083,10-05-2024,cat food,152
1042,14-04-2024,canned beer,3812
1096,13-09-2025,whole milk,4325
2001,27-11-2024,canned beer,5080
1506,19-03-2024,yogurt,4162
1975,12-09-2025,canned beer,3503
1194,13-12-2024,citrus fruit,5280
1028,05-07-2025,frozen vegetables,4044
1639,01-04-2025,brown bread,5884
1015,05-03-2025,margarine,5486
1289,20-12-2024,yogurt,5143
1857,29-02-2024,hamburger meat,742
2119,10-01-2024,soda,1567
1959,31-05-2025,whole milk,899
1512,24-09-2024,citrus fruit,1404
1851,25-01-2025,sausage,5273
1966,21-08-2025,yogurt,3822
2060,21-04-2025,cereal,1675
1214,16-07-2025,root vegetables,4461
1941,30-10-2025,tortillas,1515
1213,07-03-2025,sausage,3428
1415,29-01-2024,root vegetables,1968
1522,25-02-2025,canned beer,4426
2155,24-03-2024,margarine,4633
1571,04-02-2024,crackers,5079
1476,24-01-2025,margarine,4922
1042,29-09-2025,canned beer,2896
1039,01-12-2025,chocolate,958
1057,04-04-2024,canned beer,3317
1159,22-07-2025,cereal,836
1283,13-12-2024,domestic eggs,2092
1854,29-07-2024,ice cream,5727
1538,09-06-2025,salsa,4769
2161,16-10-2024,brown bread,3259
1360,21-11-2024,bottled water,1030
2015,10-08-2024,whole milk,4467
1374,03-03-2025,curd,5109
1849,02-02-2024,curd,5512
1395,09-11-2025,frozen vegetables,5729
1197,03-04-2025,citrus fruit,436
2089,02-11-2024,frankfurter,458
1878,03-09-2024,margarine,3031
1512,07-04-2025,margarine,3320
1564,30-03-2025,newspapers,1000
1555,24-09-2025,cat food,4207
1317,04-10-2025,shopping bags,833
1014,21-04-2025,frankfurter,2735
1858,24-11-2024,ice cream,1407
1479,27-07-2024,white bread,5873
1358,05-10-2025,margarine,2241
1582,02-04-2024,margarine,5377
1183,28-06-2025,canned beer,2116
1493,11-06-2025,margarine,3214
1845,11-10-2025,bananas,3466
1182,30-04-2024,canned beer,219
1600,27-09-2024,salsa,1676
1807,24-08-2024,beef,238
1154,28-07-2024,margarine,1419
1171,05-02-2025,butter,59
1338,24-08-2025,bottled water,452
1684,28-07-2025,citrus fruit,2482
1851,11-04-2025,root vegetables,638
1472,19-01-2024,pastry,4150
1255,07-09-2024,whole milk,2173
1386,04-09-2024,whole milk,5818
1836,06-09-2025,rolls/buns,4975
1326,08-04-2024,margarine,3743
1002,03-11-2024,beef,5262
1002,11-04-2024,canned beer,2776
2094,08-12-2025,frankfurter,3300
1897,07-11-2024,parmesan,2953
1192,04-11-2024,  CURD,5534
1727,03-12-2024,ketchup,1748
1220,28-03-2024,ground beef,4439
1278,19-03-2025,newspapers,4268
1727,28-04-2024,rolls/buns,2561
1409,17-01-2025,domestic eggs,2570
2126,30-01-2025,canned beer,1259
1584,27-09-2025,onions,5429
1454,03-05-2024,ice cream,3881
1424,29-12-2025,domestic eggs,4819
1151,06-04-2025,root vegetables,2165
1077,16-04-2025,root vegetables,315
1633,01-07-2024,dish detergent,2909
1368,10-09-2024,red wine,1580
2182,11-08-2024,rolls/buns,1098
2113,09-07-2025,dish detergent,3488
1994,03-11-2024,frozen vegetables,5211
1741,11-07-2025,tropical fruit,3859
2067,10-12-2025,canned beer,4828
1635,02-06-2024,canned beer,4801
1971,23-12-2025,root vegetables,4565
1889,16-09-2024,dish detergent,4340
1681,06-05-2024,margarine,5654
2163,11-04-2024,root vegetables,1297
1347,05-10-2025,margarine,2079
1437,25-09-2025,tropical fruit,490
1882,08-01-2025,dish detergent,4472
1187,17-03-2024,margarine,3700
1504,23-06-2024,parmesan,5485
1001,25-12-2025,curd,776
1155,23-08-2024,paper towels,5895
1486,05-01-2025,cat food,1163
2069,26-11-2024,sausage,80
1145,11-10-2024,cat food,82
2126,30-01-2025,white bread,1259
1322,27-07-2024,creamer,5120
1571,25-03-2025,newspapers,3270
1562,02-03-2025,canned beer,171
1563,10-03-2025,chocolate,4916
1858,14-05-2025,frozen vegetables,5281
1477,21-03-2024,soda,1111
1509,24-05-2024,canned beer,2402
1058,03-12-2025,chocolate,1232
1897,24-08-2024,citrus fruit,2814
1183,30-09-2025,root vegetables,4679
1834,07-01-2024,white bread,5215
1609,19-02-2024,butter,3286
1818,23-09-2024,domestic eggs,5549
2161,12-09-2024,shopping bags,2926
1994,29-12-2025,newspapers,1502
1979,22-08-2024,margarine,1133
1056,18-04-2024,white bread,2076
1509,27-11-2024,chocolate,2885
1889,16-09-2024,margarine,4340
1081,25-09-2024,margarine,350
1647,26-05-2024,white bread,248
1528,08-10-2024,pastry,5058
1887,30-08-2025,citrus fruit,2277
1567,14-03-2024,citrus fruit,66
1336,09-07-2024,napkins,2461
1959,23-09-2024,whole milk,2001
1651,20-11-2024,white bread,466
2095,24-02-2024,crackers,5345
2194,29-11-2024,tropical fruit,1286
2045,10-12-2024,tortillas,5373
1852,25-01-2024,cheese,5357
1743,02-09-2025,salsa,3841
1343,29-09-2024,root vegetables,5307
2083,10-01-2024,citrus fruit,373
1027,01-03-2025,margarine,3956
1432,05-07-2024,whole milk,3797
1276,29-08-2024,citrus fruit,2059
1604,23-02-2025,paper towels,2810
1215,07-08-2024,granola,5762
1198,23-07-2024,bottled water,2477
1088,29-05-2025,margarine,4671
1281,01-09-2025,bananas,4198
2073,03-09-2025,ketchup,4174
1158,05-10-2025,shopping bags,5469
1291,05-07-2024,yogurt,4251
1073,20-06-2025,rolls/buns,5785
1965,12-09-2024,whole milk,2169
2074,16-10-2024,newspapers,3648
1942,24-05-2024,salty snack,2886
1559,20-12-2024,root vegetables,1544
1424,29-12-2025,margarine,4819
1156,01-08-2024,margarine,3671
1823,17-05-2024,sugar,1561
2158,30-01-2024,dish detergent,5490
1137,06-04-2024,parmesan,5819
1528,22-04-2024,soda,674
1205,19-07-2024,canned beer,4696
1316,23-01-2024,canned beer,4643
1373,02-03-2025,margarine,4535
2152,04-11-2024,root vegetables,1821
1096,24-05-2024,white bread,5774
1684,22-01-2025,yogurt,3958
1135,07-06-2024,citrus fruit,4917
1887,22-01-2025,paper towels,785
1031,29-02-2024,paper towels,2692
1562,17-01-2024,canned beer,5835
1179,06-11-2025,newspapers,4877
1218,29-01-2024,whole milk,3502
2053,04-08-2025,newspapers,935
2036,24-05-2024,ketchup,1414
1891,11-05-2025,frozen vegetables,456
1704,04-08-2025,root vegetables,3518
2182,11-08-2024,curd,1098
1436,20-02-2025,canned beer,2984
1860,27-02-2024,soda,708
1627,10-04-2024,granola,5188
1793,12-11-2024,parmesan,2650
1521,27-08-2024,margarine,529
1686,03-03-2024,tropical fruit,3886
1292,13-06-2024,salty snack,5688
1138,22-08-2025,margarine,1921
1425,06-11-2024,pastry,3127
2167,14-06-2025,brown bread,5352
2158,14-12-2025,  ROLLS/BUNS,656
1541,21-11-2024,onions,5035
1010,02-09-2024,frankfurter,5185
1839,15-08-2024,chocolate,2701
2053,18-04-2025,margarine,2027
1574,01-02-2025,yogurt,5052
1674,30-12-2025,salsa,1683
1004,31-10-2024,newspapers,2617
1899,29-05-2024,bottled water,2331
1839,09-09-2025,canned beer,5791
1685,13-04-2024,soda,3660
1619,24-01-2025,yogurt,2407
1361,02-10-2025,citrus fruit,3325
1093,28-04-2025,whole milk,195
1430,30-08-2025,tortillas,4404
1418,17-07-2025,bananas,4551
2192,21-11-2024,root vegetables,5587
1003,24-02-2024,sausage,1497
1301,13-05-2024,whole milk,1767
2027,04-11-2025,cat food,1417
2178,09-03-2024,curd,2988
1233,30-12-2024,margarine,227
1382,18-12-2024,curd,5854
1772,10-01-2025,rolls/buns,140
1451,13-07-2025,newspapers,4906
1342,08-10-2025,diapers,4992
1562,27-04-2025,bottled water,5633
1215,07-08-2024,newspapers,5762
1037,09-09-2024,salsa,5046
1854,26-07-2024,frankfurter,2198
1395,30-04-2024,margarine,1234
1769,24-10-2024,bottled water,625
1290,19-02-2024,root vegetables,5711
1597,19-10-2024,white bread,2180
1567,13-01-2025,bottled water,5159
2152,23-11-2025,cereal,811
1030,27-02-2024,sugar,2580
1689,12-04-2025,canned beer,3506
2025,24-05-2025,tortillas,511
1691,27-02-2025,ice cream,4106
1885,10-01-2024,margarine,259
1224,06-06-2024,bottled water,5674
2104,01-02-2024,dish detergent,1841
1187,19-01-2024,domestic eggs,2403
2003,11-10-2025,salty snack,320
1381,25-08-2025,root vegetables,3231
1996,10-06-2024,frozen vegetables,2143
1068,17-06-2024,margarine,1351
1910,06-03-2025,rolls/buns,3256
1316,12-11-2024,pastry,4782
1672,03-09-2025,canned beer,2497
1941,30-05-2024,domestic eggs,307
2033,04-08-2025,cereal,3278
1114,11-02-2024,canned beer,2466
1865,10-03-2024,citrus fruit,3155
1220,13-01-2024,onions,727
1344,14-07-2025,margarine,4909
1467,22-06-2024,canned beer,3414
1498,25-07-2025,whole milk,2995
1467,09-12-2025,margarine,4912
2072,23-07-2024,whole milk,2936
1003,02-11-2024,whole milk,4285
1296,02-08-2024,newspapers,2696
1375,22-09-2024,chips,2371
2035,04-05-2025,dish detergent,5074
1626,23-09-2025,tropical fruit,242
1658,10-11-2025,coffee,2148
1149,14-04-2025,white bread,471
1693,10-03-2024,frozen vegetables,2508
2182,16-07-2025,newspapers,3537
1603,04-03-2025,rolls/buns,5841
1102,24-11-2024,rolls/buns,3817
1870,18-05-2024,canned beer,276
1326,02-02-2024,cat food,2712
2091,14-06-2024,canned beer,2361
1877,02-11-2024,citrus fruit,501
1642,26-09-2024,cereal,4188
1859,29-06-2025,yogurt,1272
1316,24-04-2024,pip fruit,2301
1616,05-11-2025,bottled water,876
1096,11-11-2025,root vegetables,2224
1304,14-01-2024,canned beer,4337
1512,11-01-2025,butter,1820
1201,16-12-2024,margarine,4265
2016,13-04-2025,whole milk,3750
2139,15-11-2024,ground beef,5383
1007,21-05-2024,napkins,2260
2159,02-02-2024,canned beer,2101
1782,05-10-2024,cat food,4454
1425,12-06-2025,cheese,2350
1077,15-02-2024,newspapers,5694
1530,07-06-2025,domestic eggs,5149
1729,15-10-2025,white bread,5828
1595,15-07-2024,newspapers,4844
2141,16-05-2025,bottled water,1893
1077,22-07-2025,rolls/buns,900
1065,08-02-2024,bottled water,2968
1455,25-12-2024,cheese,385
1594,22-04-2024,tropical fruit,1982
1425,08-03-2024,sausage,328
1987,22-08-2024,dish detergent,5801
1034,28-01-2025,margarine,5237
1961,04-02-2024,cheese,1438
1502,16-12-2025,margarine,1918
1608,12-07-2024,whole milk,5896
1535,18-10-2025,root vegetables,399
1128,06-10-2024,margarine,4901
1351,01-11-2024,citrus fruit,5812
1394,09-09-2024,tropical fruit,1854
1098,13-04-2024,citrus fruit,1799
1673,06-11-2024,brown bread,1479
1783,20-03-2025,curd,4084
2115,21-11-2025,chocolate,2121
2143,25-10-2024,citrus fruit,5769
1784,23-05-2024,margarine,844
1515,14-02-2024,tomato sauce,4646
1546,07-02-2024,tomato sauce,5283
1337,20-06-2025,margarine,4820
1509,24-05-2024,whole milk,2402
1575,02-06-2024,citrus fruit,4202
1298,15-07-2024,margarine,4896
1356,11-06-2025,red wine,4194
1054,20-05-2025,canned beer,5689
1615,03-12-2024,margarine,637
1452,06-10-2025,pip fruit,4568
1709,29-12-2024,newspapers,272
2193,07-12-2025,root vegetables,237
1842,14-02-2024,curd,4329
1891,26-07-2024,canned beer,821
1323,27-11-2024,pastry,1765
1680,06-07-2024,tomato sauce,2875
2091,09-03-2025,salty snack,5571
2069,30-12-2025,beef,2739
1143,27-11-2024,  MARGARINE,1385
1936,07-04-2025,whole milk,3614
1167,01-12-2025,salsa,2682
1449,22-09-2025,paper towels,1657
1427,13-05-2025,,786
1088,29-05-2025,bottled water,4671
1384,13-09-2025,bananas,343
1405,10-09-2025,  CANNED BEER,1333
1399,29-04-2024,margarine,2815
1237,06-10-2024,white bread,5456
1263,07-09-2024,bananas,4732
1613,19-08-2024,root vegetables,2906
2163,27-03-2024,soda,5566
2080,21-09-2025,ice cream,143
1723,17-06-2025,frankfurter,5923
1801,27-01-2024,newspapers,5255
1809,08-06-2025,beef,3196
1138,14-09-2025,red wine,4730
1662,16-09-2025,bottled water,5316
1195,24-05-2024,bottled water,4334
1224,06-06-2024,shopping bags,5674
1491,04-05-2024,cheese,5664
1350,13-09-2025,canned beer,5269
1488,10-08-2025,crackers,3098
1291,22-10-2025,cat food,651
1149,18-12-2024,root vegetables,2938
1095,11-07-2025,whole milk,5128
1445,16-04-2025,tomato sauce,4603
1618,04-08-2025,canned beer,667
1454,03-05-2024,paper towels,3881
1489,06-04-2024,white bread,4722
1475,03-12-2025,shopping bags,3395
1780,09-12-2025,yogurt,3111
1353,11-11-2025,newspapers,3172
1795,23-03-2024,salsa,2084
1565,23-05-2025,margarine,2050
1957,05-02-2024,pastry,5944
1801,13-07-2024,frozen vegetables,3018
1456,05-08-2025,paper towels,4930
1869,17-10-2024,napkins,1345
1307,10-10-2024,canned beer,4117
1318,10-03-2024,granola,1616
1581,15-10-2025,curd,4868
1738,22-05-2024,whole milk,3981
1349,11-01-2025,newspapers,4791
1118,06-11-2024,soda,2637
1694,16-10-2024,ice cream,938
1398,23-10-2025,whole milk,822
1357,11-11-2024,frozen vegetables,949
1932,30-12-2025,  CANNED BEER,697
1003,08-07-2025,canned beer,4209
1905,07-11-2025,frankfurter,2392
1929,16-07-2024,canned beer,3010
1802,27-03-2024,sugar,3205
1625,09-01-2024,,4777
1115,02-09-2024,citrus fruit,2855
1849,21-10-2024,cat food,1022
1326,04-08-2024,citrus fruit,1587
1489,06-04-2024,bananas,4722
1352,31-01-2024,root vegetables,4707
1828,06-06-2024,root vegetables,5632
2141,19-01-2024,  MARGARINE,2500
1425,08-03-2024,jam,328
1085,29-08-2024,pasta,5888
1554,26-07-2025,margarine,1
2193,04-10-2024,white bread,4048
1146,03-07-2025,domestic eggs,2768
1117,31-10-2025,citrus fruit,1834
1368,10-09-2024,salty snack,1580
1356,25-06-2024,domestic eggs,3241
1247,17-06-2024,shopping bags,2948
1292,15-03-2025,whole milk,5751
1901,19-01-2025,salty snack,2316
2034,13-04-2025,chocolate,2918
1737,29-10-2025,frozen vegetables,330
1220,20-03-2025,whole milk,4448
1911,09-12-2025,canned beer,5560
1614,16-10-2025,,5372
1716,27-06-2024,sausage,4962
1222,16-10-2024,frankfurter,1807
1982,20-04-2024,salsa,2400
1100,11-09-2025,ground beef,1739
1864,13-03-2024,dish detergent,4591
1947,15-07-2025,bottled water,4252
1689,13-04-2024,tropical fruit,5802
2118,18-04-2024,frozen vegetables,1033
1510,30-08-2025,frankfurter,3029
1655,04-06-2024,curd,1776
1752,22-05-2024,white bread,4273
1404,01-12-2024,canned beer,2702
2006,27-03-2025,  FRANKFURTER,1537
1786,02-04-2025,canned beer,3694
1542,18-03-2025,shopping bags,420
1539,05-04-2024,margarine,1123
1297,24-12-2025,curd,2438
1905,04-07-2024,canned beer,1884
2075,21-02-2024,whole milk,3208
1702,11-07-2025,butter,145
1495,08-11-2024,rolls/buns,2792
1861,07-05-2024,cereal,2412
2024,12-05-2024,cereal,1762
1230,06-10-2024,tortillas,2870
1240,27-09-2024,white bread,804
1177,15-01-2024,granola,416
1328,04-09-2025,canned beer,817
1374,11-07-2024,curd,3478
2182,16-07-2025,citrus fruit,3537
1901,30-09-2025,newspapers,3407
1490,02-09-2024,canned beer,5282
1523,04-02-2024,frankfurter,698
1405,29-10-2024,ground beef,2604
1156,01-08-2024,pastry,3671
1539,07-01-2025,tropical fruit,5156
1718,15-09-2025,ice cream,4138
1534,20-07-2025,brown bread,3073
1416,25-04-2024,granola,5481
1563,17-05-2025,beef,2471
1213,25-02-2024,bottled water,3027
1916,18-08-2024,newspapers,4321
2174,11-11-2024,bananas,1718
1527,19-04-2025,canned beer,1215
2113,16-11-2025,citrus fruit,3331
1842,09-10-2024,pip fruit,2932
1959,30-03-2024,white bread,4667
1854,06-12-2025,onions,4754
1322,04-08-2025,canned beer,4347
1089,29-02-2024,pastry,5901
1743,18-07-2025,domestic eggs,5340
2142,17-03-2025,canned beer,5413
1353,26-11-2025,bottled water,1357
1262,14-05-2025,cat food,2452
1833,04-03-2025,root vegetables,2485
1761,04-10-2024,canned beer,4786
1660,05-04-2024,newspapers,2989
1834,07-01-2024,sausage,5215
1992,17-03-2025,canned beer,850
1161,25-01-2024,granola,4712
2056,22-08-2025,margarine,5832
2096,14-12-2024,curd,5151
1143,27-11-2024,ground beef,1385
1338,30-05-2024,canned beer,4187
1332,14-03-2024,brown bread,1707
1801,13-07-2024,canned beer,3018
1870,12-10-2024,canned beer,3076
1435,04-08-2024,salty snack,1548
2121,10-12-2024,root vegetables,2817
1941,31-03-2024,citrus fruit,4008
1992,09-04-2024,paper towels,4670
1321,05-03-2025,whole milk,1460
1963,06-02-2024,shopping bags,1382
1262,27-07-2024,margarine,2393
1978,03-01-2024,margarine,1158
1905,07-11-2025,newspapers,2411
1855,11-04-2024,citrus fruit,3757
1507,20-04-2025,whole milk,2563
1811,01-01-2024,canned beer,5090
2122,25-03-2024,pastry,3129
1077,02-04-2024,ice cream,832
1389,29-08-2024,ground beef,4620
1508,21-03-2025,newspapers,2565
1970,02-02-2024,soda,4355
1057,21-03-2024,canned beer,5994
1153,11-02-2025,soda,525
1358,05-10-2025,curd,2241
1951,31-01-2025,root vegetables,1652
1504,31-03-2024,root vegetables,1379
1507,09-11-2025,canned beer,3106
1593,05-07-2024,soda,5598
1004,25-06-2024,butter,673
1585,09-10-2025,margarine,4794
1615,18-06-2024,  KETCHUP,3866
1588,28-07-2025,onions,1336
1931,22-08-2024,soda,4902
1546,07-02-2024,citrus fruit,5283
1948,08-02-2024,root vegetables,2660
2173,30-04-2024,curd,3121
1436,01-04-2024,sausage,894
1014,21-04-2025,root vegetables,2735
1662,26-04-2025,frankfurter,4479
1273,08-06-2024,tropical fruit,4079
1313,12-01-2025,chips,989
2094,08-04-2025,yogurt,5060
1662,15-08-2025,rolls/buns,1094
1714,15-03-2024,canned beer,5579
2145,26-02-2024,jam,2110
1353,26-11-2025,newspapers,1357
1512,24-06-2025,newspapers,1070
1887,18-12-2025,chocolate,3946
1708,18-12-2025,citrus fruit,809
2182,17-12-2024,chocolate,4676
1238,29-11-2024,frankfurter,3581
1327,13-03-2024,  PIP FRUIT,5048
1382,04-03-2024,rolls/buns,3896
2195,29-07-2025,pip fruit,4771
1666,22-03-2025,chocolate,4054
1938,11-08-2024,newspapers,1905
1423,25-06-2025,citrus fruit,5175
1814,19-06-2024,parmesan,2577
1976,03-06-2025,coffee,2416
1185,02-04-2025,newspapers,3575
1410,25-01-2025,yogurt,4894
2176,20-01-2025,root vegetables,274
1125,23-06-2024,shopping bags,3350
1815,07-04-2025,canned beer,5271
1055,02-04-2025,domestic eggs,751
1234,18-03-2024,red wine,4002
2145,28-02-2024,bananas,2357
2109,17-05-2024,canned beer,1072
1077,22-07-2025,frozen vegetables,900
1025,27-06-2025,frozen vegetables,2685
1432,02-04-2024,margarine,3944
1164,05-09-2024,pip fruit,3001
1816,15-09-2024,root vegetables,2823
2158,16-08-2024,brown bread,5976
1256,23-03-2024,paper towels,2202
1356,16-08-2025,tropical fruit,851
1299,09-01-2025,granola,5381
1050,06-03-2025,root vegetables,5301
2087,21-07-2025,dish detergent,4362
1692,24-04-2025,canned beer,5877
2049,04-08-2024,newspapers,4967
1587,10-05-2025,yogurt,5595
1530,28-01-2025,citrus fruit,1833
1254,22-12-2025,whole milk,4096
1542,05-06-2025,tortillas,5924
1249,12-12-2024,white bread,4327
1946,21-06-2024,root vegetables,2389
1389,15-05-2024,onions,1870
1031,15-09-2024,ground beef,4231
1281,09-12-2024,yogurt,5251
2028,22-06-2025,margarine,2345
1872,17-07-2024,jam,3338
1329,08-09-2024,root vegetables,4016
1767,15-03-2025,root vegetables,4245
1953,25-10-2025,canned beer,3780
1797,22-03-2025,ground beef,3611
1714,15-03-2024,pastry,5579
1565,30-05-2024,root vegetables,3314
2101,11-01-2025,sugar,5305
1401,23-09-2024,canned beer,4389
1404,22-03-2025,canned beer,5732
1019,19-01-2024,soda,1952
1862,08-07-2024,root vegetables,703
1023,09-05-2025,citrus fruit,3856
1540,29-06-2025,pasta,1402
1981,20-01-2024,ice cream,1565
1195,17-01-2025,margarine,3960
1134,23-03-2025,root vegetables,2055
1253,24-05-2025,newspapers,2156
1982,04-06-2024,frankfurter,594
1971,23-12-2025,margarine,4565
1192,02-05-2024,soda,2019
1349,11-01-2025,onions,4791
1394,24-08-2025,soda,4429
2193,17-11-2024,canned beer,4201
1002,22-05-2024,soda,3415
1361,17-04-2024,canned beer,4672
1610,19-05-2025,cereal,2251
1530,23-01-2024,curd,4969
1832,30-09-2024,cheese,1475
1030,27-02-2024,shopping bags,2580
1382,21-03-2025,ground beef,2629
2055,13-11-2024,soda,4344
1003,13-04-2025,domestic eggs,5475
1354,04-07-2025,root vegetables,2748
1005,23-06-2025,tomato sauce,4872
1530,23-01-2024,jam,4969
1997,24-01-2024,shopping bags,174
1583,26-01-2024,curd,4434
1994,03-11-2024,margarine,5211
1872,21-05-2025,tortillas,5136
2038,12-01-2024,canned beer,5198
1747,19-05-2025,canned beer,5284
1678,07-09-2025,butter,1503
1699,27-08-2025,root vegetables,467
1123,21-08-2024,pip fruit,469
1728,15-12-2025,canned beer,1387
1290,19-02-2024,canned beer,5711
2092,13-12-2024,domestic eggs,3692
2019,07-08-2024,citrus fruit,4143
2074,20-05-2025,citrus fruit,13
1811,20-04-2025,beef,682
1987,22-08-2024,citrus fruit,5801
1861,07-05-2024,margarine,2412
1170,12-11-2024,bananas,4463
1318,10-03-2024,citrus fruit,1616
1112,20-07-2025,onions,1392
1632,08-12-2024,canned beer,975
1656,20-01-2025,newspapers,4606
2005,11-07-2024,newspapers,636
1018,21-08-2025,  ROOT VEGETABLES,3905
1960,27-12-2024,cat food,3540
1966,21-08-2025,newspapers,3822
1297,10-10-2024,canned beer,2784
1631,20-08-2025,newspapers,1318
1124,03-09-2024,margarine,4353
1190,23-08-2025,frozen vegetables,4459
1616,25-12-2024,white bread,3763
1802,27-03-2024,bottled water,3205
1530,28-01-2025,newspapers,1833
1783,27-08-2024,yogurt,619
2056,09-10-2024,citrus fruit,769
1769,05-11-2025,curd,2678
1351,10-11-2024,citrus fruit,4574
1867,08-11-2025,  NEWSPAPERS,2640
2067,10-12-2025,pastry,4828
1425,29-06-2025,canned beer,3583
1619,08-07-2024,salsa,5834
1600,29-11-2024,onions,4369
1697,20-03-2024,margarine,4476
1567,18-10-2024,ground beef,3849
1420,31-10-2025,frankfurter,568
1965,06-07-2025,soda,5169
2005,25-06-2024,butter,1546
1081,30-05-2024,margarine,3737
1223,09-09-2025,canned beer,2408
2088,14-01-2024,canned beer,86
1649,26-07-2024,canned beer,2582
1393,14-01-2025,ground beef,1836
1723,05-08-2025,cereal,2309
1699,14-07-2024,root vegetables,956
2103,27-11-2024,shopping bags,5730
1389,28-10-2024,canned beer,4929
1844,24-02-2024,frankfurter,3423
1750,20-03-2024,parmesan,2787
1184,06-08-2024,bottled water,1725
1671,14-10-2024,bananas,5928
1657,12-06-2024,margarine,3574
1251,17-11-2024,citrus fruit,779
1244,05-07-2025,citrus fruit,1173
1072,01-05-2024,,3796
1146,03-07-2025,sausage,2768
2065,11-08-2025,canned beer,3715
1189,03-10-2025,root vegetables,240
1151,17-08-2024,canned beer,3222
2033,24-02-2025,  RED WINE,2777
1095,02-06-2024,parmesan,3125
1511,04-08-2025,canned beer,5650
2008,11-04-2025,whole milk,522
2050,17-01-2025,bottled water,68
1235,27-05-2025,domestic eggs,5379
2179,26-06-2024,onions,2910
1212,25-10-2025,margarine,4661
1502,03-03-2025,newspapers,1831
1166,02-09-2024,newspapers,1028
2025,19-11-2024,domestic eggs,2759
1013,06-07-2025,cheese,5363
1071,06-10-2025,newspapers,380
1793,04-03-2024,hamburger meat,5419
2157,07-01-2025,dish detergent,1453
1603,21-07-2024,frankfurter,2654
1912,08-10-2025,brown bread,1495
1015,05-03-2025,pip fruit,5486
1741,08-05-2025,margarine,3609
2024,24-03-2025,soda,2663
1645,22-05-2025,frankfurter,5537
1562,20-04-2024,ground beef,327
2130,14-11-2024,pip fruit,3315
1554,08-11-2025,bottled water,4913
1337,28-06-2025,white bread,2985
1766,21-04-2024,newspapers,4592
1089,14-06-2025,cat food,301
1805,13-11-2025,frozen vegetables,5219
1561,03-12-2025,margarine,2507
2015,15-11-2024,tortillas,3699
1932,31-08-2025,curd,4508
2052,27-06-2025,frozen vegetables,5249
1476,03-04-2025,frozen vegetables,4399
1937,08-03-2025,curd,2057
2033,07-09-2024,cat food,4236
1846,21-05-2025,domestic eggs,4723
2010,05-03-2024,salty snack,5546
1523,24-02-2025,salsa,1180
2152,09-10-2025,tropical fruit,1950
1169,26-07-2025,bottled water,4147
2134,02-02-2024,canned beer,5246
2192,19-10-2024,whole milk,4074
1683,23-04-2025,root vegetables,2288
1512,21-05-2025,margarine,1874
1116,04-03-2025,shopping bags,3693
1903,09-03-2024,coffee,5423
1439,07-08-2024,canned beer,1853
1511,08-09-2025,rolls/buns,2877
1022,09-07-2025,margarine,43
1583,29-02-2024,brown bread,4657
1745,31-12-2024,margarine,4134
1787,14-08-2024,tortillas,3982
1662,16-09-2025,canned beer,5316
1072,30-09-2024,citrus fruit,916
1178,01-12-2024,domestic eggs,5144
2181,07-04-2024,beef,184
1754,13-10-2024,chips,3675
1434,20-06-2025,citrus fruit,5029
1224,06-06-2024,margarine,5674
1466,26-12-2025,curd,99
1104,23-06-2024,napkins,5849
1433,01-12-2025,frozen vegetables,5197
1565,23-05-2025,whole milk,2050
1748,06-11-2024,chocolate,4488
2042,25-04-2025,margarine,402
1279,28-03-2025,canned beer,1376
1968,26-07-2025,tomato sauce,629
2102,21-08-2025,soda,4766
1538,26-09-2025,tomato sauce,5932
1992,18-01-2024,tropical fruit,474
2051,20-01-2025,canned beer,3639
1232,12-04-2025,whole milk,846
1765,26-09-2024,soda,306
2113,16-11-2025,canned beer,3331
2020,28-05-2025,bottled water,5712
1703,08-06-2025,canned beer,1818
1982,21-11-2024,canned beer,5638
2192,15-01-2024,brown bread,575
2163,24-10-2025,canned beer,1199
1577,24-06-2024,tomato sauce,4716
1816,19-02-2025,napkins,2725
1971,21-03-2025,beef,3107
1333,21-08-2024,bottled water,5449
1859,13-01-2025,bottled water,5968
1281,01-09-2025,salsa,4198
1241,09-01-2025,canned beer,4570
1831,12-04-2024,frozen vegetables,5939
1957,05-02-2024,cat food,5944
2016,10-03-2024,whole milk,618
1536,23-12-2024,root vegetables,4342
1419,27-09-2024,canned beer,3182
1593,08-01-2025,tropical fruit,5199
1463,05-08-2024,cheese,4863
1834,11-02-2025,canned beer,384
1288,15-11-2024,chocolate,5515
2038,13-04-2024,whole milk,2714
1028,13-02-2024,white bread,1410
1289,04-08-2024,soda,4073
1273,10-08-2025,cereal,1865
1852,05-04-2025,shopping bags,2332
1209,20-04-2025,curd,5062
1284,13-05-2025,root vegetables,5459
1877,02-11-2024,sausage,501
2077,08-08-2025,root vegetables,733
1668,09-10-2024,paper towels,455
2057,27-10-2024,shopping bags,4866
1218,29-01-2024,ketchup,3502
1480,26-03-2025,frozen vegetables,1249
1375,27-08-2025,yogurt,2217
1744,26-02-2025,root vegetables,5488
1538,26-09-2025,margarine,5932
1752,09-07-2024,canned beer,5992
2159,26-11-2025,parmesan,5308
1020,11-05-2025,salty snack,596
1822,08-04-2025,onions,3911
1532,19-10-2025,sausage,919
1537,12-11-2024,frankfurter,2676
1170,30-10-2025,citrus fruit,687
1507,09-11-2025,  SALTY SNACK,3106
1089,12-03-2025,pasta,2780
1296,18-11-2025,pastry,4053
1836,06-09-2025,paper towels,4975
1903,09-07-2024,soda,181
1635,28-10-2024,hamburger meat,4567
2147,13-02-2024,jam,5532
1587,29-05-2025,  CANNED BEER,5059
1763,19-08-2025,canned beer,1615
1992,09-04-2024,cat food,4670
1831,29-11-2024,whole milk,671
1982,07-03-2024,domestic eggs,4632
1965,12-09-2024,shopping bags,2169
1297,10-10-2024,paper towels,2784
1961,04-02-2024,ground beef,1438
1567,28-02-2025,salsa,2705
1554,08-11-2025,whole milk,4913
1232,08-06-2025,paper towels,2598
2032,27-10-2024,soda,1340
1024,16-02-2025,root vegetables,321
1929,19-09-2024,margarine,597
1952,27-06-2024,canned beer,1827
1603,31-05-2024,parmesan,2737
2016,06-04-2025,  ROOT VEGETABLES,4332
2159,14-08-2024,napkins,3229
1182,30-04-2024,coffee,219
1502,26-04-2024,sausage,5867
2092,10-06-2024,newspapers,1667
1972,25-08-2024,bottled water,3305
1357,23-08-2024,newspapers,2820
1705,06-10-2025,whole milk,4521
1510,01-05-2024,pastry,550
1372,07-02-2025,granola,448
1353,26-11-2025,root vegetables,1357
1223,10-08-2025,rolls/buns,5483
1988,26-04-2025,ketchup,2881
1525,03-11-2025,margarine,1957
1141,13-03-2025,napkins,1992
1882,11-11-2024,root vegetables,2730
1089,14-06-2025,canned beer,301
1855,04-08-2025,canned beer,2935
2106,30-01-2024,whole milk,5107
1125,23-06-2024,newspapers,3350
1096,11-11-2025,pasta,2224
1177,15-01-2024,bananas,416
1463,16-02-2025,pastry,2667
1965,10-01-2025,granola,3491
1906,13-01-2024,soda,2961
2188,12-03-2025,newspapers,1258
2048,12-04-2025,newspapers,2913
1997,13-06-2024,whole milk,2752
2073,26-06-2025,chocolate,2368
1243,30-06-2024,butter,2274
2033,04-08-2025,whole milk,3278
1739,26-09-2024,frozen vegetables,1291
1969,31-07-2025,butter,5018
1857,29-02-2024,margarine,742
1835,05-02-2025,tropical fruit,2553
1636,26-11-2025,white bread,2713
1435,18-11-2025,newspapers,1014
1720,07-10-2025,red wine,1830
1064,19-03-2024,chocolate,3990
1562,25-08-2024,pasta,3538
1906,07-10-2025,sausage,2724
1030,17-12-2024,soda,5333
1988,04-07-2024,root vegetables,309
1037,02-02-2025,brown bread,255
1771,08-04-2024,  MARGARINE,985
1827,22-08-2024,citrus fruit,5569
1540,29-06-2025,tomato sauce,1402
1673,06-11-2024,tropical fruit,1479
1116,16-08-2025,citrus fruit,1654
1294,14-11-2024,granola,4807
1475,03-12-2025,canned beer,3395
1340,22-01-2025,margarine,4274
1468,30-09-2025,citrus fruit,4738
1790,28-03-2024,canned beer,1671
2171,01-11-2025,cheese,2439
1177,22-07-2024,pasta,3634
1289,20-12-2024,canned beer,5143
1714,15-03-2024,  YOGURT,5579
1079,13-10-2024,bottled water,5422
1115,21-02-2024,domestic eggs,5611
1977,10-12-2024,,3133
1474,07-06-2025,pasta,3046
1334,28-01-2025,chocolate,3513
1006,11-01-2025,butter,1891
1048,07-01-2025,newspapers,3453
1783,02-11-2024,whole milk,546
1439,26-04-2025,sausage,3008
1692,10-10-2024,whole milk,4124
2001,08-06-2024,cat food,3980
1508,21-03-2025,paper towels,2565
1990,24-01-2025,sausage,5959
1955,30-04-2025,napkins,3165
2018,12-06-2024,rolls/buns,3181
1373,16-03-2024,frankfurter,1488
1662,26-04-2025,newspapers,4479
1031,29-02-2024,chocolate,2692
1587,27-10-2025,sausage,5415
1537,21-06-2024,yogurt,4195
1566,22-01-2025,citrus fruit,1429
1646,22-01-2024,curd,1494
1618,20-08-2025,napkins,4357
1558,18-06-2025,white bread,2017
2117,22-11-2024,white bread,3447
1429,06-07-2025,paper towels,1947
2074,06-08-2025,chocolate,5967
1347,09-02-2024,newspapers,2519
1324,19-07-2025,margarine,3500
1349,02-03-2024,salty snack,2603
1499,20-09-2024,margarine,2522
1695,09-11-2025,margarine,2538
1667,19-02-2025,newspapers,4260
1373,16-03-2024,creamer,1488
1812,09-04-2024,curd,1987
1997,24-01-2024,frankfurter,174
1952,12-11-2025,curd,1781
2126,12-05-2024,margarine,2630
1381,04-06-2025,root vegetables,702
1190,23-08-2025,yogurt,4459
2064,04-09-2025,white bread,1243
2134,18-07-2025,yogurt,2136
1476,24-05-2024,coffee,4294
1031,26-12-2025,yogurt,2114
1184,07-12-2024,citrus fruit,4890
1742,18-08-2024,frankfurter,937
1071,06-10-2025,frozen vegetables,380
1126,21-02-2024,soda,2473
1673,05-11-2024,frankfurter,872
1727,28-04-2024,root vegetables,2561
2036,30-04-2025,whole milk,2805
1117,31-10-2025,newspapers,1834
2073,19-10-2025,sausage,483
1467,22-06-2024,margarine,3414
1435,20-08-2025,frankfurter,4196
1128,02-11-2024,root vegetables,5878
1914,03-05-2024,beef,2073
2088,26-08-2024,margarine,3005
1357,22-01-2024,sausage,4254
1229,11-05-2025,sausage,586
1109,24-05-2024,citrus fruit,2126
1369,25-05-2024,margarine,412
1708,19-03-2025,ketchup,1518
1452,12-09-2024,soda,587
1916,28-12-2024,canned beer,5071
1756,11-11-2025,rolls/buns,3140
1837,26-06-2024,tortillas,2895
1855,11-04-2024,root vegetables,3757
1952,14-01-2025,cereal,3151
1822,04-11-2024,pastry,1914
1367,03-05-2024,beef,2734
1850,16-06-2024,citrus fruit,4219
2125,06-08-2025,  PAPER TOWELS,5099
1724,06-03-2025,white bread,217
1086,23-09-2024,chips,2049
1163,13-05-2024,whole milk,939
1716,15-05-2025,root vegetables,4555
1569,21-01-2025,margarine,5677
2007,29-07-2024,napkins,3929
1226,09-05-2025,whole milk,3899
1893,07-10-2024,bottled water,3792
1668,22-03-2025,chocolate,2763
1657,09-12-2024,newspapers,1198
1634,03-06-2024,margarine,3353
2019,14-05-2025,canned beer,3613
1551,21-05-2025,citrus fruit,2963
1412,17-12-2025,canned beer,4023
1078,23-07-2024,salsa,1770
1290,19-02-2024,domestic eggs,5711
2179,27-05-2025,granola,1025
1500,29-04-2024,soda,337
2172,28-12-2025,margarine,253
1627,29-03-2025,domestic eggs,2633
1387,09-01-2024,frozen vegetables,1263
1138,29-12-2024,ground beef,1716
1015,10-08-2024,margarine,5576
1408,01-06-2025,cat food,1314
1865,21-01-2024,margarine,5975
1809,18-11-2025,ice cream,2068
1396,30-03-2024,canned beer,357
1953,11-11-2025,soda,1976
1513,04-05-2025,bottled water,1058
1932,31-08-2025,whole milk,4508
1193,13-05-2025,margarine,2011
2171,01-01-2025,sausage,5528
2093,16-09-2024,citrus fruit,4833
1218,29-01-2024,rolls/buns,3502
1461,13-06-2024,chocolate,5238
1242,14-11-2025,sugar,2327
1889,13-01-2025,newspapers,5231
1870,18-12-2025,citrus fruit,4352
2057,30-10-2024,tomato sauce,1400
1618,16-08-2025,chocolate,1328
1262,19-12-2024,dish detergent,5601
1942,15-07-2024,citrus fruit,5021
2108,25-09-2024,root vegetables,1365
1411,10-10-2024,root vegetables,1327
1162,03-11-2024,chocolate,4971
2053,15-09-2024,canned beer,4039
1179,17-12-2024,canned beer,5355
1299,16-11-2024,newspapers,5350
1024,18-02-2024,pastry,5629
1560,25-01-2024,rolls/buns,5524
1556,18-02-2025,onions,3457
1024,28-05-2024,salty snack,3247
1278,17-01-2024,frankfurter,686
1660,23-02-2025,ground beef,616
1222,05-04-2024,bottled water,1171
1260,16-04-2024,canned beer,168
1564,06-05-2024,curd,2822
1708,19-05-2024,canned beer,3810
1982,17-01-2025,  WHOLE MILK,2707
2073,21-03-2024,margarine,4
1729,02-03-2024,yogurt,1004
2135,23-11-2024,canned beer,5886
2162,19-06-2025,pastry,2900
1600,25-03-2025,frankfurter,2498
1536,23-12-2024,bottled water,4342
2046,27-11-2025,chips,1332
1901,30-09-2025,cat food,3407
1091,19-01-2025,margarine,4886
1017,27-02-2025,chips,1349
1123,26-05-2024,pastry,1230
1181,28-06-2024,bottled water,2716
1300,17-04-2024,canned beer,3698
1967,27-12-2025,bottled water,3631
1430,10-01-2025,domestic eggs,5666
1032,02-05-2025,bottled water,5391
1381,04-01-2025,salty snack,3093
2184,24-07-2024,root vegetables,4914
1439,26-03-2024,white bread,4812
1046,17-12-2024,margarine,2142
1140,10-06-2024,bottled water,2223
1536,13-11-2025,crackers,3682
1722,22-08-2025,whole milk,721
1740,22-07-2024,onions,706
1089,29-02-2024,domestic eggs,5901
1249,09-08-2025,citrus fruit,4711
1741,08-05-2025,  ROOT VEGETABLES,3609
2061,29-09-2024,tortillas,19
2033,03-08-2025,creamer,3409
1328,15-12-2025,yogurt,62
1761,24-01-2025,granola,2042
1247,26-10-2024,onions,5520
2024,13-02-2024,brown bread,4218
1002,19-09-2024,domestic eggs,2463
1039,06-04-2024,jam,4377
1485,23-01-2025,cat food,305
1353,16-12-2024,domestic eggs,761
1659,01-03-2024,domestic eggs,5787
1092,19-12-2025,pastry,2137
2163,27-03-2024,pastry,5566
1578,01-04-2025,salty snack,964
1351,02-08-2024,canned beer,2699
1403,23-10-2025,yogurt,3451
1150,19-09-2024,  MARGARINE,5225
1707,28-02-2024,canned beer,3085
1280,02-03-2025,rolls/buns,559
1368,17-06-2025,domestic eggs,142
1603,01-08-2025,paper towels,4405
1645,02-02-2025,white bread,5851
1851,16-08-2024,beef,3612
2062,31-03-2024,beef,4767
1316,24-04-2024,canned beer,2301
1666,22-03-2025,soda,4054
1440,28-04-2025,granola,507
1952,14-01-2025,paper towels,3151
1425,08-03-2024,newspapers,328
1296,02-08-2024,tomato sauce,2696
1607,28-04-2024,margarine,2958
1350,27-12-2024,canned beer,5516
1416,26-05-2025,sausage,5425
1885,10-01-2024,sausage,259
1202,15-10-2025,bottled water,602
1240,11-02-2025,chips,5378
1527,01-07-2025,ketchup,795
1862,13-12-2025,napkins,4076
2153,03-01-2025,root vegetables,579
1842,28-04-2025,paper towels,4923
1337,23-07-2025,canned beer,3216
1133,20-12-2025,ice cream,3920
1989,31-10-2024,coffee,1253
1936,28-03-2025,canned beer,3736
2168,11-03-2024,root vegetables,185
1262,14-05-2025,margarine,2452
2067,01-06-2024,yogurt,4059
1494,16-02-2025,canned beer,4778
1546,07-02-2024,parmesan,5283
1733,05-05-2025,pasta,4293
1432,05-07-2024,root vegetables,3797
1851,11-04-2025,canned beer,638
1593,05-07-2024,curd,5598
1211,22-12-2025,creamer,3794
1769,05-11-2025,canned beer,2678
1393,21-01-2025,chocolate,5864
1731,20-08-2024,pastry,4307
2155,24-08-2025,dish detergent,2373
1390,01-07-2024,root vegetables,5013
1565,25-03-2024,root vegetables,2952
1158,26-07-2024,cereal,3198
1938,11-08-2024,white bread,1905
1394,09-09-2024,margarine,1854
1954,03-10-2024,white bread,77
1161,27-10-2025,newspapers,1049
1116,04-03-2024,root vegetables,5657
2105,14-02-2024,tropical fruit,3082
1720,14-02-2024,chocolate,488
1279,11-08-2024,canned beer,3930
1910,06-03-2025,canned beer,3256
1903,11-10-2024,bottled water,5803
2106,26-03-2024,frozen vegetables,2201
1887,18-12-2025,white bread,3946
1009,12-06-2024,citrus fruit,3515
1847,05-01-2024,hamburger meat,723
1109,07-10-2024,napkins,3908
1562,17-01-2024,soda,5835
1398,04-10-2025,root vegetables,1397
1405,06-10-2025,bottled water,2719
1750,20-03-2024,brown bread,2787
1405,06-10-2025,butter,2719
1015,09-05-2025,white bread,3723
1518,30-11-2025,cat food,5375
1561,03-12-2025,,2507
2142,17-08-2024,bananas,1888
1875,08-07-2025,creamer,4822
2080,20-02-2025,pip fruit,1069
1062,26-12-2025,cereal,4544
1614,16-10-2025,root vegetables,5372
1564,03-06-2024,whole milk,3281
1875,13-06-2024,canned beer,4891
1466,13-02-2025,citrus fruit,17
1468,30-09-2025,curd,4738
1115,20-12-2025,bottled water,5572
1657,09-12-2024,domestic eggs,1198
1955,28-02-2025,margarine,757
1170,18-12-2025,paper towels,269
1792,14-07-2025,salsa,3167
2073,21-03-2024,frankfurter,4
1096,11-11-2025,margarine,2224
1196,31-08-2024,tomato sauce,533
1161,13-06-2024,pasta,5921
1216,02-07-2024,beef,2642
1782,23-12-2025,frankfurter,773
1173,18-04-2025,sausage,4989
1238,31-10-2024,  ROOT VEGETABLES,4968
2071,05-11-2024,pip fruit,4724
1285,20-05-2024,pastry,426
2070,16-07-2025,root vegetables,3253
1994,29-12-2025,canned beer,1502
1383,04-03-2025,ice cream,509
2147,05-11-2025,coffee,681
2157,16-09-2024,newspapers,3244
2068,03-03-2025,salsa,5011
2005,10-11-2025,pastry,1245
1085,13-03-2025,crackers,1703
1898,09-12-2024,frozen vegetables,5620
1189,25-09-2024,butter,4032
2097,02-10-2025,bottled water,1857
1743,18-07-2025,chocolate,5340
1357,22-01-2024,ground beef,4254
1450,09-09-2025,chocolate,3442
1009,26-09-2024,brown bread,2897
1515,21-07-2025,red wine,2141
1767,03-12-2024,dish detergent,4674
1243,22-01-2024,frankfurter,1610
1247,14-08-2024,whole milk,1919
1837,17-11-2024,root vegetables,2336
1515,20-01-2024,citrus fruit,4976
2170,06-02-2025,frozen vegetables,5374
1614,17-10-2024,root vegetables,1693
2085,10-01-2024,pip fruit,3183
1634,03-06-2024,white bread,3353
2159,02-02-2024,root vegetables,2101
2011,17-03-2025,onions,1308
1113,04-11-2024,canned beer,3599
1783,02-11-2024,margarine,546
1997,10-06-2025,whole milk,4604
1896,03-06-2025,newspapers,12
1513,04-05-2025,rolls/buns,1058
2125,06-08-2025,  CURD,5099
1024,18-02-2024,granola,5629
1531,04-06-2025,margarine,2904
1085,24-01-2025,curd,3952
1736,05-10-2024,bottled water,3177
1163,17-03-2025,whole milk,4645
1525,23-09-2025,yogurt,1995
1277,30-04-2025,whole milk,517
2143,03-04-2024,frozen vegetables,3246
2156,23-06-2025,canned beer,3798
1349,01-10-2025,ketchup,5146
1225,18-05-2025,newspapers,4200
1236,05-09-2025,pastry,3604
1709,24-08-2024,canned beer,3565
1331,28-11-2024,frozen vegetables,4898
2182,10-03-2024,rolls/buns,5371
1937,08-03-2025,root vegetables,2057
1308,20-05-2024,frozen vegetables,4581
1885,10-01-2024,newspapers,259
1508,04-12-2025,margarine,1118
2036,14-07-2024,margarine,4499
1006,06-07-2024,margarine,3887
1768,30-11-2024,white bread,4763
1466,05-11-2025,bottled water,974
1997,10-06-2025,pip fruit,4604
2162,09-11-2024,margarine,4733
1840,24-06-2025,ice cream,261
1681,09-05-2024,jam,2965
1635,02-06-2024,  FROZEN VEGETABLES,4801
1424,27-04-2025,margarine,516
1027,07-04-2025,brown bread,3871
1927,31-12-2024,margarine,154
1298,28-07-2025,chocolate,2089
1049,04-08-2024,frankfurter,1526
1872,22-09-2025,brown bread,3164
2192,07-08-2024,red wine,2551
1948,02-12-2024,parmesan,2378
1161,29-02-2024,napkins,3137
1829,08-08-2025,canned beer,861
1153,25-10-2024,onions,1719
1422,23-09-2025,creamer,1268
2048,08-02-2024,citrus fruit,3171
1809,22-11-2025,margarine,4855
1190,23-04-2024,crackers,1883
1073,17-12-2024,cat food,3740
1803,05-12-2025,white bread,4189
1185,28-11-2025,canned beer,3471
1997,24-01-2024,canned beer,174
1148,24-12-2024,domestic eggs,3162
1807,28-02-2025,canned beer,749
1684,23-09-2025,newspapers,2658
1436,21-06-2025,bottled water,2212
1293,11-07-2024,frankfurter,2601
1664,09-07-2024,dish detergent,640
1081,15-11-2025,granola,1577
1985,28-08-2025,dish detergent,2888
2130,14-04-2025,newspapers,1436
1260,29-04-2025,canned beer,3218
2101,30-08-2025,margarine,1750
1122,18-01-2024,canned beer,4879
1339,30-01-2024,tortillas,4397
1299,21-11-2024,beef,2481
2091,14-07-2025,shopping bags,138
2051,15-05-2025,margarine,1251
1301,26-11-2025,margarine,1541
2037,24-04-2024,canned beer,4440
2095,28-07-2024,bananas,2718
1166,29-04-2025,cheese,5085
2131,13-10-2024,beef,317
1281,25-08-2024,whole milk,5698
1299,08-09-2025,margarine,3489
1574,20-11-2024,frankfurter,4947
1280,21-09-2025,root vegetables,5009
2180,16-10-2025,ice cream,2088
1218,09-05-2024,margarine,64
1053,07-03-2025,canned beer,15
1615,03-02-2025,salsa,535
1184,20-04-2024,whole milk,85
2075,07-01-2024,salsa,3456
2001,27-11-2024,root vegetables,5080
1976,14-11-2025,onions,2911
2180,03-08-2025,cheese,2668
1622,14-10-2025,canned beer,750
1440,02-08-2025,newspapers,5054
2107,28-08-2024,chocolate,1095
1130,13-08-2025,sausage,5692
1752,14-11-2024,rolls/buns,1860
1498,18-09-2025,newspapers,4553
1142,16-04-2024,root vegetables,4223
2087,04-03-2024,frankfurter,2474
1436,01-04-2024,ground beef,894
1775,23-09-2024,curd,1829
1334,05-05-2025,whole milk,797
1086,23-04-2025,sausage,232
1756,11-11-2025,diapers,3140
1762,16-05-2024,yogurt,2271
1060,10-10-2024,whole milk,1441
2015,10-08-2024,chocolate,1920
1623,27-08-2024,pastry,2139
1448,12-02-2024,margarine,940
1213,10-04-2025,curd,1954
1914,11-01-2024,root vegetables,5275
2060,31-05-2024,butter,1528
1814,03-09-2024,canned beer,48
1240,18-08-2025,curd,4456
2167,13-11-2025,root vegetables,4775
2140,21-11-2024,sausage,3771
1872,25-08-2025,frankfurter,5132
2065,13-06-2024,white bread,3781
1296,06-07-2024,whole milk,1197
1718,07-07-2024,salsa,192
1750,22-03-2024,tortillas,4564
2016,10-03-2024,root vegetables,618
2102,21-08-2025,newspapers,4766
1663,14-04-2024,canned beer,383
1558,29-07-2024,tomato sauce,4029
1150,19-12-2024,yogurt,2741
2138,19-07-2024,canned beer,5855
1329,07-11-2025,whole milk,3813
1227,05-11-2024,napkins,4613
1065,17-10-2024,pip fruit,5448
1850,16-04-2024,white bread,4186
2173,20-10-2025,ground beef,5194
1589,17-01-2024,citrus fruit,3075
1177,05-03-2024,whole milk,772
1767,01-04-2024,root vegetables,1855
1236,16-03-2025,soda,1257
1345,08-11-2025,red wine,1355
1812,24-05-2024,napkins,4714
1615,18-06-2024,pastry,3866
1169,28-11-2024,beef,1840
1041,29-03-2024,cheese,905
1445,20-03-2024,salsa,5484
1024,01-03-2025,citrus fruit,1262
2098,15-11-2025,ground beef,5949
1797,14-01-2024,newspapers,3430
1675,12-03-2025,pastry,2119
1463,15-09-2025,canned beer,792
2020,09-12-2024,tropical fruit,3263
2181,28-10-2024,hamburger meat,381
2088,21-08-2025,margarine,5593
1759,07-09-2025,curd,4049
2186,28-01-2024,cereal,4527
1564,12-02-2025,chocolate,179
2191,19-08-2024,citrus fruit,5798
2117,29-11-2025,diapers,1605
2141,01-04-2025,onions,477
2194,29-11-2024,frankfurter,1286
1218,09-05-2024,white bread,64
1811,27-01-2025,canned beer,3913
1928,08-04-2025,ground beef,5725
1137,26-07-2025,salsa,802
1548,15-02-2024,ice cream,4693
1472,19-01-2024,sausage,4150
2155,05-04-2025,cereal,2631
1635,02-06-2024,beef,4801
1939,21-12-2025,white bread,1191
1840,24-06-2025,newspapers,261
1183,06-01-2025,chocolate,1299
1400,24-12-2024,curd,4635
1160,03-11-2024,frozen vegetables,4984
1599,16-02-2025,cat food,2656
1649,09-05-2025,beef,4036
2118,24-06-2025,curd,840
1440,21-09-2025,newspapers,5744
2176,20-01-2025,creamer,274
1269,13-12-2024,salsa,2221
2108,25-09-2024,cat food,1365
2111,16-09-2025,frozen vegetables,5538
1966,09-02-2024,rolls/buns,5067
1468,07-06-2024,pastry,5965
1431,19-09-2024,tropical fruit,1006
1187,23-02-2024,root vegetables,3638
1882,11-11-2024,white bread,2730
1609,09-04-2024,frankfurter,4562
2033,03-08-2025,whole milk,3409
1070,27-09-2024,margarine,5443
2091,14-09-2025,dish detergent,945
2050,18-05-2025,diapers,607
1022,10-12-2024,canned beer,1946
2008,06-03-2025,frankfurter,5793
1372,07-02-2025,bananas,448
1491,11-02-2025,whole milk,3987
1556,27-03-2024,bottled water,284
1004,25-06-2024,canned beer,673
1854,29-07-2024,dish detergent,5727
1410,24-10-2025,soda,5402
1006,25-09-2024,canned beer,2892
2167,14-06-2025,granola,5352
1772,09-04-2024,pasta,5870
1160,18-01-2025,newspapers,4046
1023,20-03-2024,margarine,2302
1464,17-05-2024,sausage,3334
1268,11-05-2024,frankfurter,5847
1271,13-05-2024,sausage,4148
1099,12-11-2024,bottled water,5226
2049,07-08-2025,rolls/buns,1985
1164,01-06-2025,curd,5823
1678,23-03-2025,frankfurter,5858
1406,09-05-2024,newspapers,553
1022,09-07-2025,canned beer,43
1934,17-10-2025,onions,2161
1142,16-04-2024,canned beer,4223
1088,08-04-2025,salsa,1135
1897,07-11-2024,canned beer,2953
1258,19-01-2025,canned beer,2151
1675,04-10-2024,newspapers,5956
1079,13-10-2024,brown bread,5422
1006,11-09-2025,canned beer,4526
1956,02-03-2024,root vegetables,3571
2037,21-06-2025,white bread,4842
1312,10-04-2025,paper towels,3110
1733,19-07-2025,shopping bags,3601
2008,01-12-2025,canned beer,3644
2086,30-10-2025,shopping bags,2058
2154,26-05-2024,salsa,1165
1494,16-02-2025,pip fruit,4778
1571,14-01-2025,margarine,3945
1635,14-09-2024,  FRANKFURTER,4291
1932,30-12-2025,citrus fruit,697
1318,08-11-2025,white bread,304
1883,13-09-2025,chocolate,3818
1389,29-08-2024,pip fruit,4620
2065,13-06-2024,margarine,3781
1687,26-08-2025,frankfurter,3117
1669,09-08-2025,napkins,5910
1004,16-04-2025,newspapers,3512
1990,07-08-2024,canned beer,58
1854,21-05-2025,white bread,3854
1563,06-04-2025,canned beer,5523
2053,04-06-2024,yogurt,5814
2157,07-08-2025,shopping bags,2703
1390,26-04-2025,chips,2524
1311,05-01-2025,newspapers,3455
1489,04-01-2025,margarine,4881
2073,26-06-2025,pip fruit,2368
1644,10-03-2024,canned beer,1209
2101,30-08-2025,napkins,1750
1256,28-10-2024,newspapers,567
1347,09-02-2024,dish detergent,2519
2098,07-08-2025,brown bread,3279
1302,16-09-2024,canned beer,4011
1610,07-01-2024,bananas,1678
1036,26-06-2025,granola,5037
2119,05-12-2024,root vegetables,4858
1798,24-09-2024,yogurt,963
1171,23-05-2024,whole milk,438
1654,19-05-2025,sausage,2287
1265,06-12-2025,pip fruit,4119
1405,18-02-2025,pasta,3464
1723,20-08-2024,chips,5958
1901,07-05-2024,margarine,879
1942,24-05-2024,ground beef,2886
1278,19-07-2025,tropical fruit,4371
1618,16-08-2025,root vegetables,1328
1249,09-08-2025,bottled water,4711
1819,24-12-2025,chocolate,3998
1251,11-06-2024,root vegetables,4242
1782,28-11-2025,  NEWSPAPERS,3100
1057,24-07-2024,margarine,2365
1320,20-03-2024,margarine,5041
2034,29-05-2025,frankfurter,4013
1072,30-09-2024,white bread,916
1444,04-10-2024,bottled water,4249
1393,14-01-2025,cheese,1836
1563,02-04-2025,margarine,752
1421,03-12-2024,canned beer,693
1152,17-06-2024,soda,5706
2170,06-02-2025,frankfurter,5374
2071,09-07-2024,newspapers,4609
1093,28-04-2025,napkins,195
1280,03-03-2024,margarine,571
1569,17-08-2025,pip fruit,2874
1292,13-06-2024,tropical fruit,5688
1913,30-08-2024,tomato sauce,1384
1711,13-04-2024,chips,57
1943,11-10-2024,newspapers,1048
1888,17-10-2024,root vegetables,921
1280,02-03-2024,canned beer,3808
1653,09-03-2025,cereal,244
1330,19-11-2025,root vegetables,2216
1941,30-10-2025,chips,1515
1299,21-11-2024,onions,2481
1326,08-04-2024,tropical fruit,3743
1794,25-04-2024,canned beer,117
2151,11-05-2025,citrus fruit,2015
2044,31-12-2024,citrus fruit,3681
1702,05-09-2025,chocolate,2257
1869,31-05-2025,newspapers,141
2098,15-10-2025,frankfurter,3820
1366,19-07-2025,canned beer,4589
1167,03-02-2025,canned beer,993
1814,01-07-2024,frankfurter,2215
1258,04-12-2025,parmesan,1769
1390,08-03-2025,dish detergent,4532
1229,03-04-2024,dish detergent,5259
1017,11-07-2024,tortillas,1558
2065,09-12-2024,whole milk,3914
1993,20-06-2024,napkins,5738
1979,25-02-2025,tortillas,2863
2158,14-12-2025,rolls/buns,656
1559,20-12-2024,newspapers,1544
2110,28-10-2024,bottled water,5908
1992,18-01-2024,frozen vegetables,474
1667,05-12-2024,pasta,4701
1288,11-04-2025,whole milk,3441
1086,23-09-2024,bottled water,2049
1433,01-12-2025,canned beer,5197
1460,19-04-2025,pastry,5017
2067,10-12-2025,citrus fruit,4828
1819,12-07-2025,whole milk,5506
1331,27-05-2024,curd,1517
1194,03-12-2025,bottled water,1183
1161,27-10-2025,cat food,1049
1236,20-06-2024,  ROOT VEGETABLES,1531
1616,22-07-2024,ice cream,5417
1291,05-07-2024,curd,4251
1473,01-02-2025,root vegetables,1371
1346,18-06-2025,newspapers,352
2016,10-03-2024,pastry,618
1365,16-02-2024,bottled water,2717
1684,03-01-2024,sausage,3840
1368,12-07-2025,frozen vegetables,2592
1910,04-05-2024,canned beer,1640
1654,24-08-2024,white bread,2157
1909,11-01-2025,canned beer,5186
1979,25-02-2025,pastry,2863
1987,21-11-2025,white bread,1089
1449,24-03-2025,beef,5653
1867,29-01-2024,butter,4473
1951,21-07-2024,canned beer,5135
1793,04-03-2024,canned beer,5419
1714,15-05-2024,dish detergent,5648
1983,08-08-2025,  WHITE BREAD,5789
1684,23-09-2025,white bread,2658
2163,24-10-2025,cereal,1199
1137,20-11-2024,onions,210
1875,08-07-2025,margarine,4822
1066,20-08-2025,whole milk,2242
1351,10-08-2024,salty snack,3760
2059,06-07-2024,frankfurter,1690
1974,09-12-2025,bottled water,4651
1460,19-04-2025,soda,5017
1872,23-07-2025,tropical fruit,765
1823,21-06-2025,sugar,4341
2051,02-11-2025,cereal,538
1097,20-10-2025,parmesan,970
1207,25-09-2025,pip fruit,177
1950,04-07-2024,soda,3403
1362,13-09-2025,margarine,3089
1841,19-02-2025,bottled water,5306
2193,26-08-2025,  FROZEN VEGETABLES,2009
1664,12-08-2024,root vegetables,83
1013,06-07-2025,rolls/buns,5363
1236,28-12-2025,  ROOT VEGETABLES,3587
1813,31-03-2025,margarine,5754
1718,08-11-2024,newspapers,1989
1284,11-08-2025,newspapers,2503
1199,18-10-2025,rolls/buns,2478
1526,08-07-2024,canned beer,4647
1510,01-05-2024,root vegetables,550
1862,08-07-2024,jam,703
2115,19-03-2025,brown bread,854
2016,06-04-2025,tomato sauce,4332
1676,03-04-2025,salty snack,109
2068,08-07-2024,frozen vegetables,2405
1154,01-03-2024,paper towels,3508
1829,18-04-2025,tropical fruit,1822
1755,27-10-2025,newspapers,834
1919,21-08-2024,onions,5050
1107,28-03-2025,newspapers,199
1954,05-01-2024,jam,969
1073,17-12-2024,soda,3740
1833,17-03-2025,whole milk,5684
1741,11-07-2025,napkins,3859
1613,02-01-2025,shopping bags,204
1666,01-05-2024,frankfurter,2237
1814,29-08-2024,creamer,4492
1526,09-03-2024,canned beer,5020
1167,19-08-2025,citrus fruit,3647
1438,16-11-2025,yogurt,289
2075,21-02-2024,canned beer,3208
1662,31-07-2025,canned beer,3830
1536,23-12-2024,citrus fruit,4342
1071,27-01-2025,canned beer,2585
1249,12-12-2024,tropical fruit,4327
1258,11-05-2024,whole milk,2566
1106,22-03-2025,cat food,3814
1273,08-06-2024,chips,4079
2096,14-12-2024,tropical fruit,5151
1092,19-12-2025,root vegetables,2137
1945,21-09-2025,ground beef,4018
1320,26-10-2024,frankfurter,4933
1228,07-04-2024,rolls/buns,1126
1801,14-12-2025,ground beef,2928
1460,03-11-2025,bottled water,5815
1919,21-08-2024,root vegetables,5050
1663,21-06-2024,canned beer,2022
1806,24-12-2024,pip fruit,1483
2012,06-10-2025,brown bread,1800
1976,28-05-2025,canned beer,482
1639,17-02-2024,newspapers,2502
2001,27-11-2024,bottled water,5080
1669,06-01-2024,parmesan,2052
1756,06-05-2024,canned beer,1471
2138,15-06-2025,dish detergent,4718
2105,16-11-2024,chocolate,3514
1568,14-08-2025,citrus fruit,2992
1460,23-09-2024,shopping bags,4192
2166,30-12-2025,citrus fruit,1926
2158,29-06-2024,citrus fruit,3385
1188,18-08-2025,yogurt,2396
1255,10-12-2025,curd,3951
1883,13-09-2025,soda,3818
1401,21-06-2025,canned beer,1063
1190,19-03-2025,bottled water,2626
1714,09-12-2024,whole milk,898
2001,12-10-2025,frankfurter,4883
2074,16-10-2024,white bread,3419
1836,23-12-2025,domestic eggs,3661
1218,30-06-2024,soda,213
1860,27-02-2024,canned beer,708
1277,07-04-2025,root vegetables,5025
1347,05-10-2025,chocolate,2079
1712,06-03-2024,sausage,2125
1021,20-10-2025,chocolate,252
1916,13-02-2025,canned beer,3848
1308,25-08-2024,frozen vegetables,4593
1369,27-04-2025,citrus fruit,2839
1752,07-11-2024,bottled water,3418
1320,26-10-2024,napkins,4933
2153,17-08-2024,dish detergent,56
1333,18-01-2025,tropical fruit,648
1301,18-07-2024,canned beer,521
1264,19-12-2025,citrus fruit,3918
1233,30-12-2024,chocolate,227
1374,09-06-2025,root vegetables,4583
1083,03-06-2024,ice cream,5168
1126,15-04-2024,root vegetables,869
2016,06-04-2025,pasta,4332
1982,07-03-2024,cat food,4632
1007,05-12-2024,  CURD,3718
1526,24-02-2024,canned beer,2145
1942,11-08-2025,bottled water,5004
1766,22-03-2024,napkins,4585
1812,09-04-2024,yogurt,1987
1250,25-10-2025,white bread,3049
1096,07-07-2024,frozen vegetables,1347
1350,15-12-2024,pastry,5347
1505,08-01-2024,citrus fruit,4360
1149,14-04-2025,cat food,471
1833,12-05-2024,canned beer,4014
1888,05-11-2024,canned beer,548
1369,31-01-2024,crackers,4752
1731,01-09-2025,frankfurter,4721
1803,26-08-2025,newspapers,3970
1614,17-06-2024,napkins,2606
1645,01-05-2025,whole milk,3118
1317,04-10-2025,canned beer,833
1795,31-07-2025,root vegetables,4580
1029,20-08-2025,root vegetables,554
2034,29-05-2025,root vegetables,4013
1779,15-03-2025,paper towels,1151
2012,06-10-2025,creamer,1800
1471,30-08-2024,margarine,3624
1306,07-10-2025,root vegetables,676
2058,22-09-2025,sausage,3335
1403,28-03-2025,yogurt,1238
1110,23-01-2025,canned beer,4713
2118,08-11-2025,yogurt,1892
1036,26-06-2025,bananas,5037
1032,14-01-2025,tortillas,5728
2009,30-09-2024,ice cream,4629
1439,01-07-2025,whole milk,4152
1462,06-01-2024,canned beer,2410
1548,15-02-2024,canned beer,4693
2078,08-02-2025,bottled water,3108
1152,06-10-2025,white bread,1753
2053,15-09-2024,curd,4039
1089,29-02-2024,canned beer,5901
1164,13-08-2024,cat food,4961
1889,26-08-2024,bottled water,4787
1060,24-06-2025,newspapers,4560
1156,22-10-2024,citrus fruit,2546
1340,22-01-2025,whole milk,4274
1415,01-10-2025,pastry,2094
1455,14-09-2024,canned beer,902
1989,01-12-2024,canned beer,3037
2074,20-05-2025,bottled water,13
2180,01-07-2025,domestic eggs,4867
2048,08-02-2024,canned beer,3171
1281,09-12-2024,  CANNED BEER,5251
1389,30-06-2025,tropical fruit,738
1307,17-06-2025,canned beer,2584
1576,24-11-2025,bananas,1008
1429,12-11-2025,coffee,3836
1823,21-06-2025,pip fruit,4341
1060,12-01-2025,newspapers,600
2171,09-12-2025,chocolate,5551
1512,22-04-2025,chocolate,1752
1232,30-08-2024,salty snack,5343
2062,24-12-2025,granola,3947
1560,25-01-2024,newspapers,5524
1980,29-04-2024,brown bread,710
1684,23-09-2025,soda,2658
1840,12-03-2025,newspapers,1774
1998,24-10-2024,margarine,4932
1264,23-12-2025,hamburger meat,2893
1904,17-06-2025,citrus fruit,3732
2181,28-10-2024,domestic eggs,381
1683,06-09-2025,  MARGARINE,4259
1390,28-11-2024,domestic eggs,4758
1669,07-05-2025,creamer,1174
1359,17-02-2024,canned beer,906
2062,30-06-2024,pip fruit,3422
1387,15-10-2025,canned beer,2188
1439,01-07-2025,canned beer,4152
2159,02-02-2024,sausage,2101
1149,09-08-2025,hamburger meat,2146
1130,13-08-2025,tortillas,5692
1025,27-06-2025,margarine,2685
1933,30-07-2024,frankfurter,3420
2179,30-05-2024,tropical fruit,4964
1463,16-02-2025,root vegetables,2667
1515,14-02-2024,parmesan,4646
1127,08-02-2024,pastry,2534
1221,12-03-2025,chocolate,422
1885,18-03-2025,paper towels,4860
1440,11-07-2025,root vegetables,2203
1349,01-01-2025,newspapers,1817
1140,31-10-2025,margarine,1583
1273,26-04-2024,bottled water,4110
1614,14-11-2024,sausage,2375
1538,26-09-2025,pasta,5932
1375,22-09-2024,domestic eggs,2371
2093,16-09-2024,root vegetables,4833
1971,26-04-2025,chocolate,302
2044,04-10-2025,canned beer,39
1887,08-04-2024,whole milk,3943
2043,06-04-2025,chocolate,3257
1568,26-09-2025,canned beer,4605
1496,04-10-2025,soda,1805
2079,12-11-2025,rolls/buns,4624
1468,30-09-2025,bottled water,4738
1133,15-05-2024,pasta,2012
1004,25-06-2024,jam,673
1475,03-12-2025,margarine,3395
1479,09-08-2024,bottled water,684
1709,26-12-2025,frankfurter,2424
2032,21-09-2025,sausage,1900
1112,11-09-2025,bottled water,73
2129,18-04-2024,root vegetables,5662
2173,10-06-2024,canned beer,3416
2172,15-05-2024,granola,3721
1817,06-07-2024,napkins,1959
1301,29-05-2025,domestic eggs,1698
2190,27-07-2025,canned beer,4799
1234,10-04-2024,pip fruit,2453
1151,20-08-2025,tropical fruit,2085
1200,30-09-2025,bottled water,2016
1073,17-09-2024,tomato sauce,639
1080,09-04-2024,parmesan,3204
1547,10-07-2025,frozen vegetables,3594
1606,09-11-2024,frozen vegetables,4566
1488,06-03-2024,napkins,5332
1310,28-09-2025,dish detergent,4846
2163,11-04-2024,cat food,1297
2034,13-04-2025,rolls/buns,2918
1203,01-10-2024,pastry,2819
2171,02-08-2025,curd,3396
1782,23-12-2025,canned beer,773
2015,07-11-2024,rolls/buns,267
1343,04-02-2025,frankfurter,3376
1875,13-06-2024,margarine,4891
2073,19-10-2025,chocolate,483
2133,18-11-2025,curd,4837
2196,29-08-2025,canned beer,2686
1093,08-03-2024,beef,1598
1465,23-09-2025,beef,5453
1036,08-11-2024,white bread,1951
2179,21-12-2024,paper towels,3955
1220,17-12-2025,salsa,5816
1755,03-01-2024,pastry,1102
1830,09-11-2025,sugar,4952
1089,04-01-2024,chocolate,4026
1030,02-07-2025,canned beer,4380
1932,12-11-2024,,2462
1170,18-12-2025,newspapers,269
1924,03-08-2024,bottled water,1798
1300,20-01-2024,citrus fruit,4430
1534,20-07-2025,margarine,3073
2063,04-02-2024,onions,4493
1529,04-07-2025,newspapers,245
1671,08-04-2025,bottled water,5892
1072,30-01-2024,salsa,4441
1202,17-09-2025,napkins,1325
2019,12-07-2024,napkins,5804
2015,07-07-2024,margarine,3533
2063,31-10-2025,sausage,5933
1723,05-08-2025,margarine,2309
1929,01-01-2024,canned beer,3136
2082,02-06-2024,brown bread,1052
2061,01-10-2024,curd,2390
1491,13-03-2024,shopping bags,2218
1833,17-06-2024,canned beer,1564
1299,20-04-2024,chocolate,3535
1747,21-08-2025,whole milk,1511
1449,24-03-2025,canned beer,5653
1279,28-03-2025,bottled water,1376
1729,15-10-2025,chocolate,5828
1814,19-01-2024,canned beer,2086
1359,04-11-2025,yogurt,2824
1621,07-01-2024,canned beer,1247
1030,07-11-2025,whole milk,42
1613,19-07-2025,frozen vegetables,4318
1967,02-01-2025,domestic eggs,2025
2153,02-03-2024,canned beer,1566
1142,28-05-2025,salsa,1222
1099,24-12-2024,domestic eggs,3678
2106,26-03-2024,citrus fruit,2201
1916,09-02-2024,newspapers,228
1474,18-07-2025,canned beer,1782
1155,02-08-2024,domestic eggs,3084
1859,22-05-2024,frankfurter,1745
1891,09-08-2024,jam,3617
2104,01-02-2024,canned beer,1841
1782,24-02-2025,sugar,3115
1971,16-07-2024,whole milk,4950
1523,04-02-2025,root vegetables,479
1251,09-05-2024,chocolate,1486
1133,12-08-2025,root vegetables,3481
1739,09-06-2025,jam,2977
1569,21-01-2025,root vegetables,5677
1005,29-04-2025,diapers,363
1096,17-07-2024,tomato sauce,4331
2068,24-08-2025,canned beer,5505
1309,25-02-2024,pasta,5768
2171,22-10-2025,bottled water,3408
1994,20-01-2024,salsa,641
1043,17-07-2025,tropical fruit,3365
1622,29-02-2024,rolls/buns,166
1220,29-08-2025,pasta,4757
2181,31-05-2025,yogurt,2031
1419,02-10-2024,citrus fruit,2248
2082,02-06-2024,margarine,1052
1143,21-04-2025,sugar,34
1179,19-11-2025,root vegetables,3720
1899,15-04-2025,canned beer,2413
1465,15-07-2025,canned beer,2205
1803,05-06-2024,frankfurter,5935
2159,12-04-2024,margarine,5542
2194,06-07-2024,canned beer,5695
1081,15-11-2025,pasta,1577
1194,13-12-2024,  CEREAL,5280
1050,21-05-2024,chips,4330
1850,16-06-2024,frankfurter,4219
1983,08-08-2025,cereal,5789
1387,09-01-2024,chocolate,1263
1484,23-02-2024,root vegetables,2635
1418,21-09-2025,cereal,5227
1511,16-07-2025,shopping bags,403
2012,12-09-2025,root vegetables,1012
1491,04-05-2024,red wine,5664
1958,06-09-2024,whole milk,505
1008,05-02-2024,bananas,4999
1206,15-09-2024,white bread,2864
2092,13-12-2024,rolls/buns,3692
1429,08-10-2024,domestic eggs,1181
1663,29-09-2024,citrus fruit,4157
2152,04-07-2024,newspapers,2308
2021,22-05-2025,pastry,3541
1667,19-02-2025,napkins,4260
2063,31-10-2025,domestic eggs,5933
1973,16-01-2024,ketchup,3823
1884,03-05-2025,domestic eggs,1786
1979,22-08-2024,napkins,1133
1810,01-04-2024,curd,3448
2012,16-09-2024,root vegetables,348
1546,07-02-2024,pasta,5283
1092,19-12-2025,beef,2137
1925,31-01-2025,chips,2444
1115,21-02-2024,sugar,5611
1095,02-06-2024,red wine,3125
1916,28-02-2024,whole milk,2905
1993,28-01-2024,citrus fruit,5267
1299,10-05-2025,domestic eggs,4460
2125,04-05-2025,root vegetables,5376
1109,24-05-2024,pastry,2126
1897,07-05-2024,dish detergent,1902
1959,31-05-2025,chips,899
1147,07-06-2024,shopping bags,5871
1355,18-01-2024,sausage,1647
1994,29-12-2025,jam,1502
1612,16-04-2025,newspapers,4856
1820,28-04-2025,parmesan,1949
1498,18-09-2025,root vegetables,4553
1727,03-12-2024,tortillas,1748
2097,20-12-2024,margarine,22
1362,13-09-2025,root vegetables,3089
1321,15-01-2025,canned beer,3479
1286,18-11-2025,curd,967
1512,09-03-2024,paper towels,3243
1039,06-04-2024,butter,4377
1305,25-06-2024,tropical fruit,1427
2024,12-05-2024,canned beer,1762
1429,24-08-2025,rolls/buns,1050
1123,22-06-2024,root vegetables,3301
1260,16-04-2024,whole milk,168
1976,01-08-2025,white bread,3973
1290,20-07-2024,curd,691
1483,24-07-2024,pastry,2956
1465,15-09-2024,domestic eggs,2281
1815,31-10-2025,onions,1184
2020,09-12-2024,frozen vegetables,3263
1406,22-05-2024,whole milk,1437
1939,16-09-2024,root vegetables,418
1624,15-03-2024,newspapers,5289
1358,27-06-2024,citrus fruit,3445
1062,27-01-2024,root vegetables,552
1043,17-07-2025,white bread,3365
1034,30-07-2025,tropical fruit,2046
1164,29-07-2025,root vegetables,1313
1284,16-05-2025,whole milk,4765
1859,29-06-2025,margarine,1272
2066,08-02-2024,frankfurter,3199
1375,14-08-2025,canned beer,2962
1202,27-03-2025,sugar,4092
1297,24-12-2025,citrus fruit,2438
1692,21-05-2025,  CAT FOOD,2163
2033,25-11-2024,margarine,725
1179,17-12-2024,dish detergent,5355
1293,06-08-2024,sausage,4191
2158,16-08-2024,canned beer,5976
1684,08-10-2025,canned beer,175
1195,29-11-2025,margarine,709
1868,22-08-2024,canned beer,326
1828,02-06-2024,margarine,1819
2112,03-05-2025,root vegetables,5452
1296,14-03-2025,crackers,4539
1723,05-02-2024,napkins,4458
1724,06-03-2025,sausage,217
1405,10-09-2025,canned beer,1333
1094,23-03-2025,citrus fruit,3963
1958,28-02-2025,frozen vegetables,767
1822,13-05-2024,canned beer,1480
1566,29-01-2024,frankfurter,3026
1394,16-02-2025,root vegetables,1470
2198,24-09-2025,frozen vegetables,1612
1733,05-05-2025,canned beer,4293
1917,25-04-2025,root vegetables,3809
1390,28-11-2024,newspapers,4758
1350,20-08-2024,salty snack,4257
1371,26-09-2024,onions,5061
2056,22-08-2025,frankfurter,5832
1576,18-01-2024,white bread,1879
1088,20-12-2024,cereal,513
1799,27-10-2025,margarine,5640
1055,22-11-2024,whole milk,1524
1558,30-11-2025,margarine,96
1121,27-06-2024,citrus fruit,1749
1468,03-07-2024,citrus fruit,2292
2152,23-11-2025,whole milk,811
1794,25-04-2024,sausage,117
1060,08-10-2024,salty snack,5367
1702,08-06-2025,sausage,5389
1527,20-08-2024,yogurt,421
1380,25-06-2024,newspapers,112
1141,07-12-2024,butter,3460
1875,26-05-2025,white bread,4261
1920,18-08-2024,dish detergent,3909
1718,14-03-2024,ground beef,659
1889,26-08-2024,canned beer,4787
1271,26-02-2024,pip fruit,5544
1140,22-06-2024,root vegetables,3237
1346,30-10-2025,yogurt,666
1301,13-05-2024,root vegetables,1767
1363,06-06-2024,crackers,3725
2107,18-10-2024,pasta,3975
1860,01-03-2025,domestic eggs,5668
1943,18-01-2025,frankfurter,5078
1544,29-08-2024,citrus fruit,5480
2106,26-11-2024,coffee,4066
2032,03-04-2025,curd,3941
1905,24-07-2024,ice cream,713
1849,21-10-2024,hamburger meat,1022
1342,25-06-2024,margarine,2349
1653,09-03-2025,white bread,244
1997,08-03-2024,canned beer,5145
2157,30-01-2024,soda,3984
2154,28-12-2025,white bread,5562
2131,28-11-2024,root vegetables,5717
1271,08-07-2025,pip fruit,2594
2056,02-10-2025,frozen vegetables,5053
2097,16-03-2025,root vegetables,499
1395,01-05-2024,domestic eggs,1041
1571,14-01-2025,citrus fruit,3945
1543,19-01-2024,chocolate,2276
1280,02-03-2024,tropical fruit,3808
1218,01-11-2024,root vegetables,3499
1488,10-08-2025,frozen vegetables,3098
1019,21-12-2025,canned beer,376
1567,17-06-2025,curd,108
2151,29-04-2024,domestic eggs,4279
1532,08-02-2025,newspapers,1485
1411,21-03-2024,canned beer,4220
1437,25-09-2025,root vegetables,490
1880,12-08-2025,root vegetables,3336
2156,04-02-2025,newspapers,2933
1230,06-10-2024,canned beer,2870
1520,05-11-2025,ketchup,4275
1763,11-09-2024,citrus fruit,4897
1209,05-05-2025,domestic eggs,1509
1713,15-07-2025,frankfurter,3411
2087,04-03-2024,tortillas,2474
1743,15-01-2024,creamer,4437
1816,18-01-2024,white bread,2273
1304,15-09-2024,onions,3369
1820,03-10-2024,frozen vegetables,1078
1102,14-06-2025,margarine,2037
1351,15-09-2024,ketchup,1029
1239,28-02-2025,frozen vegetables,4505
1903,05-09-2025,brown bread,4131
1411,21-03-2024,citrus fruit,4220
1403,02-01-2025,newspapers,5154
1686,03-03-2024,whole milk,3886
1528,22-04-2024,chocolate,674
1512,09-03-2024,canned beer,3243
2143,06-02-2024,rolls/buns,2689
2045,03-09-2025,domestic eggs,1440
1424,11-06-2024,brown bread,5258
1291,22-10-2025,red wine,651
1172,10-03-2024,paper towels,1481
1737,29-10-2025,whole milk,330
1591,23-09-2024,bottled water,1648
1940,29-10-2024,whole milk,4547
1046,27-02-2024,newspapers,1472
1493,05-02-2025,newspapers,1662
1210,31-08-2025,cheese,2372
2159,02-02-2024,white bread,2101
1727,27-03-2025,dish detergent,2081
2181,24-07-2024,domestic eggs,4640
1344,09-12-2025,newspapers,2972
1337,23-07-2025,napkins,3216
1833,26-08-2025,white bread,5392
2158,29-06-2024,margarine,3385
1015,10-11-2024,canned beer,3023
1276,03-09-2024,canned beer,5167
1526,15-11-2025,tropical fruit,3036
1229,11-05-2025,canned beer,586
1919,08-12-2024,citrus fruit,3322
1868,12-07-2024,chocolate,3995
1370,01-06-2025,white bread,1087
1055,09-03-2024,salsa,5639
1278,17-01-2024,  CANNED BEER,686
1571,14-01-2025,whole milk,3945
2011,29-06-2025,yogurt,4017
1110,23-01-2025,margarine,4713
1610,07-01-2024,granola,1678
1635,28-10-2024,salsa,4567
1607,04-08-2024,parmesan,1732
2180,01-07-2025,newspapers,4867
1854,21-05-2025,hamburger meat,3854
1684,28-07-2025,napkins,2482
1194,05-02-2025,frozen vegetables,4702
1627,27-08-2024,sugar,1620
1324,23-01-2025,newspapers,4851
1321,15-01-2025,granola,3479
1288,23-11-2024,whole milk,2683
1495,08-11-2024,ice cream,2792
1504,23-06-2024,canned beer,5485
1648,25-10-2024,pip fruit,1122
1587,21-06-2024,canned beer,2889
1312,24-05-2025,salty snack,1977
1819,24-12-2025,whole milk,3998
1409,07-08-2025,yogurt,1147
1405,16-01-2025,domestic eggs,124
1696,16-03-2024,margarine,1653
2007,31-12-2024,canned beer,2907
1198,31-08-2024,salsa,688
2069,11-02-2024,bottled water,3793
1059,10-12-2024,frozen vegetables,790
1617,05-10-2025,napkins,2927
1673,05-11-2024,soda,872
1375,27-08-2025,newspapers,2217
1431,01-08-2025,margarine,830
1193,03-12-2025,diapers,807
1077,15-02-2024,curd,5694
1655,17-06-2024,citrus fruit,1255
1390,08-03-2025,root vegetables,4532
2098,15-11-2025,  SALSA,5949
1558,21-09-2025,salsa,720
1850,12-05-2024,sausage,2446
1802,07-08-2025,frozen vegetables,577
1834,13-06-2025,canned beer,413
1451,29-04-2024,pip fruit,855
2155,10-01-2024,pip fruit,2134
1929,07-09-2024,napkins,200
2139,27-08-2025,cheese,5248
2004,22-03-2025,margarine,3733
1627,21-05-2025,margarine,2325
2190,27-12-2024,chocolate,4703
1952,08-12-2024,chocolate,5095
2180,19-10-2024,diapers,2483
1933,16-03-2025,canned beer,2063
1311,24-11-2024,onions,5607
1460,01-05-2025,canned beer,927
1331,25-11-2025,root vegetables,4943
2016,26-08-2024,napkins,4415
1439,26-04-2025,whole milk,3008
1816,15-07-2025,paper towels,5504
1598,13-09-2024,root vegetables,968
1345,03-03-2025,jam,3674
1369,25-05-2024,cat food,412
1402,27-03-2024,newspapers,1901
1087,16-05-2025,canned beer,4052
2070,12-10-2025,pip fruit,4552
1337,23-07-2025,margarine,3216
1367,03-05-2024,chocolate,2734
2089,14-08-2025,curd,1915
1042,14-04-2024,whole milk,3812
1351,15-09-2024,canned beer,1029
1692,27-10-2025,napkins,5322
1661,25-09-2024,white bread,1588
1377,18-10-2024,white bread,1613
1625,18-05-2025,sausage,3672
1008,20-05-2025,canned beer,5408
1765,14-10-2024,,878
1993,13-08-2025,paper towels,5991
1716,21-09-2025,canned beer,2348
1128,25-08-2025,ketchup,1595
1543,29-08-2024,canned beer,3166
2155,05-04-2025,soda,2631
1364,11-06-2024,canned beer,5977
1338,24-08-2025,root vegetables,452
1619,24-01-2025,whole milk,2407
1049,04-08-2024,citrus fruit,1526
1285,16-10-2024,bottled water,5519
2051,20-01-2025,frozen vegetables,3639
1812,17-11-2024,  TROPICAL FRUIT,5778
1372,25-05-2025,margarine,4658
1204,12-11-2024,whole milk,5902
1242,13-06-2025,brown bread,2458
1634,06-12-2024,hamburger meat,622
1786,01-10-2024,cheese,2542
1767,21-03-2025,chocolate,3791
1718,07-07-2024,white bread,192
1236,09-02-2024,shopping bags,4069
1836,06-04-2025,white bread,5868
1566,29-01-2024,white bread,3026
1215,30-07-2025,chips,5995
1416,22-02-2024,cat food,4233
1606,29-09-2025,root vegetables,3663
1429,12-11-2025,salty snack,3836
2073,15-06-2024,canned beer,982
1384,21-08-2024,pastry,4364
1326,02-02-2024,canned beer,2712
1355,08-06-2025,canned beer,4184
2179,21-12-2024,napkins,3955
1852,25-01-2024,paper towels,5357
1973,16-01-2024,hamburger meat,3823
1955,21-10-2024,ice cream,661
1101,15-12-2025,whole milk,3474
2106,26-11-2024,ketchup,4066
1357,23-08-2024,root vegetables,2820
1453,12-07-2024,frankfurter,2476
1613,02-01-2025,sausage,204
1784,26-11-2025,pastry,5204
1233,24-05-2025,bananas,263
2060,31-05-2024,bottled water,1528
1347,05-10-2025,dish detergent,2079
1523,26-05-2024,pip fruit,1393
1950,04-07-2024,newspapers,3403
2016,05-02-2025,whole milk,2612
1819,11-06-2025,frozen vegetables,1897
1834,18-02-2025,rolls/buns,2559
1342,08-10-2025,chocolate,4992
1386,12-08-2025,yogurt,5583
2054,15-04-2024,dish detergent,1031
1588,24-06-2025,  ROLLS/BUNS,4681
2118,24-06-2025,citrus fruit,840
1783,17-11-2025,salsa,4524
2102,12-08-2025,root vegetables,5119
1025,29-04-2024,tomato sauce,3921
1836,31-03-2025,newspapers,2080
2073,15-04-2025,napkins,655
1571,25-03-2025,cereal,3270
1820,18-03-2025,brown bread,2840
1639,01-04-2025,frozen vegetables,5884
2168,18-02-2025,root vegetables,1103
1779,11-08-2025,canned beer,4443
1796,07-12-2024,brown bread,5348
1893,06-11-2025,margarine,2511
1397,01-04-2024,newspapers,5581
1461,28-10-2025,ketchup,1986
1359,09-09-2024,newspapers,4419
1269,13-12-2024,canned beer,2221
1812,09-04-2024,salsa,1987
2045,03-01-2024,,5591
1816,19-02-2025,canned beer,2725
1361,17-04-2024,newspapers,4672
1319,11-12-2025,tomato sauce,3825
1678,07-04-2025,coffee,2513
1740,10-07-2025,canned beer,4182
2118,24-06-2025,canned beer,840
1155,08-06-2025,curd,4414
2190,17-04-2024,beef,2750
2119,10-01-2024,canned beer,1567
1696,29-06-2024,margarine,3800
1460,23-09-2024,beef,4192
1804,28-11-2024,margarine,5155
2046,10-10-2024,whole milk,5106
1466,09-05-2025,root vegetables,1555
2053,01-02-2025,frozen vegetables,3669
1164,01-10-2024,citrus fruit,105
1966,19-04-2025,yogurt,3228
1828,06-01-2025,newspapers,2520
1548,15-05-2025,ketchup,2545
1410,13-08-2025,bottled water,1542
2179,22-01-2025,canned beer,5450
1826,04-08-2024,whole milk,2306
1674,20-10-2024,margarine,258
1668,22-03-2025,newspapers,2763
1718,15-03-2024,soda,4776
1485,23-01-2025,newspapers,305
2020,21-02-2024,domestic eggs,4838
1629,12-11-2024,canned beer,2189
1816,16-10-2024,dish detergent,885
1092,22-10-2024,  FRANKFURTER,931
1680,27-01-2025,margarine,4431
1959,12-03-2024,frankfurter,3272
1180,20-01-2024,margarine,1944
1260,08-09-2024,white bread,4840
1376,10-03-2025,canned beer,4809
1181,11-12-2024,margarine,451
1209,26-02-2025,soda,572
2153,05-02-2025,cheese,4942
1596,27-07-2025,hamburger meat,3440
1389,28-10-2024,citrus fruit,4929
1275,01-06-2024,paper towels,2258
2033,24-01-2025,frankfurter,3492
1896,27-12-2024,butter,5780
1590,29-05-2025,frankfurter,4996
1906,18-08-2024,citrus fruit,1604
1575,06-10-2025,dish detergent,5196
1255,07-09-2024,rolls/buns,2173
2166,06-01-2025,citrus fruit,2772
1179,20-12-2024,frankfurter,1761
1123,22-06-2024,yogurt,3301
1464,17-05-2024,soda,3334
1352,31-01-2024,salty snack,4707
1332,14-10-2024,dish detergent,716
1641,16-12-2024,frankfurter,3059
1175,20-04-2024,newspapers,5772
1538,09-06-2025,ground beef,4769
1086,26-04-2025,canned beer,912
1444,18-09-2024,soda,2771
1432,09-02-2024,canned beer,1792
2181,31-05-2025,napkins,2031
1897,13-09-2024,tropical fruit,1742
1829,07-09-2025,yogurt,3578
1600,27-09-2024,margarine,1676
2149,10-01-2024,pasta,286
1295,22-08-2025,whole milk,2211
2130,14-04-2025,shopping bags,1436
1140,10-06-2024,domestic eggs,2223
1238,31-10-2024,white bread,4968
1866,22-03-2024,tropical fruit,3148
1356,16-08-2025,cat food,851
1883,10-10-2025,cheese,5920
1974,09-12-2025,dish detergent,4651
1822,01-03-2024,white bread,5746
1507,18-01-2024,white bread,3726
1487,07-11-2024,sugar,2571
1647,02-05-2025,canned beer,3154
2017,14-02-2024,domestic eggs,4746
1348,05-12-2024,salsa,2129
2190,27-12-2024,jam,4703
1747,21-08-2025,root vegetables,1511
2168,18-02-2025,pip fruit,1103
1814,03-09-2024,citrus fruit,48
1218,01-11-2024,tropical fruit,3499
1078,09-07-2025,ice cream,5527
1328,15-12-2025,canned beer,62
1072,22-09-2025,pasta,1057
1306,23-05-2024,tropical fruit,4789
1790,27-05-2025,rolls/buns,4100
1077,22-07-2025,root vegetables,900
1088,21-05-2025,newspapers,4071
2032,21-09-2025,margarine,1900
1988,26-06-2024,diapers,3895
1204,01-10-2024,margarine,5218
1410,03-05-2024,cereal,5477
2129,18-04-2024,cereal,5662
1008,20-05-2025,chocolate,5408
1151,29-10-2025,newspapers,5883
1304,24-05-2024,jam,2465
2119,06-07-2024,canned beer,94
1564,06-05-2024,beef,2822
1479,29-11-2025,frankfurter,5468
1718,15-09-2025,white bread,4138
1570,02-06-2024,canned beer,4520
1961,13-02-2025,newspapers,2852
2041,30-09-2024,citrus fruit,5507
1178,06-03-2025,cereal,2318
1666,19-06-2024,coffee,1677
1154,18-08-2025,white bread,4116
1589,29-07-2025,white bread,5072
1314,27-10-2025,salty snack,5993
1073,24-07-2025,root vegetables,1296
1989,11-05-2025,frankfurter,1447
1439,26-04-2025,margarine,3008
1333,14-02-2025,creamer,5722
1548,15-05-2025,margarine,2545
1914,11-01-2024,whole milk,5275
1561,03-12-2025,tropical fruit,2507
1229,11-05-2025,pastry,586
1311,05-01-2025,  CHOCOLATE,3455
2109,26-08-2025,margarine,1115
2011,03-04-2024,beef,1963
2008,26-08-2025,diapers,1687
1679,18-09-2025,tropical fruit,193
1273,08-06-2024,soda,4079
1603,25-12-2025,ice cream,4385
1783,20-03-2025,onions,4084
1305,05-02-2025,cereal,791
1227,05-11-2024,  SAUSAGE,4613
1954,23-02-2024,white bread,4030
1177,05-03-2024,frankfurter,772
1486,12-05-2024,canned beer,2865
1460,25-01-2025,tortillas,2894
1718,04-07-2024,canned beer,1002
1401,15-11-2025,diapers,1395
2080,10-06-2024,domestic eggs,4483
1750,22-03-2024,tropical fruit,4564
1627,10-12-2024,margarine,1339
1128,23-01-2024,citrus fruit,4486
1081,25-09-2024,rolls/buns,350
1542,06-07-2025,white bread,1323
1999,15-09-2024,margarine,5003
1211,22-12-2025,sausage,3794
1251,25-08-2025,creamer,2262
1313,12-01-2025,soda,989
1690,30-08-2024,hamburger meat,5223
1565,21-01-2025,canned beer,986
1845,01-02-2024,yogurt,642
1085,29-08-2024,salty snack,5888
1961,21-07-2025,canned beer,3187
2062,27-10-2024,yogurt,4255
1354,01-11-2025,citrus fruit,5794
1454,04-03-2024,margarine,3262
1221,02-07-2024,tropical fruit,1038
1496,06-04-2025,frankfurter,128
2145,28-02-2024,yogurt,2357
1426,30-07-2025,onions,3673
1771,15-10-2024,root vegetables,53
2005,25-06-2024,white bread,1546
1031,08-11-2024,root vegetables,4852
1565,30-05-2024,yogurt,3314
1039,06-04-2024,margarine,4377
2038,30-03-2024,ketchup,3768
1087,16-05-2025,soda,4052
1324,16-07-2024,pip fruit,2249
2062,02-07-2024,canned beer,3996
1563,25-07-2024,pastry,3469
2119,12-06-2025,citrus fruit,2490
2045,06-03-2025,canned beer,1999
1637,03-08-2024,margarine,1366
1851,11-12-2024,beef,4310
2030,28-02-2024,margarine,1469
1008,15-02-2024,cereal,2246
1548,15-05-2025,rolls/buns,2545
1107,12-08-2024,yogurt,4298
1288,15-11-2024,canned beer,5515
1159,05-12-2024,red wine,3863
1520,05-11-2025,hamburger meat,4275
1193,15-02-2025,pastry,2380
1914,11-01-2024,newspapers,5275
1799,27-10-2025,paper towels,5640
1899,02-01-2024,salsa,5012
1098,19-05-2024,napkins,3730
1089,14-06-2025,whole milk,301
2049,06-09-2024,napkins,4700
2062,20-01-2024,,146
2138,25-11-2025,butter,4904
1024,13-03-2024,newspapers,1787
1434,27-01-2025,newspapers,54
2004,22-03-2025,canned beer,3733
1387,09-01-2024,  FRANKFURTER,1263
1807,28-02-2025,white bread,749
1882,08-08-2025,yogurt,5807
1247,17-06-2024,whole milk,2948
1361,17-04-2024,margarine,4672
1188,20-10-2024,newspapers,2533
1194,05-02-2025,canned beer,4702
2062,27-10-2024,frankfurter,4255
2149,28-02-2025,sausage,4436
1893,06-03-2025,frozen vegetables,3592
2015,01-04-2025,citrus fruit,5447
1963,23-04-2025,canned beer,2303
1161,13-02-2024,sugar,5411
1179,03-10-2025,yogurt,3260
2165,21-08-2025,brown bread,3507
2117,05-03-2024,paper towels,5669
1775,26-11-2025,domestic eggs,5665
1429,24-08-2025,chocolate,1050
1812,06-02-2024,salty snack,759
1720,05-03-2024,root vegetables,5590
1050,06-03-2025,white bread,5301
1774,19-09-2025,white bread,4421
1446,01-02-2024,margarine,5810
1250,03-07-2024,canned beer,4484
2101,30-08-2025,whole milk,1750
1163,31-12-2024,ice cream,2609
1750,20-03-2024,whole milk,2787
1006,09-07-2024,white bread,4141
2150,30-01-2024,root vegetables,3986
2021,26-10-2024,canned beer,101
1971,16-07-2024,beef,4950
1558,22-05-2025,ice cream,948
1356,31-05-2025,pastry,5070
1816,15-07-2025,newspapers,5504
1724,19-09-2024,margarine,1670
1454,04-06-2025,frozen vegetables,3022
2008,18-09-2024,onions,2809
1979,09-12-2025,frozen vegetables,1910
1414,22-05-2025,white bread,5700
1295,22-08-2025,frankfurter,2211
1688,16-11-2024,canned beer,5139
1237,03-08-2024,cheese,498
1781,15-11-2025,canned beer,462
1476,09-05-2025,bottled water,2572
2056,16-08-2024,margarine,1556
2140,17-08-2024,pasta,3168
1983,11-02-2025,canned beer,979
2010,14-12-2025,newspapers,1797
2000,09-04-2025,root vegetables,3595
2018,07-10-2024,citrus fruit,1390
1403,14-12-2024,newspapers,3266
1859,22-05-2024,domestic eggs,1745
1085,29-08-2024,canned beer,5888
1654,19-05-2025,bottled water,2287
1478,19-04-2025,canned beer,4314
1861,07-05-2024,citrus fruit,2412
1126,21-02-2024,frankfurter,2473
1694,01-11-2025,salsa,3556
1332,15-01-2024,pip fruit,3652
1058,06-06-2024,root vegetables,1597
1274,30-11-2025,pasta,437
1536,24-03-2025,canned beer,2589
1024,16-02-2025,ice cream,321
1347,07-09-2024,rolls/buns,2745
2097,21-07-2024,cat food,909
2188,15-07-2024,newspapers,1381
1396,30-03-2024,  WHOLE MILK,357
1428,19-10-2025,frankfurter,3144
1034,13-06-2025,coffee,4281
1134,23-03-2025,yogurt,2055
1761,24-01-2025,chocolate,2042
1145,11-10-2024,margarine,82
1725,24-10-2025,salty snack,590
1455,15-03-2024,citrus fruit,5931
1321,15-01-2025,whole milk,3479
1553,26-12-2024,bottled water,5014
1203,04-04-2024,ketchup,2153
1004,15-01-2024,margarine,1996
1390,28-09-2025,tomato sauce,4056
2074,24-04-2025,onions,3640
2175,12-07-2024,citrus fruit,4827
1354,01-01-2024,newspapers,1941
1800,04-01-2025,white bread,4107
1343,04-02-2025,  DOMESTIC EGGS,3376
2107,06-07-2025,canned beer,110
1803,08-01-2025,canned beer,4164
1323,27-11-2024,  TROPICAL FRUIT,1765
1488,17-03-2025,jam,4365
1181,09-05-2025,pastry,3458
1438,16-11-2025,granola,289
1774,11-02-2025,onions,5555
1393,07-07-2025,parmesan,4506
1868,25-07-2025,parmesan,2732
1807,28-02-2025,whole milk,749
2107,18-10-2024,  FROZEN VEGETABLES,3975
1385,23-07-2024,pastry,856
1060,12-01-2025,rolls/buns,600
1184,11-10-2024,newspapers,4001
1463,08-12-2025,ice cream,3194
1377,29-06-2024,canned beer,5493
1407,16-04-2025,salsa,5963
1678,07-04-2025,root vegetables,2513
1751,28-10-2025,white bread,4920
1551,23-05-2025,bottled water,3379
1766,26-09-2024,margarine,3280
1085,07-01-2024,bottled water,2672
1047,20-02-2024,canned beer,262
1721,05-07-2024,frankfurter,3505
1119,10-02-2025,canned beer,5214
2037,03-04-2025,bottled water,1363
1411,21-08-2024,napkins,2537
1344,08-04-2025,pastry,2432
2040,03-07-2025,whole milk,3017
1296,12-04-2025,whole milk,3449
2119,02-11-2024,ice cream,5670
1875,08-07-2025,canned beer,4822
1444,09-04-2025,canned beer,5550
1802,27-03-2024,soda,3205
1621,18-03-2025,domestic eggs,2150
1963,21-08-2025,root vegetables,1510
1015,10-11-2024,newspapers,3023
2045,03-09-2025,paper towels,1440
1709,29-12-2024,dish detergent,272
1399,29-04-2024,canned beer,2815
1439,16-03-2024,tomato sauce,5193
2130,24-08-2024,pasta,5438
1834,31-10-2025,citrus fruit,2074
1809,09-02-2025,root vegetables,400
1565,05-05-2025,frankfurter,3185
1062,27-01-2024,whole milk,552
1102,11-04-2024,margarine,5180
1285,20-05-2024,cat food,426
1013,06-07-2025,canned beer,5363
2063,04-02-2024,canned beer,4493
1904,21-08-2025,white bread,3655
1023,10-12-2025,newspapers,5445
1862,08-07-2025,canned beer,1942
1286,12-08-2025,canned beer,4708
1570,30-06-2025,canned beer,4466
2119,19-08-2024,margarine,3186
1053,17-11-2025,citrus fruit,5922
1864,13-03-2024,onions,4591
2046,27-11-2025,bottled water,1332
1610,19-05-2025,salty snack,2251
1635,02-06-2024,onions,4801
2195,29-07-2025,salsa,4771
1149,14-04-2025,  NEWSPAPERS,471
1023,25-03-2025,beef,130
1766,21-04-2024,frankfurter,4592
1774,25-11-2025,bottled water,2377
1115,21-02-2024,rolls/buns,5611
1429,21-12-2024,onions,1221
1576,18-01-2024,whole milk,1879
1450,11-06-2025,paper towels,491
1795,29-04-2024,canned beer,3374
1813,31-03-2025,  SALTY SNACK,5754
2151,29-04-2024,canned beer,4279
1635,14-09-2024,frozen vegetables,4291
1435,20-08-2025,whole milk,4196
2095,28-07-2024,granola,2718
1155,23-08-2024,margarine,5895
2160,15-07-2024,,3584
1373,10-05-2024,canned beer,1449
1081,23-08-2024,citrus fruit,4745
1529,06-08-2025,canned beer,695
1155,08-06-2025,ice cream,4414
1803,11-04-2025,canned beer,4477
1548,21-03-2025,white bread,2599
1181,22-09-2024,soda,3668
2022,10-03-2024,newspapers,5290
1960,29-01-2025,tomato sauce,4836
1323,29-05-2025,whole milk,4882
2142,17-08-2024,  CANNED BEER,1888
1634,05-10-2025,frozen vegetables,1134
1406,12-10-2024,frankfurter,2127
1301,26-11-2025,napkins,1541
1748,20-10-2024,crackers,1529
1901,30-09-2025,hamburger meat,3407
1108,04-08-2025,citrus fruit,1304
1295,24-01-2024,newspapers,207
2017,18-01-2024,ice cream,4237
1712,06-03-2024,tropical fruit,2125
2091,27-10-2025,bottled water,1514
1995,01-11-2025,yogurt,1846
1109,07-10-2024,canned beer,3908
1570,30-06-2025,margarine,4466
1901,30-09-2025,whole milk,3407
1980,26-12-2024,root vegetables,3851
1416,07-07-2024,salty snack,3454
1090,18-02-2024,cat food,319
2194,25-09-2025,root vegetables,1217
1344,25-11-2025,  CHOCOLATE,1784
1350,15-12-2024,white bread,5347
2163,27-03-2024,creamer,5566
1273,28-11-2025,margarine,241
1381,04-01-2025,margarine,3093
1410,25-01-2025,root vegetables,4894
1963,04-05-2025,whole milk,4563
1168,15-11-2025,canned beer,2738
1645,15-12-2024,  CHOCOLATE,5667
1161,13-02-2024,ice cream,5411
2144,07-12-2025,white bread,1220
1051,26-05-2024,napkins,3511
1561,28-04-2024,creamer,4128
1073,17-09-2024,yogurt,639
1356,07-09-2024,frozen vegetables,35
1220,06-10-2025,curd,5190
1402,07-12-2024,rolls/buns,3421
1329,28-09-2024,tropical fruit,4734
2122,25-03-2024,citrus fruit,3129
1457,17-03-2025,cat food,3363
1897,13-09-2024,canned beer,1742
1094,06-02-2024,,2652
1806,15-02-2024,canned beer,5142
1501,18-10-2025,canned beer,781
1500,21-07-2025,canned beer,2122
1479,26-05-2024,newspapers,5047
1065,07-09-2024,soda,3547
1100,11-09-2025,tropical fruit,1739
2168,01-08-2024,bananas,2238
1167,20-05-2024,bananas,4097
1345,22-10-2025,soda,883
1711,28-05-2024,bottled water,4427
2098,22-08-2025,newspapers,2501
1599,03-10-2025,chocolate,2451
1372,25-05-2025,frankfurter,4658
1737,29-10-2025,salty snack,330
1558,01-06-2024,jam,2861
1750,24-06-2025,citrus fruit,484
1218,29-01-2024,yogurt,3502
1286,29-02-2024,brown bread,5000
2125,06-08-2025,margarine,5099
1546,30-05-2025,white bread,1350
1526,01-07-2025,salty snack,1499
1477,21-03-2024,rolls/buns,1111
1299,21-11-2024,margarine,2481
1814,03-09-2024,newspapers,48
2036,24-05-2024,salty snack,1414
2198,24-09-2025,salsa,1612
1275,07-09-2025,butter,3069
1075,06-06-2025,sausage,1593
1526,07-03-2024,whole milk,1021
1420,08-07-2025,newspapers,862
2172,02-10-2025,onions,3290
1237,11-01-2025,soda,5763
1193,23-05-2024,cheese,5388
1622,14-10-2025,newspapers,750
1551,10-10-2024,citrus fruit,4400
1992,17-03-2025,paper towels,850
1429,21-12-2024,root vegetables,1221
1174,08-07-2024,margarine,1011
1311,29-12-2024,margarine,839
1560,29-06-2025,canned beer,5529
1986,10-08-2025,newspapers,3063
1131,07-01-2025,white bread,3424
1131,07-01-2025,rolls/buns,3424
1952,12-11-2025,  MARGARINE,1781
1272,16-02-2024,frankfurter,4203
1809,08-06-2025,salsa,3196
1748,06-11-2024,crackers,4488
1514,15-03-2025,frankfurter,3539
1746,23-12-2025,canned beer,1275
1723,21-11-2025,yogurt,5599
1976,11-12-2024,  ONIONS,1724
1056,18-04-2024,curd,2076
1040,03-05-2025,canned beer,5952
1221,12-03-2025,newspapers,422
1828,09-12-2024,jam,2295
2175,26-07-2024,canned beer,5925
1309,25-02-2024,  SAUSAGE,5768
1511,12-05-2025,newspapers,646
1843,05-06-2024,citrus fruit,3250
1754,13-10-2024,frankfurter,3675
2172,28-12-2025,beef,253
2028,22-02-2024,curd,2254
1633,12-04-2025,frozen vegetables,47
1487,07-11-2024,root vegetables,2571
1418,27-08-2024,rolls/buns,3443
1578,16-02-2025,whole milk,890
1855,11-04-2024,hamburger meat,3757
1003,24-02-2024,hamburger meat,1497
1015,05-03-2025,canned beer,5486
2106,25-05-2024,pip fruit,2120
1293,28-04-2024,sugar,649
2051,01-07-2025,root vegetables,617
1132,18-06-2025,pip fruit,784
1375,22-09-2024,brown bread,2371
1072,30-09-2024,margarine,916
1825,01-04-2024,bottled water,4977
1746,23-12-2025,citrus fruit,1275
1930,26-05-2024,soda,433
1247,08-12-2024,pip fruit,4243
1906,21-10-2024,creamer,515
1017,27-05-2024,canned beer,5160
1250,14-12-2024,cereal,1780
1820,28-04-2025,tomato sauce,1949
1798,06-06-2024,sausage,4422
2092,13-12-2024,margarine,3692
1476,07-02-2025,whole milk,615
1941,30-05-2024,tomato sauce,307
1408,01-06-2025,canned beer,1314
1906,30-01-2025,canned beer,90
1507,09-11-2025,soda,3106
2089,13-05-2024,pastry,1383
1055,09-03-2024,curd,5639
2097,21-07-2024,newspapers,909
1731,19-02-2025,pastry,1493
1327,08-05-2025,root vegetables,3153
2057,31-12-2024,canned beer,391
1272,12-11-2025,canned beer,197
1765,26-09-2024,napkins,306
2146,27-07-2025,citrus fruit,2382
2144,28-09-2024,chocolate,2210
1180,20-11-2024,tropical fruit,4068
1685,13-04-2024,parmesan,3660
1555,24-09-2025,root vegetables,4207
1966,19-04-2025,citrus fruit,3228
1296,18-11-2025,citrus fruit,4053
1727,03-12-2024,hamburger meat,1748
1783,15-03-2024,root vegetables,3323
1523,04-02-2024,beef,698
1268,02-07-2025,root vegetables,1673
1982,04-06-2024,whole milk,594
2181,25-09-2024,white bread,966
1147,02-09-2025,newspapers,3704
1554,31-12-2024,curd,4070
1814,19-01-2024,cat food,2086
2017,18-01-2024,citrus fruit,4237
2135,13-11-2025,pip fruit,4051
1352,18-10-2024,domestic eggs,2356
1994,29-12-2025,butter,1502
1193,23-05-2024,yogurt,5388
1459,27-05-2025,margarine,5675
1699,01-08-2025,tomato sauce,976
2061,22-06-2025,granola,1445
1906,24-03-2025,canned beer,265
1651,15-12-2024,brown bread,4088
1743,18-07-2025,brown bread,5340
1606,17-06-2024,onions,4973
1498,25-07-2025,cereal,2995
1234,10-04-2024,bottled water,2453
1500,12-07-2025,tortillas,1974
1143,21-04-2025,bottled water,34
1276,03-09-2024,sausage,5167
1218,01-11-2024,frozen vegetables,3499
1321,15-01-2025,bananas,3479
1800,04-03-2025,root vegetables,1545
2065,23-03-2025,domestic eggs,4588
2161,16-10-2024,citrus fruit,3259
1743,02-09-2025,shopping bags,3841
1846,31-10-2025,margarine,366
1439,06-04-2024,beef,1233
1096,26-01-2024,bottled water,1043
1111,21-06-2024,domestic eggs,3122
1707,28-02-2024,onions,3085
1766,25-11-2024,margarine,4983
2104,01-02-2024,frankfurter,1841
1645,09-06-2025,margarine,1894
1260,28-08-2024,sugar,1491
1202,27-03-2025,frankfurter,4092
1108,24-11-2024,yogurt,2851
1836,23-12-2025,pasta,3661
1785,03-10-2024,creamer,4571
1664,05-06-2024,margarine,5312
2124,02-02-2024,onions,425
1411,10-10-2024,salty snack,1327
2016,13-04-2025,napkins,3750
1128,19-10-2024,brown bread,4843
1157,19-05-2025,canned beer,2310
1512,24-09-2024,margarine,1404
2061,04-07-2024,granola,1053
1070,20-10-2024,domestic eggs,434
1875,29-12-2024,citrus fruit,1569
1929,19-09-2024,frozen vegetables,597
1754,09-12-2025,bottled water,5153
1324,16-07-2024,yogurt,2249
1778,08-09-2025,ketchup,1691
2175,26-07-2024,  TROPICAL FRUIT,5925
1345,22-10-2025,citrus fruit,883
2041,16-07-2024,root vegetables,1744
1634,01-08-2024,beef,678
2067,04-10-2025,canned beer,1641
1135,07-06-2024,canned beer,4917
2198,06-08-2024,white bread,36
1520,05-11-2025,whole milk,4275
1738,21-04-2024,chocolate,1543
1158,26-07-2024,frankfurter,3198
1328,14-03-2025,root vegetables,4433
1505,16-06-2024,domestic eggs,1256
1331,27-02-2024,cat food,598
1680,25-02-2024,root vegetables,827
1681,01-09-2024,chocolate,162
1126,21-02-2024,newspapers,2473
1411,21-08-2024,pastry,2537
1953,04-10-2025,yogurt,5026
1889,26-03-2024,brown bread,4183
1366,16-07-2024,sausage,2267
1898,02-11-2024,newspapers,3255
1163,28-11-2024,whole milk,5404
1169,26-07-2025,parmesan,1010
1222,16-10-2024,whole milk,1807
1606,27-07-2025,curd,31
2180,01-07-2025,citrus fruit,4867
1258,04-12-2025,canned beer,1769
1014,06-07-2024,canned beer,5234
1049,13-09-2025,frozen vegetables,2280
1461,09-06-2024,canned beer,4865
1334,18-06-2025,tropical fruit,2970
1324,16-07-2024,tortillas,2249
2018,06-06-2025,white bread,5845
1847,15-07-2025,canned beer,3857
2116,28-01-2024,white bread,4938
1187,17-03-2024,white bread,3700
1855,11-04-2024,margarine,3757
1939,07-06-2024,margarine,4072
1868,22-08-2024,tortillas,326
1073,06-03-2025,canned beer,3828
1260,16-04-2024,pip fruit,168
2062,27-10-2024,margarine,4255
2168,18-02-2025,soda,1103
1613,19-07-2025,bottled water,4318
1568,26-09-2025,tortillas,4605
1133,22-05-2024,white bread,3004
1469,13-11-2024,  MARGARINE,4688
2137,14-03-2024,bottled water,3362
1059,22-07-2025,crackers,915
1085,27-11-2024,pip fruit,3568
2022,10-03-2024,chocolate,5290
1291,22-10-2025,  FRANKFURTER,651
1259,09-09-2025,canned beer,4444
1335,15-04-2024,citrus fruit,4895
1328,25-11-2025,domestic eggs,2729
1599,15-05-2024,margarine,2383
2179,22-03-2025,whole milk,3504
1010,29-10-2025,citrus fruit,4796
1916,17-08-2024,white bread,3935
2109,03-02-2025,margarine,5118
1084,24-04-2025,cereal,5065
1476,07-02-2025,root vegetables,615
1677,18-06-2024,soda,1457
1395,26-09-2025,white bread,672
2098,07-08-2025,frozen vegetables,3279
1586,04-01-2024,canned beer,4504
1078,20-04-2024,canned beer,3620
1809,08-06-2025,chocolate,3196
2029,18-09-2024,margarine,2540
1626,26-09-2025,soda,2883
1171,15-08-2025,canned beer,2866
1133,15-05-2024,diapers,2012
1328,03-09-2025,newspapers,1617
1561,28-04-2024,canned beer,4128
1092,29-10-2024,newspapers,3764
1242,26-07-2024,margarine,3865
2072,30-10-2025,chocolate,4618
1394,24-08-2025,coffee,4429
1733,17-11-2025,bottled water,3697
1767,15-03-2025,margarine,4245
1137,20-11-2024,cat food,210
1115,07-12-2024,tortillas,3377
2143,03-04-2024,margarine,3246
1024,08-10-2024,canned beer,3562
2093,25-07-2024,newspapers,5806
1787,29-12-2025,canned beer,2321
1210,31-08-2025,sausage,2372
1319,11-12-2025,root vegetables,3825
1274,14-03-2024,margarine,3296
1488,17-03-2025,canned beer,4365
1141,13-03-2025,frankfurter,1992
1653,25-02-2024,root vegetables,1150
1484,27-06-2024,margarine,595
2035,04-05-2025,pasta,5074
1089,25-10-2024,margarine,1205
1802,28-02-2024,chocolate,3839
1631,29-05-2024,newspapers,4908
1781,22-10-2025,bottled water,5660
1030,17-12-2024,chips,5333
1002,03-11-2024,brown bread,5262
1366,16-07-2024,white bread,2267
2048,08-02-2024,chocolate,3171
2032,27-10-2024,canned beer,1340
1024,08-07-2025,margarine,2645
1851,19-12-2024,root vegetables,4826
1507,20-04-2025,pip fruit,2563
1851,25-01-2025,,5273
2098,01-12-2025,newspapers,1929
1237,25-07-2025,white bread,4154
1378,15-07-2025,bottled water,114
1872,21-05-2025,canned beer,5136
2080,20-02-2025,white bread,1069
1882,08-01-2025,salty snack,4472
1513,04-05-2025,root vegetables,1058
1882,08-01-2025,white bread,4472
1362,23-05-2024,margarine,2781
2021,26-10-2024,margarine,101
1055,14-05-2025,jam,3223
1942,11-08-2025,canned beer,5004
1769,24-10-2024,frankfurter,625
1857,18-05-2024,cat food,3616
1564,30-03-2025,cat food,1000
1453,12-07-2024,beef,2476
1742,14-08-2025,onions,1178
2074,06-08-2025,canned beer,5967
1304,26-12-2025,dish detergent,1578
1293,28-04-2024,bottled water,649
1925,13-12-2025,margarine,5585
1860,14-04-2024,root vegetables,2573
1224,21-02-2025,hamburger meat,5432
1352,04-10-2024,cat food,991
1828,06-01-2025,tomato sauce,2520
1975,12-09-2025,root vegetables,3503
1917,25-04-2025,margarine,3809
1576,24-12-2024,cheese,3509
1875,29-12-2024,onions,1569
1464,17-05-2024,  SODA,3334
2000,23-10-2024,canned beer,5734
2193,08-11-2025,  NEWSPAPERS,911
1905,08-12-2024,yogurt,4927
1709,21-02-2025,white bread,4398
1989,31-10-2024,whole milk,1253
1778,17-05-2025,salsa,1433
1726,15-03-2025,margarine,4481
2057,05-12-2025,ice cream,358
1178,01-12-2024,newspapers,5144
2081,28-05-2025,shopping bags,2067
1237,15-06-2024,canned beer,2512
1513,28-03-2025,chocolate,3948
1748,06-11-2024,newspapers,4488
1868,22-08-2024,whole milk,326
1819,21-02-2024,canned beer,190
2086,07-01-2024,root vegetables,4887
1222,18-02-2024,diapers,5972
1679,28-06-2025,whole milk,1081
1599,09-11-2025,whole milk,4578
1636,28-06-2024,whole milk,4374
1038,16-03-2025,domestic eggs,5578
1375,14-08-2025,root vegetables,2962
1384,13-09-2025,canned beer,343
1882,11-11-2024,margarine,2730
2010,28-02-2024,bottled water,3933
1996,08-08-2024,napkins,4057
1604,23-06-2024,chocolate,5678
1763,11-09-2024,sausage,4897
1410,13-08-2025,canned beer,1542
1518,22-11-2025,,4611
2090,14-03-2025,tropical fruit,3283
1841,20-06-2025,canned beer,18
1963,04-05-2025,root vegetables,4563
1933,16-03-2025,salty snack,2063
1256,28-10-2024,margarine,567
1506,06-12-2024,margarine,4258
1516,28-06-2025,cereal,163
1797,22-03-2025,bottled water,3611
1374,17-12-2025,tropical fruit,4471
1561,02-11-2025,domestic eggs,5433
1955,30-04-2025,curd,3165
1921,14-02-2024,canned beer,1468
2029,22-08-2025,citrus fruit,4994
1619,02-02-2024,rolls/buns,5200
1626,23-09-2025,newspapers,242
1901,07-05-2024,newspapers,879
1967,27-12-2025,napkins,3631
1868,28-08-2025,root vegetables,5990
1684,22-01-2025,,3958
1201,04-03-2024,bottled water,5796
1032,31-05-2024,newspapers,2468
1141,03-12-2024,soda,1172
1479,19-05-2025,chips,311
1741,12-04-2024,margarine,4041
1458,11-09-2024,canned beer,1128
1222,05-04-2024,citrus fruit,1171
2176,20-01-2025,hamburger meat,274
2044,05-07-2024,citrus fruit,1107
2123,30-03-2024,  NEWSPAPERS,291
2012,12-09-2025,canned beer,1012
1433,28-08-2025,soda,3052
2022,10-03-2024,citrus fruit,5290
1048,07-01-2025,beef,3453
1694,15-05-2024,pip fruit,322
1731,10-08-2024,yogurt,5356
1370,02-04-2024,rolls/buns,3477
2138,19-07-2024,paper towels,5855
2148,25-09-2025,bottled water,2359
1884,11-03-2025,shopping bags,4854
1716,27-06-2024,canned beer,4962
1122,05-08-2024,root vegetables,524
1468,02-01-2025,ketchup,3394
1861,07-05-2024,root vegetables,2412
1740,10-07-2025,newspapers,4182
2172,02-10-2025,frozen vegetables,3290
1697,29-04-2025,white bread,3880
1358,05-10-2025,newspapers,2241
2059,20-04-2024,bottled water,2298
1193,27-02-2025,onions,5953
1244,07-12-2025,canned beer,1068
2056,02-10-2025,crackers,5053
2072,23-07-2024,onions,2936
1615,03-02-2025,ketchup,535
2008,23-07-2025,citrus fruit,1763
1159,22-07-2025,frankfurter,836
1025,21-03-2025,bottled water,1622
1427,04-07-2024,whole milk,1585
1702,31-03-2025,citrus fruit,3252
1822,03-08-2025,white bread,4644
1624,27-07-2025,frozen vegetables,3050
2015,10-08-2024,tomato sauce,1920
1343,04-02-2025,whole milk,3376
1177,22-07-2024,tomato sauce,3634
1436,13-01-2024,margarine,1487
2158,29-06-2024,sugar,3385
1356,25-06-2024,margarine,3241
1179,03-10-2025,newspapers,3260
1302,14-10-2024,diapers,569
1872,31-05-2025,  CANNED BEER,2247
1992,23-10-2024,shopping bags,4956
2161,20-07-2024,newspapers,951
1677,18-07-2025,soda,32
2119,12-06-2025,whole milk,2490
1356,25-06-2024,paper towels,3241
2112,03-05-2025,paper towels,5452
1633,02-09-2024,newspapers,4112
1881,23-10-2025,chocolate,5764
1375,22-09-2024,soda,2371
1230,21-11-2024,soda,978
2180,01-12-2025,domestic eggs,2168
1107,25-11-2025,newspapers,5889
1202,01-04-2025,soda,1164
1787,14-08-2024,newspapers,3982
1983,08-08-2025,canned beer,5789
1963,13-06-2025,frozen vegetables,4556
1454,29-07-2025,margarine,2562
1875,29-12-2024,newspapers,1569
1032,14-10-2024,canned beer,5202
1510,01-05-2024,newspapers,550
2189,13-12-2025,frankfurter,3902
1841,15-02-2025,domestic eggs,2047
1241,05-08-2025,sugar,700
1476,24-05-2024,  CREAMER,4294
1234,18-03-2024,bottled water,4002
1354,05-06-2024,white bread,1814
1839,03-09-2024,margarine,2207
1658,19-08-2024,canned beer,1322
2062,24-12-2025,yogurt,3947
2021,26-10-2024,bottled water,101
1282,10-02-2025,bottled water,3677
1828,06-01-2025,parmesan,2520
1473,24-04-2025,root vegetables,5487
1120,13-10-2025,,2457
1866,11-04-2024,shopping bags,4517
1804,09-01-2024,soda,1403
1266,11-09-2025,diapers,1294
1336,20-03-2025,root vegetables,5125
1676,07-05-2024,margarine,1201
2122,25-03-2024,margarine,3129
1875,29-12-2024,canned beer,1569
2057,08-03-2025,canned beer,4109
1179,03-10-2025,granola,3260
1257,31-10-2025,root vegetables,4418
1381,04-01-2025,bottled water,3093
2150,26-10-2024,white bread,5210
1614,14-11-2024,frozen vegetables,2375
2001,30-07-2025,bottled water,1229
2177,11-12-2024,pastry,3459
2151,25-09-2025,newspapers,3404
1271,29-07-2025,pip fruit,623
1545,28-07-2025,sugar,4550
1963,04-05-2025,margarine,4563
1886,11-06-2024,brown bread,2324
1074,23-11-2024,white bread,4755
1721,24-03-2025,salty snack,775
1730,25-10-2025,canned beer,1309
1897,02-11-2025,beef,4169
1416,25-04-2024,rolls/buns,5481
1377,17-01-2025,chocolate,4494
1496,11-05-2025,pastry,2433
1006,11-06-2025,chocolate,3731
1003,02-11-2024,chocolate,4285
1193,15-02-2025,curd,2380
1228,05-06-2024,cat food,2117
1806,13-03-2024,frankfurter,5917
1961,15-11-2025,tropical fruit,1293
2065,09-12-2024,citrus fruit,3914
2071,09-07-2024,citrus fruit,4609
1121,29-02-2024,beef,5241
1857,09-07-2025,napkins,2395
1856,14-04-2024,canned beer,3777
1410,29-12-2024,chocolate,2107
1169,26-07-2025,bottled water,1010
1959,06-07-2024,frankfurter,3545
1010,04-07-2024,margarine,3876
1462,06-01-2024,chocolate,2410
1755,29-04-2025,margarine,2751
1563,02-04-2025,root vegetables,752
1476,18-02-2025,white bread,4302
1379,16-08-2025,canned beer,3493
1695,16-01-2025,margarine,1466
1692,10-10-2024,canned beer,4124
2111,31-01-2025,chips,2289
2108,25-09-2024,white bread,1365
1626,26-09-2025,cat food,2883
2082,18-05-2025,chocolate,3034
1354,30-10-2024,canned beer,5859
1008,20-05-2025,whole milk,5408
1633,21-09-2025,bottled water,771
1744,31-07-2025,frankfurter,5414
1739,09-06-2025,butter,2977
1126,15-04-2024,pip fruit,869
1752,22-12-2024,brown bread,1007
1393,07-07-2025,ground beef,4506
1997,10-06-2025,root vegetables,4604
1782,24-02-2025,margarine,3115
1225,11-02-2025,whole milk,5407
1278,17-01-2024,bottled water,686
2075,25-08-2025,pastry,1538
1425,12-06-2025,red wine,2350
1692,27-10-2025,beef,5322
1498,28-06-2024,chocolate,3439
1012,24-09-2025,frozen vegetables,3867
2180,24-03-2024,butter,3119
1718,08-11-2024,rolls/buns,1989
1750,24-06-2025,salty snack,484
2011,17-03-2025,canned beer,1308
1982,12-04-2024,canned beer,4126
1731,04-12-2025,canned beer,4217
1973,03-11-2025,canned beer,611
2144,23-07-2025,tomato sauce,1298
2049,29-09-2024,yogurt,5927
2192,26-08-2025,root vegetables,3642
1222,17-09-2025,canned beer,2388
2020,28-05-2025,whole milk,5712
1319,11-12-2025,parmesan,3825
1351,15-09-2024,rolls/buns,1029
1127,19-04-2024,pip fruit,1003
1720,14-02-2024,margarine,488
1445,22-07-2024,curd,4945
1124,03-09-2024,napkins,4353
1954,03-10-2024,bananas,77
1455,26-01-2025,citrus fruit,280
2020,28-05-2025,canned beer,5712
1580,01-08-2024,granola,2419
1092,22-10-2024,root vegetables,931
2080,07-10-2025,red wine,5683
1742,19-05-2024,canned beer,5548
1741,26-04-2025,frankfurter,5541
1983,02-04-2025,margarine,1190
1751,29-11-2025,bottled water,1899
1536,17-04-2025,root vegetables,2838
1915,15-09-2025,diapers,2794
1932,12-11-2024,pip fruit,2462
1525,23-09-2025,canned beer,1995
1708,19-03-2025,rolls/buns,1518
2011,22-01-2025,pip fruit,4323
1069,16-11-2024,canned beer,4394
2003,15-02-2024,hamburger meat,3180
1810,01-04-2024,newspapers,3448
2141,19-12-2025,canned beer,1623
1256,28-10-2024,soda,567
1222,01-01-2025,soda,2564
1231,11-09-2025,canned beer,3561
1389,28-10-2024,margarine,4929
1455,15-03-2024,yogurt,5931
1395,04-04-2024,salsa,2132
1555,05-04-2024,pastry,3248
1178,06-03-2025,root vegetables,2318
1010,01-04-2025,coffee,1903
1323,25-01-2024,margarine,5010
1997,28-04-2025,salsa,2339
2137,30-08-2024,frankfurter,5545
1483,24-07-2024,rolls/buns,2956
1096,29-05-2024,napkins,2284
2160,08-03-2024,whole milk,2746
1748,20-10-2024,red wine,1529
1702,05-09-2025,whole milk,2257
1118,06-11-2024,chips,2637
2155,24-08-2025,pip fruit,2373
2183,10-06-2025,curd,1630
1535,14-01-2024,paper towels,1431
2114,04-05-2025,newspapers,1697
1675,15-11-2024,white bread,4216
1963,23-04-2025,jam,2303
1111,09-05-2024,bottled water,2967
2117,02-05-2025,domestic eggs,573
1809,24-08-2025,margarine,4335
1779,26-11-2025,bananas,5875
1081,21-10-2024,newspapers,2675
1549,14-09-2024,cereal,1507
1167,01-12-2025,bottled water,2682
1316,12-11-2024,frozen vegetables,4782
1591,23-09-2024,canned beer,1648
1301,23-08-2025,root vegetables,2785
1251,20-12-2025,domestic eggs,2830
1535,17-09-2024,newspapers,1146
1695,12-01-2025,root vegetables,537
1237,25-07-2025,coffee,4154
1629,12-11-2024,citrus fruit,2189
1330,30-04-2024,citrus fruit,52
1371,02-04-2024,bottled water,441
1245,25-02-2025,newspapers,1911
1603,31-05-2024,beef,2737
1195,20-05-2024,newspapers,2448
1669,29-10-2025,white bread,1730
1774,18-01-2025,canned beer,5623
2000,23-10-2024,crackers,5734
1792,01-02-2025,salsa,2930
1871,25-02-2024,canned beer,599
1929,16-07-2024,newspapers,3010
1869,10-05-2024,pastry,4042
1449,17-09-2025,domestic eggs,1607
1809,24-08-2025,cat food,4335
1977,08-05-2024,root vegetables,565
1633,12-04-2025,brown bread,47
2072,23-07-2024,sausage,2936
1246,14-11-2024,newspapers,325
2183,01-03-2025,brown bread,3922
1833,09-06-2025,root vegetables,2607
1872,17-07-2024,pastry,3338
2098,01-12-2025,soda,1929
2019,07-08-2024,white bread,4143
1471,30-08-2024,dish detergent,3624
1751,28-10-2025,beef,4920
1523,04-02-2025,tropical fruit,479
1311,09-12-2025,cheese,4795
2156,23-06-2025,whole milk,3798
1961,04-02-2024,soda,1438
1037,05-11-2025,canned beer,3560
1406,25-04-2025,frankfurter,5182
2190,16-08-2024,canned beer,2954
1741,26-04-2025,tomato sauce,5541
1941,31-03-2024,whole milk,4008
1392,24-07-2025,margarine,172
1930,26-05-2024,sugar,433
1801,13-07-2024,root vegetables,3018
1041,08-12-2024,soda,2641
2006,18-12-2025,frozen vegetables,5615
1225,22-05-2024,chocolate,4087
1574,01-02-2025,citrus fruit,5052
1478,19-04-2025,root vegetables,4314
1800,01-06-2025,beef,3009
1812,17-11-2024,root vegetables,5778
2026,09-06-2025,margarine,4185
1837,17-11-2024,frankfurter,2336
1959,30-03-2024,domestic eggs,4667
1186,03-01-2025,canned beer,5651
2109,23-12-2024,citrus fruit,3068
1524,15-08-2025,chocolate,3779
1161,27-10-2025,chocolate,1049
1548,21-03-2025,salty snack,2599
1565,02-07-2024,root vegetables,5656
1653,25-02-2024,tortillas,1150
1532,30-07-2024,chocolate,5472
2102,12-08-2025,rolls/buns,5119
1181,23-12-2024,coffee,5491
1798,05-05-2024,root vegetables,2552
2191,19-08-2024,canned beer,5798
1207,25-09-2025,root vegetables,177
1893,07-10-2024,canned beer,3792
1915,05-01-2024,whole milk,5526
1465,15-07-2025,rolls/buns,2205
1942,14-08-2025,brown bread,5945
1786,13-07-2024,parmesan,3653
2006,27-03-2025,canned beer,1537
1233,28-09-2025,pastry,478
1571,04-02-2024,cheese,5079
2006,27-03-2025,salsa,1537
1218,09-05-2024,  FRANKFURTER,64
1633,02-09-2024,tortillas,4112
1276,05-12-2024,curd,3572
2133,28-10-2024,salsa,45
1939,16-09-2024,margarine,418
1273,02-11-2024,whole milk,5421
1351,01-11-2024,canned beer,5812
1868,27-05-2025,margarine,3632
1581,14-04-2024,white bread,3006
2028,03-01-2024,canned beer,2269
1061,25-09-2024,salty snack,887
1906,13-01-2024,frozen vegetables,2961
1775,06-07-2025,salty snack,1741
2102,10-11-2024,brown bread,414
1381,01-04-2024,margarine,5346
2010,05-03-2024,whole milk,5546
1684,08-10-2025,sausage,175
1221,12-03-2025,salty snack,422
1417,02-02-2024,canned beer,4751
1495,08-11-2024,chips,2792
1814,13-01-2024,pastry,4918
1285,23-05-2025,bottled water,3701
1782,24-02-2025,bottled water,3115
1653,25-02-2024,ground beef,1150
1289,18-09-2024,sausage,816
1991,16-01-2024,yogurt,3679
1350,15-12-2024,root vegetables,5347
1507,20-04-2025,beef,2563
1030,02-07-2025,whole milk,4380
1723,18-01-2025,newspapers,2346
1894,22-05-2025,curd,5213
1070,11-09-2024,canned beer,129
2100,30-01-2025,shopping bags,5869
1851,11-12-2024,salty snack,4310
1056,05-02-2025,canned beer,1984
1606,29-09-2025,canned beer,3663
1253,18-03-2025,root vegetables,4761
1873,23-09-2025,root vegetables,2622
1512,22-04-2025,root vegetables,1752
1766,26-09-2024,soda,3280
1637,03-08-2024,pastry,1366
1786,16-03-2024,domestic eggs,5707
2186,28-01-2024,chocolate,4527
1615,03-02-2025,root vegetables,535
1089,12-03-2025,crackers,2780
1889,16-09-2024,frozen vegetables,4340
1523,28-04-2024,brown bread,981
1230,06-10-2024,pip fruit,2870
1349,01-10-2025,  MARGARINE,5146
1864,21-01-2025,margarine,449
1059,22-07-2025,cheese,915
1204,12-11-2024,tropical fruit,5902
1651,28-05-2024,chocolate,1643
2050,17-01-2025,chocolate,68
1658,10-11-2025,margarine,2148
1546,27-09-2025,canned beer,2862
1360,24-10-2025,sugar,5701
1949,21-08-2024,tropical fruit,4333
1514,15-03-2025,domestic eggs,3539
1816,05-12-2024,canned beer,1459
1187,19-01-2024,jam,2403
1549,22-11-2024,ground beef,5898
1434,23-06-2025,canned beer,5642
2167,13-11-2025,white bread,4775
1559,27-07-2025,napkins,5635
1516,20-05-2025,frozen vegetables,4522
1897,07-11-2024,soda,2953
1859,24-09-2025,margarine,1061
1410,24-10-2025,margarine,5402
2090,20-02-2024,shopping bags,4873
1535,17-09-2024,canned beer,1146
1390,28-11-2024,whole milk,4758
2113,16-11-2025,coffee,3331
1205,16-07-2024,white bread,5032
1349,01-10-2025,domestic eggs,5146
1296,14-03-2025,  SHOPPING BAGS,4539
2192,21-11-2024,salsa,5587
1137,21-10-2025,pip fruit,1930
2158,30-01-2024,  DISH DETERGENT,5490
2073,15-06-2024,margarine,982
2001,03-05-2024,creamer,5015
1193,27-09-2024,sausage,10
2135,29-07-2025,rolls/buns,2441
1560,10-01-2024,whole milk,1705
1181,28-06-2024,chocolate,2716
1796,22-05-2024,citrus fruit,2922
1496,06-04-2025,margarine,128
1760,01-08-2024,bottled water,1935
1858,14-05-2025,root vegetables,5281
1916,16-06-2025,canned beer,2859
1897,09-05-2025,granola,1737
1494,16-02-2025,margarine,4778
1985,28-08-2025,whole milk,2888
1835,19-01-2024,sausage,2796
1126,15-04-2024,frankfurter,869
2090,02-09-2025,cat food,1832
1319,06-10-2024,margarine,2704
1556,01-10-2024,coffee,4372
1432,30-08-2025,canned beer,4512
2171,01-11-2025,beef,2439
1522,25-02-2025,margarine,4426
1903,09-07-2024,newspapers,181
1200,20-05-2024,newspapers,560
1008,20-05-2025,root vegetables,5408
1296,18-11-2025,white bread,4053
1106,24-01-2024,whole milk,1728
1113,21-01-2024,root vegetables,473
1726,01-02-2024,white bread,2333
1221,11-01-2024,margarine,2627
1567,13-01-2025,red wine,5159
2044,04-10-2025,citrus fruit,39
1328,14-03-2025,citrus fruit,4433
1532,29-04-2025,soda,3962
1847,22-03-2025,canned beer,2255
1457,17-03-2025,whole milk,3363
1160,04-04-2024,creamer,2804
1988,17-07-2024,pip fruit,1906
1893,16-07-2024,bottled water,231
1260,08-09-2024,paper towels,4840
1916,09-02-2024,salty snack,228
1978,03-01-2024,white bread,1158
1304,15-09-2024,citrus fruit,3369
1718,04-07-2024,root vegetables,1002
2120,10-11-2025,root vegetables,1714
2080,10-06-2024,canned beer,4483
2180,03-08-2025,granola,2668
1510,27-03-2024,hamburger meat,4533
1857,04-08-2025,canned beer,3134
1019,03-09-2025,newspapers,2326
2172,28-12-2025,canned beer,253
1685,13-04-2024,cat food,3660
1744,26-02-2025,canned beer,5488
1347,05-10-2025,cat food,2079
1291,22-10-2025,margarine,651
1651,20-11-2024,curd,466
2155,24-08-2025,sausage,2373
2106,26-11-2024,creamer,4066
1010,29-10-2025,coffee,4796
1516,22-12-2024,salty snack,2506
1435,04-08-2024,margarine,1548
1943,07-08-2024,cat food,297
1868,22-08-2024,white bread,326
2172,15-05-2024,bananas,3721
1588,24-06-2025,newspapers,4681
1457,17-03-2025,yogurt,3363
1359,04-11-2025,citrus fruit,2824
1031,29-02-2024,frozen vegetables,2692
1293,11-07-2024,margarine,2601
1536,24-03-2025,curd,2589
1850,26-07-2025,granola,5476
1526,27-02-2024,sausage,3985
1073,23-04-2025,shopping bags,2568
1621,26-01-2025,newspapers,1116
2005,16-02-2024,yogurt,1726
2042,28-08-2024,canned beer,5398
1565,25-03-2024,canned beer,2952
1994,20-01-2024,canned beer,641
1368,10-09-2024,root vegetables,1580
1390,01-07-2024,margarine,5013
1347,10-03-2024,margarine,4091
1895,10-02-2024,frozen vegetables,5187
1506,21-06-2025,pastry,4615
1564,12-02-2025,citrus fruit,179
1886,05-10-2025,paper towels,5980
1512,27-01-2024,root vegetables,1027
1155,25-05-2024,napkins,1896
1338,24-08-2025,canned beer,452
1682,22-06-2025,rolls/buns,5105
2151,03-12-2024,margarine,1088
2035,10-11-2025,pasta,4146
1262,09-11-2025,margarine,897
1645,14-01-2025,dish detergent,246
1177,03-07-2024,root vegetables,1971
1411,21-03-2024,chocolate,4220
1427,26-09-2024,ketchup,5622
1085,27-11-2024,curd,3568
1304,13-10-2025,soda,1535
1617,05-10-2025,canned beer,2927
1567,13-01-2025,ice cream,5159
2094,21-12-2025,hamburger meat,2959
1905,07-11-2025,curd,2392
1845,11-10-2025,paper towels,3466
1857,11-03-2024,domestic eggs,1389
1050,21-05-2024,rolls/buns,4330
1856,31-08-2025,shopping bags,5102
2033,04-08-2025,napkins,3278
1861,27-10-2024,white bread,662
1982,04-06-2024,creamer,594
1690,30-08-2024,tropical fruit,5223
1107,23-02-2025,citrus fruit,2976
1254,13-09-2025,bottled water,1527
1030,04-12-2024,margarine,5479
2080,20-02-2025,frankfurter,1069
1940,12-01-2024,yogurt,5464
1250,27-05-2024,root vegetables,365
1445,01-03-2025,rolls/buns,2182
1163,31-12-2024,domestic eggs,2609
1281,01-09-2025,granola,4198
1731,04-12-2025,tomato sauce,4217
1803,05-12-2025,shopping bags,4189
1814,18-12-2025,root vegetables,4450
2071,05-11-2024,canned beer,4724
1296,18-11-2024,sugar,1621
1836,21-07-2025,newspapers,4339
1215,17-05-2024,yogurt,2103
1897,21-06-2024,margarine,1321
1636,26-11-2025,butter,2713
1147,21-11-2025,parmesan,3782
1901,19-01-2025,citrus fruit,2316
1892,10-06-2024,margarine,2214
1099,17-02-2024,canned beer,2095
1353,11-11-2025,whole milk,3172
1402,19-12-2025,canned beer,2069
1332,26-06-2024,paper towels,1572
1622,29-02-2024,canned beer,166
1527,20-08-2024,bananas,421
1606,27-07-2025,frankfurter,31
1123,22-06-2024,newspapers,3301
1316,24-04-2024,  FRANKFURTER,4108
1304,01-05-2025,yogurt,4623
1888,17-10-2024,jam,921
1741,27-08-2025,chocolate,431
1659,17-02-2025,newspapers,4641
2055,13-11-2024,white bread,4344
1481,09-02-2025,newspapers,4445
1681,09-05-2024,bottled water,2965
1566,11-05-2025,tropical fruit,3528
1587,21-06-2024,margarine,2889
1803,02-05-2024,root vegetables,3787
2075,21-02-2024,beef,3208
1852,25-01-2024,dish detergent,2619
2073,15-06-2024,cereal,982
1792,01-02-2025,domestic eggs,2930
1734,06-10-2025,white bread,4384
1034,13-06-2025,domestic eggs,4281
1912,08-10-2025,whole milk,1495
1971,21-03-2025,frankfurter,3107
2193,07-03-2025,jam,947
1262,14-05-2025,whole milk,2452
1717,25-12-2025,salty snack,632
1028,05-07-2025,napkins,4044
1310,28-09-2025,bottled water,4846
1509,02-12-2025,cereal,5773
1896,03-06-2025,bottled water,12
2172,02-10-2025,sausage,3290
1963,21-08-2025,salty snack,1510
1766,26-09-2024,canned beer,3280
1793,09-02-2025,newspapers,2381
1135,03-03-2025,chocolate,5323
2035,10-11-2025,parmesan,4146
1490,02-09-2024,curd,5282
2091,14-06-2024,onions,2361
1658,19-08-2024,chocolate,1322
1300,20-01-2024,margarine,4430
1301,29-05-2025,margarine,1698
2011,03-04-2024,coffee,1963
1175,01-03-2024,citrus fruit,3689
1442,13-11-2024,bottled water,3719
1473,24-04-2025,whole milk,5487
1919,27-02-2024,cat food,3383
1782,23-12-2025,citrus fruit,773
1936,28-03-2025,  FRANKFURTER,3736
2181,07-04-2024,whole milk,184
1034,29-03-2025,frozen vegetables,3156
1065,07-09-2024,rolls/buns,3547
1316,24-04-2024,citrus fruit,2301
1882,11-11-2024,canned beer,2730
2057,31-12-2024,pastry,391
1878,05-11-2024,root vegetables,1179
1549,14-09-2024,cat food,1507
1738,21-04-2024,sausage,1543
2190,27-09-2024,tropical fruit,5342
1901,19-01-2025,pip fruit,2316
2056,22-08-2025,curd,5832
1823,20-07-2024,frozen vegetables,2634
1220,06-10-2025,  WHOLE MILK,5190
1881,23-10-2025,newspapers,5764
1772,09-09-2024,  MARGARINE,868
2134,06-11-2024,onions,849
1049,09-09-2024,brown bread,4283
1260,04-11-2025,margarine,953
1023,09-05-2025,pastry,3856
1723,05-02-2024,canned beer,4458
1845,09-10-2025,napkins,493
2036,24-05-2024,chocolate,1414
1833,04-08-2025,newspapers,4442
1939,19-05-2025,margarine,1101
1304,14-01-2024,pastry,4337
1003,24-02-2024,curd,1497
2071,05-11-2024,whole milk,4724
2002,19-10-2025,newspapers,4475
1805,19-03-2025,canned beer,2756
1696,05-02-2024,tropical fruit,2799
1345,08-11-2025,margarine,1355
1221,15-09-2024,newspapers,2808
1565,25-03-2024,chocolate,2952
1430,10-01-2025,canned beer,5666
1929,21-05-2025,newspapers,5720
1725,16-12-2024,newspapers,3173
1191,19-02-2024,root vegetables,3659
1515,06-06-2024,newspapers,2353
1362,23-05-2024,chocolate,2781
2088,26-08-2024,canned beer,3005
1188,25-07-2025,salty snack,3207
1101,06-02-2024,onions,5577
1060,12-01-2025,root vegetables,600
1472,07-02-2024,sugar,3161
1841,19-02-2025,shopping bags,5306
1774,18-01-2025,domestic eggs,5623
2074,19-04-2024,root vegetables,1608
1549,22-11-2024,tortillas,5898
1741,12-04-2024,domestic eggs,4041
1522,25-02-2025,citrus fruit,4426
1562,09-08-2025,bottled water,401
1995,09-05-2025,paper towels,2868
1237,25-07-2025,sugar,4154
1389,29-08-2024,bottled water,4620
1289,20-12-2024,bananas,5143
1131,26-01-2025,margarine,1454
2032,14-04-2025,whole milk,4871
1787,30-08-2025,chocolate,4349
1499,16-04-2024,dish detergent,24
1267,26-08-2024,white bread,5022
1732,18-06-2024,hamburger meat,3039
2126,30-01-2025,salsa,1259
1137,26-07-2025,sausage,5038
1846,04-12-2025,whole milk,3116
1478,15-11-2025,curd,3011
1470,25-02-2025,soda,3684
1748,05-05-2024,chocolate,169
2055,25-11-2025,yogurt,4137
1564,30-03-2025,whole milk,1000
2024,13-02-2024,citrus fruit,4218
2111,16-09-2025,newspapers,5538
1192,02-05-2024,bottled water,2019
1635,14-09-2024,citrus fruit,4291
1724,09-06-2024,newspapers,4037
2018,18-02-2024,root vegetables,1939
1420,08-07-2025,napkins,862
1194,11-02-2025,margarine,4573
1347,09-02-2024,frankfurter,2519
1912,25-08-2024,whole milk,182
1864,18-11-2024,white bread,2486
2110,19-05-2025,bottled water,1143
1260,02-10-2025,,2857
1812,08-09-2024,frankfurter,4798
1119,10-02-2025,cat food,5214
1096,24-05-2024,diapers,5774
1555,24-09-2025,dish detergent,4207
1538,12-12-2025,cheese,4876
1805,26-02-2024,canned beer,1940
2107,03-10-2024,yogurt,5733
1833,17-06-2024,sugar,1564
2174,08-06-2024,granola,5612
1593,14-02-2025,citrus fruit,1377
1549,14-09-2024,ice cream,1507
1460,01-05-2025,onions,927
2106,30-01-2024,cereal,5107
1476,03-04-2025,soda,4399
2145,05-06-2024,margarine,5777
2073,21-03-2024,whole milk,4
1198,10-11-2025,frankfurter,5172
1564,12-02-2025,newspapers,179
1439,26-04-2025,crackers,3008
1189,29-03-2024,red wine,4756
1689,23-03-2024,  ONIONS,2149
2008,18-09-2024,curd,2809
1901,12-10-2025,pasta,4726
1988,26-04-2025,canned beer,2881
1523,26-06-2025,canned beer,3452
2138,25-11-2025,cat food,4904
1019,21-12-2025,rolls/buns,376
1558,04-10-2024,canned beer,2038
1958,28-02-2025,shopping bags,767
1861,05-11-2025,white bread,3071
1609,19-02-2024,frankfurter,3286
1721,24-03-2025,pastry,775
1687,11-12-2025,frozen vegetables,838
1064,24-11-2024,margarine,3232
1328,25-11-2025,butter,2729
1040,03-05-2025,bottled water,5952
2162,19-06-2025,  FRANKFURTER,2900
1334,14-03-2025,frozen vegetables,3662
1721,24-03-2025,citrus fruit,775
2177,18-04-2025,canned beer,1603
1281,12-04-2024,canned beer,1614
1181,09-05-2025,pip fruit,3458
1442,26-12-2024,domestic eggs,692
1136,08-12-2025,frozen vegetables,4944
1243,04-06-2025,citrus fruit,4420
1512,24-06-2025,frozen vegetables,1070
1775,23-09-2024,sausage,1829
2101,30-08-2025,crackers,1750
1014,20-09-2025,chocolate,5171
1089,11-05-2024,cereal,4222
2007,31-12-2024,sausage,2907
1751,28-10-2025,napkins,4920
1064,07-11-2025,white bread,310
1306,18-04-2024,rolls/buns,3917
1997,17-02-2025,white bread,2226
1561,03-12-2025,cereal,2507
2024,13-02-2024,canned beer,4218
1354,05-06-2024,canned beer,1814
1360,21-11-2024,  NEWSPAPERS,1030
1222,18-02-2024,margarine,3326
1621,26-01-2025,rolls/buns,1116
1512,25-08-2025,frozen vegetables,2384
1848,15-12-2024,rolls/buns,4931
1289,20-12-2024,dish detergent,5143
1870,18-12-2025,newspapers,4352
1619,02-02-2024,citrus fruit,5200
1532,14-01-2024,curd,4900
2095,24-02-2024,butter,5345
1243,28-03-2025,bottled water,5478
1096,29-05-2024,root vegetables,2284
2149,28-02-2025,root vegetables,4436
1633,14-07-2024,rolls/buns,220
1822,03-08-2025,pastry,4644
1487,07-11-2024,ground beef,2571
2065,21-10-2024,pip fruit,2442
1154,01-03-2024,rolls/buns,3508
1414,10-10-2025,,2347
1394,24-08-2025,tropical fruit,4429
1302,16-09-2024,beef,4011
1934,14-04-2024,root vegetables,5364
1795,29-04-2024,whole milk,3374
1128,06-10-2024,chips,4901
2017,01-09-2025,whole milk,4004
1818,25-09-2024,margarine,5809
1902,03-12-2024,soda,2199
1430,30-08-2025,newspapers,4404
1777,14-06-2025,whole milk,5978
1433,08-05-2025,chocolate,2200
1043,17-03-2024,bottled water,415
1409,07-08-2025,bottled water,1147
1860,01-04-2025,frankfurter,2185
1222,18-02-2024,domestic eggs,3326
2157,14-01-2025,whole milk,813
1237,15-06-2024,frozen vegetables,2512
1264,23-12-2025,citrus fruit,2893
1296,02-08-2024,whole milk,2696
1381,04-06-2025,chocolate,702
1693,10-03-2024,root vegetables,2508
2027,25-02-2024,canned beer,3686
1247,08-12-2024,margarine,4243
1899,02-01-2024,tomato sauce,5012
1050,20-07-2024,butter,4160
1845,10-02-2025,margarine,5150
1925,31-01-2025,  SODA,2444
2016,05-02-2025,citrus fruit,2612
1382,21-03-2025,tortillas,2629
2122,25-03-2024,ketchup,3129
1901,23-09-2025,curd,2960
1878,05-11-2024,salsa,1179
1268,22-04-2024,sausage,1994
1295,24-01-2024,sugar,207
1272,17-04-2025,bottled water,5696
1827,19-08-2025,canned beer,2417
1654,05-01-2025,white bread,4598
1004,16-04-2025,frozen vegetables,3512
1933,16-03-2025,diapers,2063
1079,15-06-2024,salsa,3142
1703,08-06-2025,parmesan,1818
2117,22-11-2024,yogurt,3447
1589,05-06-2025,root vegetables,5129
1950,28-04-2024,tortillas,206
1704,19-04-2025,canned beer,5575
2022,13-12-2024,whole milk,1775
1195,29-11-2025,frankfurter,709
2015,10-08-2024,shopping bags,4467
1123,24-06-2025,sausage,4390
1006,16-03-2025,domestic eggs,2194
1108,24-11-2024,sausage,2851
1189,21-04-2025,chocolate,942
1215,30-07-2025,pip fruit,5995
1255,22-07-2025,newspapers,2369
1880,03-12-2025,onions,677
1952,08-12-2024,frozen vegetables,5095
1155,02-08-2024,canned beer,3084
1774,10-12-2025,root vegetables,4165
2038,13-04-2024,onions,2714
1692,21-05-2025,rolls/buns,2163
1787,14-08-2024,salty snack,3982
2151,15-07-2024,newspapers,1924
1505,16-06-2024,margarine,1256
1630,28-12-2025,frankfurter,1261
1332,15-01-2024,hamburger meat,3652
1342,08-10-2025,margarine,4992
1636,14-04-2024,white bread,1655
1309,15-12-2024,brown bread,556
2105,14-07-2025,cheese,1120
1297,24-12-2025,sausage,2438
1755,29-04-2025,soda,2751
1939,19-05-2025,citrus fruit,1101
1687,21-04-2024,newspapers,4060
1945,30-03-2025,whole milk,4599
2020,21-02-2024,frankfurter,4838
1580,28-06-2024,margarine,279
2016,26-08-2024,citrus fruit,4415
2020,09-12-2024,margarine,3263
1026,07-04-2025,rolls/buns,654
1387,09-01-2024,pastry,1263
1541,27-05-2025,butter,1274
1593,14-02-2025,,1377
2032,21-12-2024,bananas,1908
1549,22-11-2024,domestic eggs,5898
2120,11-02-2024,crackers,3041
1584,27-09-2025,canned beer,5429
1320,14-12-2024,beef,60
1165,10-09-2024,coffee,7
1353,15-02-2025,root vegetables,5370
1873,14-06-2024,white bread,132
1782,23-12-2025,whole milk,773
1806,06-09-2024,salsa,4241
1733,19-07-2025,canned beer,3601
1754,03-04-2024,canned beer,4391
1463,05-08-2024,crackers,4863
1954,05-01-2024,citrus fruit,969
2184,21-09-2025,frankfurter,2955
1106,26-03-2025,white bread,4979
2134,23-08-2025,root vegetables,5586
1646,16-03-2024,cereal,3019
1260,15-04-2024,ketchup,5957
1826,25-01-2025,butter,754
2013,16-04-2024,white bread,313
1805,15-04-2025,paper towels,3221
1416,17-03-2024,white bread,917
1624,27-07-2025,canned beer,3050
1164,30-10-2024,  BANANAS,3287
1331,03-01-2024,canned beer,5929
2041,30-09-2024,canned beer,5507
1062,23-01-2025,whole milk,5641
1068,05-08-2024,yogurt,2290
1538,09-05-2025,root vegetables,5232
1077,15-02-2024,canned beer,5694
1170,07-04-2024,whole milk,2908
1173,03-11-2024,margarine,1359
1180,20-11-2024,granola,4068
2172,27-05-2025,curd,1473
1699,14-08-2024,curd,336
2147,13-02-2025,newspapers,107
1610,07-01-2024,newspapers,1678
1816,16-10-2024,canned beer,885
1893,04-09-2024,whole milk,5626
1989,11-05-2025,citrus fruit,1447
1251,17-11-2024,paper towels,779
2017,01-09-2025,canned beer,4004
2149,28-02-2025,frankfurter,4436
1399,07-10-2025,white bread,4497
2087,21-07-2025,paper towels,4362
1896,25-01-2024,salsa,33
1178,06-03-2025,tropical fruit,2318
2078,08-02-2025,salsa,1065
1250,16-03-2025,rolls/buns,3485
1233,19-09-2024,rolls/buns,5157
1036,18-07-2024,yogurt,4680
2111,16-09-2025,hamburger meat,5538
1537,02-10-2025,soda,5294
1320,21-05-2024,pasta,3939
1299,20-04-2024,domestic eggs,3535
1006,11-01-2025,napkins,1891
1741,12-04-2024,root vegetables,1316
1046,01-06-2024,frozen vegetables,4105
1290,18-05-2025,paper towels,1361
1250,03-07-2024,root vegetables,4484
2020,21-02-2024,onions,4838
1840,28-08-2025,curd,4358
1774,25-11-2025,,2377
1630,08-09-2024,soda,1024
1605,30-09-2025,frozen vegetables,5617
1513,28-03-2025,canned beer,3948
1535,18-10-2025,newspapers,399
1618,14-09-2024,sausage,1506
1216,13-02-2024,margarine,359
1577,21-03-2024,canned beer,2431
1573,18-02-2025,frankfurter,4205
1646,07-03-2024,root vegetables,5034
1475,24-10-2025,whole milk,2591
1274,06-11-2025,sausage,3141
1138,28-12-2024,frankfurter,5861
1522,25-02-2025,salsa,4426
1395,12-06-2024,tropical fruit,2435
1627,23-12-2025,beef,3000
1184,26-03-2025,whole milk,5418
1050,21-05-2024,jam,4330
1751,20-02-2024,white bread,5930
1159,22-07-2025,rolls/buns,836
1306,07-10-2025,canned beer,676
1337,02-08-2025,paper towels,3341
1899,23-02-2024,domestic eggs,606
1395,12-06-2024,diapers,2435
1340,22-01-2025,frankfurter,4274
1077,04-09-2024,frankfurter,4834
1443,08-04-2025,butter,1278
2146,10-11-2025,root vegetables,2082
1752,07-11-2024,sausage,3418
2138,25-11-2025,canned beer,4904
1094,06-02-2024,shopping bags,2652
1678,23-03-2025,white bread,5858
1003,13-04-2025,canned beer,5475
1800,01-06-2025,domestic eggs,3009
2082,02-06-2024,white bread,1052
1193,13-05-2025,soda,2011
2018,18-02-2024,margarine,1939
2044,05-05-2024,hamburger meat,1292
1377,06-02-2025,salty snack,2294
2098,19-11-2025,root vegetables,944
1165,10-09-2024,white bread,7
1730,25-10-2025,citrus fruit,1309
1125,11-12-2024,margarine,1425
1782,23-12-2025,curd,773
1664,09-09-2024,frozen vegetables,3438
1336,09-07-2024,citrus fruit,2461
2079,21-10-2024,napkins,4139
1003,24-02-2024,whole milk,1497
1299,07-02-2024,jam,2098
1023,19-11-2025,citrus fruit,198
1875,29-12-2024,frozen vegetables,1569
1520,05-11-2025,citrus fruit,4275
1081,06-05-2024,salty snack,5457
1036,21-11-2024,newspapers,4351
1575,06-10-2025,shopping bags,3175
1636,24-01-2024,pastry,5685
1840,27-04-2025,domestic eggs,4709
1739,09-06-2025,domestic eggs,2977
1940,29-10-2024,  WHOLE MILK,4547
1188,18-11-2024,rolls/buns,2836
1562,03-10-2025,bottled water,4178
1827,19-08-2025,red wine,2417
1312,24-05-2025,margarine,1977
1143,27-11-2024,salsa,1385
1416,11-06-2024,citrus fruit,2083
1507,20-04-2025,bottled water,2563
1165,31-05-2024,margarine,3316
1763,11-09-2024,diapers,4897
2001,03-05-2024,  COFFEE,5015
1282,10-02-2025,white bread,3677
1735,07-01-2025,cereal,1105
1122,18-01-2024,citrus fruit,4879
1814,07-04-2025,bottled water,1876
1682,21-02-2024,root vegetables,5239
1765,11-09-2024,  SAUSAGE,208
1858,18-07-2024,margarine,3676
1367,03-05-2024,newspapers,2734
1786,04-01-2025,salsa,3003
1708,26-02-2024,cat food,3746
1199,01-09-2025,white bread,4387
2191,19-08-2024,soda,5798
1526,24-02-2024,domestic eggs,2145
1017,27-05-2024,beef,5160
1477,24-05-2024,root vegetables,5349
1016,11-03-2025,canned beer,464
1491,11-02-2025,root vegetables,3987
1106,30-05-2024,chocolate,2106
1241,27-07-2024,canned beer,3585
1329,28-09-2024,cereal,4734
1916,18-08-2024,white bread,4321
1718,07-07-2024,root vegetables,192
1277,30-04-2025,ground beef,517
1169,26-07-2025,whole milk,4147
1199,30-09-2025,soda,4024
1915,09-10-2024,citrus fruit,924
1669,06-01-2024,frozen vegetables,2052
1240,05-09-2024,soda,3596
1194,13-12-2024,whole milk,5280
1323,27-11-2024,tropical fruit,1765
1216,02-07-2024,canned beer,2642
2184,29-06-2024,butter,5697
2182,10-03-2024,brown bread,5371
1375,23-02-2024,canned beer,3758
2060,04-05-2024,salty snack,3410
1344,25-11-2025,chocolate,1784
1052,27-03-2024,jam,3749
1598,13-09-2024,canned beer,968
1461,28-10-2025,canned beer,1986
1239,24-10-2025,tomato sauce,136
1678,23-03-2025,sausage,5858
1141,07-12-2024,brown bread,3460
1886,25-09-2025,parmesan,4489
1181,22-09-2024,bottled water,3668
1531,04-06-2025,canned beer,2904
1260,28-08-2024,citrus fruit,1491
1431,10-03-2025,parmesan,4832
1527,01-07-2025,ground beef,795
1764,04-03-2025,canned beer,2973
2078,26-05-2024,granola,2450
1996,22-08-2025,curd,2990
1475,24-10-2025,jam,2591
1728,15-12-2025,bottled water,1387
1291,05-07-2024,chocolate,4251
2149,10-03-2024,white bread,1148
1080,19-01-2024,margarine,3992
1128,25-08-2025,hamburger meat,1595
1622,29-02-2024,hamburger meat,166
1632,21-11-2024,chocolate,3759
1019,19-01-2024,root vegetables,1952
1063,06-02-2025,pastry,3461
1033,06-05-2025,whole milk,4880
1006,09-07-2024,canned beer,4141
1953,13-04-2024,margarine,4393
1814,13-07-2024,rolls/buns,563
2104,05-01-2025,margarine,409
1361,18-08-2024,frankfurter,2039
1949,26-01-2024,root vegetables,2445
1993,13-08-2025,newspapers,5991
2051,22-06-2025,whole milk,4903
2171,22-10-2025,frankfurter,3408
1029,26-12-2025,canned beer,4829
1526,01-07-2025,margarine,1499
1809,24-08-2025,frozen vegetables,4335
1734,10-08-2025,frozen vegetables,3097
1713,02-05-2025,butter,3582
2138,25-11-2025,jam,4904
2147,03-05-2024,domestic eggs,3775
1794,20-06-2025,canned beer,5782
2089,13-05-2024,ketchup,1383
1117,16-11-2024,domestic eggs,4402
1823,25-07-2025,diapers,653
1116,04-03-2024,salsa,5657
2123,30-03-2024,dish detergent,291
1589,25-01-2025,pastry,1136
1882,08-08-2025,newspapers,5807
1836,04-12-2024,coffee,3729
1955,05-12-2024,pastry,3977
2139,21-08-2024,canned beer,3862
1683,06-09-2025,root vegetables,4259
1568,26-09-2025,whole milk,4605
1272,07-07-2025,whole milk,3206
1448,20-10-2025,frozen vegetables,1001
1629,14-06-2024,bottled water,4354
1931,19-03-2025,root vegetables,5455
1566,11-05-2025,white bread,3528
1294,17-12-2025,root vegetables,735
1932,30-12-2025,root vegetables,697
2000,10-12-2024,citrus fruit,4366
1081,23-08-2024,beef,4745
1522,01-09-2025,white bread,2488
1459,15-03-2024,domestic eggs,1692
1688,17-10-2024,frankfurter,157
1636,14-04-2024,bottled water,1655
1903,13-07-2024,rolls/buns,715
2137,14-03-2024,frozen vegetables,3362
1079,15-06-2024,onions,3142
1140,11-03-2024,paper towels,3762
1501,15-09-2024,cat food,2923
1684,01-10-2024,frozen vegetables,5625
1816,15-09-2024,citrus fruit,2823
1322,27-11-2024,shopping bags,1241
1319,22-06-2024,salty snack,3831
2120,11-02-2024,canned beer,3041
1663,14-04-2024,tomato sauce,383
1525,21-01-2024,frozen vegetables,3842
1781,15-11-2025,domestic eggs,462
1470,20-12-2025,parmesan,2480
1646,16-03-2024,white bread,3019
1583,29-02-2024,frozen vegetables,4657
1715,29-11-2024,frankfurter,4172
1077,27-10-2024,cereal,2517
1239,24-10-2025,frankfurter,136
1080,07-09-2025,tropical fruit,3114
1003,24-02-2024,onions,1497
1466,13-02-2025,whole milk,17
1491,11-02-2025,canned beer,3987
1304,14-01-2024,citrus fruit,4337
2124,21-05-2024,canned beer,3210
1545,28-05-2025,curd,588
1029,17-06-2024,  FRANKFURTER,2044
1427,04-07-2024,creamer,1585
1711,22-04-2024,root vegetables,5522
1883,12-01-2025,tomato sauce,5906
1389,13-02-2025,frankfurter,4305
1361,01-09-2025,canned beer,762
2155,25-03-2024,chocolate,2023
1530,22-01-2024,margarine,3710
1071,19-09-2025,newspapers,2112
2094,08-04-2025,citrus fruit,5060
1607,31-05-2024,canned beer,748
1565,31-08-2025,bottled water,4715
1488,28-02-2024,,122
2179,22-03-2025,curd,3504
1795,14-03-2024,paper towels,4050
1793,12-11-2024,shopping bags,2650
1047,22-04-2024,canned beer,4995
2003,11-10-2025,root vegetables,320
1472,19-01-2024,coffee,4150
1689,23-03-2024,frankfurter,2149
1979,09-12-2025,parmesan,1910
2124,02-02-2024,margarine,425
1517,04-02-2025,citrus fruit,1839
2184,21-09-2025,dish detergent,2955
1573,26-11-2024,sausage,4003
1064,19-03-2024,root vegetables,3990
2073,15-04-2025,margarine,655
1828,06-01-2025,root vegetables,2520
2199,30-07-2024,chocolate,205
1321,05-03-2025,newspapers,1460
2068,03-03-2025,ground beef,5011
1685,25-07-2025,canned beer,2358
1708,26-02-2024,curd,3746
1427,13-05-2025,cereal,786
1969,20-07-2024,jam,1320
1453,04-10-2025,onions,3094
1094,04-04-2025,chocolate,3516
1537,21-02-2024,root vegetables,3707
2060,31-05-2024,white bread,1528
1031,08-11-2024,salty snack,4852
1726,10-10-2025,sugar,1073
1396,30-03-2024,  CHOCOLATE,357
1278,27-09-2025,tortillas,2032
1190,13-12-2024,margarine,5885
2147,05-11-2025,white bread,681
1690,22-03-2025,sausage,1981
2090,29-10-2024,citrus fruit,3113
2016,20-11-2025,canned beer,1806
1828,24-04-2025,,2391
1939,27-06-2024,chocolate,701
1319,05-08-2025,onions,1736
1639,27-09-2025,citrus fruit,1553
1412,17-12-2025,  SALTY SNACK,4023
1271,26-03-2024,newspapers,4831
1342,30-08-2025,canned beer,3724
1897,24-08-2024,margarine,2814
2017,14-02-2024,newspapers,4746
1140,10-07-2024,margarine,799
1027,18-09-2025,whole milk,3174
1038,15-10-2024,beef,1563
1957,05-02-2024,frozen vegetables,5944
1053,20-10-2024,frozen vegetables,4538
1096,29-05-2024,canned beer,2284
1612,16-04-2025,sausage,4856
1534,20-07-2025,soda,3073
1487,16-10-2024,canned beer,5604
1473,24-04-2025,shopping bags,5487
1765,11-09-2024,sausage,208
1646,16-03-2024,whole milk,3019
2080,08-01-2025,brown bread,49
1269,13-12-2024,root vegetables,2221
1067,21-09-2025,root vegetables,3159
1310,21-11-2025,citrus fruit,4190
1328,25-11-2025,citrus fruit,2729
1221,22-02-2024,frozen vegetables,2665
1119,11-09-2024,brown bread,901
1638,10-02-2025,root vegetables,1766
2083,25-01-2025,frankfurter,5318
1346,02-09-2024,onions,1633
1166,30-12-2024,whole milk,2447
1665,02-12-2025,domestic eggs,3384
1797,03-11-2024,bottled water,3070
1923,06-11-2024,canned beer,2648
1392,25-12-2025,chips,1629
1342,30-08-2025,diapers,3724
1896,07-02-2025,granola,3307
2021,16-02-2024,ground beef,5436
1558,12-04-2024,frankfurter,273
1532,08-02-2025,paper towels,1485
1937,08-03-2025,citrus fruit,2057
2036,24-05-2024,creamer,1414
1385,24-10-2024,root vegetables,1306
1619,24-01-2025,margarine,2407
1031,15-09-2024,sugar,4231
1558,08-06-2025,frozen vegetables,5557
1447,11-02-2024,beef,4815
1779,15-03-2025,cheese,1151
2087,01-11-2024,pip fruit,5600
1334,18-06-2025,white bread,2970
1356,31-05-2025,pip fruit,5070
1192,22-09-2025,frankfurter,3784
1822,01-03-2024,shopping bags,5746
2084,17-11-2024,paper towels,430
1071,06-10-2025,tomato sauce,380
1070,11-09-2024,citrus fruit,129
1666,19-06-2024,chocolate,1677
1933,29-04-2025,paper towels,5162
2164,26-02-2024,granola,3683
1214,09-05-2024,tropical fruit,4446
1926,15-09-2025,domestic eggs,4525
1820,03-10-2024,pastry,1078
1951,31-01-2025,dish detergent,1652
1614,15-09-2024,paper towels,2525
2141,22-07-2025,sausage,3254
1388,07-09-2025,margarine,4542
1180,12-04-2024,salsa,581
1789,19-03-2025,newspapers,717
2153,17-08-2024,domestic eggs,56
2015,15-11-2024,salsa,3699
1639,01-04-2025,ketchup,5884
1324,23-01-2025,soda,4851
1831,25-10-2024,rolls/buns,923
1769,22-11-2025,curd,1666
1791,28-07-2024,pastry,2556
1370,01-06-2025,beef,1087
1436,08-07-2025,canned beer,1582
2160,28-07-2025,ground beef,294
1943,18-01-2025,whole milk,5078
1063,14-10-2025,canned beer,4413
1811,01-01-2024,onions,5090
1447,10-11-2024,red wine,4982
1480,09-01-2024,brown bread,1283
1537,25-05-2024,cereal,4727
1924,22-02-2025,beef,3576
1612,18-01-2025,bottled water,1550
2110,28-10-2024,cereal,5908
1404,01-12-2024,yogurt,2702
1837,20-12-2024,newspapers,1922
1329,08-09-2024,white bread,4016
2092,10-06-2024,napkins,1667
2117,10-04-2024,  FROZEN VEGETABLES,4781
2145,13-05-2025,yogurt,362
1390,28-09-2025,crackers,4056
2069,10-06-2024,ketchup,5113
1892,17-04-2025,frankfurter,496
1339,07-01-2025,bottled water,957
1384,03-02-2024,root vegetables,994
1833,09-06-2025,domestic eggs,2607
2172,28-12-2025,white bread,253
1308,20-05-2024,pastry,4581
1659,17-02-2025,canned beer,4641
1179,02-09-2024,canned beer,2845
1691,17-01-2025,soda,65
1279,18-01-2024,rolls/buns,3645
1505,12-04-2024,frozen vegetables,4549
1241,27-07-2024,newspapers,3585
1311,24-08-2024,newspapers,3636
1296,20-08-2025,pip fruit,5988
2076,20-03-2024,pasta,4577
2148,14-06-2025,newspapers,3126
1440,02-08-2025,beef,5054
1658,07-05-2025,canned beer,1530
2007,29-07-2024,canned beer,3929
2115,22-01-2025,hamburger meat,1212
1428,21-07-2024,bottled water,930
1123,04-09-2024,paper towels,2183
2117,22-11-2024,hamburger meat,3447
2179,27-05-2025,newspapers,1025
1425,08-03-2024,frozen vegetables,328
1755,04-01-2025,canned beer,5292
1858,07-03-2025,margarine,2767
1553,09-05-2025,frankfurter,3997
1122,21-11-2024,canned beer,2355
1023,20-03-2024,canned beer,2302
1429,12-11-2025,paper towels,3836
1723,05-02-2024,white bread,4458
1859,22-05-2024,onions,1745
2140,17-08-2024,parmesan,3168
1471,17-12-2024,newspapers,3238
1690,22-03-2025,bottled water,1981
1087,16-05-2025,shopping bags,4052
1943,08-06-2025,newspapers,5643
2186,28-01-2024,whole milk,4527
1581,15-10-2025,bananas,4868
1348,03-06-2024,pastry,398
2063,31-10-2025,,5933
1387,09-01-2024,canned beer,1263
1439,07-08-2024,frozen vegetables,1853
1394,09-09-2024,soda,1854
2041,18-05-2024,bottled water,1912
2174,08-06-2024,root vegetables,5612
2081,28-05-2025,canned beer,2067
1633,12-04-2025,shopping bags,47
1131,26-01-2025,root vegetables,1454
2076,20-03-2024,tomato sauce,4577
1299,21-11-2024,salsa,2481
1461,28-10-2025,shopping bags,1986
1648,25-10-2024,whole milk,1122
1089,12-03-2025,parmesan,2780
1143,04-08-2025,pastry,983
1891,09-08-2024,canned beer,3617
1545,28-07-2025,,4550
1155,08-06-2025,frankfurter,4414
1679,01-05-2025,margarine,1694
1859,31-03-2025,,27
1387,09-01-2024,whole milk,1263
1631,20-08-2025,frozen vegetables,1318
1916,18-08-2024,domestic eggs,4321
1005,23-06-2025,pasta,4872
1008,15-05-2024,citrus fruit,753
1460,01-05-2025,yogurt,927
1538,20-04-2024,canned beer,3304
1166,30-05-2024,chips,2338
1776,09-08-2025,creamer,5359
1851,11-12-2024,white bread,4310
1730,25-10-2025,margarine,1309
1152,17-06-2024,white bread,5904
1295,24-01-2024,citrus fruit,207
1497,04-12-2024,whole milk,1592
1824,14-08-2025,creamer,4634
1876,15-11-2024,domestic eggs,2890
1923,06-11-2024,soda,2648
1097,20-10-2025,tomato sauce,970
1180,20-11-2024,newspapers,4068
1930,15-01-2025,newspapers,829
1389,15-05-2024,sausage,1870
1952,11-07-2024,frozen vegetables,4669
1566,22-03-2025,margarine,4376
2012,31-10-2024,margarine,4061
1701,07-12-2025,whole milk,460
1895,10-02-2024,bottled water,5187
1681,04-09-2024,root vegetables,3534
1139,22-03-2025,paper towels,3680
2130,19-03-2025,frankfurter,664
1875,08-07-2025,citrus fruit,4822
1687,18-06-2025,chocolate,864
1856,26-01-2025,margarine,1740
1432,30-08-2025,whole milk,4512
1607,14-07-2024,rolls/buns,4810
1644,14-12-2025,root vegetables,3373
1220,29-08-2025,white bread,4757
1564,12-02-2025,cereal,179
1094,06-02-2024,tropical fruit,2652
1548,21-03-2025,rolls/buns,2599
1584,27-09-2025,margarine,5429
1498,25-02-2024,tropical fruit,3382
1057,07-07-2024,tropical fruit,5691
1719,18-11-2024,ice cream,1013
1986,10-08-2025,yogurt,3063
1748,01-08-2025,chocolate,2051
1598,18-08-2024,frankfurter,4284
1151,06-04-2025,canned beer,2165
1458,14-07-2025,canned beer,5317
2149,27-09-2025,curd,4078
2078,08-02-2025,white bread,3108
1708,18-12-2025,white bread,809
1738,17-10-2025,ice cream,4149
1496,11-05-2025,bottled water,2433
1988,04-07-2024,whole milk,309
1163,31-12-2024,newspapers,2609
1232,08-06-2025,pasta,2598
1775,26-11-2025,curd,5665
1413,14-01-2024,domestic eggs,696
1362,23-05-2024,root vegetables,2781
1659,17-02-2025,bottled water,4641
1571,18-07-2025,newspapers,1269
1435,04-08-2024,canned beer,1548
1510,09-05-2024,whole milk,1811
1693,23-10-2025,root vegetables,1881
1292,19-04-2024,rolls/buns,254
1410,12-04-2024,sausage,518
1658,10-11-2025,newspapers,2148
1939,07-08-2024,shopping bags,2177
1247,14-08-2024,frozen vegetables,1919
1156,15-06-2024,canned beer,1907
1571,04-02-2024,newspapers,5079
1565,30-05-2024,domestic eggs,3314
1265,02-03-2024,cereal,582
1271,13-05-2024,salty snack,4148
1216,02-07-2024,newspapers,2642
2173,30-04-2024,paper towels,3121
1205,29-05-2025,granola,2401
2192,02-07-2025,whole milk,5088
1177,26-07-2025,white bread,4797
1447,10-11-2024,margarine,4982
1350,14-10-2024,margarine,3858
2134,06-11-2024,margarine,849
1858,07-03-2025,dish detergent,2767
1166,30-12-2024,cereal,2447
1446,12-11-2025,dish detergent,2105
2060,31-05-2024,jam,1528
2178,09-03-2024,frankfurter,2988
1447,10-11-2024,crackers,4982
1709,29-12-2024,tomato sauce,272
1443,08-04-2025,curd,1278
1977,10-12-2024,tropical fruit,3133
1565,30-06-2024,newspapers,1132
1829,19-08-2025,bottled water,1009
2053,04-06-2024,bottled water,5814
1123,01-12-2024,newspapers,2491
1899,15-04-2025,shopping bags,2413
1848,17-01-2025,margarine,2138
1203,04-04-2024,whole milk,2153
1418,07-10-2025,canned beer,504
1537,21-02-2024,bottled water,3707
1430,10-01-2025,margarine,5666
1691,12-06-2024,yogurt,1060
1488,28-02-2024,frozen vegetables,122
1709,29-12-2024,salsa,272
1116,20-03-2025,paper towels,5424
1045,05-11-2024,whole milk,800
2159,14-08-2024,bottled water,3229
1320,20-03-2024,frankfurter,5041
1979,06-03-2024,root vegetables,2706
2196,16-07-2024,white bread,2283
2078,14-11-2025,soda,1552
1236,05-09-2025,citrus fruit,3604
2058,22-09-2025,,3335
1621,20-09-2025,rolls/buns,4596
1456,07-12-2025,frankfurter,1144
1901,30-09-2025,pip fruit,3407
1313,12-01-2025,root vegetables,989
1689,02-12-2025,bottled water,1329
1413,14-01-2024,root vegetables,696
1651,20-11-2024,citrus fruit,466
1021,07-12-2025,root vegetables,3258
1536,09-03-2024,cereal,3586
2155,25-03-2024,white bread,2023
1746,19-11-2025,frankfurter,5221
1682,22-06-2025,sausage,5105
1042,14-04-2024,napkins,3812
1823,27-09-2025,soda,3999
1375,22-09-2024,curd,2371
1440,11-07-2025,napkins,2203
1871,25-02-2024,margarine,599
1085,27-11-2024,beef,3568
1304,14-01-2024,curd,4337
1292,05-05-2024,canned beer,3901
1809,22-11-2025,ketchup,4855
1085,07-01-2024,curd,2672
1150,19-09-2024,margarine,5225
1381,01-04-2024,bottled water,5346
1862,21-07-2024,dish detergent,2007
1011,09-01-2024,white bread,4343
1470,25-03-2024,margarine,5338
1957,15-08-2025,napkins,4130
1043,17-07-2025,butter,3365
1659,01-03-2024,onions,3132
1228,07-04-2024,pasta,1126
1645,02-04-2024,root vegetables,4875
2116,28-01-2024,canned beer,4938
1486,12-05-2024,pip fruit,2865
1192,02-05-2024,canned beer,2019
1985,28-08-2025,salsa,2888
1144,02-05-2024,salty snack,2317
1889,26-03-2024,canned beer,4183
1975,09-11-2025,granola,2843
1327,08-05-2025,margarine,3153
1959,30-03-2024,citrus fruit,4667
1157,19-05-2025,whole milk,2310
1875,26-05-2025,margarine,4261
1834,03-12-2025,whole milk,2616
2000,31-07-2025,sausage,5705
1642,26-09-2024,canned beer,4188
1975,23-05-2024,margarine,4576
2057,27-10-2024,newspapers,4866
1244,07-12-2025,chips,1068
1021,16-06-2025,root vegetables,4610
1340,22-01-2025,canned beer,4274
2038,18-07-2024,bottled water,3149
1262,07-04-2024,yogurt,37
1755,26-08-2024,cat food,5245
1627,10-12-2024,hamburger meat,1339
1491,04-05-2024,canned beer,5664
2031,05-03-2025,margarine,4432
1812,20-09-2025,paper towels,5108
1151,06-04-2025,onions,2165
1220,28-03-2024,salsa,4439
1149,18-12-2024,whole milk,2938
2113,28-01-2024,root vegetables,4954
1829,18-11-2024,frozen vegetables,5739
2072,04-11-2024,salty snack,670
1649,04-03-2024,bottled water,0
2161,20-07-2024,frozen vegetables,951
1826,25-01-2025,white bread,754
1493,05-02-2025,bottled water,1662
1126,21-02-2024,margarine,2473
2153,03-05-2024,brown bread,826
1415,01-10-2025,bottled water,2094
1316,26-04-2024,domestic eggs,3179
2190,08-03-2025,newspapers,1344
1905,26-11-2025,whole milk,889
2053,04-06-2024,newspapers,5814
1606,02-07-2025,onions,2263
1184,06-08-2024,domestic eggs,1725
1511,08-09-2025,chips,2877
1354,01-01-2024,margarine,1941
1744,25-09-2024,canned beer,2526
1864,16-03-2025,pastry,5719
1801,09-11-2024,margarine,4045
1491,04-05-2024,newspapers,5664
1102,29-08-2024,domestic eggs,324
1112,19-06-2025,margarine,613
2116,18-09-2025,  CURD,4288
1359,14-11-2025,rolls/buns,1978
1334,05-05-2025,cereal,797
1428,19-10-2025,white bread,3144
1296,11-09-2025,white bread,4925
1772,09-04-2024,tomato sauce,5870
1603,31-05-2024,granola,2737
1452,12-09-2024,bananas,587
1301,10-04-2025,bottled water,5891
1914,03-05-2024,canned beer,2073
1296,06-07-2024,margarine,1197
1213,07-03-2025,beef,3428
1497,04-12-2024,pastry,1592
1575,06-10-2025,frozen vegetables,5196
2077,08-08-2025,sausage,733
1979,06-03-2024,canned beer,2706
2168,13-07-2024,curd,2024
1732,14-09-2024,chocolate,2354
1308,20-05-2024,  CANNED BEER,4581
1698,08-11-2025,brown bread,3838
1514,26-02-2025,newspapers,2479
1691,04-10-2025,,5406
2179,26-06-2024,frankfurter,2910
1728,22-01-2024,white bread,5996
1621,20-09-2025,pastry,4596
1773,19-11-2025,root vegetables,5779
1809,08-06-2025,  MARGARINE,3196
2133,28-10-2024,bottled water,45
2151,15-07-2024,whole milk,1924
1971,23-12-2025,canned beer,4565
2024,24-03-2025,chips,2663
1356,25-04-2025,domestic eggs,5040
1064,24-11-2024,ice cream,3232
1390,08-03-2025,soda,4532
1072,12-02-2024,pip fruit,3386
1311,18-11-2024,curd,562
2065,23-03-2025,chocolate,4588
1893,04-09-2024,root vegetables,5626
1113,21-01-2024,curd,473
1814,13-01-2024,white bread,4918
2119,03-06-2024,napkins,2891
1426,26-10-2025,margarine,605
1221,12-03-2025,yogurt,422
1680,27-01-2025,beef,4431
2020,09-12-2024,canned beer,3263
2024,28-08-2024,rolls/buns,1396
1174,26-07-2025,canned beer,3864
2061,13-11-2024,brown bread,1877
1460,16-05-2025,white bread,1866
1156,15-06-2024,chocolate,1907
2169,29-04-2024,frankfurter,2096
2049,06-09-2024,pastry,4700
2161,25-10-2024,jam,4762
1846,04-12-2025,canned beer,3116
1202,19-11-2024,canned beer,3850
1540,29-06-2025,parmesan,1402
1266,11-09-2025,frozen vegetables,1294
1545,28-05-2025,citrus fruit,588
1814,22-09-2024,parmesan,1054
1921,23-07-2024,paper towels,495
2157,30-01-2024,chips,3984
1375,27-04-2024,margarine,534
1444,18-09-2024,citrus fruit,2771
1274,14-03-2024,chocolate,3296
1724,09-06-2024,margarine,4037
1349,02-03-2024,canned beer,2603
2060,21-04-2025,chocolate,1675
1264,31-08-2024,canned beer,4006
1573,18-02-2025,newspapers,4205
1202,01-04-2025,pastry,1164
1390,07-06-2025,margarine,2655
1870,18-05-2024,cereal,276
1192,22-09-2025,citrus fruit,3784
1308,25-03-2025,diapers,1237
2011,22-01-2025,canned beer,4323
2045,10-12-2024,margarine,5373
1507,01-04-2025,beef,2099
2131,28-11-2024,white bread,5717
1737,29-10-2025,citrus fruit,330
1012,24-09-2025,tropical fruit,3867
1127,08-02-2024,bananas,2534
1857,18-05-2024,,3616
1230,06-10-2024,rolls/buns,2870
2059,06-07-2024,whole milk,1690
1866,22-09-2024,margarine,633
1506,19-03-2024,,4162
2137,30-08-2024,margarine,5545
1259,12-09-2025,canned beer,584
1120,13-10-2025,canned beer,2457
1414,10-10-2025,domestic eggs,2347
1901,19-01-2025,margarine,2316
2142,23-03-2025,salty snack,3482
1045,24-03-2025,root vegetables,746
1903,05-09-2025,whole milk,4131
1817,15-10-2024,citrus fruit,4559
1724,23-11-2024,chips,4326
1052,09-11-2025,white bread,1192
1949,26-01-2024,white bread,2445
1527,01-07-2025,root vegetables,795
1061,25-09-2024,frozen vegetables,887
1263,03-01-2024,salsa,4197
1050,21-05-2024,butter,4330
1821,23-02-2025,whole milk,3688
2041,25-01-2024,bottled water,1536
2051,02-11-2025,canned beer,538
1263,07-10-2024,white bread,3994
2029,18-09-2024,white bread,2540
1288,15-11-2024,whole milk,5515
1884,11-01-2024,creamer,5547
1702,05-09-2025,canned beer,2257
1717,15-05-2024,jam,4027
1429,15-01-2024,canned beer,2191
1084,14-06-2024,canned beer,3202
1433,28-08-2025,white bread,3052
2090,30-08-2024,ice cream,3927
1220,09-01-2024,tomato sauce,3527
1490,07-04-2024,rolls/buns,2628
1542,06-07-2025,canned beer,1323
2043,29-05-2025,white bread,344
1096,29-05-2024,citrus fruit,2284
2105,20-03-2025,margarine,1121
2070,16-07-2025,diapers,3253
1192,08-12-2025,margarine,3972
1236,16-03-2025,salsa,1257
1381,25-08-2025,chocolate,3231
1689,12-04-2025,sausage,3506
1655,04-06-2024,cat food,1776
2009,14-06-2025,white bread,4156
2172,18-12-2024,canned beer,2991
1417,02-02-2024,pastry,4751
1023,18-08-2024,margarine,3497
1290,10-11-2025,canned beer,5606
1296,11-09-2025,canned beer,4925
1694,16-10-2024,beef,938
1953,24-01-2025,whole milk,941
1857,29-02-2024,ketchup,742
1465,15-09-2024,margarine,2281
1620,14-05-2024,brown bread,5636
1657,09-12-2024,napkins,1198
1155,08-06-2025,margarine,4414
1820,22-02-2024,canned beer,316
1221,11-01-2024,canned beer,2627
1101,02-10-2025,frozen vegetables,1210
1629,25-09-2025,curd,3967
2134,06-11-2024,bottled water,849
1665,11-10-2025,canned beer,4511
2160,26-08-2025,chocolate,4278
1063,06-02-2025,whole milk,3461
1729,15-10-2025,ground beef,5828
1224,12-03-2024,citrus fruit,5979
1192,21-09-2024,curd,4367
1851,16-08-2024,root vegetables,3612
1389,13-02-2025,citrus fruit,4305
1253,24-05-2025,whole milk,2156
1091,25-02-2025,tropical fruit,4612
1802,07-02-2025,citrus fruit,2831
1015,05-03-2025,cat food,5486
1954,23-02-2024,margarine,4030
1564,03-06-2024,crackers,3281
1580,01-08-2024,bottled water,2419
1296,14-03-2025,red wine,4539
1539,15-01-2024,yogurt,3230
2059,06-07-2024,margarine,1690
1436,08-07-2025,white bread,1582
1993,20-06-2024,cat food,5738
1221,15-09-2024,canned beer,2808
2052,30-12-2024,frozen vegetables,5989
1109,10-01-2025,ice cream,3297
1344,09-12-2025,margarine,2972
2015,07-11-2024,dish detergent,267
1236,27-08-2025,root vegetables,1310
1892,27-04-2025,brown bread,5703
1154,18-08-2025,beef,4116
1817,15-10-2024,margarine,4559
2007,22-11-2025,newspapers,3711
2179,21-12-2024,ground beef,3955
1454,04-06-2025,citrus fruit,3022
1019,03-08-2025,tropical fruit,2178
2082,26-01-2025,root vegetables,4272
2005,25-06-2024,margarine,1546
1106,22-03-2025,canned beer,3814
1237,03-08-2024,whole milk,498
1898,02-02-2024,citrus fruit,1727
1856,05-07-2024,,5951
1457,27-04-2025,coffee,28
1526,27-02-2024,frozen vegetables,3985
1510,24-07-2024,canned beer,603
1547,15-03-2025,soda,5757
1967,27-12-2025,canned beer,3631
1803,11-04-2025,ground beef,4477
2152,18-03-2025,ice cream,1214
1516,27-04-2025,frankfurter,2615
1334,14-03-2025,napkins,3662
2060,21-04-2025,whole milk,1675
1561,28-04-2024,sugar,4128
1515,14-02-2024,canned beer,4646
1861,27-10-2024,rolls/buns,662
1108,07-12-2024,canned beer,977
1239,17-03-2025,,4614
2080,09-05-2024,newspapers,4151
1901,11-01-2025,citrus fruit,4627
1897,13-09-2024,  ROOT VEGETABLES,1742
2181,07-03-2024,margarine,5330
2107,06-02-2024,frankfurter,1679
1871,26-04-2025,bottled water,1287
1034,28-01-2025,bottled water,5237
2008,18-09-2024,yogurt,2809
2013,19-02-2024,rolls/buns,4047
1816,15-06-2025,sausage,2765
1854,26-07-2024,rolls/buns,2198
1539,05-04-2024,white bread,1123
1272,17-04-2025,tropical fruit,5696
2041,30-09-2024,yogurt,5507
2077,08-08-2025,pastry,733
1200,30-09-2025,napkins,2016
1098,19-05-2024,whole milk,3730
2122,27-03-2024,newspapers,4811
1496,06-04-2025,onions,128
1073,23-04-2025,cat food,2568
2015,07-11-2024,citrus fruit,267
1792,08-07-2024,  MARGARINE,2307
1816,18-01-2024,chips,2273
2067,04-10-2025,domestic eggs,1641
2155,04-07-2025,paper towels,5235
1107,12-08-2024,root vegetables,4298
1927,08-05-2024,pastry,270
1603,31-05-2024,tomato sauce,2737
1095,02-08-2024,red wine,5076
1633,14-07-2024,yogurt,220
1860,01-03-2025,bananas,5668
1319,13-06-2025,pasta,500
1008,03-03-2024,newspapers,1711
1711,13-04-2024,ice cream,57
2075,07-01-2024,canned beer,3456
1667,19-02-2025,citrus fruit,4260
1993,13-08-2025,root vegetables,5991
1299,25-09-2025,bottled water,2418
1349,11-01-2025,chips,4791
2107,10-01-2024,root vegetables,3778
1007,22-06-2024,ice cream,2291
1739,18-06-2024,frozen vegetables,5631
2016,05-02-2025,,2612
1379,23-12-2025,rolls/buns,196
1016,01-05-2024,granola,2753
2119,30-11-2024,bottled water,1394
1325,25-05-2025,root vegetables,2366
1260,29-04-2025,chips,3218
1563,25-07-2024,salsa,3469
1639,01-04-2025,napkins,5884
1181,09-09-2024,ice cream,3081
1664,04-04-2025,bottled water,5365
1475,03-12-2025,citrus fruit,3395
1496,08-01-2024,white bread,1260
1272,07-07-2025,newspapers,3206
1988,26-06-2024,soda,3895
1459,27-05-2025,newspapers,5675
2021,26-05-2025,canned beer,2492
1298,15-07-2024,frozen vegetables,4896
1663,14-04-2024,parmesan,383
2098,03-05-2025,yogurt,3319
1932,30-12-2025,parmesan,697
1500,12-12-2024,tomato sauce,997
1708,16-03-2025,brown bread,2978
1279,24-10-2025,chocolate,2715
2083,23-07-2025,sausage,778
1699,14-07-2024,frankfurter,956
1793,12-11-2024,sausage,2650
1187,18-04-2025,margarine,3299
1937,09-10-2025,brown bread,2795
1823,17-05-2024,citrus fruit,1561
1933,30-07-2024,whole milk,3420
1501,18-10-2025,margarine,781
1499,01-12-2025,canned beer,3058
1562,12-01-2025,sausage,3523
2155,24-08-2025,canned beer,2373
2008,07-02-2025,whole milk,3090
1054,24-04-2025,bananas,1083
1180,12-04-2024,margarine,581
2015,12-10-2025,margarine,712
2155,14-01-2025,root vegetables,4970
1346,02-09-2024,cat food,1633
1596,18-06-2024,root vegetables,547
1192,20-08-2025,sugar,314
1428,07-08-2024,canned beer,3629
1142,06-10-2025,canned beer,4170
1143,04-07-2025,newspapers,121
1882,12-10-2025,citrus fruit,3047
2109,08-11-2025,root vegetables,3786
1319,13-06-2025,citrus fruit,500
1222,23-07-2025,newspapers,3077
2013,13-01-2024,pasta,1723
1903,09-03-2024,frankfurter,5423
1318,24-04-2024,crackers,3045
1034,20-05-2025,salty snack,4719
1349,28-12-2025,canned beer,3475
2110,02-12-2024,root vegetables,5252
2098,19-11-2025,canned beer,944
1536,23-12-2024,canned beer,4342
1550,03-11-2025,frankfurter,3754
1619,02-02-2024,chocolate,5200
1637,18-05-2025,canned beer,3626
1501,20-01-2025,root vegetables,2225
1032,21-09-2025,bottled water,2811
1666,22-03-2025,yogurt,4054
1885,25-06-2024,pasta,1962
1127,17-03-2025,margarine,3937
1762,19-09-2024,tropical fruit,4490
1202,07-09-2025,canned beer,16
1651,31-01-2024,frankfurter,2285
1247,26-11-2024,rolls/buns,3519
1519,06-06-2025,pastry,2362
2110,02-12-2024,domestic eggs,5252
1592,21-10-2024,onions,5096
1096,06-01-2025,canned beer,5766
1915,10-05-2024,cat food,5605
2171,12-12-2025,frankfurter,5767
1039,06-04-2024,root vegetables,4377
2126,12-05-2024,brown bread,2630
2120,10-09-2025,napkins,5220
2073,19-10-2025,cereal,483
1644,14-12-2025,canned beer,3373
1131,26-01-2025,frozen vegetables,1454
2067,01-06-2024,domestic eggs,4059
1889,13-01-2025,sugar,5231
2154,26-05-2024,shopping bags,1165
1019,03-09-2025,soda,2326
1556,25-09-2024,margarine,4290
1006,21-12-2024,granola,4248
1326,17-03-2024,whole milk,4250
1722,22-08-2025,margarine,721
1398,26-02-2025,canned beer,439
1660,23-02-2025,salsa,616
1075,26-01-2025,  PAPER TOWELS,635
1186,14-07-2025,pasta,84
2008,07-02-2025,margarine,3090
1231,24-10-2024,canned beer,1746
1859,31-03-2025,canned beer,27
1160,03-11-2024,white bread,4984
1847,22-03-2025,frankfurter,2255
1905,21-02-2024,canned beer,2680
1785,22-08-2025,citrus fruit,1193
1800,12-01-2025,rolls/buns,5254
1359,17-02-2024,tropical fruit,906
2089,24-10-2025,margarine,223
2198,27-05-2025,pastry,1399
1928,29-08-2024,whole milk,961
2107,03-10-2024,whole milk,5733
1088,08-04-2025,chips,1135
1078,20-04-2024,salsa,3620
2087,21-07-2025,white bread,4362
1755,03-01-2024,root vegetables,1102
1406,25-04-2025,margarine,5182
1566,29-01-2024,canned beer,3026
1458,30-03-2025,dish detergent,1895
1081,23-08-2024,bottled water,4745
1014,07-11-2025,frankfurter,1288
1087,16-05-2025,pastry,4052
1159,05-12-2024,brown bread,3863
1399,24-11-2025,root vegetables,1700
1025,29-04-2024,pasta,3921
1206,19-10-2025,  ONIONS,503
2042,31-10-2025,creamer,5473
1645,09-06-2025,chocolate,1894
1424,27-04-2025,canned beer,516
1327,13-05-2024,curd,5521
2002,19-10-2025,canned beer,4475
2098,15-11-2025,tortillas,5949
2105,14-02-2024,newspapers,3082
1523,24-02-2025,pastry,1180
2037,03-04-2025,frankfurter,1363
1746,19-11-2025,ice cream,5221
2051,01-07-2025,canned beer,617
1508,05-01-2025,margarine,730
1800,12-01-2025,white bread,5254
1861,24-01-2024,citrus fruit,2899
1416,25-04-2024,root vegetables,5481
2002,29-04-2024,margarine,5543
2093,16-09-2024,canned beer,4833
1003,08-07-2025,bottled water,4209
1438,12-08-2025,onions,4090
2098,19-11-2025,chocolate,944
1839,15-08-2024,yogurt,2701
1377,29-06-2024,brown bread,5493
1083,03-06-2024,rolls/buns,5168
1034,20-05-2025,yogurt,4719
1151,27-11-2025,salty snack,2557
1434,03-03-2024,ice cream,2521
1084,05-02-2024,frozen vegetables,4019
2152,13-12-2025,coffee,2549
1635,10-03-2025,newspapers,2983
1062,23-01-2025,canned beer,5641
1462,09-07-2025,canned beer,1928
2141,19-12-2025,frankfurter,1623
1354,30-10-2024,root vegetables,5859
1749,21-12-2024,creamer,1849
1166,30-12-2024,canned beer,2447
1149,09-08-2025,ketchup,2146
1023,19-11-2025,margarine,198
1582,02-04-2024,chocolate,5377
1518,22-11-2025,granola,4611
1203,01-10-2024,butter,2819
1726,06-12-2024,canned beer,1549
1828,24-04-2025,bananas,2391
2021,16-02-2024,margarine,5436
1266,09-11-2025,margarine,5148
1593,08-01-2025,  MARGARINE,5199
1618,13-03-2024,yogurt,218
1558,01-06-2024,margarine,2861
2151,25-09-2025,white bread,3404
1783,02-11-2024,cheese,546
2100,12-10-2025,paper towels,1157
1180,20-11-2024,yogurt,4068
1651,15-12-2024,margarine,4088
2107,28-08-2024,paper towels,1095
1882,08-08-2025,beef,5807
1798,12-10-2024,sausage,2003
1733,23-03-2024,citrus fruit,1051
1916,28-12-2024,root vegetables,5071
1624,20-06-2025,newspapers,5077
2112,03-05-2025,citrus fruit,5452
1050,06-03-2025,canned beer,5301
1006,09-07-2024,chips,4141
2068,24-08-2024,canned beer,5183
1498,25-07-2025,canned beer,2995
1412,08-01-2024,canned beer,5362
1479,26-05-2024,pip fruit,5047
1870,07-07-2025,chips,3553
1367,01-01-2025,margarine,3472
2045,10-12-2024,onions,5373
1728,22-01-2024,pip fruit,5996
1793,09-02-2025,parmesan,2381
2189,13-12-2025,canned beer,3902
1327,13-09-2024,rolls/buns,645
1222,05-04-2024,canned beer,1171
1137,09-11-2025,dish detergent,3209
1158,21-06-2025,margarine,2602
1442,13-11-2024,frankfurter,3719
1650,09-07-2024,root vegetables,4808
1017,11-07-2024,margarine,1558
1976,03-06-2025,pastry,2416
1220,28-03-2024,curd,4439
1158,05-10-2025,newspapers,5469
1609,09-04-2024,newspapers,4562
1345,08-11-2025,chocolate,1355
2036,14-07-2024,bottled water,4499
1963,04-05-2025,canned beer,4563
1222,01-01-2025,canned beer,2564
2149,26-02-2025,frankfurter,798
1110,24-01-2025,soda,2108
1898,02-11-2024,parmesan,3255
1492,24-06-2024,salty snack,1573
1085,29-08-2024,frozen vegetables,5888
1007,05-12-2024,tropical fruit,3718
1820,03-10-2024,domestic eggs,1078
1005,23-06-2025,frankfurter,4872
1255,07-09-2024,sugar,2173
1247,05-10-2024,whole milk,929
1327,16-08-2024,pastry,3657
1471,17-12-2024,butter,3238
1992,09-04-2024,ketchup,4670
1416,25-04-2024,domestic eggs,5481
1216,13-09-2025,frozen vegetables,5761
1357,15-03-2025,shopping bags,609
1301,23-08-2025,whole milk,2785
1289,01-05-2024,canned beer,3860
1456,05-08-2025,whole milk,4930
1896,27-12-2024,rolls/buns,5780
1979,12-08-2024,curd,1695
2188,01-08-2024,margarine,683
1642,09-12-2024,ground beef,2783
1068,17-06-2024,canned beer,1351
1517,22-12-2024,margarine,3147
2101,11-01-2025,citrus fruit,5305
2130,24-08-2024,citrus fruit,5438
2038,12-01-2024,pastry,5198
1623,24-04-2025,yogurt,3344
2091,17-12-2024,frankfurter,5274
1920,18-11-2024,domestic eggs,5850
1748,06-11-2024,white bread,4488
1343,28-09-2024,frozen vegetables,2720
1681,09-05-2024,butter,2965
1785,03-10-2024,sugar,4571
1795,29-04-2024,shopping bags,3374
1804,15-06-2025,canned beer,5311
1641,30-11-2025,salty snack,5862
1798,24-09-2024,dish detergent,963
1754,09-12-2025,canned beer,5153
1967,27-12-2025,margarine,3631
1705,24-10-2025,domestic eggs,1097
1460,22-12-2025,canned beer,2232
1372,25-08-2025,ground beef,1036
1703,08-06-2025,yogurt,1818
1189,23-01-2025,newspapers,741
1123,01-12-2024,domestic eggs,2491
2042,25-04-2025,brown bread,402
1822,16-08-2025,chips,2605
1498,25-04-2024,sausage,5721
1195,21-05-2024,granola,4118
1525,21-02-2025,canned beer,2230
1680,06-07-2024,parmesan,2875
1224,12-03-2024,bottled water,5979
1631,13-01-2025,tortillas,3893
1243,05-08-2024,canned beer,5724
2091,12-04-2025,sugar,5954
2020,28-05-2025,root vegetables,5712
1539,13-06-2024,whole milk,5899
1301,10-04-2025,whole milk,5891
1479,09-08-2024,whole milk,684
1852,25-01-2024,whole milk,5357
1222,01-01-2025,,2564
1309,15-12-2024,white bread,556
2083,10-01-2024,canned beer,373
1988,26-06-2024,chips,3895
1580,11-07-2024,beef,395
1301,23-08-2025,tortillas,2785
1174,21-01-2025,shopping bags,3883
1435,20-08-2025,  NAPKINS,4196
1023,09-05-2025,frozen vegetables,3856
1103,20-09-2025,root vegetables,1458
1415,20-03-2024,frozen vegetables,877
2180,03-08-2025,yogurt,2668
2018,18-02-2024,canned beer,1939
1081,23-08-2024,canned beer,4745
1560,25-01-2024,root vegetables,5524
1276,05-12-2024,domestic eggs,3572
1944,19-08-2025,canned beer,2575
2054,15-04-2024,margarine,1031
1471,17-12-2024,white bread,3238
1847,05-01-2024,rolls/buns,723
1990,24-07-2024,sausage,1252
1689,13-04-2024,newspapers,5802
1138,14-09-2025,  CURD,4730
1689,23-03-2024,margarine,2149
1797,16-09-2025,yogurt,5257
1877,14-07-2024,ketchup,454
1545,28-05-2025,paper towels,588
1125,23-06-2024,frozen vegetables,3350
1073,20-06-2025,red wine,5785
2198,27-05-2025,curd,1399
1934,21-07-2025,,1681
1985,28-08-2025,ground beef,2888
1694,15-05-2024,napkins,322
1014,25-05-2024,brown bread,1990
1191,19-02-2024,bottled water,3659
1260,28-08-2024,creamer,1491
1401,15-11-2025,margarine,1395
1604,12-10-2025,granola,926
2175,21-04-2025,canned beer,4557
1916,18-01-2024,root vegetables,1246
1217,16-12-2025,salty snack,2337
1141,07-12-2024,citrus fruit,3460
1216,15-04-2025,whole milk,236
1917,24-03-2024,whole milk,5893
1258,04-12-2025,rolls/buns,1769
2137,14-03-2024,beef,3362
1356,16-08-2025,whole milk,851
1504,06-07-2025,whole milk,2164
2036,30-04-2025,white bread,2805
1785,22-08-2025,canned beer,1193
1960,20-02-2025,curd,1731
1160,19-08-2025,canned beer,209
1286,18-11-2025,domestic eggs,967
1827,22-08-2024,granola,5569
1502,11-03-2024,tomato sauce,55
1857,29-02-2024,rolls/buns,742
1393,10-09-2024,margarine,1312
1054,12-05-2024,canned beer,5042
2186,28-01-2024,sausage,4527
1309,15-12-2024,soda,556
1309,15-12-2024,bottled water,556
1488,11-10-2024,salty snack,4035
1453,04-10-2025,red wine,3094
2058,21-12-2025,dish detergent,3559
1871,26-04-2025,salty snack,1287
1825,01-04-2024,salty snack,4977
1039,26-09-2025,root vegetables,3044
1156,26-06-2025,granola,612
1181,09-09-2024,canned beer,3081
2159,26-11-2025,,5308
2088,14-01-2024,curd,86
1105,18-04-2025,beef,3463
1635,28-10-2024,citrus fruit,4567
2024,13-02-2024,whole milk,4218
1235,26-04-2025,chips,374
1098,13-04-2024,margarine,1799
2167,14-06-2025,citrus fruit,5352
1077,27-10-2024,root vegetables,2517
1653,09-03-2025,shopping bags,244
1357,15-07-2025,pip fruit,5865
1071,27-01-2025,domestic eggs,2585
1140,31-10-2025,canned beer,1583
1723,05-08-2025,rolls/buns,2309
1281,25-08-2024,newspapers,5698
2172,15-11-2024,chocolate,4103
2032,03-04-2025,canned beer,3941
2193,08-11-2025,yogurt,911
1950,17-03-2024,napkins,2275
1493,21-10-2024,frankfurter,278
1311,05-01-2025,chocolate,3455
1417,19-09-2024,newspapers,1801
1760,13-05-2024,frankfurter,5890
1620,14-05-2024,canned beer,5636
1179,14-10-2024,frankfurter,3048
1649,26-07-2024,citrus fruit,2582
1816,29-12-2024,newspapers,4554
1305,15-01-2024,cereal,3056
1769,08-04-2024,chips,1738
1015,10-08-2024,canned beer,5576
1976,28-05-2025,citrus fruit,482
1870,18-05-2024,whole milk,276
2149,09-03-2025,canned beer,4086
1434,27-01-2025,chocolate,54
1674,31-03-2025,newspapers,5286
1060,10-10-2024,shopping bags,1441
1295,22-08-2025,chocolate,2211
1451,11-09-2025,whole milk,87
1684,22-01-2025,domestic eggs,3958
2185,30-09-2025,soda,5830
1043,17-07-2025,root vegetables,3365
1096,07-07-2024,yogurt,1347
1498,25-07-2025,curd,2995
1615,03-02-2025,ice cream,535
1700,31-01-2025,domestic eggs,1945
1695,12-01-2025,pip fruit,537
1103,01-02-2025,tomato sauce,4474
1569,17-08-2025,citrus fruit,2874
1449,24-03-2025,  BEEF,5653
1434,23-06-2025,citrus fruit,5642
2176,28-09-2025,canned beer,2969
1322,12-11-2025,whole milk,170
1363,06-06-2024,newspapers,3725
1347,05-10-2025,beef,2079
2095,10-07-2025,chocolate,1645
1994,09-01-2025,parmesan,1082
1168,29-05-2025,ketchup,2109
1439,01-07-2025,paper towels,4152
1639,27-09-2025,canned beer,1553
1395,09-11-2025,white bread,5729
1838,22-12-2024,citrus fruit,277
1672,06-08-2025,margarine,1764
1919,27-02-2024,onions,3383
1377,29-06-2024,root vegetables,5493
1406,27-07-2024,newspapers,5844
1188,26-07-2025,citrus fruit,5999
2061,13-11-2024,chocolate,1877
2117,23-01-2024,pastry,5437
1656,20-01-2025,root vegetables,4606
1010,01-04-2025,bottled water,1903
1798,17-09-2025,whole milk,497
1325,05-05-2024,pip fruit,5621
1401,21-06-2025,onions,1063
1935,03-12-2024,cat food,5397
1269,13-12-2024,rolls/buns,2221
1199,30-09-2025,newspapers,4024
1279,28-03-2025,root vegetables,1376
1655,26-10-2024,bananas,3969
1426,26-03-2024,frankfurter,2426
2096,29-01-2024,root vegetables,494
1190,13-12-2024,canned beer,5885
1104,23-06-2024,shopping bags,5849
1185,02-04-2025,frozen vegetables,3575
1175,08-01-2024,newspapers,1416
1583,26-01-2024,brown bread,4434
1137,21-10-2025,tortillas,1930
1345,22-10-2025,frozen vegetables,883
2186,28-01-2024,ground beef,4527
1477,05-10-2025,root vegetables,38
1775,26-11-2025,whole milk,5665
1065,08-02-2024,frankfurter,2968
1235,03-11-2025,domestic eggs,369
1569,01-08-2025,root vegetables,8
1854,21-05-2025,ketchup,3854
2073,03-09-2025,root vegetables,4174
1994,25-09-2025,sausage,164
1927,31-12-2024,root vegetables,154
2042,25-04-2025,canned beer,402
1892,21-09-2025,whole milk,435
1839,09-09-2025,sausage,5791
1872,25-08-2025,domestic eggs,5132
1705,06-10-2025,soda,4521
1851,11-04-2025,citrus fruit,638
2012,16-09-2024,ground beef,348
2134,18-10-2024,onions,187
1979,06-03-2024,bottled water,2706
2098,19-11-2025,soda,944
2009,03-11-2024,pip fruit,5748
1055,03-09-2024,,2761
1946,08-08-2024,red wine,5261
2129,13-01-2024,bottled water,628
1273,02-11-2024,canned beer,5421
1752,22-12-2024,citrus fruit,1007
2199,10-06-2024,ice cream,668
1889,13-01-2025,creamer,5231
1048,09-08-2024,newspapers,150
1321,15-01-2025,dish detergent,3479
1873,14-06-2024,margarine,132
1190,23-04-2024,frozen vegetables,1883
2133,18-11-2025,ground beef,4837
1928,27-02-2025,sausage,3745
1343,29-08-2024,citrus fruit,3716
1386,04-09-2024,sausage,5818
1445,03-07-2025,shopping bags,3543
1925,31-01-2025,whole milk,2444
1347,30-10-2024,canned beer,1972
1985,28-08-2025,citrus fruit,2888
1992,17-03-2025,  PASTRY,850
1526,01-07-2025,canned beer,1499
2131,13-10-2024,margarine,317
2071,09-07-2024,white bread,4609
1110,24-01-2025,citrus fruit,2108
2005,25-06-2024,newspapers,1546
1281,01-09-2025,chips,4198
1262,07-04-2024,canned beer,37
1871,13-12-2025,curd,147
1394,30-01-2024,root vegetables,1796
2097,28-10-2024,frankfurter,4009
1152,17-06-2024,bottled water,5706
1967,27-12-2025,frankfurter,3631
1588,24-06-2025,rolls/buns,4681
2066,22-04-2025,margarine,3124
1409,17-01-2025,parmesan,2570
1778,05-12-2025,brown bread,2993
1171,09-04-2024,paper towels,3605
1009,12-06-2024,canned beer,3515
2182,03-11-2025,root vegetables,818
1842,09-10-2024,cereal,2932
1339,18-07-2024,root vegetables,3105
1180,20-11-2024,cat food,4068
2153,03-01-2025,margarine,579
1401,21-06-2025,bottled water,1063
1065,08-02-2024,cheese,2968
2021,26-05-2025,yogurt,2492
1357,23-08-2024,tropical fruit,2820
1271,26-03-2024,salsa,4831
2015,12-10-2025,frankfurter,712
1444,18-09-2024,crackers,2771
1152,17-06-2024,root vegetables,5706
1511,08-09-2025,hamburger meat,2877
1093,08-03-2024,margarine,1598
1283,18-02-2025,whole milk,4167
1468,30-09-2025,tortillas,4738
1830,14-03-2024,onions,2233
1828,06-01-2025,pasta,2520
1717,11-02-2025,frankfurter,3239
2062,31-03-2024,domestic eggs,4767
1974,09-12-2025,paper towels,4651
1358,25-03-2024,onions,2788
1972,17-10-2025,creamer,3087
1034,09-03-2024,citrus fruit,1204
1235,03-03-2024,canned beer,2583
1407,16-04-2025,  CEREAL,5963
2179,21-12-2024,salsa,3955
1306,18-04-2024,pip fruit,3917
1963,20-10-2024,chocolate,5293
1107,13-03-2024,canned beer,2636
1806,12-02-2025,tomato sauce,794
1942,15-07-2024,pastry,5021
1446,01-02-2024,onions,5810
1062,28-01-2025,canned beer,4839
1783,17-11-2025,margarine,4524
2078,14-11-2025,frozen vegetables,1552
1998,28-01-2024,soda,4113
1178,05-06-2024,frozen vegetables,627
1187,23-02-2024,pastry,3638
2120,11-02-2024,cheese,3041
1293,06-08-2024,jam,4191
1343,04-02-2025,domestic eggs,3376
1075,04-06-2024,pastry,3890
1391,29-09-2025,salsa,4312
1969,18-07-2024,root vegetables,4133
1603,04-03-2025,tropical fruit,5841
1857,04-08-2025,cereal,3134
1021,18-06-2025,diapers,2664
1278,24-07-2025,margarine,5634
1434,10-03-2024,frozen vegetables,5499
1646,27-12-2025,citrus fruit,2621
1832,30-09-2024,red wine,1475
1273,26-04-2024,granola,4110
1192,21-09-2024,canned beer,4367
1117,15-01-2025,canned beer,580
1272,10-03-2024,white bread,5783
1731,20-08-2024,margarine,4307
2118,08-11-2025,paper towels,1892
1505,11-05-2025,citrus fruit,4626
1227,11-06-2024,domestic eggs,158
1228,07-04-2024,onions,1126
1636,14-04-2024,canned beer,1655
1094,06-02-2024,newspapers,2652
1189,23-01-2025,white bread,741
1634,16-08-2025,rolls/buns,2078
1771,08-04-2024,ice cream,985
1622,10-03-2024,whole milk,79
1002,28-02-2024,pastry,5987
1109,07-10-2024,salty snack,3908
1405,18-02-2025,dish detergent,3464
1051,26-05-2024,whole milk,3511
1951,18-03-2024,bottled water,1040
1074,23-11-2024,cereal,4755
1554,08-11-2025,tropical fruit,4913
1255,10-12-2025,rolls/buns,3951
2180,16-10-2025,canned beer,2088
1050,20-07-2024,domestic eggs,4160
1406,28-09-2024,diapers,4991
1163,02-02-2024,canned beer,3542
2151,29-04-2024,root vegetables,4279
1318,31-05-2025,beef,731
1336,24-11-2025,salty snack,2154
2035,16-11-2025,citrus fruit,5174
1280,02-03-2025,yogurt,559
1798,06-06-2024,canned beer,4422
1069,30-03-2024,yogurt,4821
2192,15-01-2024,canned beer,575
1446,12-11-2025,margarine,2105
2164,05-06-2024,frozen vegetables,2343
2027,04-11-2025,yogurt,1417
1496,06-04-2025,salty snack,128
1880,02-09-2024,root vegetables,4963
1036,26-06-2025,canned beer,5037
1064,07-11-2025,whole milk,310
2166,06-01-2025,newspapers,2772
1190,23-04-2024,red wine,1883
2185,09-07-2025,ketchup,1114
1983,16-08-2025,white bread,2710
1130,13-08-2025,tropical fruit,5692
1887,02-11-2024,sausage,4966
1670,26-01-2025,shopping bags,5007
1733,23-03-2024,red wine,1051
1598,18-08-2024,white bread,4284
1561,16-06-2024,citrus fruit,4824
1965,06-07-2025,brown bread,5169
1307,10-10-2024,margarine,4117
1715,29-11-2024,sausage,4172
1892,06-02-2025,margarine,1606
1332,14-10-2024,cat food,716
1523,04-02-2025,margarine,479
1877,23-08-2025,canned beer,2901
1321,05-03-2025,dish detergent,1460
1117,10-04-2024,newspapers,1871
1298,28-07-2025,domestic eggs,2089
1217,24-01-2024,pip fruit,1525
2175,12-07-2024,newspapers,4827
1183,06-01-2025,citrus fruit,1299
1199,30-09-2025,frankfurter,4024
1051,06-05-2025,margarine,3846
2169,25-06-2024,newspapers,4319
1199,18-10-2025,whole milk,2478
1988,18-02-2024,white bread,4269
1400,11-08-2025,ice cream,4664
1173,28-05-2024,bottled water,268
1007,05-12-2024,whole milk,3718
1754,09-12-2025,newspapers,5153
1550,03-11-2025,chocolate,3754
1270,06-04-2024,margarine,1868
1189,23-01-2025,beef,741
1502,11-03-2024,pasta,55
1774,25-11-2025,margarine,2377
1961,13-02-2025,granola,2852
1602,03-10-2025,bottled water,4338
1941,13-10-2025,newspapers,526
1343,29-09-2024,chocolate,5307
1925,31-01-2025,curd,2444
1109,21-11-2025,chocolate,1100
1295,24-01-2024,whole milk,207
1695,16-01-2025,  CANNED BEER,1466
1373,16-03-2024,citrus fruit,1488
1668,09-10-2024,dish detergent,455
2177,05-02-2025,napkins,810
1054,24-04-2025,  GRANOLA,1083
1447,18-03-2024,curd,2798
1073,27-02-2025,margarine,5272
1329,07-11-2025,salty snack,3813
1958,31-10-2024,white bread,5315
1873,22-02-2024,citrus fruit,4741
1010,09-06-2024,brown bread,2884
1326,05-06-2025,newspapers,2569
2124,07-05-2024,whole milk,3
1541,21-11-2024,beef,5035
1912,08-12-2024,beef,914
2006,18-12-2025,canned beer,5615
1195,20-05-2024,canned beer,2448
1763,11-09-2024,rolls/buns,4897
1091,25-02-2025,tortillas,4612
1540,28-02-2025,soda,4817
1127,19-04-2024,frozen vegetables,1003
1849,15-10-2024,citrus fruit,2270
2130,19-03-2025,newspapers,664
1466,26-12-2025,root vegetables,99
1988,18-02-2024,margarine,4269
1663,29-09-2024,root vegetables,4157
1379,20-08-2024,canned beer,3600
1304,01-05-2025,frozen vegetables,4623
1174,30-06-2024,citrus fruit,4934
1786,02-04-2025,margarine,3694
1414,22-05-2025,tropical fruit,5700
1210,31-08-2025,white bread,2372
1013,06-07-2025,curd,5363
2028,08-08-2025,canned beer,3577
1805,06-04-2024,white bread,2674
1188,20-10-2024,margarine,2533
1342,23-12-2024,paper towels,583
1974,28-02-2024,napkins,2155
1490,02-09-2024,margarine,5282
1116,16-08-2025,white bread,1654
1010,02-09-2024,margarine,5185
1766,26-09-2024,salsa,3280
1292,20-09-2024,root vegetables,5918
1929,08-01-2024,domestic eggs,5971
1816,05-12-2024,ground beef,1459
2096,25-10-2024,curd,3495
1765,18-10-2024,citrus fruit,1783
1685,25-07-2025,dish detergent,2358
1099,26-12-2024,chips,1408
1223,28-02-2025,shopping bags,3020
1868,28-08-2025,margarine,5990
1535,18-10-2025,bottled water,399
1668,09-10-2024,butter,455
1184,20-04-2024,citrus fruit,85
1250,25-10-2025,newspapers,3049
1303,09-03-2025,newspapers,5838
2113,16-11-2025,tropical fruit,3331
2007,18-03-2024,root vegetables,3112
1816,19-02-2025,pastry,2725
2172,18-12-2024,chips,2991
1513,28-03-2025,chips,3948
1681,09-05-2024,soda,2965
1952,12-11-2025,whole milk,1781
1814,19-06-2024,canned beer,2577
2028,18-05-2025,paper towels,5655
1009,29-03-2024,  SAUSAGE,3035
2136,17-02-2025,root vegetables,4264
2008,07-02-2025,white bread,3090
1039,26-09-2025,yogurt,3044
2050,18-05-2025,domestic eggs,607
1816,29-12-2024,soda,4554
1344,08-04-2025,rolls/buns,2432
1553,02-05-2024,rolls/buns,2749
1881,23-10-2025,yogurt,5764
1873,22-02-2024,tropical fruit,4741
1627,10-12-2024,ketchup,1339
1418,25-08-2024,,1264
1701,07-12-2025,domestic eggs,460
1684,23-09-2025,salsa,2658
1775,23-09-2024,frankfurter,1829
1015,03-01-2025,margarine,5435
1307,10-10-2024,paper towels,4117
1027,28-03-2024,dish detergent,1626
1536,20-04-2024,whole milk,5134
1814,03-09-2024,white bread,48
1498,25-07-2025,paper towels,2995
2079,20-04-2024,parmesan,734
2145,05-06-2024,bottled water,5777
1741,11-07-2025,frankfurter,3859
1527,20-08-2024,frozen vegetables,421
1777,14-06-2025,  CANNED BEER,5978
1031,15-09-2024,margarine,4231
1988,04-07-2024,frankfurter,309
1708,12-02-2025,frankfurter,5716
1626,24-11-2024,ground beef,2514
2083,10-05-2024,margarine,152
1016,01-05-2024,sausage,2753
1642,18-03-2025,chocolate,394
2046,27-11-2024,canned beer,5420
1367,28-03-2024,root vegetables,4211
2043,16-11-2024,chips,1492
2199,30-07-2024,margarine,205
1123,22-06-2024,pip fruit,3301
1251,25-08-2025,curd,2262
1927,08-05-2024,dish detergent,270
2005,12-12-2025,yogurt,718
1122,02-07-2024,margarine,4924
2035,16-11-2025,yogurt,5174
1511,08-09-2025,ketchup,2877
1667,18-04-2025,canned beer,2854
1961,15-11-2025,white bread,1293
1985,21-09-2024,sausage,3473
1607,04-08-2024,tomato sauce,1732
1735,25-08-2025,margarine,2700
1956,02-03-2024,frozen vegetables,3571
1308,20-05-2024,tropical fruit,4581
1497,04-12-2024,canned beer,1592
1035,03-08-2024,newspapers,1631
2166,21-01-2025,cat food,1353
1170,19-09-2024,canned beer,2028
1010,01-04-2025,chocolate,1903
1801,09-11-2024,sausage,4045
2023,13-10-2025,margarine,468
1389,13-02-2025,rolls/buns,4305
2088,27-08-2025,frozen vegetables,1334
1783,27-08-2024,whole milk,619
1467,17-07-2025,pastry,3480
2050,27-10-2025,white bread,4224
1986,10-08-2025,bananas,3063
1698,05-05-2024,white bread,777
2070,11-05-2025,root vegetables,1109
1561,09-04-2025,canned beer,2219
1471,08-09-2024,tomato sauce,5341
1222,06-02-2025,pastry,4743
2149,10-03-2024,pasta,1148
1499,01-12-2025,tomato sauce,3058
2152,17-10-2024,frozen vegetables,5327
2126,02-11-2025,bottled water,3072
1273,10-08-2025,pastry,1865
1452,12-09-2024,salty snack,587
1581,23-10-2025,citrus fruit,1916
1448,25-06-2025,white bread,1207
1509,02-12-2025,chips,5773
1172,11-07-2024,root vegetables,5554
1842,12-10-2025,bananas,1367
1454,04-06-2025,crackers,3022
1075,09-09-2024,canned beer,4575
1953,25-10-2025,newspapers,3780
1260,02-10-2025,parmesan,2857
1118,06-11-2024,white bread,2637
1542,18-03-2025,onions,420
1211,22-12-2025,butter,3794
1806,06-09-2024,chocolate,4241
1724,23-11-2024,pastry,4326
1027,05-02-2025,margarine,186
1547,10-07-2025,canned beer,3594
1499,16-04-2024,sausage,24
1548,21-03-2025,tropical fruit,2599
1016,08-11-2024,root vegetables,2697
1976,11-12-2024,bottled water,1724
2008,25-05-2024,whole milk,3467
1290,21-04-2024,newspapers,5494
1343,09-01-2025,root vegetables,1661
1716,05-11-2024,margarine,5314
2142,30-03-2025,bottled water,1793
1434,10-03-2024,newspapers,5499
2033,03-08-2025,newspapers,3409
1493,05-02-2025,root vegetables,1662
1528,30-01-2024,white bread,2328
1106,22-03-2025,salty snack,3814
2062,24-12-2025,tortillas,3947
1161,29-02-2024,canned beer,3137
1220,04-03-2024,root vegetables,2576
1814,19-01-2024,margarine,2086
1817,15-10-2024,chips,4559
1995,31-10-2024,canned beer,2966
1149,18-12-2024,canned beer,2938
1006,09-07-2024,salsa,4141
1499,20-09-2024,white bread,2522
1288,15-11-2024,  WHOLE MILK,5515
1301,13-05-2024,yogurt,1767
1370,02-04-2024,paper towels,3477
1465,23-09-2024,margarine,995
2015,10-08-2024,frozen vegetables,1920
1883,02-03-2025,soda,2624
1066,18-06-2024,newspapers,1026
1760,01-08-2024,frankfurter,1935
1079,15-06-2024,ground beef,3142
2033,14-01-2025,ground beef,4239
1031,12-07-2025,sausage,3816
1083,03-06-2024,ketchup,5168
1299,09-01-2025,yogurt,5381
1023,25-03-2025,domestic eggs,130
1783,02-11-2024,red wine,546
2017,01-09-2025,root vegetables,4004
1588,28-07-2025,domestic eggs,1336
1392,09-11-2025,white bread,481
2052,27-06-2025,margarine,5249
2011,03-04-2024,sugar,1963
1905,26-11-2025,root vegetables,889
1613,19-07-2025,white bread,4318
1328,04-09-2025,granola,817
1720,07-10-2025,cheese,1830
1220,05-11-2025,tomato sauce,5260
1625,11-04-2024,root vegetables,1778
1852,25-01-2024,frankfurter,2619
1707,28-02-2024,whole milk,3085
1272,12-11-2025,newspapers,197
1201,05-05-2025,white bread,1084
2010,05-03-2024,canned beer,5546
2087,04-03-2024,whole milk,2474
1293,06-08-2024,root vegetables,4191
2057,05-12-2025,root vegetables,358
1875,18-08-2024,napkins,2370
1898,09-10-2025,cat food,4135
2174,11-11-2024,root vegetables,1718
1668,22-03-2025,margarine,2763
1906,07-10-2025,pip fruit,2724
1193,03-12-2025,salty snack,807
1142,23-05-2025,margarine,984
1893,04-09-2024,canned beer,5626
1954,23-02-2024,butter,4030
1525,23-09-2025,cat food,1995
1461,13-06-2024,citrus fruit,5238
1833,26-08-2025,canned beer,5392
1698,26-04-2025,margarine,4910
2016,06-04-2025,root vegetables,4332
2064,03-05-2024,ground beef,4175
2123,02-09-2024,soda,4179
1477,24-05-2024,whole milk,5349
1449,22-09-2025,root vegetables,1657
1376,10-03-2025,brown bread,4809
1063,15-08-2024,yogurt,5608
1994,06-09-2025,yogurt,2986
2134,02-02-2024,whole milk,5246
1910,04-05-2024,rolls/buns,1640
1260,28-08-2024,canned beer,1491
2117,10-04-2024,chocolate,4781
1571,25-03-2025,chocolate,3270
1072,12-05-2024,canned beer,1523
1439,16-03-2024,margarine,5193
1095,02-08-2024,cereal,5076
2192,15-01-2024,tortillas,575
1905,21-02-2024,,2680
2087,21-07-2025,sausage,4362
1364,22-07-2024,rolls/buns,2179
1113,21-01-2024,chips,473
1742,24-12-2025,coffee,214
1720,25-06-2025,frozen vegetables,364
1093,28-04-2025,cat food,195
1089,25-10-2024,root vegetables,1205
1903,13-11-2024,canned beer,1104
1244,18-08-2024,salty snack,5659
1454,07-09-2024,brown bread,4687
1440,11-07-2025,ice cream,2203
1765,28-02-2025,chocolate,1015
1792,12-05-2024,ground beef,1064
1344,06-09-2025,onions,2102
2002,19-10-2025,whole milk,4475
1234,18-03-2024,domestic eggs,4002
1146,18-08-2025,root vegetables,4370
1425,20-04-2024,soda,5442
2057,07-01-2025,newspapers,78
1800,01-06-2025,newspapers,3009
1410,03-05-2024,canned beer,5477
1796,22-05-2024,,2922
1941,31-03-2024,margarine,4008
1702,16-08-2025,tomato sauce,3103
1559,14-09-2025,frozen vegetables,2646
1416,04-11-2025,canned beer,3213
1220,28-03-2024,newspapers,4439
2160,08-03-2024,margarine,2746
1434,03-03-2024,margarine,2521
1535,17-05-2025,frankfurter,3606
1436,28-04-2025,whole milk,5760
1729,15-10-2025,newspapers,5828
1352,04-10-2024,canned beer,991
1415,13-06-2024,dish detergent,2449
1279,18-01-2024,pastry,3645
2028,22-02-2024,salty snack,2254
2081,11-10-2025,canned beer,1795
2198,06-08-2024,whole milk,36
1512,09-03-2024,whole milk,3243
1152,17-06-2024,frozen vegetables,5904
1384,13-09-2025,soda,343
2120,11-02-2024,white bread,3041
1883,26-07-2024,onions,4759
1400,31-08-2025,salsa,1759
1219,10-03-2024,napkins,1847
1761,02-09-2024,curd,1364
1695,12-01-2025,whole milk,537
1666,19-06-2024,onions,1677
1702,03-06-2024,paper towels,20
1720,07-10-2025,tropical fruit,1830
2134,23-08-2025,red wine,5586
1506,06-12-2024,bottled water,4258
1774,11-02-2025,brown bread,5555
1107,12-08-2024,granola,4298
1071,06-10-2025,soda,380
1928,08-04-2025,canned beer,5725
1722,02-08-2024,frankfurter,704
1081,23-08-2024,  CANNED BEER,4745
1527,19-04-2025,diapers,1215
1435,20-08-2025,newspapers,4196
1042,29-09-2025,root vegetables,2896
1814,01-07-2024,curd,2215
1581,15-10-2025,newspapers,4868
1046,17-12-2024,newspapers,2142
1218,29-01-2024,canned beer,3502
2017,18-01-2024,domestic eggs,4237
1963,03-03-2024,shopping bags,4083
1820,18-03-2025,parmesan,2840
2019,07-08-2024,curd,4143
1429,15-01-2024,shopping bags,2191
2077,15-05-2024,rolls/buns,3769
1645,09-06-2025,root vegetables,1894
1976,12-11-2024,margarine,1586
1341,19-05-2024,canned beer,2529
1330,19-11-2025,paper towels,2216
1701,29-07-2025,tropical fruit,1428
1410,02-03-2025,pip fruit,2649
1845,10-02-2025,curd,5150
1723,26-12-2024,white bread,2040
1692,21-05-2025,pastry,2163
1622,10-03-2024,margarine,79
2166,22-01-2024,domestic eggs,5030
2126,02-11-2025,rolls/buns,3072
2068,03-03-2025,sausage,5011
1254,17-08-2025,newspapers,4957
1070,11-09-2024,granola,129
1700,28-11-2025,brown bread,643
1083,03-06-2024,frozen vegetables,5168
1997,17-02-2025,brown bread,2226
2173,30-04-2024,butter,3121
2032,27-10-2024,sausage,1340
1251,11-06-2024,paper towels,4242
1318,30-03-2025,pip fruit,1305
2000,23-10-2024,frankfurter,5734
1137,09-11-2025,whole milk,3209
1771,08-04-2024,white bread,985
1417,02-02-2024,salty snack,4751
1297,24-12-2025,white bread,2438
1021,18-06-2025,margarine,2664
2111,30-09-2025,pastry,3974
2018,18-02-2024,ice cream,1939
1231,11-09-2025,cat food,3561
1732,14-09-2024,beef,2354
1357,22-01-2024,creamer,4254
1400,31-08-2025,tortillas,1759
1106,22-03-2025,margarine,3814
1130,13-08-2025,ground beef,5692
1814,07-04-2025,beef,1876
1754,13-10-2024,root vegetables,3675
1033,05-09-2024,onions,4455
2017,09-09-2024,margarine,5755
1653,17-08-2024,beef,2256
2070,27-02-2024,napkins,2314
2005,12-12-2025,granola,718
2172,27-05-2025,beef,1473
1272,17-01-2025,citrus fruit,805
1589,05-06-2025,white bread,5129
2161,25-10-2024,yogurt,4762
1603,31-05-2024,root vegetables,2737
1369,31-01-2024,domestic eggs,4752
1241,05-08-2025,  BEEF,700
1584,04-03-2024,brown bread,3845
1889,16-09-2024,white bread,4340
1627,21-05-2025,whole milk,2325
1361,02-10-2025,frankfurter,3325
2120,08-03-2025,canned beer,442
2034,29-05-2025,newspapers,4013
1683,19-05-2024,curd,4213
1073,05-01-2024,butter,5926
1444,04-10-2024,ice cream,4249
1744,19-05-2024,newspapers,2848
1891,06-06-2025,ice cream,367
2008,07-02-2025,  WHITE BREAD,3090
2101,11-01-2025,brown bread,5305
1378,15-07-2025,granola,114
1384,13-09-2025,root vegetables,343
1237,25-07-2025,root vegetables,4154
1631,18-09-2025,white bread,4655
1139,13-06-2025,canned beer,4584
1217,24-01-2024,cat food,1525
1608,12-07-2024,margarine,5896
1920,18-08-2024,salty snack,3909
1679,27-11-2025,sausage,932
1111,09-05-2024,root vegetables,2967
1473,14-02-2024,paper towels,2196
1629,25-09-2025,crackers,3967
2032,21-12-2024,yogurt,1908
1457,17-03-2025,parmesan,3363
1683,23-04-2025,pasta,2288
1994,06-09-2025,bananas,2986
1253,07-07-2024,soda,3431
1582,02-04-2024,canned beer,5377
1181,22-09-2024,ketchup,3668
2098,15-11-2025,salsa,5949
1581,23-10-2025,curd,1916
2072,23-11-2025,pastry,3337
2041,30-09-2024,tortillas,5507
1198,17-06-2025,tomato sauce,3372
1389,01-09-2025,margarine,5253
2159,25-06-2025,white bread,3095
1574,20-11-2024,canned beer,4947
1317,10-06-2024,whole milk,4958
1906,30-01-2025,citrus fruit,90
1394,16-02-2025,brown bread,1470
1066,20-08-2025,hamburger meat,2242
1010,29-10-2025,sugar,4796
2043,06-04-2025,chips,3257
1589,29-07-2025,margarine,5072
2095,30-04-2024,canned beer,3666
1548,15-05-2025,hamburger meat,2545
1220,13-01-2024,  CANNED BEER,727
1606,07-12-2024,citrus fruit,1890
1337,28-06-2025,cat food,2985
2108,25-09-2024,crackers,1365
2096,25-10-2024,beef,3495
1095,02-08-2024,crackers,5076
1501,15-09-2024,napkins,2923
1347,19-08-2024,canned beer,1211
1282,05-06-2024,,4449
2184,30-05-2024,ice cream,819
1081,23-08-2024,jam,4745
1973,16-01-2024,margarine,3823
1446,01-02-2024,canned beer,5810
1964,25-06-2024,citrus fruit,347
1229,11-05-2025,tortillas,586
1279,08-10-2024,butter,728
1416,26-05-2025,frankfurter,5425
1019,21-12-2025,sausage,376
1814,18-12-2025,whole milk,4450
2025,27-07-2024,whole milk,2987
1086,14-08-2025,root vegetables,1177
1549,22-11-2024,soda,5898
1222,16-10-2024,canned beer,1807
1631,29-10-2025,newspapers,1386
2077,10-02-2025,shopping bags,4653
1959,08-06-2024,tortillas,3051
1723,05-02-2024,brown bread,4458
1311,24-08-2024,parmesan,3636
1187,31-05-2025,margarine,5482
1310,19-03-2025,creamer,3015
1913,30-08-2024,soda,1384
2070,12-10-2025,,4552
1979,09-12-2025,domestic eggs,1910
1445,11-12-2025,frankfurter,5916
2022,11-11-2025,margarine,5981
1155,02-08-2024,newspapers,3084
1465,31-01-2024,butter,1388
1622,04-03-2025,onions,3772
1429,06-07-2025,white bread,1947
1830,05-02-2025,margarine,2980
1677,18-07-2025,canned beer,32
1329,07-11-2025,crackers,3813
1349,01-10-2025,canned beer,5146
1604,12-10-2025,yogurt,926
1982,17-01-2025,chips,2707
2152,04-11-2024,ketchup,1821
1133,12-08-2025,cat food,3481
1398,04-10-2025,canned beer,1397
1272,17-04-2025,  MARGARINE,5696
1732,18-06-2024,ketchup,3039
1743,28-11-2025,pastry,5824
1913,08-08-2024,citrus fruit,5250
1090,18-02-2024,  NEWSPAPERS,319
1278,17-01-2024,margarine,686
1403,23-10-2025,granola,3451
2056,16-08-2024,  ROOT VEGETABLES,1556
1633,02-09-2024,root vegetables,4112
1132,03-11-2025,brown bread,5270
1668,09-10-2024,rolls/buns,455
2069,11-02-2024,shopping bags,3793
2160,15-07-2024,newspapers,3584
1805,19-03-2025,ground beef,2756
1748,06-11-2024,frankfurter,4488
1567,21-10-2024,sausage,1965
2026,27-12-2024,salty snack,5983
1290,19-02-2024,frozen vegetables,5711
1304,17-12-2025,pastry,1273
1263,02-03-2024,pastry,4981
1897,24-08-2024,bottled water,2814
1897,09-05-2025,canned beer,1737
1669,14-03-2024,canned beer,1042
1236,30-12-2025,domestic eggs,910
1382,04-02-2025,beef,4540
1435,04-08-2024,tropical fruit,1548
1871,25-02-2024,pastry,599
1634,06-12-2024,citrus fruit,622
1204,13-08-2024,cat food,954
1439,12-06-2024,white bread,4587
1642,18-03-2025,margarine,394
2035,04-05-2025,granola,5074
1723,12-07-2025,curd,4675
2027,12-01-2025,root vegetables,408
1281,06-04-2025,pastry,4764
1206,02-12-2025,margarine,4770
1814,29-08-2024,coffee,4492
1609,19-02-2024,margarine,3286
1691,27-02-2025,canned beer,4106
1234,25-06-2024,canned beer,1812
2075,17-07-2025,whole milk,5836
1536,28-06-2024,white bread,1200
1206,15-09-2024,citrus fruit,2864
1983,02-04-2025,tortillas,1190
2083,25-01-2025,margarine,5318
1873,14-06-2024,frozen vegetables,132
1087,16-05-2025,citrus fruit,4052
1783,15-03-2024,shopping bags,3323
1705,24-10-2025,citrus fruit,1097
2041,30-09-2024,tropical fruit,5507
1327,08-05-2025,crackers,3153
1184,09-01-2024,canned beer,1140
1545,25-09-2024,canned beer,1557
1956,04-02-2024,curd,2588
1735,25-08-2025,beef,2700
1184,26-03-2025,yogurt,5418
1476,20-01-2024,domestic eggs,992
1616,15-09-2025,  MARGARINE,1496
1805,06-04-2024,margarine,2674
1559,14-09-2025,bottled water,2646
1161,03-01-2025,pastry,2100
1867,08-11-2025,root vegetables,2640
1919,26-04-2024,frozen vegetables,5518
1924,24-04-2025,bottled water,1477
1961,13-02-2025,bananas,2852
1268,17-06-2024,butter,3827
1463,19-01-2025,,4665
1344,06-09-2025,margarine,2102
1458,16-04-2024,salty snack,3687
1993,01-05-2024,salsa,789
1307,17-06-2025,frankfurter,2584
1385,24-10-2024,whole milk,1306
1487,28-03-2024,butter,960
1042,14-04-2024,beef,3812
1670,16-01-2024,cat food,4498
2185,17-01-2025,margarine,427
1876,15-11-2024,newspapers,2890
1346,30-10-2025,sausage,666
1992,17-03-2025,newspapers,850
2129,19-05-2025,citrus fruit,2268
1156,22-10-2024,domestic eggs,2546
2066,18-09-2024,canned beer,41
1906,13-01-2024,cereal,2961
1960,20-03-2025,pastry,920
1870,18-12-2025,canned beer,4352
1887,22-01-2025,whole milk,785
1965,10-01-2025,soda,3491
1410,12-04-2024,napkins,518
1128,06-10-2024,hamburger meat,4901
1291,08-08-2025,salty snack,1937
1753,07-12-2024,cheese,3755
1836,06-04-2025,pip fruit,5868
1749,20-12-2025,frozen vegetables,5458
1872,17-07-2024,salsa,3338
2056,16-08-2024,salsa,1556
2021,22-10-2024,domestic eggs,5710
1003,24-02-2024,domestic eggs,1497
1315,25-09-2025,onions,3347
1189,15-11-2024,root vegetables,2352
1535,17-09-2025,pastry,2764
1540,29-06-2025,canned beer,1402
1010,24-07-2024,newspapers,5510
1275,07-09-2025,tropical fruit,3069
1532,08-02-2025,chocolate,1485
1433,01-12-2025,diapers,5197
1597,25-11-2024,salsa,3799
1059,10-11-2025,tomato sauce,3892
2147,17-12-2025,canned beer,1923
1241,05-08-2025,creamer,700
1135,07-06-2024,margarine,4917
1156,15-06-2024,citrus fruit,1907
1626,23-09-2025,sausage,242
1553,26-12-2024,butter,5014
1391,29-09-2025,soda,4312
1924,03-08-2024,margarine,1798
1179,25-08-2025,diapers,1194
1225,11-02-2025,pip fruit,5407
1290,26-02-2024,dish detergent,694
1910,06-03-2025,pastry,3256
1389,15-05-2024,margarine,1870
2177,11-12-2024,margarine,3459
1077,20-08-2025,canned beer,3191
1045,14-03-2025,margarine,292
2181,24-07-2024,root vegetables,4640
1863,05-04-2025,margarine,5366
1268,22-04-2024,cat food,1994
1284,13-05-2025,frankfurter,5459
1290,19-02-2024,  ROOT VEGETABLES,5711
2164,05-06-2024,root vegetables,2343
1631,04-05-2025,  CANNED BEER,2272
1100,11-09-2025,tortillas,1739
1546,07-02-2024,whole milk,5283
1826,25-01-2025,,754
1668,22-03-2025,curd,2763
2115,21-09-2025,soda,1119
1076,07-01-2025,whole milk,5131
1575,07-07-2024,whole milk,1226
2144,28-09-2024,sausage,2210
1353,25-12-2025,white bread,5115
1916,28-12-2024,domestic eggs,5071
1861,07-05-2024,newspapers,2412
1280,02-03-2024,sausage,3808
1754,23-11-2024,salty snack,4031
1983,09-01-2025,canned beer,5179
1089,04-01-2024,whole milk,4026
1668,22-03-2025,onions,2763
1877,16-06-2024,curd,1722
1164,29-07-2025,curd,1313
1488,28-02-2024,margarine,122
1034,18-11-2025,pastry,962
2088,27-08-2025,canned beer,1334
1181,23-12-2024,creamer,5491
1842,22-03-2025,bottled water,5405
1135,13-11-2025,pastry,845
1627,10-12-2024,chocolate,1339
1447,18-03-2024,bottled water,2798
1937,09-10-2025,citrus fruit,2795
2050,08-12-2025,butter,5005
1566,11-05-2025,margarine,3528
1919,01-10-2025,chocolate,5431
1018,25-10-2024,margarine,4082
1567,17-06-2025,frozen vegetables,108
1253,01-07-2025,canned beer,4848
1410,13-08-2025,frozen vegetables,1542
1419,12-10-2024,dish detergent,3788
1071,06-10-2025,tropical fruit,380
1490,21-05-2025,salsa,3643
2091,14-09-2025,yogurt,945
2066,22-04-2025,canned beer,3124
2073,26-06-2025,whole milk,2368
1311,23-06-2025,granola,514
1122,10-08-2024,margarine,2917
1400,28-05-2025,brown bread,5192
1161,18-09-2025,red wine,589
1099,16-02-2025,pip fruit,2974
1529,04-07-2025,whole milk,245
2005,20-05-2024,canned beer,2924
1960,20-03-2025,bottled water,920
1743,23-04-2024,granola,5539
1357,15-07-2025,canned beer,5865
1420,31-10-2025,frozen vegetables,568
1164,05-09-2024,beef,3001
1311,24-11-2024,rolls/buns,5607
1439,16-03-2024,beef,5193
1242,12-09-2024,root vegetables,1551
1179,03-10-2025,bananas,3260
1609,26-01-2025,citrus fruit,4040
2095,30-04-2024,salsa,3666
1260,19-09-2025,chocolate,2004
1796,07-12-2024,newspapers,5348
1809,11-01-2024,pip fruit,3282
1081,06-10-2025,whole milk,3139
1932,12-11-2024,canned beer,2462
2155,10-01-2024,root vegetables,2134
1893,02-04-2025,salsa,4132
2151,25-09-2025,yogurt,3404
1043,17-07-2025,sugar,3365
2072,11-04-2024,salty snack,1975
1226,13-03-2024,whole milk,1646
1051,19-03-2025,curd,1439
1236,09-02-2024,canned beer,4069
1384,29-11-2025,white bread,1346
1039,18-09-2024,bottled water,440
1347,10-03-2024,canned beer,4091
2069,20-03-2025,pasta,1092
1170,12-11-2024,soda,4463
1465,10-01-2025,  PASTRY,4282
1389,01-09-2025,frankfurter,5253
1343,29-08-2024,newspapers,3716
1603,01-08-2025,ice cream,4405
1769,06-03-2025,white bread,3359
1603,17-05-2024,margarine,4607
2033,04-07-2025,soda,2360
1593,05-07-2024,onions,5598
1527,26-11-2025,citrus fruit,5596
1635,14-09-2024,frankfurter,4291
1116,04-03-2024,bottled water,5657
1565,31-08-2025,canned beer,4715
1741,27-08-2025,newspapers,431
1461,24-01-2025,salsa,4468
1236,16-03-2025,whole milk,1257
1925,31-01-2025,canned beer,2444
1699,14-07-2024,margarine,956
2142,17-03-2025,brown bread,5413
1238,29-11-2024,yogurt,3581
1549,03-12-2025,newspapers,1240
1965,24-07-2024,cat food,5019
2145,26-02-2024,white bread,2110
1556,25-09-2024,canned beer,4290
1490,18-12-2024,whole milk,5189
1351,01-11-2024,curd,5812
1368,10-09-2024,canned beer,1580
1974,09-12-2025,margarine,4651
1431,01-08-2025,white bread,830
1847,22-03-2025,napkins,2255
1169,26-07-2025,frozen vegetables,1010
2100,14-03-2024,root vegetables,2252
1033,25-04-2024,dish detergent,1967
1792,14-07-2025,whole milk,3167
1626,24-11-2024,bottled water,2514
1375,12-01-2024,tropical fruit,4315
2008,25-05-2024,brown bread,3467
2089,13-05-2024,shopping bags,1383
1434,10-03-2024,curd,5499
1279,08-10-2024,pip fruit,728
2059,21-04-2024,hamburger meat,389
1226,02-06-2025,canned beer,1803
1102,29-08-2024,canned beer,324
1650,09-07-2024,margarine,4808
1375,28-11-2024,citrus fruit,3767
1389,30-06-2025,canned beer,738
2151,11-09-2024,root vegetables,5410
1548,15-05-2025,newspapers,2545
1566,27-01-2024,canned beer,1266
1264,23-12-2025,rolls/buns,2893
1250,03-07-2024,paper towels,4484
1653,09-03-2025,whole milk,244
1242,13-06-2025,bottled water,2458
1236,13-03-2024,chocolate,1520
1570,30-06-2025,curd,4466
1501,08-10-2024,citrus fruit,743
1511,08-09-2025,salsa,2877
2044,05-07-2024,paper towels,1107
2089,02-11-2024,shopping bags,458
1499,20-08-2024,parmesan,3853
1887,30-08-2025,root vegetables,2277
1970,02-02-2024,onions,4355
1983,16-06-2025,margarine,3753
1689,12-04-2025,root vegetables,3506
1146,03-07-2025,canned beer,2768
1437,30-09-2024,ground beef,3356
1296,02-08-2024,sausage,2696
1761,24-01-2025,brown bread,2042
1660,05-04-2024,beef,2989
1660,30-03-2025,  MARGARINE,4181
2174,08-06-2024,pip fruit,5612
1803,11-04-2025,margarine,4477
1309,23-02-2025,rolls/buns,4368
1140,22-06-2024,ketchup,3237
1145,30-01-2024,margarine,2547
2147,13-02-2024,ice cream,5532
1433,16-07-2025,frozen vegetables,5462
2179,26-06-2024,bottled water,2910
1654,05-01-2025,pastry,4598
1244,05-07-2025,curd,1173
1160,18-01-2025,yogurt,4046
1715,13-12-2025,tropical fruit,5946
1014,25-05-2024,root vegetables,1990
1976,03-06-2025,sugar,2416
1640,03-07-2025,onions,593
1249,07-08-2024,margarine,266
1329,28-10-2024,salsa,3203
1261,20-08-2025,frozen vegetables,2931
1454,07-09-2024,canned beer,4687
1980,27-04-2024,domestic eggs,2135
1731,24-01-2025,whole milk,4093
1371,21-11-2024,chocolate,3656
1036,26-06-2025,citrus fruit,5037
1043,17-03-2024,canned beer,415
1337,02-08-2025,curd,3341
1309,23-02-2025,newspapers,4368
1557,14-12-2024,margarine,3829
1709,21-12-2024,margarine,510
1329,28-01-2024,soda,1046
2021,16-02-2024,root vegetables,5436
1586,04-01-2024,sausage,4504
1717,15-05-2024,root vegetables,4027
1329,07-11-2025,beef,3813
1525,21-02-2025,frozen vegetables,2230
1117,16-11-2024,  CAT FOOD,4402
1002,28-02-2024,tropical fruit,5987
1971,16-07-2024,canned beer,4950
2172,07-08-2024,hamburger meat,5236
1589,05-06-2025,shopping bags,5129
1945,09-01-2025,frankfurter,610
1032,14-10-2024,sausage,5202
1750,20-03-2024,margarine,2787
1718,08-11-2024,tropical fruit,1989
2027,12-01-2025,margarine,408
1426,30-07-2025,margarine,3673
1987,22-07-2025,cat food,3291
1014,21-04-2025,citrus fruit,2735
1464,17-05-2024,margarine,3334
1039,21-02-2024,margarine,2213
2057,07-01-2025,salsa,78
1130,23-01-2025,root vegetables,4336
2076,20-03-2024,parmesan,4577
1724,06-03-2025,whole milk,217
1202,01-04-2025,frankfurter,1164
1285,20-05-2024,canned beer,426
1766,21-04-2024,yogurt,4592
1485,23-01-2025,pastry,305
2161,25-10-2024,pip fruit,4762
1357,18-08-2024,granola,2253
1344,14-07-2025,yogurt,4909
1251,09-05-2024,rolls/buns,1486
1651,15-12-2024,  MARGARINE,4088
2120,08-03-2025,rolls/buns,442
2097,24-05-2024,frozen vegetables,476
1320,26-10-2024,white bread,4933
1964,27-05-2024,chocolate,5840
1034,09-03-2024,diapers,1204
1658,24-11-2024,cat food,126
1916,24-05-2025,chocolate,823
1854,06-12-2025,domestic eggs,4754
1455,26-01-2025,root vegetables,280
1344,06-09-2025,chocolate,2102
1491,13-03-2024,margarine,2218
1066,20-08-2025,margarine,2242
1142,27-07-2024,canned beer,342
1071,17-05-2024,citrus fruit,1175
1123,22-06-2024,canned beer,3301
2111,30-09-2025,onions,3974
1979,09-12-2025,pasta,1910
1596,27-07-2025,canned beer,3440
1633,12-04-2025,newspapers,47
1416,25-04-2024,whole milk,5481
2107,18-10-2024,tomato sauce,3975
2008,18-09-2024,pasta,2809
1553,26-12-2024,curd,5014
1487,18-02-2025,yogurt,5839
1261,16-12-2024,citrus fruit,1656
1881,07-12-2024,whole milk,2853
1875,02-07-2025,canned beer,1720
1308,11-10-2024,frozen vegetables,3397
1624,15-03-2024,rolls/buns,5289
1900,29-03-2025,white bread,3709
2194,01-12-2024,root vegetables,1599
1089,25-10-2024,creamer,1205
1801,13-07-2024,cat food,3018
1219,09-11-2024,margarine,527
2134,06-11-2024,citrus fruit,849
1697,20-03-2024,bottled water,4476
1723,21-11-2025,,5599
1833,02-06-2024,white bread,4309
1978,06-11-2024,canned beer,5671
1833,04-03-2025,whole milk,2485
1192,04-11-2024,curd,5534
1659,17-10-2024,root vegetables,260
1178,06-03-2025,salsa,2318
1984,01-03-2024,canned beer,4075
1482,11-02-2024,tomato sauce,1887
1865,10-03-2024,root vegetables,3155
1930,15-01-2025,canned beer,829
2080,09-05-2024,margarine,4151
1375,27-04-2024,domestic eggs,534
1789,13-08-2025,canned beer,1850
1193,13-05-2025,paper towels,2011
1065,17-10-2024,root vegetables,5448
1123,26-05-2024,tortillas,1230
1979,06-03-2024,yogurt,2706
1130,05-04-2024,whole milk,5736
1311,24-11-2024,ketchup,5607
2070,27-02-2024,newspapers,2314
1327,16-08-2024,domestic eggs,3657
1160,04-04-2024,coffee,2804
1101,15-12-2025,citrus fruit,3474
1433,16-07-2025,cheese,5462
2193,12-04-2024,pip fruit,3976
1623,27-08-2024,salsa,2139
1897,07-11-2024,pasta,2953
1945,21-09-2025,frozen vegetables,4018
2149,28-02-2025,hamburger meat,4436
1971,23-08-2024,margarine,2265
1544,09-05-2024,yogurt,293
1736,05-10-2024,jam,3177
1713,15-07-2025,bottled water,3411
1731,31-05-2024,cat food,824
1682,21-02-2024,margarine,5239
1303,09-03-2025,cat food,5838
1630,31-10-2025,tropical fruit,1185
1037,05-11-2025,bottled water,3560
1510,18-01-2024,pastry,1979
1035,03-08-2024,canned beer,1631
1357,18-08-2024,bananas,2253
1952,14-09-2025,  SALSA,5331
1320,20-03-2024,newspapers,5041
2078,26-05-2024,napkins,2450
1142,27-07-2024,domestic eggs,342
1891,09-08-2024,napkins,3617
1178,05-06-2024,domestic eggs,627
2095,24-02-2024,onions,5345
1190,23-04-2024,root vegetables,1883
1676,03-04-2025,brown bread,109
1220,09-01-2024,parmesan,3527
1022,09-07-2025,newspapers,43
1318,12-12-2025,salty snack,2428
1037,24-03-2024,whole milk,4705
1027,05-02-2025,canned beer,186
1171,12-03-2025,canned beer,1960
1132,14-10-2025,paper towels,2743
1194,11-02-2025,pastry,4573
1184,26-03-2025,red wine,5418
1650,11-05-2024,newspapers,530
1458,14-07-2025,newspapers,5317
1082,31-03-2025,frankfurter,4350
1382,27-04-2025,canned beer,4396
1389,28-10-2024,  CANNED BEER,4929
1836,06-04-2025,  NEWSPAPERS,5868
1312,28-03-2024,frozen vegetables,2455
1389,15-05-2024,root vegetables,1870
2184,29-06-2024,frankfurter,5697
2046,27-11-2025,cereal,1332
1358,16-10-2024,margarine,5942
1816,05-12-2024,root vegetables,1459
2105,10-09-2024,white bread,2495
1783,20-03-2025,canned beer,4084
2049,29-09-2024,domestic eggs,5927
1846,21-05-2025,white bread,4723
1390,07-06-2025,sugar,2655
2048,21-04-2025,canned beer,2409
2057,08-03-2025,curd,4109
1043,09-11-2024,salty snack,4089
1235,27-05-2025,rolls/buns,5379
2043,06-04-2025,sausage,3257
1355,01-07-2025,root vegetables,492
1663,11-06-2024,dish detergent,1961
1391,15-07-2025,butter,2493
1436,08-07-2025,ground beef,1582
1053,07-03-2025,onions,15
1221,18-05-2025,cereal,4063
1651,28-05-2024,white bread,1643
1345,03-03-2025,root vegetables,3674
1110,24-10-2024,bottled water,4062
1496,11-05-2025,domestic eggs,2433
1418,12-04-2025,citrus fruit,4403
1504,23-06-2024,root vegetables,5485
1646,15-10-2024,parmesan,4238
2155,04-07-2025,napkins,5235
1115,21-02-2024,root vegetables,5611
1891,11-03-2025,bottled water,3352
1134,21-01-2025,canned beer,4845
2040,03-07-2025,root vegetables,3017
1841,20-06-2025,ketchup,18
1671,20-08-2024,canned beer,397
1509,02-08-2025,yogurt,3273
1030,07-11-2025,parmesan,42
2081,09-12-2025,canned beer,5672
1860,09-10-2025,frozen vegetables,5278
1551,21-05-2025,beef,2963
1696,25-07-2024,shopping bags,4161
1606,21-02-2025,citrus fruit,5243
1544,09-05-2024,white bread,293
1651,04-12-2024,ground beef,3163
1665,15-07-2024,ground beef,1358
1812,17-11-2024,tropical fruit,5778
1085,30-11-2024,yogurt,135
1929,16-07-2024,onions,3010
2072,04-11-2025,cat food,2994
2085,10-01-2024,root vegetables,3183
2129,15-11-2024,cat food,3531
2061,01-10-2024,canned beer,2390
1587,21-06-2024,domestic eggs,2889
1104,22-04-2024,canned beer,3628
2081,09-12-2025,pastry,5672
1293,26-09-2025,pasta,3806
1875,06-02-2024,soda,793
2109,23-12-2024,  FROZEN VEGETABLES,3068
1723,18-01-2025,hamburger meat,2346
1919,01-10-2025,napkins,5431
1907,24-10-2024,whole milk,2496
1852,22-11-2025,ice cream,3371
2098,15-11-2025,newspapers,5949
1265,02-03-2024,citrus fruit,582
2116,18-09-2025,curd,4288
1836,25-03-2025,canned beer,3521
1574,01-02-2025,root vegetables,5052
1331,25-11-2025,chips,4943
1400,11-08-2025,chocolate,4664
1401,11-02-2024,white bread,191
1186,19-05-2025,citrus fruit,183
2033,07-09-2024,pastry,4236
2082,18-05-2025,bottled water,3034
1492,07-04-2024,whole milk,3104
1557,14-12-2024,domestic eggs,3829
1789,13-08-2025,cereal,1850
1652,03-12-2024,whole milk,3354
1351,15-09-2024,newspapers,1029
1584,27-09-2025,frankfurter,5429
1603,17-05-2024,root vegetables,4607
1925,31-01-2025,soda,2444
1049,09-09-2024,  MARGARINE,4283
1741,12-04-2024,creamer,1316
1002,06-04-2025,whole milk,1869
1868,28-08-2025,coffee,5990
2069,26-11-2024,canned beer,80
1727,25-02-2025,ketchup,558
1819,11-06-2025,granola,1897
1451,29-04-2024,frankfurter,855
1913,26-03-2025,margarine,5752
1240,18-03-2025,root vegetables,5463
1754,24-06-2025,brown bread,3713
2080,09-05-2024,frankfurter,4151
1064,28-05-2024,root vegetables,1099
2114,24-05-2024,rolls/buns,874
1471,01-02-2025,margarine,1489
1624,20-06-2025,onions,5077
1324,18-01-2025,margarine,463
2085,10-01-2024,white bread,3183
1425,12-06-2025,root vegetables,2350
1976,11-12-2024,rolls/buns,1724
1167,01-12-2025,crackers,2682
1494,08-08-2025,yogurt,564
1783,27-08-2024,frankfurter,1658
1939,07-08-2024,canned beer,2177
1649,12-02-2025,tomato sauce,3807
1703,30-10-2024,yogurt,5644
1787,30-08-2025,napkins,4349
1979,25-02-2025,margarine,2863
1236,13-03-2024,salty snack,1520
1959,06-07-2024,yogurt,3545
2073,09-12-2024,newspapers,1547
1073,27-02-2025,  ROOT VEGETABLES,5272
1459,15-03-2024,canned beer,1692
1006,19-10-2025,canned beer,3054
2082,26-01-2025,white bread,4272
1173,03-11-2024,curd,1359
1708,12-02-2025,curd,5716
1222,17-09-2025,frankfurter,2388
1227,30-03-2024,canned beer,1743
1905,04-07-2024,creamer,1884
1961,15-11-2025,  BOTTLED WATER,1293
1253,07-07-2024,canned beer,3431
1887,02-11-2024,whole milk,4966
1625,09-01-2024,salsa,4777
1752,14-11-2024,hamburger meat,1860
1190,23-08-2025,root vegetables,4459
2097,20-12-2024,canned beer,22
1581,15-10-2025,yogurt,4868
1742,19-05-2024,soda,5548
1245,28-04-2025,  CANNED BEER,1035
1570,15-08-2025,yogurt,4677
1548,21-03-2025,bananas,2599
1101,28-03-2024,citrus fruit,875
2166,22-01-2024,curd,5030
1774,20-09-2024,sausage,480
1010,24-03-2024,margarine,5409
2124,02-02-2024,yogurt,425
2144,07-12-2025,canned beer,1220
1818,01-07-2025,canned beer,2873
1409,16-03-2024,canned beer,3437
1559,20-12-2024,white bread,1544
1943,18-01-2025,white bread,5078
1250,27-05-2024,margarine,365
1591,23-09-2024,root vegetables,1648
1403,09-12-2025,newspapers,212
1255,10-12-2025,soda,3951
1264,23-12-2025,shopping bags,2893
1332,27-08-2024,salty snack,1501
1860,01-04-2025,onions,2185
2048,21-04-2025,onions,2409
1659,17-02-2025,root vegetables,4641
2159,26-11-2025,margarine,5308
1254,17-08-2025,onions,4957
1405,23-05-2024,canned beer,4299
1039,04-08-2025,tomato sauce,4043
2002,29-04-2024,cheese,5543
1434,03-03-2024,curd,2521
1797,14-01-2024,curd,3430
1106,24-01-2024,frankfurter,1728
1859,22-05-2024,cat food,1745
2061,13-11-2024,newspapers,1877
1495,08-11-2024,whole milk,2792
1372,25-05-2025,pip fruit,4658
2172,13-01-2025,canned beer,1938
2090,23-10-2025,margarine,4295
1658,21-11-2024,newspapers,4594
1222,01-01-2025,beef,2564
1604,23-02-2025,white bread,2810
1032,20-02-2024,canned beer,2236
1505,12-04-2024,salty snack,4549
1634,03-06-2024,citrus fruit,3353
1837,26-01-2024,margarine,5723
1704,19-04-2025,newspapers,5575
2090,14-03-2025,chocolate,3283
1996,10-06-2024,domestic eggs,2143
1486,07-03-2025,domestic eggs,5652
1217,21-03-2025,root vegetables,3446
2101,11-01-2025,frozen vegetables,5305
2105,14-02-2024,rolls/buns,3082
1450,05-09-2024,  BOTTLED WATER,3390
1328,25-11-2025,margarine,2729
2128,23-07-2024,red wine,2726
1115,21-02-2024,citrus fruit,5611
1175,01-03-2025,citrus fruit,2243
1578,01-04-2025,margarine,964
1600,29-11-2024,root vegetables,4369
2056,22-08-2025,  NEWSPAPERS,5832
2094,08-04-2025,white bread,5060
1752,22-05-2024,  YOGURT,4273
1333,14-02-2025,margarine,5722
2102,21-08-2025,chocolate,4766
1512,24-06-2025,canned beer,1070
1157,25-09-2025,cereal,4500
2172,13-01-2025,root vegetables,1938
2150,25-11-2024,canned beer,1319
1462,06-01-2024,citrus fruit,2410
2180,01-07-2025,canned beer,4867
1432,30-11-2025,margarine,4818
2194,01-12-2024,citrus fruit,1599
1750,20-03-2024,napkins,2787
1122,02-07-2024,canned beer,4924
2059,06-07-2024,newspapers,1690
1156,26-06-2025,frozen vegetables,612
1804,23-07-2025,onions,40
1621,26-01-2025,chocolate,1116
2067,12-07-2024,canned beer,5602
1500,29-04-2024,dish detergent,337
2065,12-06-2025,canned beer,72
1421,03-12-2024,margarine,693
1017,11-07-2024,sausage,1558
1463,08-12-2025,canned beer,3194
1888,29-08-2024,canned beer,14
1058,03-12-2025,canned beer,1232
1546,30-05-2025,canned beer,1350
1058,06-06-2024,canned beer,1597
2066,18-09-2024,root vegetables,41
1371,21-11-2024,ketchup,3656
1298,26-08-2024,paper towels,2311
1294,14-11-2024,canned beer,4807
1798,23-08-2024,soda,1374
1800,01-06-2025,frozen vegetables,3009
1569,17-08-2025,onions,2874
1096,22-05-2025,ice cream,2364
1471,01-02-2025,root vegetables,1489
1365,01-04-2025,cereal,5934
1955,30-04-2025,paper towels,3165
2100,14-03-2024,diapers,4638
2142,23-03-2025,rolls/buns,3482
1893,12-09-2025,canned beer,4104
1850,13-06-2024,root vegetables,1755
2067,21-04-2025,butter,3295
1685,21-11-2024,canned beer,4663
1784,26-11-2025,frozen vegetables,5204
2078,26-05-2024,onions,2450
1775,23-09-2024,salty snack,1829
1587,27-10-2025,canned beer,5415
2118,08-11-2025,pasta,1892
1515,16-01-2024,root vegetables,4617
2171,17-12-2025,crackers,25
1109,10-01-2025,canned beer,3297
2166,21-01-2025,pastry,1353
1815,24-09-2024,margarine,2693
1627,31-03-2025,cat food,5163
1548,04-08-2024,yogurt,4287
1450,05-09-2024,bottled water,3390
1251,25-08-2025,margarine,2262
1404,01-12-2024,newspapers,2702
1937,05-08-2024,canned beer,2509
1523,26-06-2025,yogurt,3452
1647,26-05-2024,margarine,248
1199,30-09-2025,root vegetables,4024
1472,14-10-2025,whole milk,3294
1630,23-10-2025,margarine,3622
2007,18-03-2024,canned beer,3112
1882,12-10-2025,sausage,3047
2095,28-07-2024,soda,2718
1013,02-07-2025,rolls/buns,5242
2158,29-06-2024,bananas,3385
1297,25-08-2025,chocolate,5531
1440,04-01-2024,curd,5112
1669,14-03-2024,root vegetables,1042
1906,21-10-2024,coffee,515
1561,03-12-2025,root vegetables,2507
1237,03-08-2024,bottled water,498
1660,30-03-2025,domestic eggs,4181
1429,24-08-2025,margarine,1050
1304,13-10-2025,white bread,1535
1833,01-06-2024,whole milk,4861
1734,06-10-2025,bottled water,4384
1709,21-12-2024,pastry,510
1204,01-10-2024,yogurt,5218
1785,03-10-2024,frozen vegetables,4571
1391,15-07-2025,jam,2493
1868,25-07-2025,frozen vegetables,2732
1657,09-12-2024,canned beer,1198
1673,02-09-2025,canned beer,4654
1982,04-06-2024,soda,594
2070,11-05-2025,margarine,1109
1989,01-12-2024,salty snack,3037
1906,18-08-2024,margarine,1604
2098,19-11-2025,margarine,944
1418,07-10-2025,onions,504
2078,08-02-2025,frozen vegetables,3108
2039,29-01-2025,napkins,1141
1194,13-12-2024,butter,5280
1070,27-09-2024,tomato sauce,5443
1299,05-08-2024,margarine,2162
1806,24-12-2024,onions,1483
1623,27-08-2024,yogurt,2139
1539,07-01-2025,beef,5156
1790,28-03-2024,tropical fruit,1671
1931,22-08-2024,margarine,4902
1498,25-04-2024,margarine,5721
1432,15-05-2025,pastry,755
1912,08-10-2025,  SUGAR,1495
1320,11-05-2024,citrus fruit,1096
1263,03-01-2024,ground beef,4197
1776,09-08-2025,soda,5359
1842,09-10-2024,diapers,2932
1368,17-06-2025,root vegetables,142
1976,06-05-2024,white bread,871
1505,19-04-2024,whole milk,4768
1842,04-04-2025,newspapers,2056
1154,09-03-2025,root vegetables,4825
1162,03-11-2024,white bread,4971
2000,23-10-2024,red wine,5734
1709,29-12-2024,cat food,272
1183,28-06-2025,parmesan,2116
1562,25-08-2024,margarine,3538
1220,13-01-2024,root vegetables,727
1364,17-06-2025,white bread,4208
2160,15-07-2024,bottled water,3584
1184,20-04-2024,canned beer,85
1850,13-06-2024,margarine,1755
1565,02-07-2024,whole milk,5656
1901,12-10-2025,whole milk,4726
1677,18-07-2025,granola,32
2135,23-11-2024,cat food,5886
2044,31-12-2024,hamburger meat,3681
1872,22-09-2025,canned beer,3164
1633,12-12-2025,canned beer,5737
1349,02-03-2024,frankfurter,2603
1878,02-03-2025,root vegetables,5141
1848,17-01-2025,canned beer,2138
1077,04-09-2024,canned beer,4834
1019,21-12-2025,frozen vegetables,376
1947,11-08-2025,yogurt,740
1339,18-07-2024,crackers,3105
1784,26-11-2025,canned beer,5204
1574,20-11-2024,margarine,4947
2132,25-11-2024,cereal,3324
1316,26-04-2024,frankfurter,3179
1814,01-07-2024,jam,2215
1797,03-11-2024,citrus fruit,3070
1773,21-01-2025,chocolate,1710
1333,20-11-2025,dish detergent,2190
1953,11-11-2025,newspapers,1976
1118,06-11-2024,salsa,2637
2054,15-04-2024,newspapers,1031
1017,27-05-2024,domestic eggs,5160
1735,07-01-2025,citrus fruit,1105
1567,13-01-2025,margarine,5159
1614,17-08-2024,cheese,118
1481,12-01-2024,dish detergent,4737
2011,09-12-2024,tomato sauce,943
1496,11-05-2025,white bread,2433
2119,18-04-2024,canned beer,4678
1382,18-12-2024,pasta,5854
1993,01-05-2024,sausage,789
1153,11-02-2025,canned beer,525
1453,30-11-2025,pastry,215
1415,29-01-2024,margarine,1968
1328,03-09-2025,pip fruit,1617
1523,17-09-2024,margarine,647
1920,27-01-2024,parmesan,165
1028,05-07-2025,rolls/buns,4044
2093,31-07-2025,newspapers,3236
1351,30-06-2024,domestic eggs,5897
1905,07-11-2025,salsa,2411
1743,12-01-2024,whole milk,216
1392,25-12-2025,dish detergent,1629
1713,02-05-2025,bottled water,3582
1213,14-09-2025,canned beer,97
1365,16-02-2024,dish detergent,2717
1328,04-09-2025,whole milk,817
1898,02-11-2024,pasta,3255
1597,19-10-2024,citrus fruit,2180
1729,02-03-2024,citrus fruit,1004
1110,24-10-2024,margarine,4062
1723,26-12-2024,margarine,2040
2141,22-07-2025,white bread,3254
2007,31-12-2024,whole milk,2907
1969,31-07-2025,whole milk,5018
1701,23-02-2025,frozen vegetables,339
1751,20-02-2024,paper towels,5930
1323,06-01-2024,root vegetables,3550
1539,27-02-2024,soda,4263
1327,13-05-2024,canned beer,5521
1779,26-11-2025,citrus fruit,5875
2003,24-07-2024,tropical fruit,4622
1859,13-01-2025,citrus fruit,5968
1907,24-10-2024,,2496
1587,21-06-2024,yogurt,2889
1236,09-02-2024,beef,4069
1419,09-01-2025,ground beef,2590
1550,15-10-2025,sausage,1709
2044,04-10-2025,coffee,39
1540,28-02-2025,canned beer,4817
1024,01-03-2025,salty snack,1262
1601,29-03-2024,yogurt,936
1479,19-05-2025,frozen vegetables,311
2155,14-01-2025,margarine,4970
1779,26-11-2025,yogurt,5875
2161,12-09-2024,cat food,2926
1060,19-03-2025,margarine,2053
1471,30-08-2024,bottled water,3624
1720,25-06-2025,cereal,364
2015,12-08-2024,citrus fruit,3884
1271,26-03-2024,hamburger meat,4831
1281,01-09-2025,canned beer,4198
1538,30-06-2024,margarine,2192
2081,09-12-2025,napkins,5672
1216,13-09-2025,newspapers,5761
1355,01-07-2025,pip fruit,492
1980,26-12-2024,bottled water,3851
2117,19-02-2025,newspapers,3756
2070,11-05-2025,bottled water,1109
2150,26-10-2024,root vegetables,5210
1151,15-08-2025,white bread,5597
1031,30-10-2025,hamburger meat,2825
2033,03-08-2025,margarine,3409
1832,25-07-2025,red wine,5747
2028,25-11-2025,soda,5750
1328,14-03-2025,newspapers,4433
1955,21-10-2024,salty snack,661
2154,26-05-2024,curd,1165
1465,15-09-2024,root vegetables,2281
1915,05-01-2024,chips,5526
2125,04-05-2025,canned beer,5376
1344,09-12-2025,hamburger meat,2972
1852,25-01-2024,sugar,5357
1997,10-06-2025,napkins,4604
2171,17-12-2025,soda,25
1501,20-01-2025,margarine,2225
1369,27-04-2025,coffee,2839
1301,26-11-2025,frozen vegetables,1541
1892,21-09-2025,margarine,435
2181,25-09-2024,frankfurter,966
1874,20-09-2025,chocolate,4408
1575,07-07-2024,canned beer,1226
2110,19-05-2025,margarine,1143
1395,04-04-2024,newspapers,2132
1742,18-08-2024,beef,937
1249,28-04-2024,rolls/buns,2812
1822,03-08-2025,onions,4644
1561,09-04-2025,root vegetables,2219
1564,25-03-2025,frankfurter,2527
1946,21-08-2025,yogurt,2581
1013,02-07-2025,onions,5242
1731,31-05-2024,tropical fruit,824
1109,10-01-2025,margarine,3297
2159,20-02-2025,whole milk,2423
1289,31-10-2024,bottled water,1650
1518,02-03-2025,citrus fruit,5087
1843,05-06-2024,paper towels,3250
1318,12-12-2025,frozen vegetables,2428
1311,05-01-2025,onions,3455
1013,06-07-2025,pip fruit,5363
1500,12-07-2025,ground beef,1974
1140,16-03-2025,salty snack,3954
1515,06-06-2024,brown bread,2353
1282,16-11-2024,citrus fruit,1575
1238,29-11-2024,root vegetables,3581
1161,13-06-2024,canned beer,5921
2082,18-05-2025,margarine,3034
1398,26-02-2025,onions,439
2013,19-02-2024,pastry,4047
1252,22-05-2025,sausage,1715
1875,02-07-2025,citrus fruit,1720
1603,17-06-2025,root vegetables,329
1856,31-08-2025,tropical fruit,5102
1752,22-05-2024,butter,4273
1819,24-12-2025,frankfurter,3998
2079,21-10-2024,shopping bags,4139
1231,11-09-2025,rolls/buns,3561
2168,13-07-2024,frozen vegetables,2024
1184,09-01-2024,rolls/buns,1140
1966,09-02-2024,hamburger meat,5067
2180,03-08-2025,hamburger meat,2668
1181,09-09-2024,frankfurter,3081
1217,24-01-2024,pastry,1525
1356,31-10-2024,bottled water,5856
1052,27-03-2024,butter,3749
2002,19-10-2025,granola,4475
1065,08-02-2024,napkins,2968
1365,14-01-2025,domestic eggs,5936
1979,12-08-2024,frozen vegetables,1695
1801,13-07-2024,cereal,3018
1675,04-10-2024,white bread,5956
1205,16-07-2024,napkins,5032
1919,15-11-2024,margarine,722
1884,10-12-2025,shopping bags,4874
1119,11-09-2024,margarine,901
1603,20-02-2024,root vegetables,2118
2081,09-12-2025,parmesan,5672
2036,27-05-2025,napkins,3526
2063,31-10-2025,beef,5933
1251,17-11-2024,tropical fruit,779
1896,27-12-2024,yogurt,5780
1920,17-11-2024,whole milk,3942
1905,07-11-2025,whole milk,2392
2077,11-06-2024,chips,5588
1262,09-11-2025,beef,897
1362,06-08-2024,root vegetables,1717
1319,15-11-2024,canned beer,828
1037,24-03-2024,citrus fruit,4705
1799,16-09-2025,bottled water,3355
1826,30-07-2025,margarine,5299
2174,11-11-2024,brown bread,1718
2017,14-02-2024,napkins,4746
1424,29-12-2025,paper towels,4819
1851,19-12-2024,canned beer,4826
1432,27-07-2024,shopping bags,1372
2010,17-02-2024,whole milk,4502
1439,01-10-2025,soda,3055
2000,21-08-2024,whole milk,5265
1560,25-01-2024,frankfurter,5524
1002,06-12-2024,newspapers,1712
1800,04-01-2025,paper towels,4107
1741,11-07-2025,pasta,3859
2036,04-12-2025,bottled water,323
1393,10-09-2024,root vegetables,1312
1442,10-05-2024,crackers,3957
1708,13-02-2025,root vegetables,4911
1602,26-12-2024,salty snack,2921
1277,30-04-2025,salsa,517
1624,27-07-2025,yogurt,3050
1794,20-01-2024,ketchup,2425
1281,01-09-2025,root vegetables,4198
1819,07-06-2025,margarine,5553
1178,09-04-2025,sausage,5264
1881,07-12-2024,root vegetables,2853
1199,01-09-2025,tropical fruit,4387
1646,22-01-2024,newspapers,1494
1663,12-09-2025,canned beer,2160
1466,09-05-2025,margarine,1555
1493,16-05-2025,citrus fruit,379
1632,02-08-2025,canned beer,971
1120,01-12-2024,canned beer,6
1187,23-02-2024,napkins,3638
2135,29-07-2025,sausage,2441
1795,29-04-2024,hamburger meat,3374
1518,30-11-2025,paper towels,5375
1984,06-07-2024,butter,3242
1665,11-10-2025,pasta,4511
2182,03-11-2025,margarine,818
1173,28-05-2024,dish detergent,268
2057,05-12-2025,white bread,358
1220,06-10-2025,beef,5190
2009,30-09-2024,pastry,4629
1889,26-08-2024,root vegetables,4787
1565,01-12-2024,tropical fruit,1948
1468,28-07-2024,whole milk,1182
2179,21-12-2024,margarine,3955
1018,30-03-2025,brown bread,1859
2152,13-12-2025,margarine,2549
1491,11-02-2025,bananas,3987
1957,03-09-2024,root vegetables,4802
2160,26-08-2025,shopping bags,4278
1614,16-10-2025,whole milk,5372
1472,19-11-2024,brown bread,221
1647,26-05-2024,newspapers,248
1863,05-04-2025,frankfurter,5366
1995,01-11-2025,root vegetables,1846
1155,25-05-2024,beef,1896
1195,20-05-2024,cat food,2448
1748,14-06-2024,margarine,1362
1997,17-02-2025,ground beef,2226
1837,26-01-2024,citrus fruit,5723
1522,01-09-2025,newspapers,2488
1411,10-10-2024,napkins,1327
2091,12-04-2025,margarine,5954
1870,18-06-2024,pastry,3310
1946,03-08-2025,tropical fruit,1413
1280,21-09-2025,salty snack,5009
1936,09-11-2025,citrus fruit,2422
1512,21-05-2024,domestic eggs,2539
1897,09-05-2025,,1737
1741,12-04-2024,sugar,1316
1496,08-01-2024,whole milk,1260
2051,15-05-2025,rolls/buns,1251
1339,18-07-2024,citrus fruit,3105
2079,12-11-2025,curd,4624
1655,17-06-2024,newspapers,1255
1264,06-12-2025,brown bread,5998
1978,29-12-2025,yogurt,3765
1728,22-01-2024,chocolate,5996
1053,27-03-2024,pastry,1993
1161,13-06-2024,soda,5921
1797,03-11-2024,canned beer,3070
1281,09-12-2024,granola,5251
1394,30-01-2024,onions,1796
1233,25-09-2024,tomato sauce,2259
1420,29-09-2024,margarine,4410
1431,10-03-2025,tomato sauce,4832
1101,13-07-2025,margarine,3348
1798,23-08-2024,canned beer,1374
1599,15-05-2024,pastry,2383
1260,16-04-2024,margarine,168
1953,24-01-2025,soda,941
1952,11-07-2024,tortillas,4669
1526,09-03-2024,coffee,5020
1221,18-05-2025,shopping bags,4063
1945,03-08-2024,citrus fruit,1235
1142,08-01-2025,margarine,2414
1614,17-08-2024,red wine,118
1703,30-10-2024,bananas,5644
2055,08-12-2025,shopping bags,386
2078,08-02-2025,margarine,3108
2075,11-03-2024,soda,4531
1858,18-07-2024,newspapers,3676
1221,11-01-2024,citrus fruit,2627
1041,29-03-2024,red wine,905
2079,13-08-2024,canned beer,3220
2158,16-08-2024,frozen vegetables,5976
1018,20-07-2024,citrus fruit,764
1979,09-12-2025,white bread,1910
1829,08-08-2025,parmesan,861
1952,27-06-2024,ground beef,1827
1406,09-05-2024,root vegetables,553
1973,17-09-2025,canned beer,4619
2044,05-07-2024,canned beer,1107
1989,11-05-2025,margarine,1447
1833,05-12-2024,root vegetables,2312
1627,31-03-2025,tortillas,5163
1259,19-07-2024,domestic eggs,4793
1772,09-09-2024,chocolate,868
1772,19-05-2025,pastry,3150
1597,26-03-2025,bottled water,2691
2180,19-10-2024,sugar,2483
2168,31-03-2025,margarine,859
2083,27-11-2025,granola,2367
1233,14-02-2025,salsa,5127
1452,04-03-2025,frankfurter,1997
1916,18-08-2024,canned beer,4321
1014,25-05-2024,margarine,1990
1220,29-08-2025,newspapers,4757
1039,06-04-2024,,4377
1924,24-04-2025,jam,1477
1901,11-01-2025,red wine,4627
1700,28-11-2025,rolls/buns,643
1783,27-08-2024,citrus fruit,619
1316,27-09-2024,root vegetables,1794
2152,13-12-2025,frozen vegetables,2549
2163,11-04-2024,chocolate,1297
2152,17-10-2024,rolls/buns,5327
1750,22-03-2024,white bread,4564
1297,08-11-2025,onions,3691
1375,28-11-2024,frankfurter,3767
1189,03-10-2025,onions,240
1315,25-09-2025,white bread,3347
1921,29-04-2025,root vegetables,2801
1512,11-01-2025,tropical fruit,1820
2187,12-06-2024,beef,3950
1516,28-06-2025,frankfurter,163
1841,20-06-2025,newspapers,18
1979,03-03-2025,canned beer,4417
1929,21-05-2025,margarine,5720
1505,24-07-2024,root vegetables,4928
1635,04-06-2024,whole milk,5412
1400,24-12-2024,newspapers,4635
1569,17-08-2025,bottled water,2874
1220,13-01-2024,citrus fruit,727
2016,05-02-2025,tomato sauce,2612
1714,05-09-2024,canned beer,4324
1403,05-03-2025,margarine,382
1164,30-10-2024,granola,3287
1216,13-02-2024,canned beer,359
1475,03-12-2025,frankfurter,3395
1660,05-04-2024,root vegetables,2989
1130,25-04-2025,bananas,3651
1281,12-04-2024,onions,1614
1062,28-01-2025,jam,4839
1094,25-06-2024,citrus fruit,4616
1275,06-08-2024,pastry,63
2143,03-04-2024,canned beer,3246
1478,19-04-2025,whole milk,4314
1223,28-02-2025,pastry,3020
1596,18-06-2024,newspapers,547
1956,04-02-2024,napkins,2588
1175,27-10-2025,chocolate,2171
1510,18-01-2024,root vegetables,1979
2033,03-08-2025,canned beer,3409
1282,10-02-2025,root vegetables,3677
2057,18-06-2024,domestic eggs,5758
1995,14-12-2025,pasta,4102
1224,21-02-2025,onions,5432
1206,10-09-2025,margarine,1842
1386,08-03-2024,frankfurter,5296
1538,17-12-2024,white bread,4948
1482,11-02-2024,whole milk,1887
1827,19-08-2025,margarine,2417
1438,16-11-2025,shopping bags,289
2192,21-11-2024,yogurt,5587
1658,24-11-2024,frankfurter,126
1781,28-06-2024,white bread,4749
1090,11-10-2024,chips,1155
1892,07-12-2024,pip fruit,4888
1092,11-01-2025,pastry,1844
1618,20-08-2025,soda,4357
1089,29-02-2024,beef,5901
1104,06-05-2025,root vegetables,5843
1733,17-11-2025,margarine,3697
1175,08-01-2024,canned beer,1416
1244,18-08-2024,yogurt,5659
1755,27-10-2025,whole milk,834
1857,18-05-2024,sausage,3616
1281,09-12-2024,paper towels,5251
2005,20-05-2024,root vegetables,2924
1027,28-03-2024,citrus fruit,1626
2098,19-11-2025,white bread,944
2025,27-07-2024,diapers,2987
1403,05-03-2025,frankfurter,382
1461,17-01-2024,white bread,1159
2126,30-01-2025,chips,1259
2041,27-09-2025,margarine,5027
1501,15-09-2024,whole milk,2923
1479,26-05-2024,root vegetables,5047
1291,22-10-2025,hamburger meat,651
1134,23-04-2024,pasta,1927
1679,03-01-2025,bottled water,156
2049,05-07-2025,canned beer,2315
1615,21-02-2025,cereal,1686
1814,19-06-2024,tomato sauce,2577
2008,01-12-2025,whole milk,3644
1325,05-05-2024,whole milk,5621
1263,18-05-2025,dish detergent,904
1531,07-11-2025,granola,884
2031,26-11-2024,canned beer,2187
1155,02-08-2024,frozen vegetables,3084
2114,02-12-2024,canned beer,5097
1304,01-05-2025,frankfurter,4623
1558,04-09-2025,pastry,3805
1377,17-01-2025,margarine,4494
1491,04-05-2024,hamburger meat,5664
1496,15-03-2025,whole milk,5380
1120,11-10-2025,curd,1067
1865,21-01-2024,whole milk,5975
1892,21-09-2025,frozen vegetables,435
1222,25-01-2025,canned beer,1129
1356,12-11-2025,onions,5444
1472,07-02-2024,root vegetables,3161
1860,01-03-2025,frozen vegetables,5668
1278,24-07-2025,butter,5634
1838,09-05-2025,canned beer,2723
1846,21-12-2025,salsa,249
1155,25-05-2024,coffee,1896
1093,24-12-2024,white bread,1186
1146,06-12-2024,newspapers,116
1254,20-03-2025,citrus fruit,1398
1450,15-12-2025,domestic eggs,4005
1576,18-01-2024,canned beer,1879
1643,06-01-2024,rolls/buns,3904
1749,20-12-2025,citrus fruit,5458
1798,23-08-2024,salsa,1374
1830,05-02-2025,whole milk,2980
1906,24-03-2025,frankfurter,265
2015,10-08-2024,root vegetables,1920
2194,29-11-2024,bottled water,1286
2130,14-11-2024,canned beer,3315
1255,01-10-2024,frozen vegetables,1411
2015,12-08-2024,chocolate,3884
1782,24-02-2025,rolls/buns,3115
1873,01-08-2024,root vegetables,1059
1984,06-07-2024,beef,3242
1718,08-11-2024,frozen vegetables,1989
1244,16-03-2024,margarine,4601
1965,06-07-2025,  DOMESTIC EGGS,5169
1942,18-02-2024,root vegetables,3078
2061,22-06-2025,root vegetables,1445
1085,30-11-2024,rolls/buns,135
1927,08-05-2024,margarine,270
1937,22-05-2024,sausage,4127
1352,18-10-2024,canned beer,2356
1780,27-11-2024,canned beer,424
1860,14-04-2024,chocolate,2573
1347,10-03-2025,pip fruit,5874
1599,25-02-2025,shopping bags,2523
1876,15-11-2024,cat food,2890
1006,06-07-2024,whole milk,3887
1268,31-07-2025,newspapers,719
1175,20-04-2024,domestic eggs,5772
2134,23-08-2025,cheese,5586
1812,09-04-2024,canned beer,1987
1485,23-01-2025,chips,305
1461,28-10-2025,hamburger meat,1986
1390,06-05-2025,dish detergent,298
1613,19-08-2024,tropical fruit,2906
1142,23-05-2025,shopping bags,984
1279,28-03-2025,napkins,1376
1030,27-02-2024,creamer,2580
1250,18-10-2025,newspapers,3621
2185,17-01-2025,curd,427
1528,24-05-2024,parmesan,230
1787,29-12-2025,margarine,2321
2049,29-09-2024,ice cream,5927
1222,05-04-2024,dish detergent,1171
1192,08-12-2025,,3972
1664,09-09-2024,frankfurter,3438
2129,15-11-2024,soda,3531
1209,20-04-2025,margarine,5062
1193,27-09-2024,coffee,10
1142,25-08-2024,canned beer,4926
2119,19-08-2024,tropical fruit,3186
1436,15-05-2025,root vegetables,2279
1445,03-07-2025,pastry,3543
1616,25-12-2024,beef,3763
1524,04-09-2024,citrus fruit,4142
1346,30-10-2025,granola,666
2194,25-09-2025,margarine,1217
1530,28-01-2025,canned beer,1833
1996,03-07-2024,soda,4363
1325,10-02-2024,beef,4204
1562,02-03-2025,newspapers,171
2004,22-03-2025,pastry,3733
1779,22-09-2025,margarine,285
2150,26-10-2024,sausage,5210
1081,21-10-2024,pip fruit,2675
2181,28-10-2024,ketchup,381
1945,21-09-2025,pasta,4018
2045,03-09-2025,white bread,1440
1871,26-03-2025,citrus fruit,1674
1332,19-04-2024,pip fruit,2651
2056,22-08-2025,pastry,5832
2098,22-08-2025,granola,2501
1140,29-06-2024,newspapers,3591
2001,30-07-2025,chocolate,1229
1746,19-11-2025,canned beer,5221
1619,07-07-2024,pastry,161
1313,12-01-2025,whole milk,989
1360,11-07-2024,crackers,1422
1371,21-11-2024,cheese,3656
1470,20-12-2025,rolls/buns,2480
1570,02-06-2024,napkins,4520
2006,27-03-2025,white bread,1537
1863,20-01-2024,white bread,4311
1043,19-01-2024,curd,2816
1288,23-11-2024,rolls/buns,2683
1381,04-01-2025,canned beer,3093
1752,05-08-2024,sausage,4168
1985,21-09-2024,soda,3473
1429,08-10-2024,frozen vegetables,1181
1905,27-12-2025,bananas,3536
1745,31-12-2024,bottled water,4134
2193,07-12-2025,chocolate,237
1126,15-04-2024,soda,869
1565,18-10-2024,tortillas,1532
1566,27-01-2024,brown bread,1266
2010,28-02-2024,margarine,3933
1384,19-11-2025,bananas,1405
1439,26-03-2024,citrus fruit,4812
2046,27-11-2025,curd,1332
1753,24-11-2024,canned beer,4955
2050,18-05-2025,canned beer,607
1512,25-08-2025,citrus fruit,2384
2057,05-05-2024,onions,4805
1527,26-11-2025,yogurt,5596
2145,13-05-2025,newspapers,362
1801,27-01-2024,paper towels,5255
1684,22-01-2025,curd,3958
1357,22-01-2024,cheese,4254
1406,28-09-2024,canned beer,4991
1736,05-10-2024,brown bread,3177
1767,20-04-2025,canned beer,3313
1728,22-01-2024,beef,5996
1481,12-01-2024,canned beer,4737
1170,16-06-2024,margarine,1823
1139,13-06-2025,root vegetables,4584
1718,14-03-2024,shopping bags,659
1454,04-06-2025,cheese,3022
1135,27-11-2025,white bread,4870
1260,28-08-2024,curd,1491
1142,06-10-2025,whole milk,4170
1360,13-10-2025,white bread,1149
1626,23-09-2025,  TROPICAL FRUIT,242
1312,22-12-2024,cat food,3130
1453,04-10-2025,cheese,3094
1390,08-03-2025,beef,4532
2164,05-06-2024,rolls/buns,2343
1357,11-11-2024,soda,949
1058,22-08-2024,margarine,2091
1432,04-12-2024,yogurt,1969
1621,17-05-2025,pip fruit,2757
2049,06-09-2024,canned beer,4700
1365,16-02-2024,pip fruit,2717
1221,16-04-2024,granola,2690
1863,05-04-2025,canned beer,5366
1324,03-04-2024,canned beer,4221
1088,20-12-2024,canned beer,513
1829,18-11-2024,curd,5739
1950,28-04-2024,newspapers,206
2081,11-10-2025,margarine,1795
1489,13-10-2025,whole milk,5203
1073,20-06-2025,tomato sauce,5785
1591,23-09-2024,citrus fruit,1648
1545,28-07-2025,frozen vegetables,4550
2065,09-12-2024,bottled water,3914
1282,05-06-2024,whole milk,4449
1081,21-10-2024,margarine,2675
1896,23-06-2024,canned beer,5434
2069,11-02-2024,root vegetables,3793
1761,02-09-2024,canned beer,1364
1166,30-05-2024,root vegetables,2338
1499,16-04-2024,cereal,24
1955,21-10-2024,cat food,661
1147,02-09-2025,curd,3704
1305,06-12-2024,onions,4823
1003,02-11-2024,pastry,4285
1854,14-07-2024,root vegetables,3889
1214,10-09-2024,canned beer,5900
1032,31-05-2024,canned beer,2468
1240,05-09-2024,cat food,3596
1541,27-05-2025,white bread,1274
1677,18-07-2025,yogurt,32
1580,28-06-2024,frankfurter,279
1855,11-04-2024,soda,3757
1288,15-11-2024,newspapers,5515
1645,15-12-2024,pastry,5667
1264,06-12-2025,canned beer,5998
1072,31-10-2025,root vegetables,2681
1060,10-10-2024,brown bread,1441
1501,13-10-2025,newspapers,4847
1349,11-01-2025,frankfurter,4791
2048,12-04-2025,tropical fruit,2913
1635,04-06-2024,bottled water,5412
1467,02-07-2024,domestic eggs,3667
1073,20-06-2025,hamburger meat,5785
1615,03-02-2025,margarine,535
1904,12-07-2024,white bread,2282
1104,23-06-2024,frankfurter,5849
1403,14-12-2024,white bread,3266
2138,31-05-2024,domestic eggs,346
2135,13-11-2025,root vegetables,4051
1818,01-07-2025,chocolate,2873
1452,04-03-2025,root vegetables,1997
1418,01-01-2025,white bread,5940
1038,15-10-2024,frankfurter,1563
1854,29-03-2025,frozen vegetables,803
1784,23-05-2024,ice cream,844
1203,04-04-2024,root vegetables,2153
1057,07-07-2024,whole milk,5691
1685,31-10-2025,frankfurter,5536
1357,11-11-2024,salsa,949
1128,25-08-2025,newspapers,1595
1720,28-07-2025,salsa,4406
1061,25-09-2024,dish detergent,887
1601,29-03-2024,root vegetables,936
1803,05-12-2025,chocolate,4189
1127,17-03-2025,rolls/buns,3937
1018,21-08-2025,frankfurter,3905
2163,27-03-2024,newspapers,5566
1430,15-11-2024,white bread,4193
1272,04-09-2025,whole milk,4853
1180,12-04-2024,whole milk,581
1589,25-01-2025,tropical fruit,1136
1435,18-11-2025,jam,1014
1523,28-04-2024,rolls/buns,981
1963,22-01-2024,sausage,5765
1184,26-03-2025,crackers,5418
1582,02-04-2024,white bread,5377
1474,08-02-2025,domestic eggs,3520
1537,27-08-2025,domestic eggs,928
1603,17-06-2025,whole milk,329
1011,09-01-2024,tropical fruit,4343
2109,26-08-2025,citrus fruit,1115
1781,15-11-2025,white bread,462
1418,18-05-2024,citrus fruit,2002
1260,02-10-2025,canned beer,2857
1438,04-05-2024,newspapers,2736
1536,28-06-2024,newspapers,1200
1857,04-08-2025,salsa,3134
1985,21-09-2024,rolls/buns,3473
1792,14-07-2025,soda,3167
1215,07-08-2024,bananas,5762
2119,06-07-2024,yogurt,94
1771,08-04-2024,pip fruit,985
1084,24-04-2025,whole milk,5065
2082,17-06-2024,root vegetables,3907
1318,30-03-2025,bananas,1305
1669,19-08-2024,white bread,444
1883,02-12-2025,hamburger meat,429
2077,15-05-2024,root vegetables,3769
1739,18-06-2024,margarine,5631
1161,13-02-2024,chips,5411
1439,01-10-2025,hamburger meat,3055
1377,05-07-2025,napkins,4465
1246,24-07-2024,canned beer,4841
1055,22-11-2024,  CHEESE,1524
1800,12-01-2025,ketchup,5254
1275,07-09-2025,jam,3069
1701,07-12-2025,frankfurter,460
1476,09-05-2025,  PASTA,2572
1716,15-05-2025,chocolate,4555
1942,24-05-2024,margarine,2886
1163,28-11-2024,white bread,5404
1128,23-01-2024,frankfurter,4486
1272,07-07-2025,bottled water,3206
1523,01-09-2024,sugar,2398
1743,02-09-2025,margarine,3841
1780,27-11-2024,root vegetables,424
1859,31-03-2025,root vegetables,27
1966,21-08-2025,granola,3822
1836,23-12-2025,whole milk,3661
1790,28-03-2024,margarine,1671
2151,11-09-2024,salty snack,5410
1822,16-08-2025,salsa,2605
1327,13-09-2024,frozen vegetables,645
1719,16-10-2025,chocolate,1768
1828,24-04-2025,chocolate,2391
1299,15-09-2025,chips,5056
1842,22-03-2025,yogurt,5405
1599,16-02-2025,canned beer,2656
1141,23-02-2024,frankfurter,3306
1807,28-02-2025,bottled water,749
1535,17-05-2025,chocolate,3606
1561,02-11-2025,root vegetables,5433
1468,19-01-2025,margarine,1324
1442,10-05-2024,domestic eggs,3957
1137,21-10-2025,ground beef,1930
1304,14-01-2024,parmesan,4337
1297,09-01-2024,margarine,3470
2041,29-05-2024,margarine,4656
1434,10-03-2024,citrus fruit,5499
1978,29-12-2025,margarine,3765
1801,01-08-2025,root vegetables,5400
2016,20-11-2025,curd,1806
1816,18-01-2024,jam,2273
2080,15-01-2024,onions,1462
2079,20-04-2024,margarine,734
1767,15-03-2025,sausage,4245
1221,18-05-2025,domestic eggs,4063
1444,04-10-2024,domestic eggs,4249
1089,04-01-2024,chips,4026
1349,02-03-2024,sausage,2603
2078,13-03-2025,canned beer,2722
1284,13-05-2025,canned beer,5459
2153,02-03-2024,root vegetables,1566
2015,21-04-2025,domestic eggs,3852
2164,26-02-2024,yogurt,3683
1676,07-05-2024,butter,1201
1204,12-11-2024,root vegetables,5902
1627,10-12-2024,butter,1339
1044,15-05-2025,root vegetables,3014
1362,23-05-2024,curd,2781
1567,01-07-2025,whole milk,3637
1952,08-12-2024,newspapers,5095
1659,01-03-2024,newspapers,5787
1573,26-11-2024,newspapers,4003
1991,09-01-2024,canned beer,3157
1023,20-03-2024,newspapers,2302
1886,11-06-2024,curd,2324
1317,10-06-2024,domestic eggs,4958
1675,05-01-2025,frozen vegetables,1176
1715,29-11-2024,root vegetables,4172
1667,18-04-2025,citrus fruit,2854
1544,29-08-2024,bananas,5480
1946,14-05-2024,cereal,3083
1990,30-08-2025,canned beer,2644
1664,09-09-2024,canned beer,3438
2195,03-09-2024,margarine,4779
1786,13-07-2024,bananas,3653
1518,17-01-2024,canned beer,4373
1095,11-07-2025,margarine,5128
2147,13-02-2024,shopping bags,5532
1924,03-08-2024,frozen vegetables,1798
1953,24-01-2025,curd,941
1325,25-05-2025,citrus fruit,2366
1723,20-08-2024,margarine,5958
1410,03-05-2024,white bread,5477
1655,26-10-2024,yogurt,3969
1430,15-11-2024,whole milk,4193
1995,21-08-2025,newspapers,3774
1406,27-07-2024,tortillas,5844
2104,01-02-2024,pastry,1841
1321,29-06-2025,canned beer,4753
1919,15-11-2024,onions,722
1526,09-03-2024,sugar,5020
1319,22-06-2024,paper towels,3831
1564,24-09-2025,curd,3872
1257,29-03-2024,white bread,5658
1196,11-06-2025,frozen vegetables,1154
1336,20-03-2025,margarine,5125
1997,06-01-2025,  GROUND BEEF,5704
1903,09-07-2024,whole milk,181
1613,31-03-2024,tomato sauce,3761
1697,19-08-2025,canned beer,296
1042,29-09-2025,citrus fruit,2896
2069,10-06-2024,rolls/buns,5113
1812,06-02-2024,frankfurter,759
1988,26-06-2024,white bread,3895
2019,11-03-2025,canned beer,540
1437,23-12-2025,rolls/buns,1672
1279,11-08-2024,newspapers,3930
1536,28-06-2024,butter,1200
1599,25-02-2025,canned beer,2523
1334,14-03-2025,chocolate,3662
1872,17-07-2024,chips,3338
1284,14-03-2025,white bread,3510
1356,07-09-2024,soda,35
1673,05-11-2024,whole milk,872
1066,20-10-2025,napkins,788
1527,01-07-2025,salsa,795
1471,17-12-2024,pastry,3238
2000,23-10-2024,onions,5734
1088,29-05-2025,domestic eggs,4671
1557,23-05-2024,domestic eggs,1540
1834,03-12-2025,margarine,2616
1234,10-10-2024,root vegetables,5912
1276,17-04-2025,chocolate,30
1899,07-02-2024,dish detergent,4988
1024,13-05-2025,bottled water,5147
1786,16-03-2024,margarine,5707
1807,24-08-2024,domestic eggs,238
1976,14-11-2025,canned beer,2911
1988,18-02-2024,  MARGARINE,4269
1046,27-02-2024,curd,1472
1785,22-08-2025,paper towels,1193
1985,02-08-2024,citrus fruit,393
1929,01-01-2024,citrus fruit,3136
2047,14-02-2024,frankfurter,3465
1476,10-03-2025,diapers,1980
1863,05-04-2025,napkins,5366
1720,07-10-2025,pastry,1830
1473,24-04-2025,pip fruit,5487
1496,11-05-2025,canned beer,2433
1088,08-04-2025,canned beer,1135
2074,16-10-2024,jam,3419
1670,16-01-2024,crackers,4498
1282,16-11-2024,rolls/buns,1575
1914,03-05-2024,root vegetables,2073
1268,31-07-2025,tropical fruit,719
1712,22-06-2025,canned beer,3802
1816,15-09-2024,canned beer,2823
1194,17-03-2025,hamburger meat,1570
1300,05-04-2025,chocolate,4750
1185,31-01-2025,curd,3658
2138,01-01-2025,tropical fruit,4101
2104,22-10-2025,canned beer,4919
2127,30-07-2025,beef,2871
1060,08-10-2024,paper towels,5367
1236,05-03-2024,frozen vegetables,3251
1182,24-10-2024,,998
1679,27-11-2025,margarine,932
1959,06-07-2024,bananas,3545
1733,23-03-2024,pip fruit,1051
1134,02-04-2025,citrus fruit,3870
1260,15-04-2024,frozen vegetables,5957
2102,12-08-2025,newspapers,5119
2001,30-07-2025,white bread,1229
1946,21-06-2024,canned beer,2389
1541,27-05-2025,canned beer,1274
2134,18-07-2025,margarine,2136
1501,08-10-2024,shopping bags,743
2189,26-11-2025,whole milk,338
1756,11-11-2025,canned beer,3140
2171,01-11-2025,crackers,2439
2054,14-07-2024,frozen vegetables,486
1472,19-01-2024,curd,4150
1631,05-12-2024,pip fruit,888
1704,08-09-2025,citrus fruit,4348
2015,10-08-2024,bottled water,4467
1640,03-07-2025,margarine,593
1723,05-02-2024,root vegetables,4458
1038,15-10-2024,citrus fruit,1563
1491,11-02-2025,granola,3987
1468,03-07-2024,pastry,2292
1802,07-08-2025,domestic eggs,577
1522,25-02-2025,soda,4426
1070,20-10-2024,margarine,434
1384,03-02-2024,  ROOT VEGETABLES,994
1616,15-09-2025,canned beer,1496
1746,23-12-2025,,1275
1490,03-01-2025,canned beer,3665
1868,27-05-2025,jam,3632
1152,06-10-2025,rolls/buns,1753
1636,24-07-2024,ground beef,1343
1727,25-02-2025,rolls/buns,558
1502,09-08-2025,tortillas,3705
1429,15-01-2024,salty snack,2191
1353,13-02-2024,frankfurter,4889
1198,10-11-2025,newspapers,5172
2008,23-07-2025,margarine,1763
1987,22-08-2024,ice cream,5801
1499,01-12-2025,white bread,3058
1323,29-05-2025,diapers,4882
1333,21-08-2024,sausage,5449
1653,03-10-2025,canned beer,555
1301,25-07-2025,salty snack,4322
1879,20-12-2025,beef,4628
1189,21-04-2025,yogurt,942
1081,13-04-2025,canned beer,5427
1831,22-11-2025,salty snack,3847
1466,09-04-2024,ice cream,1216
1204,23-03-2025,ketchup,5334
1676,19-05-2025,newspapers,3402
1765,18-10-2024,whole milk,1783
1527,31-01-2025,curd,1696
1396,30-03-2024,root vegetables,357
2147,02-03-2025,cat food,1442
1819,11-06-2025,margarine,1897
1870,18-06-2024,curd,3310
1755,20-10-2024,  SAUSAGE,1754
2124,21-05-2024,white bread,3210
1754,08-10-2025,margarine,1601
1367,03-05-2024,canned beer,2734
1873,01-08-2024,tortillas,1059
1518,26-07-2024,white bread,657
1410,22-04-2024,salsa,5964
1457,27-04-2025,margarine,28
1195,20-05-2024,yogurt,2448
1145,02-04-2024,sugar,4409
1233,24-05-2025,brown bread,263
1577,03-06-2024,frankfurter,2876
1015,10-08-2024,yogurt,5576
2042,28-08-2024,cat food,5398
2047,14-02-2024,root vegetables,3465
1430,15-11-2024,tropical fruit,4193
1274,14-03-2024,bottled water,3296
2050,08-12-2025,bottled water,5005
1722,02-08-2024,newspapers,704
1651,20-11-2024,whole milk,466
1708,13-02-2025,newspapers,4911
1570,15-08-2025,root vegetables,4677
1216,11-11-2025,whole milk,5395
1291,22-10-2025,rolls/buns,651
1916,16-06-2025,pastry,2859
1659,25-06-2024,paper towels,1824
1829,19-08-2025,pip fruit,1009
1783,20-03-2025,margarine,4084
1334,29-12-2024,yogurt,508
1576,24-12-2024,red wine,3509
1303,09-03-2025,rolls/buns,5838
2092,10-06-2024,salty snack,1667
2050,17-01-2025,tortillas,68
1640,13-01-2025,root vegetables,447
2042,25-04-2024,whole milk,23
1851,19-12-2024,citrus fruit,4826
1940,01-10-2025,frankfurter,104
1982,21-11-2024,  MARGARINE,5638
1777,03-08-2025,canned beer,1735
1996,08-08-2024,canned beer,4057
1245,25-04-2025,margarine,2929
1192,20-08-2025,pastry,314
1856,31-08-2025,canned beer,5102
1153,11-02-2025,margarine,525
2155,25-03-2024,pastry,2023
1775,23-09-2024,citrus fruit,1829
1271,26-02-2024,onions,5544
1042,29-09-2025,onions,2896
2044,07-04-2024,canned beer,3573
1063,15-08-2024,margarine,5608
1549,21-11-2024,sausage,1571
2062,26-03-2025,sugar,1023
1203,01-10-2024,margarine,2819
1827,19-08-2025,coffee,2417
1170,18-12-2025,soda,269
1992,09-04-2024,frozen vegetables,4670
2008,26-08-2025,cat food,1687
2135,13-11-2025,ice cream,4051
1798,17-09-2025,pastry,497
2026,09-06-2025,root vegetables,4185
1004,04-06-2024,canned beer,2014
1402,07-12-2024,yogurt,3421
2182,16-07-2025,dish detergent,3537
1134,21-01-2025,salsa,4845
1146,15-02-2024,tortillas,5244
1273,01-06-2024,pastry,406
1921,29-04-2025,newspapers,2801
1778,17-05-2025,tortillas,1433
1303,25-10-2024,jam,71
1826,30-07-2025,whole milk,5299
1013,24-07-2024,red wine,5201
1537,21-06-2024,coffee,4195
1539,15-01-2024,newspapers,3230
2057,07-01-2025,tortillas,78
1634,05-10-2025,ice cream,1134
1633,16-07-2025,frankfurter,4941
1899,07-02-2024,bananas,4988
1602,26-12-2024,bananas,2921
1718,07-07-2024,citrus fruit,192
1140,22-06-2024,onions,3237
1127,06-03-2025,whole milk,4085
1214,09-05-2024,margarine,4446
1628,02-04-2025,canned beer,2239
1982,22-03-2024,pip fruit,3393
2155,14-01-2025,  CANNED BEER,4970
1679,18-09-2025,frozen vegetables,193
1293,19-12-2024,ice cream,4485
1135,13-11-2025,citrus fruit,845
1654,09-03-2025,canned beer,4510
1858,07-03-2025,root vegetables,2767
1761,24-01-2025,  CEREAL,2042
1636,28-06-2024,root vegetables,4374
1652,04-11-2025,yogurt,1045
2074,16-10-2024,  WHITE BREAD,3419
1253,24-05-2025,chocolate,2156
2032,14-04-2025,newspapers,4871
1174,30-06-2024,salty snack,4934
1933,16-03-2025,margarine,2063
1801,27-01-2024,canned beer,5255
1942,15-07-2024,frankfurter,5021
1996,08-08-2024,root vegetables,4057
1080,07-09-2025,frozen vegetables,3114
1607,31-05-2024,margarine,748
1743,23-04-2024,root vegetables,5539
2010,28-02-2024,root vegetables,5386
1658,24-11-2024,domestic eggs,126
1402,07-12-2024,whole milk,3421
1403,23-10-2025,canned beer,3451
1193,22-08-2025,frozen vegetables,2516
1352,04-10-2024,beef,991
1142,06-10-2025,yogurt,4170
1655,26-10-2024,cereal,3969
1677,18-07-2025,bananas,32
1425,12-06-2025,frankfurter,2350
1956,02-03-2024,chocolate,3571
1031,30-10-2025,pip fruit,2825
1116,16-08-2025,whole milk,1654
1618,13-03-2024,pastry,218
1596,15-06-2025,hamburger meat,4783
1383,04-03-2025,whole milk,509
2073,26-06-2025,margarine,2368
1298,28-07-2025,canned beer,2089
2039,01-05-2024,bottled water,1142
1807,10-01-2025,salsa,3002
2173,31-03-2024,white bread,5503
1603,17-06-2025,canned beer,329
1405,29-10-2024,citrus fruit,2604
1072,22-09-2025,salty snack,1057
1023,19-11-2025,root vegetables,198
1293,11-07-2024,bottled water,2601
1646,27-12-2025,salty snack,2621
1452,12-09-2024,frankfurter,587
1416,22-02-2024,newspapers,4233
1127,19-04-2024,newspapers,1003
2178,23-12-2024,rolls/buns,1562
2184,30-05-2024,newspapers,819
1727,28-04-2024,margarine,2561
1034,09-03-2024,root vegetables,1204
1008,06-03-2024,curd,1277
1356,25-06-2024,canned beer,3241
2124,07-05-2024,newspapers,3
1478,19-04-2025,newspapers,4314
2168,13-07-2024,canned beer,2024
1526,07-03-2024,bottled water,1021
2001,17-09-2024,pastry,5829
1261,16-12-2024,soda,1656
1857,27-10-2024,whole milk,1590
1499,01-12-2025,butter,3058
1476,07-02-2025,pastry,615
1505,24-07-2024,red wine,4928
1563,02-04-2025,canned beer,752
2023,13-10-2025,frankfurter,468
1043,22-09-2025,rolls/buns,2535
1017,27-05-2024,root vegetables,5160
1723,26-12-2024,newspapers,2040
1994,29-12-2025,white bread,1502
1540,04-02-2024,dish detergent,2925
1353,16-12-2024,yogurt,761
1789,13-08-2025,whole milk,1850
2192,26-08-2025,canned beer,3642
1700,31-01-2025,margarine,1945
1795,29-04-2024,ketchup,3374
1698,06-08-2024,canned beer,2806
1017,27-02-2025,tropical fruit,1349
1741,27-08-2025,canned beer,431
2048,08-02-2024,root vegetables,3171
1407,20-11-2025,bottled water,5360
1692,10-10-2024,chocolate,4124
1565,23-05-2025,paper towels,2050
1103,11-12-2024,yogurt,5842
1636,26-11-2025,domestic eggs,2713
1319,05-08-2025,canned beer,1736
1881,02-12-2025,,1464
2036,30-04-2025,bottled water,2805
1019,21-12-2025,  BANANAS,376
1577,03-06-2024,sausage,2876
1447,18-05-2024,paper towels,3062
2005,20-05-2024,whole milk,2924
1873,14-06-2024,salsa,132
1614,16-10-2025,cereal,5372
1141,07-09-2025,sausage,225
1509,24-05-2024,parmesan,2402
1901,07-05-2024,pastry,879
1953,04-10-2025,margarine,5026
1809,11-01-2024,white bread,3282
1024,11-06-2024,canned beer,1231
1447,04-11-2024,domestic eggs,4206
1939,16-09-2024,shopping bags,418
1581,05-12-2024,canned beer,2029
1058,06-06-2024,newspapers,1597
1234,18-04-2024,root vegetables,4114
1066,18-06-2024,shopping bags,1026
1352,11-03-2025,ketchup,5742
1260,29-04-2025,margarine,3218
1220,04-10-2025,newspapers,1446
1460,01-05-2025,cat food,927
1208,27-08-2024,margarine,1227
1912,08-10-2025,domestic eggs,1495
1536,09-03-2024,pip fruit,3586
1892,21-09-2025,pip fruit,435
1539,30-10-2024,canned beer,5781
1114,11-02-2024,newspapers,2466
2000,10-12-2024,canned beer,4366
1389,26-04-2025,frozen vegetables,3551
1946,08-08-2024,cheese,5261
1163,02-11-2024,tortillas,608
1429,21-12-2024,sugar,1221
2028,22-06-2025,newspapers,2345
2015,10-08-2024,pasta,1920
1055,02-04-2025,  CHOCOLATE,751
1239,17-03-2025,pip fruit,4614
1389,26-04-2025,chocolate,3551
1836,25-10-2024,parmesan,2181
1343,15-12-2025,domestic eggs,5440
1436,01-04-2024,canned beer,894
1086,26-04-2025,newspapers,912
1123,26-05-2024,citrus fruit,1230
1243,28-03-2025,soda,5478
1163,28-11-2024,hamburger meat,5404
1416,22-02-2024,tropical fruit,4233
1329,28-09-2024,root vegetables,4734
1281,19-12-2024,yogurt,4212
1643,01-07-2024,margarine,4306
1741,12-01-2024,newspapers,2957
1856,16-08-2024,cat food,3717
1374,11-07-2024,canned beer,3478
1518,25-10-2025,tropical fruit,5905
1701,29-07-2025,creamer,1428
1437,30-09-2024,tomato sauce,3356
2005,12-12-2025,bananas,718
1532,19-10-2025,frankfurter,919
1774,18-01-2025,pastry,5623
1243,30-06-2024,canned beer,2274
1287,04-01-2024,tortillas,4153
1451,27-02-2025,domestic eggs,149
1532,14-01-2024,canned beer,4900
1353,16-12-2024,shopping bags,761
1635,04-06-2024,pip fruit,5412
1249,20-05-2025,shopping bags,250
1939,21-12-2025,canned beer,1191
1069,16-11-2024,cereal,4394
1039,06-04-2024,napkins,4377
2018,12-06-2024,pastry,3181
1090,18-02-2024,paper towels,319
2154,28-12-2025,canned beer,5562
1882,08-08-2025,rolls/buns,5807
2097,28-05-2024,citrus fruit,1130
1914,03-05-2024,salsa,2073
1606,27-07-2025,tropical fruit,31
2180,03-08-2025,margarine,2668
1717,11-02-2025,rolls/buns,3239
1071,19-09-2025,canned beer,2112
2109,03-02-2025,newspapers,5118
1320,26-10-2024,whole milk,4933
1849,16-12-2024,newspapers,3342
1479,08-10-2024,white bread,3399
2039,23-12-2025,root vegetables,3695
2037,04-03-2024,canned beer,148
1569,14-06-2024,margarine,233
2138,25-11-2025,whole milk,4904
1145,02-04-2024,napkins,4409
1823,12-06-2024,domestic eggs,2186
2096,14-12-2024,bottled water,5151
2044,05-05-2024,ketchup,1292
1988,04-07-2024,newspapers,309
1373,21-04-2024,root vegetables,2951
1857,29-02-2024,yogurt,742
2139,27-08-2025,newspapers,5248
1156,26-06-2025,bananas,612
1481,09-02-2025,root vegetables,4445
1803,26-08-2025,tropical fruit,3970
2151,29-03-2024,canned beer,5821
1527,26-11-2025,granola,5596
1748,20-10-2024,bananas,1529
1451,20-11-2024,yogurt,5240
1750,22-03-2024,curd,4564
2067,12-07-2024,ice cream,5602
1154,09-03-2025,canned beer,4825
1330,19-11-2025,jam,2216
1394,30-01-2024,white bread,1796
1151,17-08-2024,newspapers,3222
1306,23-05-2024,margarine,4789
2034,17-02-2025,frankfurter,3728
1523,24-02-2025,domestic eggs,1180
1431,19-09-2024,citrus fruit,1006
1743,28-11-2025,brown bread,5824
1510,18-01-2024,newspapers,1979
1523,17-09-2024,napkins,647
1141,13-03-2025,citrus fruit,1992
1997,13-06-2024,  WHOLE MILK,2752
1015,09-05-2025,root vegetables,3723
1774,11-02-2025,white bread,5555
1205,29-05-2025,yogurt,2401
1659,25-06-2024,frankfurter,1824
1969,20-07-2024,sausage,1320
1899,23-02-2024,white bread,606
1188,25-07-2025,margarine,3207
2034,13-04-2025,cheese,2918
2107,03-10-2024,domestic eggs,5733
1204,12-11-2024,chips,5902
1929,30-05-2024,white bread,4878
2100,30-01-2025,white bread,5869
1432,08-09-2024,brown bread,1505
1505,11-05-2025,rolls/buns,4626
1189,03-10-2025,  ONIONS,240
1016,01-05-2024,white bread,2753
2035,04-05-2025,domestic eggs,5074
1306,07-10-2025,dish detergent,676
1631,20-08-2025,citrus fruit,1318
1392,29-03-2024,white bread,4120
1155,02-08-2024,salsa,3084
1614,17-08-2024,domestic eggs,118
2043,29-05-2025,soda,344
1041,08-12-2024,canned beer,2641
2057,30-10-2024,parmesan,1400
1560,29-06-2025,frankfurter,5529
1635,02-06-2024,bottled water,4801
1349,01-10-2025,margarine,5146
1095,02-06-2024,yogurt,3125
1997,13-06-2024,  CANNED BEER,2752
2013,13-01-2024,citrus fruit,1723
2003,11-10-2025,onions,320
1728,15-12-2025,whole milk,1387
1822,13-05-2024,newspapers,1480
1384,13-09-2025,newspapers,343
1268,11-05-2024,whole milk,5847
1071,06-10-2025,bottled water,380
2025,24-05-2025,pip fruit,511
1234,10-10-2024,shopping bags,5912
1418,21-09-2025,whole milk,5227
2025,24-05-2025,root vegetables,511
1327,13-03-2024,white bread,5048
1687,18-06-2025,citrus fruit,864
1072,30-09-2024,chocolate,916
1226,06-01-2024,root vegetables,2842
1567,21-10-2024,tropical fruit,1965
1140,31-10-2025,citrus fruit,1583
1237,25-07-2025,creamer,4154
1081,06-05-2024,margarine,5457
2184,30-05-2024,margarine,819
2011,29-06-2025,onions,4017
1088,21-05-2025,white bread,4071
1235,03-11-2025,napkins,369
1043,17-07-2025,citrus fruit,3365
1491,17-05-2024,rolls/buns,4501
1874,20-09-2025,pastry,4408
1819,07-06-2025,bottled water,5553
1821,23-02-2025,canned beer,3688
1666,19-06-2024,creamer,1677
1155,12-01-2024,ground beef,1265
1233,27-07-2025,frankfurter,1127
2110,28-10-2024,frankfurter,5908
1408,25-09-2025,canned beer,3524
1577,10-09-2025,tropical fruit,502
1538,30-06-2024,onions,2192
1337,20-06-2025,root vegetables,4820
2022,08-01-2024,canned beer,4806
1654,05-01-2025,whole milk,4598
1583,26-01-2024,canned beer,4434
1146,23-07-2025,dish detergent,1845
1431,04-10-2024,white bread,3080
2166,21-01-2025,frankfurter,1353
1912,25-08-2024,granola,182
1251,12-01-2025,newspapers,1250
1025,29-04-2024,newspapers,3921
1779,21-12-2025,white bread,4379
2107,06-07-2025,frozen vegetables,110
1460,16-05-2025,margarine,1866
1718,08-11-2024,margarine,1989
1470,25-02-2025,  SODA,3684
2020,15-09-2025,tomato sauce,3844
1426,30-07-2025,,3673
1693,27-05-2025,pasta,3040
1244,18-06-2024,sugar,736
1019,31-05-2025,,3215
1999,15-09-2024,pasta,5003
1568,19-11-2024,margarine,1455
1848,15-12-2024,ketchup,4931
1924,24-04-2025,margarine,1477
1462,06-01-2024,frankfurter,2410
1566,22-03-2025,coffee,4376
1896,03-06-2025,pastry,12
1346,30-10-2025,margarine,666
1308,11-10-2024,onions,3397
1989,31-10-2024,sugar,1253
1427,04-07-2024,coffee,1585
2158,29-06-2024,coffee,3385
1869,31-05-2025,dish detergent,141
1561,28-06-2025,chocolate,3066
1261,20-08-2025,napkins,2931
1956,02-03-2024,tropical fruit,3571
1514,15-03-2025,canned beer,3539
1675,12-03-2025,cat food,2119
2105,08-07-2025,frozen vegetables,5731
1450,11-06-2025,cat food,491
1483,13-06-2025,canned beer,3837
1803,02-05-2024,soda,3787
1130,27-03-2025,canned beer,2231
1333,27-12-2025,canned beer,5511
1088,08-03-2024,canned beer,2597
1512,21-05-2024,ice cream,2539
1724,06-03-2025,root vegetables,217
1714,05-09-2024,pastry,4324
2179,30-05-2024,margarine,4964
2091,27-10-2025,whole milk,1514
1083,03-06-2024,whole milk,5168
1037,02-02-2025,citrus fruit,255
1403,28-03-2025,domestic eggs,1238
1115,21-08-2024,coffee,3670
2180,08-06-2024,bottled water,972
2073,15-06-2024,whole milk,982
1030,27-02-2024,yogurt,2580
1809,22-11-2025,citrus fruit,4855
2030,28-02-2024,newspapers,1469
1867,15-09-2025,beef,5279
1035,28-04-2024,whole milk,4652
1708,16-03-2025,bottled water,2978
1309,20-01-2024,frankfurter,1005
2050,17-01-2025,salsa,68
1822,01-03-2024,cat food,5746
1225,05-05-2025,domestic eggs,2319
1194,05-02-2025,root vegetables,4702
1774,10-12-2025,chocolate,4165
2056,16-08-2024,root vegetables,1556
1961,15-11-2025,canned beer,1293
1810,18-07-2025,shopping bags,3146
1435,25-06-2025,root vegetables,75
2098,01-12-2025,chips,1929
1824,14-08-2025,whole milk,4634
1411,21-08-2024,domestic eggs,2537
1798,23-08-2024,chips,1374
1930,18-01-2024,hamburger meat,2061
1681,06-05-2024,newspapers,5654
1171,12-03-2025,rolls/buns,1960
2023,28-04-2024,chocolate,3195
1627,10-12-2024,canned beer,1339
1364,17-06-2025,margarine,4208
1956,02-03-2024,yogurt,3571
1477,24-05-2024,dish detergent,5349
1455,15-03-2024,frozen vegetables,5931
2113,09-07-2025,canned beer,3488
1834,07-01-2024,butter,5215
1161,13-02-2024,coffee,5411
1518,30-11-2025,chips,5375
1924,06-05-2024,white bread,5335
1118,07-06-2024,canned beer,2610
1182,30-04-2024,creamer,219
1025,27-06-2025,newspapers,2685
1539,30-10-2024,margarine,5781
1683,19-05-2024,pip fruit,4213
1418,07-10-2025,chocolate,504
2098,15-10-2025,margarine,3820
1860,01-04-2025,dish detergent,2185
2034,29-05-2025,margarine,4013
1633,16-07-2025,newspapers,4941
1729,02-03-2024,margarine,1004
1621,18-03-2025,root vegetables,2150
1124,03-09-2024,whole milk,4353
1165,19-04-2025,pastry,360
1955,30-04-2025,canned beer,3165
1024,08-07-2025,citrus fruit,2645
1132,14-10-2025,newspapers,2743
1411,23-10-2025,citrus fruit,345
2129,13-01-2024,shopping bags,628
1196,31-08-2024,rolls/buns,533
2062,27-10-2024,white bread,4255
1337,28-06-2025,ground beef,2985
1545,28-07-2025,salty snack,4550
1293,06-08-2024,white bread,4191
2193,26-08-2025,canned beer,2009
1186,14-07-2025,margarine,84
1244,07-12-2025,root vegetables,1068
1356,03-02-2025,bottled water,1828
1021,18-06-2025,canned beer,2664
1570,15-08-2025,rolls/buns,4677
1116,04-03-2024,sausage,5657
1353,25-12-2025,citrus fruit,5115
1311,29-12-2024,tortillas,839
1606,29-09-2025,cat food,3663
1096,24-05-2024,frankfurter,5774
1963,21-08-2025,margarine,1510
1387,09-01-2024,frankfurter,1263
1775,23-09-2024,pip fruit,1829
1337,02-04-2025,citrus fruit,3635
2118,24-06-2025,chocolate,840
1048,04-09-2024,margarine,3879
1799,16-09-2025,brown bread,3355
1483,24-07-2024,canned beer,2956
1731,20-08-2024,parmesan,4307
1157,19-05-2025,pastry,2310
1739,09-06-2025,white bread,2977
1963,21-08-2025,dish detergent,1510
1080,09-04-2024,canned beer,3204
1577,24-06-2024,crackers,4716
2056,11-02-2024,newspapers,2305
1057,04-04-2024,white bread,3317
1293,28-04-2024,creamer,649
1556,25-02-2024,canned beer,1085
1011,21-11-2025,margarine,1161
1607,04-08-2024,pasta,1732
1031,26-12-2025,pastry,2114
2074,06-08-2025,root vegetables,5967
1122,06-12-2025,bottled water,2071
1722,22-08-2025,napkins,721
1084,16-03-2024,,3748
1657,12-06-2024,curd,3574
1432,27-07-2024,root vegetables,1372
1852,22-03-2025,canned beer,1539
2073,26-06-2025,brown bread,2368
1806,24-12-2024,sausage,1483
1002,22-05-2024,dish detergent,3415
1838,09-05-2025,newspapers,2723
1882,08-08-2025,granola,5807
2001,03-05-2024,coffee,5015
1357,18-08-2024,,2253
1354,01-11-2025,white bread,5794
1809,09-02-2025,cat food,400
1789,13-08-2025,soda,1850
1220,04-03-2024,rolls/buns,2576
1368,10-09-2024,crackers,1580
1587,11-03-2024,margarine,3579
1333,20-11-2025,white bread,2190
1467,09-12-2025,newspapers,4912
1239,17-03-2025,pastry,4614
1801,14-12-2025,beef,2928
2050,27-10-2025,margarine,4224
1587,10-05-2025,canned beer,5595
2043,16-11-2024,salsa,1492
2134,23-08-2025,crackers,5586
1817,01-12-2024,,2036
1939,07-08-2024,butter,2177
1840,12-10-2025,tropical fruit,1701
2180,03-08-2025,pip fruit,2668
1352,31-01-2024,rolls/buns,4707
2105,06-07-2024,citrus fruit,4228
1803,08-01-2025,pastry,4164
2017,25-10-2025,root vegetables,3703
1077,04-09-2024,bottled water,4834
2079,20-04-2024,pasta,734
1413,10-03-2024,frozen vegetables,5256
1859,22-05-2024,canned beer,1745
2035,10-11-2025,margarine,4146
1272,10-03-2024,,5783
1487,08-07-2025,chocolate,4244
2073,19-10-2025,white bread,483
1183,30-09-2025,dish detergent,4679
2011,22-01-2025,soda,4323
2138,01-01-2025,napkins,4101
2097,20-12-2024,rolls/buns,22
1150,05-03-2024,tomato sauce,2531
1823,20-07-2024,white bread,2634
1703,30-10-2024,citrus fruit,5644
1260,04-11-2025,tropical fruit,953
1072,01-05-2024,diapers,3796
1077,15-02-2024,whole milk,5694
1684,22-01-2025,tomato sauce,3958
1142,08-01-2025,soda,2414
2188,08-12-2025,canned beer,3101
1873,14-06-2024,chips,132
1274,30-11-2025,pastry,437
1587,10-05-2025,bananas,5595
1668,17-11-2024,canned beer,5385
1465,15-07-2025,brown bread,2205
2087,01-11-2024,frankfurter,4163
1472,07-02-2024,citrus fruit,3161
1912,15-04-2024,white bread,3554
1612,14-05-2024,creamer,2856
1129,09-03-2025,canned beer,151
1212,25-10-2025,rolls/buns,4661
1154,01-03-2024,canned beer,3508
1971,24-07-2025,newspapers,1837
2196,16-07-2024,butter,2283
2160,15-07-2024,napkins,3584
1841,20-06-2025,citrus fruit,18
1827,22-08-2024,creamer,5569
1115,20-12-2025,citrus fruit,5572
1632,08-12-2024,newspapers,975
2168,28-11-2024,canned beer,4424
1833,21-04-2024,tortillas,2222
2011,17-03-2025,yogurt,1308
2061,29-09-2024,yogurt,19
2027,04-11-2025,rolls/buns,1417
1538,17-12-2024,root vegetables,4948
1862,08-07-2024,tropical fruit,703
1838,24-01-2025,newspapers,1882
1226,02-06-2025,salty snack,1803
1804,23-07-2025,white bread,40
1465,15-07-2025,hamburger meat,2205
1633,05-03-2025,shopping bags,137
1703,21-06-2024,margarine,2026
2041,27-09-2025,tortillas,5027
1709,28-07-2025,bottled water,1825
2132,12-12-2024,yogurt,1964
1502,11-03-2024,soda,55
1971,26-04-2025,root vegetables,302
2152,23-11-2025,canned beer,811
1539,13-06-2024,white bread,5899
1009,26-09-2024,paper towels,2897
1598,18-08-2024,bottled water,4284
1072,30-09-2024,whole milk,916
1243,05-08-2024,whole milk,5724
1342,11-05-2024,root vegetables,624
2119,06-07-2024,whole milk,94
2195,24-08-2025,chocolate,2374
1868,05-07-2024,bottled water,4020
1320,21-05-2024,root vegetables,3939
2162,19-06-2025,whole milk,2900
1142,16-04-2024,chocolate,4223
1695,16-01-2025,canned beer,1466
2114,02-12-2024,ketchup,5097
1096,13-09-2025,ice cream,4325
2030,28-02-2024,bottled water,1469
1779,26-11-2025,frozen vegetables,5875
1354,04-07-2025,canned beer,2748
1283,19-04-2025,,5121
1221,02-07-2024,soda,1038
1065,31-07-2025,shopping bags,3608
1597,02-04-2025,margarine,1627
1461,24-01-2025,newspapers,4468
2157,30-01-2024,canned beer,3984
1409,16-03-2024,shopping bags,3437
2033,03-08-2025,root vegetables,3409
1093,03-10-2025,canned beer,996
1089,22-02-2024,canned beer,2711
1664,12-08-2024,red wine,83
2042,28-08-2024,soda,5398
1941,13-10-2025,soda,526
1160,03-11-2024,citrus fruit,4984
1868,05-07-2024,chocolate,4020
1014,20-09-2025,onions,5171
1587,14-08-2024,salty snack,5558
1829,05-01-2024,canned beer,3566
1971,10-03-2024,shopping bags,4240
2155,15-06-2025,margarine,1810
1864,17-09-2025,citrus fruit,658
2013,13-01-2024,white bread,1723
1506,19-03-2024,citrus fruit,4162
1960,27-12-2024,salty snack,3540
2015,12-08-2024,shopping bags,3884
1141,03-12-2024,root vegetables,1172
1163,17-03-2025,root vegetables,4645
1512,25-08-2025,margarine,2384
1376,10-03-2025,paper towels,4809
1474,30-10-2024,hamburger meat,1788
2070,12-10-2025,canned beer,4552
2156,29-07-2025,newspapers,5075
1767,01-04-2024,citrus fruit,1855
1125,11-12-2024,dish detergent,1425
2190,16-08-2024,chips,2954
1023,10-12-2025,white bread,5445
1173,28-05-2024,whole milk,268
1390,28-09-2025,cheese,4056
1169,26-07-2025,tomato sauce,1010
1701,18-02-2024,hamburger meat,4739
1191,06-03-2024,citrus fruit,4480
1965,10-01-2025,canned beer,3491
1711,28-05-2024,frozen vegetables,4427
2090,20-02-2025,newspapers,782
1891,04-03-2025,margarine,3217
1824,21-11-2025,rolls/buns,576
1416,10-09-2025,ground beef,5384
1428,27-08-2024,citrus fruit,3079
1036,15-09-2025,brown bread,4033
1649,12-02-2025,pasta,3807
1192,22-09-2025,canned beer,3784
1852,31-05-2025,paper towels,5100
1975,15-11-2025,diapers,5001
1077,04-09-2024,frozen vegetables,4834
1686,26-12-2025,rolls/buns,1522
1565,18-01-2025,pastry,3057
1052,27-03-2024,white bread,3749
1507,07-04-2024,tomato sauce,3991
1891,11-05-2025,tropical fruit,456
1807,18-10-2024,newspapers,3773
1476,24-05-2024,canned beer,4294
1983,02-04-2025,bananas,1190
1425,20-04-2024,crackers,5442
1079,13-10-2024,sausage,5422
1902,27-05-2024,bottled water,1594
2129,25-07-2024,root vegetables,2090
1206,15-09-2024,root vegetables,2864
1424,22-02-2025,root vegetables,908
1073,23-04-2025,white bread,853
1326,05-06-2025,sugar,2569
1967,27-12-2025,newspapers,3631
1056,18-04-2024,canned beer,2076
1487,16-10-2024,root vegetables,5604
1215,17-05-2024,bananas,2103
1512,11-01-2025,pip fruit,1820
1470,01-01-2024,white bread,3885
1887,29-06-2024,margarine,417
1627,10-12-2024,citrus fruit,1339
1415,01-10-2025,pip fruit,2094
1775,26-11-2025,pastry,5665
1532,08-02-2025,frankfurter,1485
1567,02-10-2025,onions,5024
1506,06-12-2024,rolls/buns,4258
1192,05-09-2025,ice cream,512
1929,30-05-2024,soda,4878
1356,12-11-2025,margarine,5444
2124,21-05-2024,frozen vegetables,3210
1704,22-03-2024,beef,1406
1996,10-06-2024,citrus fruit,2143
1416,26-05-2025,root vegetables,5425
1643,06-01-2024,margarine,3904
2093,25-07-2024,margarine,5806
2087,01-11-2024,jam,5600
1903,09-03-2024,domestic eggs,5423
1325,05-05-2024,cereal,5621
1038,16-03-2025,bottled water,5578
1227,05-11-2024,margarine,4613
1249,09-08-2025,salty snack,4711
1986,18-05-2024,rolls/buns,5016
2003,02-05-2025,shopping bags,1579
2021,16-02-2024,  SALSA,5436
1930,17-06-2024,white bread,1137
1150,05-03-2024,citrus fruit,2531
1681,06-05-2024,canned beer,5654
1878,02-03-2025,whole milk,5141
1218,01-11-2024,granola,3499
1995,21-11-2025,margarine,3979
1225,11-02-2025,,5407
1327,16-08-2024,whole milk,3657
1181,23-12-2024,whole milk,5491
1347,19-08-2024,frankfurter,1211
1192,04-11-2024,citrus fruit,5534
1073,17-09-2024,rolls/buns,639
1815,07-04-2025,  ROOT VEGETABLES,5271
2061,18-08-2024,  FROZEN VEGETABLES,2939
1373,16-03-2024,canned beer,1488
1439,06-04-2024,margarine,1233
1624,20-06-2025,bananas,5077
1280,03-03-2024,chocolate,571
1089,12-03-2025,frozen vegetables,2780
1731,04-12-2025,parmesan,4217
2116,24-05-2024,margarine,857
1244,18-08-2024,sausage,5659
1692,15-11-2025,root vegetables,423
2093,25-07-2024,coffee,5806
1650,05-05-2024,ground beef,3067
1683,19-05-2024,,4213
1742,18-08-2024,newspapers,937
1418,01-01-2025,ketchup,5940
1865,01-05-2024,canned beer,3028
1774,11-02-2025,newspapers,5555
2179,22-01-2025,margarine,5450
1010,26-03-2025,coffee,5304
1367,03-05-2024,diapers,2734
1217,11-07-2025,rolls/buns,1702
1842,14-02-2024,,4329
1906,30-01-2025,rolls/buns,90
1903,13-07-2024,tropical fruit,715
1548,21-03-2025,whole milk,2599
1636,24-01-2024,whole milk,5685
1877,14-07-2024,rolls/buns,454
1534,20-07-2025,white bread,3073
1961,21-07-2025,cat food,3187
1381,04-06-2025,whole milk,702
1772,07-05-2024,canned beer,4772
1295,22-08-2025,white bread,2211
2182,10-03-2024,napkins,5371
1062,27-01-2024,newspapers,552
1293,06-08-2024,butter,4191
1992,09-04-2024,bananas,4670
2187,21-07-2024,canned beer,3623
1493,09-07-2025,root vegetables,2544
1178,01-12-2024,white bread,5144
1988,26-04-2025,newspapers,2881
1842,14-02-2024,bottled water,4329
1066,02-03-2025,canned beer,1166
2076,20-03-2024,margarine,4577
2094,16-09-2024,hamburger meat,4862
1709,28-07-2025,ground beef,1825
1370,22-01-2025,parmesan,5116
2147,23-12-2024,whole milk,335
1337,20-06-2025,chocolate,4820
1523,01-09-2024,coffee,2398
1613,08-03-2024,salty snack,2460
1363,06-06-2024,white bread,3725
1860,01-03-2025,shopping bags,5668
1983,16-08-2025,creamer,2710
1718,14-03-2024,canned beer,659
1583,29-02-2024,white bread,4657
1170,12-11-2024,beef,4463
1837,26-01-2024,newspapers,5723
2097,24-05-2024,salty snack,476
1447,18-05-2024,white bread,3062
2152,04-07-2024,frankfurter,2308
1685,25-07-2025,cat food,2358
2181,06-01-2025,  TROPICAL FRUIT,4457
1961,30-04-2024,whole milk,3712
1032,31-05-2024,citrus fruit,2468
1768,30-11-2024,curd,4763
1837,26-06-2024,root vegetables,2895
1871,13-12-2025,beef,147
2176,28-09-2025,paper towels,2969
1659,15-11-2025,rolls/buns,831
1829,18-11-2024,salty snack,5739
2010,05-03-2024,margarine,5546
2191,19-08-2024,margarine,5798
1912,05-12-2025,citrus fruit,3360
1435,18-11-2025,whole milk,1014
1206,15-09-2024,brown bread,2864
1889,16-09-2024,newspapers,4340
1398,23-10-2025,brown bread,822
1273,10-08-2025,margarine,1865
1089,12-03-2025,margarine,2780
1310,21-11-2025,curd,4190
1940,12-08-2025,margarine,2574
1943,07-08-2024,ground beef,297
2005,16-02-2024,margarine,1726
1933,11-06-2025,whole milk,3874
1955,21-10-2024,whole milk,661
2028,01-11-2025,newspapers,4987
1654,24-08-2024,margarine,2157
1954,03-10-2024,canned beer,77
1138,29-12-2024,napkins,1716
1809,22-11-2025,onions,4855
1233,28-09-2024,root vegetables,3869
1627,29-03-2025,pasta,2633
1682,04-05-2025,paper towels,5297
1748,20-10-2024,napkins,1529
1123,21-08-2024,canned beer,469
1234,24-09-2024,butter,1315
1728,19-04-2025,canned beer,4704
1505,01-03-2024,pastry,5513
1842,22-03-2025,root vegetables,5405
2182,11-08-2024,ketchup,1098
1112,19-06-2025,canned beer,613
1122,21-11-2024,root vegetables,2355
1096,17-07-2024,dish detergent,4331
1902,27-01-2024,margarine,2999
2031,05-03-2025,newspapers,4432
1336,20-03-2025,white bread,5125
1938,01-02-2025,citrus fruit,5399
1290,10-11-2025,salty snack,5606
1488,10-08-2025,canned beer,3098
1994,25-09-2025,shopping bags,164
1175,27-10-2025,shopping bags,2171
2141,19-12-2025,white bread,1623
1965,02-06-2024,root vegetables,2912
1094,23-03-2025,  GROUND BEEF,3963
1204,18-03-2025,rolls/buns,988
1627,16-03-2025,yogurt,4166
1071,06-10-2025,salsa,380
2161,12-09-2024,frankfurter,2926
1621,18-03-2025,newspapers,2150
1700,28-11-2025,curd,643
1399,07-10-2025,bottled water,4497
1339,18-07-2024,margarine,3105
1767,21-03-2025,margarine,3791
2113,16-11-2025,creamer,3331
1840,12-03-2025,citrus fruit,1774
1331,28-10-2025,margarine,3245
1627,10-12-2024,white bread,1339
1630,31-10-2025,onions,1185
1837,17-11-2024,diapers,2336
1444,04-10-2024,curd,4249
1333,29-02-2024,margarine,907
1346,30-10-2025,white bread,666
1890,13-08-2025,sausage,3517
2072,23-11-2025,citrus fruit,3337
1445,20-03-2024,ground beef,5484
2070,11-05-2025,tropical fruit,1109
1933,12-05-2025,rolls/buns,1706
1013,02-07-2025,salty snack,5242
1048,09-08-2024,paper towels,150
1809,18-11-2025,root vegetables,2068
1316,24-04-2024,citrus fruit,4108
1631,05-12-2024,margarine,888
1971,21-03-2025,canned beer,3107
1221,16-04-2024,root vegetables,2690
1579,01-05-2024,bottled water,2694
2132,12-12-2024,citrus fruit,1964
1977,08-05-2024,  WHOLE MILK,565
2166,30-12-2025,bottled water,1926
1134,08-04-2025,frozen vegetables,1733
1050,20-07-2024,brown bread,4160
1587,23-12-2024,bottled water,1448
1633,14-07-2024,parmesan,220
1292,13-06-2024,dish detergent,5688
1477,21-03-2024,newspapers,1111
1939,07-08-2024,curd,2177
1002,19-09-2024,,2463
1929,08-01-2024,margarine,5971
1434,10-03-2024,canned beer,5499
1431,04-10-2024,frozen vegetables,3080
1107,23-02-2025,margarine,2976
2086,02-06-2025,cat food,4199
1206,15-09-2024,onions,2864
1293,02-04-2024,pastry,50
2162,09-11-2024,whole milk,4733
1236,28-12-2025,root vegetables,3587
1972,23-10-2024,pastry,5039
2078,08-02-2025,ground beef,1065
2155,05-04-2025,whole milk,2631
1532,08-02-2025,canned beer,1485
2051,02-11-2025,newspapers,538
1976,03-06-2025,  CREAMER,2416
1405,29-10-2024,tortillas,2604
1116,24-06-2025,white bread,1307
1849,02-02-2024,citrus fruit,5512
1134,08-04-2025,frankfurter,1733
1716,15-05-2025,newspapers,4555
1214,16-07-2025,tomato sauce,4461
1092,11-01-2025,white bread,1844
1606,07-12-2024,newspapers,1890
2181,02-01-2024,frankfurter,631
1561,16-06-2024,creamer,4824
1334,18-06-2025,pastry,2970
1101,25-06-2025,canned beer,5471
1222,05-04-2024,frozen vegetables,1171
1535,14-01-2024,margarine,1431
1235,03-03-2024,yogurt,2583
1113,21-01-2024,domestic eggs,473
1455,08-12-2024,root vegetables,224
1334,18-06-2025,root vegetables,2970
2187,21-07-2024,yogurt,3623
1002,06-12-2024,canned beer,1712
1916,18-08-2024,frankfurter,4321
2054,10-02-2025,bananas,5320
1564,03-06-2024,cereal,3281
2068,03-03-2025,canned beer,5011
1221,12-03-2025,canned beer,422
1792,01-02-2025,parmesan,2930
1920,18-08-2024,bottled water,3909
1282,06-08-2024,chocolate,88
1553,15-04-2025,tortillas,1125
2171,01-01-2025,curd,5528
2092,13-10-2025,  CANNED BEER,1966
1708,18-12-2025,ice cream,809
2010,19-01-2025,white bread,5358
1802,26-06-2025,root vegetables,5138
1814,22-09-2024,brown bread,1054
1524,27-06-2025,frankfurter,5857
1128,06-10-2024,root vegetables,4901
1847,22-03-2025,margarine,2255
1891,17-12-2024,frankfurter,806
1037,09-09-2024,chips,5046
1296,06-07-2024,jam,1197
1493,21-10-2024,newspapers,278
1925,12-05-2025,canned beer,863
1814,19-06-2024,citrus fruit,2577
1164,01-10-2024,soda,105
1944,25-03-2025,domestic eggs,2653
1863,05-04-2025,root vegetables,5366
2105,06-07-2024,margarine,4228
1944,25-03-2025,cat food,2653
1121,07-10-2024,ice cream,2144
1752,14-11-2024,canned beer,1860
1094,06-02-2024,cereal,2652
1983,02-04-2025,root vegetables,1190
1111,09-05-2024,pastry,2967
1787,30-08-2025,frankfurter,4349
1911,09-12-2025,curd,5560
2013,20-07-2024,pastry,5788
2115,22-01-2025,frankfurter,1212
1240,31-03-2025,citrus fruit,2075
1478,15-11-2025,frozen vegetables,3011
1667,02-06-2025,citrus fruit,3225
1675,05-01-2025,newspapers,1176
2142,23-03-2025,citrus fruit,3482
2096,29-01-2024,shopping bags,494
1634,06-12-2024,ketchup,622
1194,05-02-2025,bottled water,4702
1399,24-11-2025,margarine,1700
2046,27-11-2025,soda,1332
1324,23-01-2025,salsa,4851
1816,20-04-2025,dish detergent,5770
1284,06-09-2025,shopping bags,3926
1940,12-08-2025,coffee,2574
1014,16-06-2025,margarine,2421
1567,28-02-2025,bottled water,2705
1353,13-02-2024,whole milk,4889
2091,14-07-2025,,138
1766,25-11-2024,canned beer,4983
1410,05-11-2025,margarine,2940
1356,12-11-2025,ground beef,5444
2166,21-01-2025,newspapers,1353
1288,23-11-2024,newspapers,2683
1468,19-01-2025,yogurt,1324
1691,27-02-2025,tropical fruit,4106
1479,29-11-2025,yogurt,5468
1289,31-10-2024,domestic eggs,1650
1982,20-04-2024,salty snack,2400
2015,07-11-2024,ice cream,267
1403,09-12-2025,frozen vegetables,212
1807,23-08-2025,shopping bags,4081
1132,03-11-2025,rolls/buns,5270
1101,28-03-2024,newspapers,875
1304,17-12-2025,margarine,1273
1476,10-03-2025,ground beef,1980
1439,01-10-2025,rolls/buns,3055
1532,14-01-2024,white bread,4900
1004,25-06-2024,dish detergent,673
1296,01-09-2024,yogurt,3598
2117,22-11-2024,curd,3447
1429,24-01-2025,onions,203
1163,02-02-2024,  ROOT VEGETABLES,3542
1650,09-07-2024,onions,4808
1694,15-05-2024,brown bread,322
1802,07-02-2025,cat food,2831
1348,04-05-2025,margarine,4267
1068,25-01-2025,,1017
1303,09-03-2025,margarine,5838
1561,09-04-2025,white bread,2219
1065,07-09-2024,margarine,3547
1963,06-02-2024,white bread,1382
2192,07-08-2024,newspapers,2551
2136,17-02-2025,  JAM,4264
1986,10-08-2025,root vegetables,3063
1437,25-09-2025,pastry,490
1077,04-09-2024,chips,4834
1756,20-07-2024,hamburger meat,5217
1626,24-11-2024,tortillas,2514
1006,21-12-2024,margarine,4248
2139,15-11-2024,tortillas,5383
1642,09-12-2024,citrus fruit,2783
1066,20-08-2025,citrus fruit,2242
1818,01-07-2025,curd,2873
1218,01-11-2024,white bread,3499
2033,03-08-2025,sausage,3409
1809,18-11-2025,tomato sauce,2068
1350,27-05-2024,shopping bags,1777
1045,25-01-2024,whole milk,5570
1255,01-10-2024,canned beer,1411
1021,18-06-2025,newspapers,2664
1233,24-05-2025,canned beer,263
1404,01-12-2024,citrus fruit,2702
1968,26-07-2025,pasta,629
1901,11-01-2025,white bread,4627
2005,10-11-2025,ground beef,1245
1285,21-06-2024,margarine,5914
1128,25-08-2025,shopping bags,1595
2151,25-09-2025,citrus fruit,3404
1562,18-10-2024,canned beer,3619
2097,28-10-2024,ice cream,4009
1378,22-07-2025,soda,3964
2008,23-07-2025,ice cream,1763
1180,20-01-2024,butter,1944
1804,28-11-2024,canned beer,5155
1497,11-10-2025,canned beer,3978
2026,08-03-2024,rolls/buns,1589
1577,24-06-2024,pasta,4716
1680,27-01-2025,cat food,4431
1668,22-03-2025,jam,2763
1764,22-11-2024,,4401
1467,09-12-2025,beef,4912
1198,05-11-2025,white bread,3811
1781,19-01-2025,canned beer,4356
2144,23-07-2025,parmesan,1298
1293,02-04-2024,whole milk,50
1493,11-10-2024,ground beef,2454
1265,06-12-2025,margarine,4119
2022,10-08-2025,frozen vegetables,2666
2106,26-03-2024,canned beer,2201
1827,22-08-2024,yogurt,5569
1824,14-08-2025,coffee,4634
2075,11-03-2024,margarine,4531
1417,19-09-2024,domestic eggs,1801
2095,03-08-2024,white bread,5233
1390,28-09-2025,pasta,4056
1596,15-06-2025,newspapers,4783
1386,04-09-2024,bananas,5818
1344,09-12-2025,tropical fruit,2972
2110,19-05-2025,newspapers,1143
1952,14-09-2025,bananas,5331
1406,27-07-2024,yogurt,5844
2093,25-07-2024,whole milk,5806
1899,23-02-2024,canned beer,606
1158,05-10-2025,margarine,5469
1723,05-08-2025,yogurt,2309
1290,18-05-2025,canned beer,1361
2036,09-10-2024,whole milk,4579
1721,07-05-2024,root vegetables,2587
1952,11-07-2024,domestic eggs,4669
1431,19-09-2024,margarine,1006
2106,26-03-2024,  CITRUS FRUIT,2201
1521,27-08-2024,canned beer,529
1390,28-11-2024,frozen vegetables,4758
1921,29-04-2025,frozen vegetables,2801
1194,11-02-2025,canned beer,4573
1439,26-04-2025,canned beer,3008
2119,06-07-2024,salty snack,94
1487,07-11-2024,margarine,2571
1060,08-10-2024,tropical fruit,5367
1836,04-12-2024,canned beer,3729
1720,07-10-2025,canned beer,1830
1032,14-01-2025,pasta,5728
1269,06-01-2024,crackers,2709
1064,28-05-2024,canned beer,1099
1831,22-11-2025,newspapers,3847
1050,14-01-2025,white bread,780
1361,18-08-2024,canned beer,2039
1395,04-04-2024,tortillas,2132
1328,03-09-2025,canned beer,1617
1561,09-04-2025,margarine,2219
1312,15-12-2024,newspapers,1079
1329,07-11-2025,shopping bags,3813
1783,20-03-2025,cheese,4084
1255,07-09-2024,pastry,2173
1853,11-08-2024,canned beer,5708
1390,24-05-2025,canned beer,2758
1715,13-12-2025,margarine,5946
1407,20-11-2025,crackers,5360
1085,29-08-2024,creamer,5888
1411,17-10-2024,rolls/buns,3739
1936,07-04-2025,bottled water,3614
1912,25-08-2024,margarine,182
1681,01-09-2024,margarine,162
1072,10-09-2024,citrus fruit,2797
1271,13-05-2024,dish detergent,4148
1191,06-03-2024,margarine,4480
1969,20-07-2024,bottled water,1320
2119,30-11-2024,canned beer,1394
1952,14-09-2025,yogurt,5331
1219,26-05-2024,canned beer,1330
1263,07-09-2024,bottled water,4732
2134,18-10-2024,root vegetables,187
1904,21-08-2025,frozen vegetables,3655
1902,14-09-2024,bottled water,1169
1603,04-03-2025,ketchup,5841
1723,20-08-2024,salsa,5958
1681,06-05-2024,frankfurter,5654
2001,17-09-2024,cat food,5829
2039,23-12-2025,yogurt,3695
1762,17-04-2024,newspapers,5811
1717,25-12-2025,newspapers,632
1424,29-12-2025,canned beer,4819
2166,21-01-2025,root vegetables,1353
2152,09-10-2025,  SHOPPING BAGS,1950
2057,05-05-2024,root vegetables,4805
1025,27-06-2025,pip fruit,2685
1662,15-08-2025,domestic eggs,1094
1704,03-03-2024,margarine,2399
2061,22-06-2025,white bread,1445
1132,18-06-2025,domestic eggs,784
1833,02-06-2024,ground beef,4309
1530,23-01-2024,butter,4969
1724,09-06-2024,chocolate,4037
1651,20-11-2024,margarine,466
1296,11-09-2025,root vegetables,4925
1357,23-08-2024,sugar,2820
1510,27-03-2024,rolls/buns,4533
1431,10-03-2025,canned beer,4832
2149,09-03-2025,margarine,4086
1235,03-03-2024,ground beef,2583
1987,21-11-2025,margarine,1089
1078,23-07-2024,canned beer,1770
1878,05-11-2024,chips,1179
1686,19-04-2025,margarine,881
1188,25-07-2025,chocolate,3207
2012,12-09-2025,onions,1012
1002,06-12-2024,frankfurter,1712
1741,12-01-2024,soda,2957
1698,26-04-2025,frankfurter,4910
1460,16-05-2025,  CANNED BEER,1866
1500,21-07-2025,citrus fruit,2122
2040,07-07-2025,yogurt,768
1470,27-10-2025,creamer,528
1188,18-11-2024,root vegetables,2836
2009,14-06-2025,domestic eggs,4156
2044,31-12-2024,bottled water,3681
1118,07-06-2024,white bread,2610
1716,27-06-2024,onions,4962
1313,11-02-2025,pastry,2487
1870,07-07-2025,soda,3553
1184,09-01-2024,soda,1140
2112,22-04-2025,brown bread,5206
2051,22-06-2025,canned beer,4903
2180,24-03-2024,white bread,3119
1610,25-09-2025,pip fruit,89
2017,30-08-2024,pastry,3532
1369,27-04-2025,domestic eggs,2839
1803,26-08-2025,salty snack,3970
1350,26-04-2025,canned beer,1838
1262,07-04-2024,white bread,37
1868,22-08-2024,salsa,326
1625,11-04-2024,newspapers,1778
1195,24-11-2025,canned beer,4262
2044,05-05-2024,rolls/buns,1292
1146,06-12-2024,canned beer,116
1620,28-08-2024,canned beer,4320
2130,24-08-2024,parmesan,5438
1726,01-02-2024,  CANNED BEER,2333
1765,06-03-2024,chips,4383
1532,14-01-2024,cat food,4900
1177,05-03-2024,root vegetables,772
1099,12-11-2024,  SAUSAGE,5226
2142,17-03-2025,newspapers,5413
1562,12-01-2025,citrus fruit,3523
1119,10-02-2025,whole milk,5214
2161,16-10-2024,curd,3259
1976,12-11-2024,newspapers,1586
1855,11-04-2024,chips,3757
1409,07-08-2025,root vegetables,1147
1496,11-05-2025,margarine,2433
1885,25-06-2024,tomato sauce,1962
1663,11-06-2024,margarine,1961
1814,19-01-2024,whole milk,2086
1370,03-12-2025,whole milk,4850
1891,06-06-2025,margarine,367
1871,13-12-2025,ice cream,147
1242,26-07-2024,frankfurter,3865
1679,24-01-2025,soda,2813
1539,28-10-2025,margarine,763
1447,10-11-2024,cheese,4982
2026,27-12-2024,yogurt,5983
1084,24-01-2024,ketchup,46
1015,10-08-2024,sausage,5576
1288,23-11-2024,frozen vegetables,2683
1027,27-05-2024,newspapers,3038
1214,16-07-2025,parmesan,4461
1658,21-11-2024,bottled water,4594
1741,11-07-2025,root vegetables,3859
1282,16-11-2024,hamburger meat,1575
2061,13-11-2024,margarine,1877
1293,28-04-2024,coffee,649
2072,23-07-2024,cat food,2936
1409,16-03-2024,white bread,3437
1537,27-08-2025,canned beer,928
1206,02-12-2025,salty snack,4770
1094,06-02-2024,whole milk,2652
1193,22-08-2025,whole milk,2516
1360,24-10-2025,coffee,5701
2079,20-04-2024,rolls/buns,734
1997,10-06-2025,cereal,4604
1039,21-02-2024,frankfurter,2213
1828,09-12-2024,chocolate,2295
1612,16-04-2025,chocolate,4856
1709,24-08-2024,white bread,3565
1869,17-10-2024,rolls/buns,1345
1423,10-10-2024,curd,4155
1875,06-02-2024,margarine,793
1559,30-06-2024,domestic eggs,3391
1377,17-01-2025,crackers,4494
1339,30-01-2024,margarine,4397
1906,07-10-2025,diapers,2724
1893,06-03-2025,whole milk,3592
1133,15-05-2024,red wine,2012
1603,25-12-2025,shopping bags,4385
1772,10-01-2025,canned beer,140
1920,27-01-2024,  TOMATO SAUCE,165
1350,27-12-2024,newspapers,5516
2079,12-11-2025,canned beer,4624
1436,18-06-2024,margarine,4513
1906,03-05-2024,yogurt,729
1474,30-10-2024,ketchup,1788
1201,21-11-2024,salsa,3333
1220,13-01-2024,yogurt,727
1607,04-08-2024,whole milk,1732
1937,14-12-2024,root vegetables,3498
2157,04-11-2025,frozen vegetables,2379
1562,03-10-2025,granola,4178
1121,20-06-2024,canned beer,5559
1584,29-04-2025,citrus fruit,2035
2091,14-09-2025,bananas,945
1579,27-08-2025,citrus fruit,5827
1481,09-02-2025,whole milk,4445
1367,30-09-2024,canned beer,2010
1141,07-12-2024,frankfurter,3460
1447,18-05-2024,napkins,3062
1963,06-02-2024,frankfurter,1382
1151,15-08-2025,salsa,5597
2000,23-10-2024,whole milk,5734
1105,19-02-2024,curd,3627
2008,11-04-2025,margarine,522
1613,07-12-2025,margarine,1508
1427,04-07-2024,sugar,1585
1697,29-04-2025,sausage,3880
1241,05-02-2025,  CITRUS FRUIT,4392
1027,18-09-2025,margarine,3174
1622,10-03-2024,canned beer,79
1908,10-12-2024,white bread,882
1587,23-12-2024,margarine,1448
1946,21-08-2025,canned beer,2581
1519,06-06-2025,pasta,2362
1297,25-08-2025,,5531
1924,24-04-2025,white bread,1477
1711,22-04-2024,,5522
2171,01-11-2025,domestic eggs,2439
1979,25-02-2025,salsa,2863
1775,06-07-2025,canned beer,1741
1081,30-05-2024,soda,3737
2013,19-02-2024,canned beer,4047
1831,25-10-2024,yogurt,923
1027,28-03-2024,salsa,1626
2017,14-02-2024,onions,4746
1158,26-07-2024,whole milk,3198
2018,07-10-2024,margarine,1390
1789,13-08-2025,ketchup,1850
1200,20-05-2024,whole milk,560
1885,10-01-2024,brown bread,259
1644,03-08-2024,newspapers,3388
1105,15-05-2024,crackers,2740
2079,16-12-2024,sugar,4717
1772,09-09-2024,salty snack,868
1055,14-05-2025,canned beer,3223
1839,15-08-2024,newspapers,2701
1117,21-06-2025,rolls/buns,392
1781,28-08-2025,onions,3381
1357,11-11-2024,  CANNED BEER,949
1636,24-07-2024,paper towels,1343
1499,16-04-2024,canned beer,24
1783,15-03-2024,white bread,3323
2184,21-09-2025,  DISH DETERGENT,2955
2021,16-02-2024,salsa,5436
1580,01-08-2024,  YOGURT,2419
1334,09-11-2025,whole milk,361
1694,11-09-2024,hamburger meat,5063
1494,08-08-2025,,564
1782,02-04-2025,frankfurter,2596
1057,21-03-2024,rolls/buns,5994
1832,30-09-2024,tropical fruit,1475
1025,29-04-2024,domestic eggs,3921
1589,29-07-2025,canned beer,5072
1483,13-06-2025,napkins,3837
1590,12-09-2024,bottled water,4545
1024,18-02-2024,bananas,5629
2068,24-08-2024,newspapers,5183
1357,11-11-2024,whole milk,949
1852,25-01-2024,margarine,5357
1147,21-11-2025,frozen vegetables,3782
2157,16-09-2024,white bread,3244
1160,19-08-2025,shopping bags,209
1233,24-05-2025,yogurt,263
1037,23-11-2024,sausage,2818
1216,15-04-2025,onions,236
1071,27-01-2025,whole milk,2585
1439,26-04-2025,cheese,3008
1545,31-08-2024,tropical fruit,5337
1542,18-03-2025,pastry,420
1076,14-10-2025,whole milk,26
2043,05-02-2024,salsa,3235
1856,31-08-2025,bottled water,5102
1667,02-06-2025,white bread,3225
1511,08-09-2025,  HAMBURGER MEAT,2877
1015,10-08-2024,root vegetables,5576
2193,29-01-2025,canned beer,95
1783,27-08-2024,granola,619
1225,14-02-2025,curd,3311
1578,01-04-2025,brown bread,964
1781,23-11-2025,chocolate,561
1355,24-11-2024,citrus fruit,5064
1458,16-04-2024,root vegetables,3687
1298,06-01-2024,margarine,1516
1433,16-07-2025,red wine,5462
1311,23-06-2025,bananas,514
2105,17-11-2024,citrus fruit,545
1348,05-12-2024,citrus fruit,2129
1771,08-04-2024,bottled water,985
1741,27-08-2025,butter,431
2021,22-05-2025,tomato sauce,3541
1251,20-12-2025,white bread,2830
1374,20-11-2024,frozen vegetables,457
1189,03-10-2025,tomato sauce,240
1709,24-08-2024,shopping bags,3565
1505,16-06-2024,beef,1256
2065,11-08-2025,paper towels,3715
1210,31-08-2025,bananas,2372
1584,14-12-2025,frozen vegetables,5915
1037,05-11-2025,pip fruit,3560
1986,18-05-2024,chocolate,5016
1535,17-09-2024,dish detergent,1146
2090,29-10-2024,frankfurter,3113
1284,15-01-2024,citrus fruit,3007
1321,15-01-2025,margarine,3479
2172,18-12-2024,,2991
1567,13-01-2025,crackers,5159
2125,04-05-2025,pip fruit,5376
1404,21-03-2025,whole milk,4313
1182,30-04-2024,ice cream,219
1317,11-04-2025,margarine,4435
1163,02-02-2024,tropical fruit,3542
1234,18-03-2024,root vegetables,4002
1438,11-02-2025,jam,1337
2132,25-11-2024,whole milk,3324
1500,12-07-2025,salsa,1974
1147,21-11-2025,pasta,3782
2055,13-11-2024,chips,4344
1933,15-09-2025,canned beer,5568
1825,01-04-2024,curd,4977
1806,15-02-2024,bottled water,5142
1958,31-10-2024,hamburger meat,5315
1899,23-02-2024,bottled water,606
1021,20-10-2025,cat food,252
1854,26-07-2024,granola,2198
2194,01-12-2024,chocolate,1599
2069,08-05-2024,cat food,3398
1232,08-06-2025,salsa,2598
2104,01-02-2024,margarine,1841
1840,24-06-2025,margarine,261
1871,25-10-2024,margarine,5209
1122,06-12-2025,citrus fruit,2071
1532,19-10-2025,whole milk,919
1684,10-07-2025,soda,4300
1002,28-02-2024,citrus fruit,5987
1096,26-01-2024,cereal,1043
1992,07-01-2024,pip fruit,1074
1723,18-01-2025,cheese,2346
2098,15-05-2025,paper towels,1635
2058,21-12-2025,newspapers,3559
1220,04-03-2024,white bread,2576
1935,03-12-2024,napkins,5397
1822,13-05-2024,domestic eggs,1480
1202,19-11-2024,root vegetables,3850
2038,13-04-2024,soda,2714
1476,10-03-2025,hamburger meat,1980
1540,05-07-2024,yogurt,3375
1548,05-11-2024,margarine,5984
1606,09-11-2024,root vegetables,4566
1240,31-03-2025,bottled water,2075
1060,08-10-2024,chocolate,5367
1039,04-08-2025,pasta,4043
1488,11-10-2024,shopping bags,4035
1655,24-07-2024,newspapers,1196
2193,07-03-2025,butter,947
2196,29-08-2025,granola,2686
1603,31-05-2024,margarine,2737
1801,01-08-2025,frozen vegetables,5400
1361,18-08-2024,shopping bags,2039
1635,10-03-2025,whole milk,2983
1301,13-05-2024,soda,1767
1887,02-11-2024,citrus fruit,4966
1299,15-09-2025,pastry,5056
1692,21-05-2025,cat food,2163
2049,06-09-2024,frankfurter,4700
2053,15-09-2024,shopping bags,4039
1724,06-03-2025,frankfurter,217
1538,01-06-2024,root vegetables,1335
1406,22-05-2024,ice cream,1437
1405,18-02-2025,citrus fruit,3464
1539,05-04-2024,brown bread,1123
1494,08-08-2025,napkins,564
1314,12-03-2025,root vegetables,3898
1338,30-05-2024,onions,4187
1451,13-03-2024,newspapers,4411
1250,20-11-2024,citrus fruit,965
1810,28-01-2024,canned beer,1271
1905,02-10-2024,frankfurter,1300
1908,27-01-2025,bottled water,1066
1905,31-10-2024,canned beer,3795
1101,02-10-2025,domestic eggs,1210
1692,10-10-2024,margarine,4124
1991,16-01-2024,root vegetables,3679
1717,25-12-2025,chocolate,632
1817,15-10-2024,soda,4559
1979,22-08-2024,whole milk,1133
1718,26-11-2024,citrus fruit,159
1296,12-04-2025,canned beer,3449
2141,14-09-2025,whole milk,4536
1880,29-03-2025,tropical fruit,1925
1172,11-07-2024,rolls/buns,5554
2009,03-11-2024,yogurt,5748
1835,28-02-2025,citrus fruit,5881
2195,08-02-2025,canned beer,2341
1556,27-03-2024,canned beer,284
2074,06-12-2025,canned beer,1873
1645,14-01-2025,frankfurter,246
2053,18-04-2025,frozen vegetables,2027
1833,26-08-2025,newspapers,5392
2015,07-07-2024,soda,3533
1842,24-05-2025,bottled water,5073
1146,03-07-2025,citrus fruit,2768
1392,09-11-2025,canned beer,481
1816,05-12-2024,curd,1459
1078,11-09-2024,domestic eggs,1533
2041,25-01-2024,margarine,1536
2087,04-03-2024,salsa,2474
1774,20-09-2024,cat food,480
1479,29-11-2025,newspapers,5468
1675,12-03-2025,canned beer,2119
1351,02-08-2024,curd,2699
1562,25-08-2024,parmesan,3538
1440,28-04-2025,pip fruit,507
1428,07-08-2024,citrus fruit,3629
1087,16-05-2025,chips,4052
1031,30-07-2024,canned beer,3931
1963,06-02-2024,cereal,1382
1030,27-02-2024,root vegetables,2580
1006,06-07-2024,domestic eggs,3887
1686,25-12-2025,newspapers,2728
1792,12-05-2024,tortillas,1064
1332,13-09-2024,white bread,680
2037,21-06-2025,sugar,4842
1322,27-11-2024,salty snack,1241
2156,29-07-2025,citrus fruit,5075
1365,14-01-2025,citrus fruit,5936
1731,10-08-2024,white bread,5356
2083,15-04-2024,yogurt,2687
2004,18-02-2025,frozen vegetables,4111
1978,03-01-2024,paper towels,1158
1567,13-01-2025,cat food,5159
2146,10-11-2025,  PIP FRUIT,2082
1299,21-11-2024,ground beef,2481
1830,05-02-2025,cereal,2980
1866,09-08-2024,root vegetables,1370
1370,22-01-2025,tomato sauce,5116
1281,06-04-2025,salsa,4764
1334,09-11-2025,  WHOLE MILK,361
1223,02-08-2024,chips,5699
1465,10-01-2025,pip fruit,4282
1716,27-06-2024,paper towels,4962
1138,14-09-2025,curd,4730
1391,08-12-2025,cheese,3959
1946,20-03-2024,salty snack,5066
1356,31-05-2025,chocolate,5070
2052,30-12-2024,shopping bags,5989
1300,12-07-2025,chips,4303
1406,22-05-2024,citrus fruit,1437
1975,11-12-2025,cat food,5911
2079,12-11-2025,salsa,4624
1780,28-03-2025,curd,925
2155,04-07-2025,salsa,5235
1620,08-06-2025,  ROOT VEGETABLES,5876
1884,11-03-2025,,4854
2105,10-09-2024,frozen vegetables,2495
2161,12-09-2024,canned beer,2926
1775,17-09-2024,frankfurter,3109
1458,14-07-2025,napkins,5317
1664,12-08-2024,white bread,83
2036,30-04-2025,canned beer,2805
1187,26-08-2025,granola,2060
1833,21-04-2024,frozen vegetables,2222
1365,01-04-2025,whole milk,5934
1260,16-04-2024,,168
1116,24-06-2025,canned beer,1307
1296,11-09-2025,bottled water,4925
1829,08-08-2025,curd,861
1069,16-11-2024,whole milk,4394
1433,08-05-2025,salty snack,2200
1099,12-11-2024,sausage,5226
1998,24-10-2024,white bread,4932
1290,10-11-2025,root vegetables,5606
2005,12-12-2025,canned beer,718
1696,29-06-2024,canned beer,3800
1655,04-06-2024,bottled water,1776
1025,28-04-2025,canned beer,5817
1621,05-01-2025,tropical fruit,3432
1975,23-12-2025,sausage,3224
1539,15-01-2024,canned beer,3230
1429,06-07-2025,frozen vegetables,1947
1156,21-05-2025,frankfurter,1619
1838,09-05-2025,root vegetables,2723
1109,24-05-2024,pip fruit,2126
1720,14-02-2024,sausage,488
1402,27-03-2024,pip fruit,1901
1528,22-04-2024,bananas,674
1465,15-07-2025,ketchup,2205
1240,18-03-2025,curd,5463
1043,17-03-2024,white bread,415
2003,24-07-2024,ice cream,4622
1288,23-11-2024,canned beer,2683
1198,05-11-2025,frozen vegetables,3811
1415,29-01-2024,salty snack,1968
1284,06-09-2025,margarine,3926
1629,12-11-2024,root vegetables,2189
2032,03-04-2025,citrus fruit,3941
1538,26-09-2025,canned beer,5932
2096,25-10-2024,onions,3495
1727,25-02-2025,hamburger meat,558
1969,31-07-2025,root vegetables,5018
1797,10-10-2025,citrus fruit,3138
1031,29-02-2024,canned beer,2692
1378,15-07-2025,domestic eggs,114
1010,01-04-2025,brown bread,1903
2185,17-01-2025,white bread,427
1636,14-04-2024,whole milk,1655
1354,06-04-2025,root vegetables,1239
1831,29-11-2024,canned beer,671
1362,13-09-2025,crackers,3089
1939,16-09-2024,domestic eggs,418
1842,09-10-2024,whole milk,2932
1021,18-06-2025,cereal,2664
1161,13-02-2024,soda,5411
1655,23-10-2025,newspapers,5098
1678,07-04-2025,sugar,2513
1312,15-12-2024,,1079
1939,21-12-2025,onions,1191
1432,15-01-2024,canned beer,2981
2094,08-12-2025,salsa,3300
1007,22-06-2024,margarine,2291
1432,15-05-2025,red wine,755
1364,23-04-2024,salty snack,144
1615,18-06-2024,onions,3866
1838,11-09-2025,canned beer,5610
1458,11-09-2024,pastry,1128
1743,18-07-2025,pip fruit,5340
1035,03-08-2024,pastry,1631
1170,12-11-2024,granola,4463
2105,12-10-2024,newspapers,1476
1328,04-09-2025,pip fruit,817
1428,11-03-2024,canned beer,4286
1606,27-07-2025,shopping bags,31
1707,20-05-2024,root vegetables,3549
1853,11-08-2024,whole milk,5708
1284,14-03-2025,brown bread,3510
1561,03-12-2025,bottled water,2507
1153,25-10-2024,white bread,1719
2078,13-03-2025,tropical fruit,2722
1260,28-08-2024,root vegetables,1491
1911,11-10-2024,  YOGURT,3993
1109,21-11-2025,citrus fruit,1100
1124,03-09-2024,pastry,4353
2151,03-12-2024,whole milk,1088
1982,20-04-2024,domestic eggs,2400
1980,27-04-2024,margarine,2135
1192,20-08-2025,sausage,314
2073,21-03-2024,chips,4
1864,16-03-2025,whole milk,5719
1299,25-09-2025,margarine,2418
1349,01-10-2025,chips,5146
2013,13-01-2024,tomato sauce,1723
1282,05-06-2024,margarine,4449
2010,24-06-2024,white bread,5285
1906,18-08-2024,domestic eggs,1604
1985,28-08-2025,salty snack,2888
1812,17-09-2025,butter,2093
1096,29-05-2024,cheese,2284
1489,06-04-2024,root vegetables,4722
1635,28-10-2024,domestic eggs,4567
2015,07-07-2024,canned beer,3533
1901,07-05-2024,pip fruit,879
1958,06-09-2024,yogurt,505
1635,09-10-2024,brown bread,4328
1754,09-12-2025,cereal,5153
1006,11-09-2025,red wine,4526
1833,21-06-2025,yogurt,4859
1146,06-12-2024,ground beef,116
1763,11-09-2024,root vegetables,4897
2171,02-08-2025,root vegetables,3396
2055,05-03-2025,whole milk,1581
1434,04-01-2024,canned beer,4407
1194,13-12-2024,cereal,5280
1777,25-02-2024,curd,2472
1274,30-11-2025,root vegetables,437
1260,19-09-2025,root vegetables,2004
1671,14-10-2024,granola,5928
1809,22-11-2025,jam,4855
2053,18-04-2025,rolls/buns,2027
1709,21-02-2025,bananas,4398
1348,05-12-2024,ice cream,2129
1471,01-02-2025,canned beer,1489
1928,27-02-2025,canned beer,3745
1567,28-02-2025,soda,2705
2033,24-01-2025,bottled water,3492
1454,25-09-2025,frozen vegetables,2208
1850,23-03-2025,canned beer,5872
1514,26-02-2025,canned beer,2479
1052,12-11-2025,red wine,387
1167,01-12-2025,ground beef,2682
1332,14-03-2024,margarine,1707
1575,06-10-2025,root vegetables,5196
1061,25-09-2024,domestic eggs,2250
2119,05-12-2024,white bread,4858
2142,17-08-2024,sugar,1888
1596,27-07-2025,sausage,3440
1740,22-07-2024,pastry,706
2147,17-12-2025,soda,1923
2135,29-07-2025,newspapers,2441
1912,05-12-2025,domestic eggs,3360
1914,03-05-2024,soda,2073
1723,17-06-2025,dish detergent,5923
1568,26-09-2025,ground beef,4605
1420,08-07-2025,root vegetables,862
1017,11-07-2024,salsa,1558
1425,19-07-2024,ice cream,5176
1270,06-04-2024,ice cream,1868
1378,15-07-2025,beef,114
1021,16-06-2025,salty snack,4610
1663,21-06-2024,root vegetables,1886
1025,28-04-2025,salsa,5817
1971,24-07-2025,citrus fruit,1837
1158,26-07-2024,canned beer,3198
1272,16-02-2024,paper towels,4203
1497,11-10-2025,diapers,3978
1795,29-04-2024,pip fruit,3374
1527,26-11-2025,newspapers,5596
1507,07-04-2024,newspapers,3991
2074,24-04-2025,cat food,3640
1348,22-08-2025,newspapers,2971
1458,04-08-2024,whole milk,4378
1612,16-04-2025,root vegetables,4856
1752,09-07-2024,root vegetables,5992
1367,28-03-2024,bottled water,4211
1714,09-12-2024,citrus fruit,898
1483,13-06-2025,rolls/buns,3837
1614,17-08-2024,crackers,118
1619,14-08-2025,canned beer,5955
1906,07-10-2025,bottled water,2724
1601,29-03-2024,shopping bags,936
1027,01-03-2025,,3956
2081,09-12-2025,citrus fruit,5672
1495,08-11-2024,white bread,2792
1410,22-04-2024,tortillas,5964
1256,23-03-2024,canned beer,2202
2171,17-12-2025,cheese,25
1386,08-03-2024,canned beer,5296
1468,03-07-2024,dish detergent,2292
1162,03-11-2024,pastry,4971
1181,09-09-2024,citrus fruit,3081
1276,17-04-2025,cat food,30
1772,25-05-2024,sausage,3861
1218,30-06-2024,salty snack,213
2066,19-09-2024,whole milk,2
1230,21-11-2024,white bread,978
2119,02-11-2024,frankfurter,5670
2138,19-07-2024,butter,5855
1021,07-12-2025,ice cream,3258
1135,27-11-2025,whole milk,4870
1184,07-12-2024,newspapers,4890
1212,25-09-2024,chocolate,4487
1663,21-06-2024,canned beer,1886
1030,07-11-2025,newspapers,42
1199,01-09-2025,brown bread,4387
1329,16-10-2024,whole milk,5715
1379,20-08-2024,soda,3600
1645,22-05-2025,root vegetables,5537
1720,28-07-2025,pastry,4406
1779,14-11-2025,newspapers,4094
1134,21-01-2025,ground beef,4845
1084,24-01-2024,canned beer,46
1254,08-12-2024,creamer,5745
1002,11-04-2024,pastry,2776
1705,04-08-2024,margarine,4115
1104,22-04-2024,pip fruit,3628
1840,24-06-2025,cereal,261
1798,05-05-2024,newspapers,2552
1751,20-02-2024,newspapers,5930
1265,02-03-2024,canned beer,582
1798,23-08-2024,frozen vegetables,1374
1151,29-10-2025,  ROOT VEGETABLES,5883
1823,21-06-2025,sausage,4341
2185,09-07-2025,whole milk,1114
1199,01-09-2025,napkins,4387
1476,24-05-2024,cat food,4294
1268,02-07-2025,citrus fruit,1673
1336,24-11-2025,canned beer,2154
1403,02-01-2025,whole milk,5154
1298,26-08-2024,salty snack,2311
1063,14-10-2025,margarine,4413
1109,07-10-2024,brown bread,3908
1261,20-01-2024,rolls/buns,1290
1551,21-05-2025,white bread,2963
1301,10-04-2025,root vegetables,5891
1310,19-03-2024,domestic eggs,3522
1967,19-02-2024,domestic eggs,5166
1067,13-10-2024,root vegetables,5324
1523,04-02-2024,newspapers,698
1600,29-11-2024,white bread,4369
1159,05-12-2024,,3863
1455,25-12-2024,citrus fruit,385
1374,09-06-2025,tomato sauce,4583
1227,30-03-2024,domestic eggs,1743
2029,18-09-2024,chips,2540
2036,25-05-2025,citrus fruit,1747
1597,25-11-2024,white bread,3799
1718,15-01-2024,chocolate,1225
2121,10-12-2024,tortillas,2817
1631,29-05-2024,canned beer,4908
1453,30-11-2025,chocolate,215
2010,28-02-2024,tropical fruit,3933
1010,04-07-2024,canned beer,3876
1189,03-10-2025,pasta,240
1743,23-04-2024,canned beer,5539
1724,06-03-2025,pastry,217
1915,10-05-2024,salsa,5605
1671,14-10-2024,yogurt,5928
1511,16-07-2025,ketchup,403
1445,20-03-2024,tortillas,5484
2016,05-02-2025,ice cream,2612
1852,22-11-2025,canned beer,3371
1933,12-05-2025,white bread,1706
1994,20-01-2024,sausage,641
1356,25-04-2025,paper towels,5040
1016,08-11-2024,curd,2697
2040,03-07-2025,frozen vegetables,3017
1264,18-10-2024,tortillas,2998
1906,21-10-2024,margarine,515
2036,14-07-2024,frozen vegetables,4499
2181,02-01-2024,napkins,631
1136,08-12-2025,bottled water,4944
1870,07-07-2025,yogurt,3553
1065,08-02-2024,citrus fruit,2968
1893,02-04-2025,soda,4132
1073,24-07-2025,pip fruit,1296
1549,30-04-2025,whole milk,3033
1424,22-02-2025,newspapers,908
1468,28-07-2024,bottled water,1182
1801,27-01-2024,rolls/buns,5255
1927,31-12-2024,white bread,154
1460,01-05-2025,frankfurter,927
1357,18-08-2024,jam,2253
2137,01-04-2024,rolls/buns,4697
2096,14-12-2024,canned beer,5151
1296,20-08-2025,canned beer,5988
1339,18-07-2024,red wine,3105
1029,15-08-2024,margarine,3197
1468,19-01-2025,granola,1324
1456,07-12-2025,canned beer,1144
1390,24-05-2025,root vegetables,2758
1725,10-05-2024,bottled water,5580
1723,26-12-2024,curd,2040
1627,23-12-2025,canned beer,3000
1895,08-10-2025,tortillas,1426
1293,02-02-2024,citrus fruit,1435
1529,04-12-2024,whole milk,3714
1683,06-09-2025,hamburger meat,4259
1007,21-05-2024,citrus fruit,2260
1281,19-12-2024,white bread,4212
2051,02-11-2025,chips,538
1565,02-07-2024,  DIAPERS,5656
1714,07-11-2024,tropical fruit,4937
1691,17-01-2025,hamburger meat,65
1428,07-08-2024,soda,3629
1613,19-07-2025,  CANNED BEER,4318
1902,27-05-2024,pip fruit,1594
2101,11-01-2025,granola,5305
1498,25-07-2025,pastry,2995
1739,26-09-2024,margarine,1291
1566,03-12-2024,chocolate,3064
2147,05-11-2025,sugar,681
2153,09-12-2025,newspapers,1628
1272,17-01-2025,napkins,805
1164,01-06-2025,  ROOT VEGETABLES,5823
2171,02-08-2025,canned beer,3396
1798,08-02-2024,curd,4816
2038,28-12-2024,frankfurter,3988
1538,09-06-2025,brown bread,4769
1262,09-11-2025,canned beer,897
2056,16-10-2024,bottled water,1219
1319,05-08-2025,napkins,1736
1619,02-02-2024,newspapers,5200
1245,25-04-2025,canned beer,2929
1203,20-12-2025,napkins,4885
2134,02-02-2024,salty snack,5246
1297,24-12-2025,ground beef,2438
1854,19-01-2024,newspapers,815
1449,17-09-2025,pastry,1607
1976,11-12-2024,onions,1724
1460,01-05-2025,newspapers,927
1282,06-08-2024,onions,88
1084,24-01-2024,newspapers,46
1906,03-05-2024,creamer,729
1629,25-09-2025,red wine,3967
1428,21-07-2024,crackers,930
1135,03-03-2025,yogurt,5323
1143,04-08-2025,canned beer,983
2103,27-11-2024,crackers,5730
1764,07-05-2025,citrus fruit,5517
1852,22-11-2025,white bread,3371
1152,17-06-2024,domestic eggs,5706
1435,18-11-2025,white bread,1014
2110,19-05-2025,white bread,1143
1491,17-05-2024,citrus fruit,4501
1352,26-05-2024,hamburger meat,4659
2190,16-08-2024,soda,2954
1401,11-09-2024,chips,4292
2005,10-11-2025,domestic eggs,1245
2161,12-09-2024,root vegetables,2926
2004,12-11-2025,root vegetables,5866
1607,28-04-2024,cheese,2958
1671,14-10-2024,newspapers,5928
2152,09-02-2024,tropical fruit,783
1612,16-04-2025,margarine,4856
1665,15-07-2024,tortillas,1358
1596,27-07-2025,cat food,3440
1626,22-01-2025,hamburger meat,1420
1693,10-03-2024,paper towels,2508
2152,04-11-2024,hamburger meat,1821
1856,16-08-2024,canned beer,3717
1264,19-12-2025,onions,3918
2069,17-03-2024,frankfurter,3882
1447,18-05-2024,sugar,3062
1778,08-09-2025,frankfurter,1691
1971,26-04-2025,pastry,302
1957,05-02-2024,shopping bags,5944
2061,04-07-2024,ice cream,1053
1696,25-07-2024,newspapers,4161
1559,30-06-2024,root vegetables,3391
1765,18-10-2024,newspapers,1783
1847,05-01-2024,root vegetables,723
1993,13-08-2025,citrus fruit,5991
1010,09-06-2024,whole milk,2884
1372,07-02-2025,yogurt,448
2020,21-02-2024,root vegetables,4838
1092,22-10-2024,,931
1585,08-06-2024,tortillas,2747
1903,09-07-2024,cereal,181
1952,11-07-2024,diapers,4669
1025,27-06-2025,root vegetables,2685
2119,06-07-2024,bottled water,94
1015,05-03-2025,white bread,5486
2074,20-05-2025,root vegetables,13
1817,15-10-2024,salsa,4559
1153,11-02-2025,sausage,525
1354,27-10-2024,brown bread,5351
1797,10-10-2025,margarine,3138
1057,24-07-2024,root vegetables,2365
1702,11-07-2025,white bread,145
1333,21-08-2024,root vegetables,5449
1180,20-01-2024,pip fruit,1944
2024,24-03-2025,newspapers,2663
1323,25-01-2024,root vegetables,5010
1666,31-01-2024,pastry,2579
2017,18-01-2024,canned beer,4237
1488,28-02-2024,whole milk,122
1765,26-09-2024,bottled water,306
1783,27-08-2024,,619
1096,13-09-2025,jam,4325
2005,10-11-2025,sausage,1245
1871,25-10-2024,chocolate,5209
1251,25-08-2025,dish detergent,2262
1242,14-11-2025,white bread,2327
1936,09-11-2025,frankfurter,2422
1293,19-12-2024,sugar,4485
1445,16-04-2025,tropical fruit,4603
1995,31-10-2024,root vegetables,2966
1408,01-06-2025,white bread,1314
1623,24-04-2025,whole milk,3344
1531,31-01-2024,whole milk,201
1761,24-01-2025,napkins,2042
1215,17-05-2024,diapers,2103
1280,21-09-2025,margarine,5009
1746,19-11-2025,jam,5221
1859,29-06-2025,canned beer,1272
2125,04-05-2025,domestic eggs,5376
1955,28-02-2025,whole milk,757
1443,09-10-2025,pip fruit,732
1319,13-06-2025,tomato sauce,500
1547,10-07-2025,onions,3594
1568,14-08-2025,  WHITE BREAD,2992
1792,01-02-2025,  YOGURT,2930
1872,31-05-2025,  SODA,2247
1189,15-11-2024,rolls/buns,2352
1674,30-12-2025,sugar,1683
1003,13-04-2025,salty snack,5475
2034,13-04-2025,canned beer,2918
2083,24-11-2025,jam,2227
1740,22-07-2024,root vegetables,706
2180,03-08-2025,onions,2668
1191,19-02-2024,,3659
1536,17-04-2025,whole milk,2838
1976,14-11-2025,ice cream,2911
1933,23-04-2024,cat food,5496
1717,15-09-2025,cereal,2790
1839,09-09-2025,citrus fruit,5791
1588,24-06-2025,curd,4681
2115,21-11-2025,soda,2121
1055,03-09-2024,margarine,2761
1225,22-05-2024,tropical fruit,4087
2020,09-12-2024,brown bread,3263
1278,24-07-2025,pasta,5634
1405,29-10-2024,frozen vegetables,2604
1128,07-09-2024,curd,5369
1145,02-04-2024,creamer,4409
1396,19-01-2025,chocolate,1110
2015,15-11-2024,ground beef,3699
1832,25-07-2025,chocolate,5747
1952,08-12-2024,root vegetables,5095
2087,04-03-2024,ground beef,2474
2091,17-12-2024,crackers,5274
1916,12-05-2025,bananas,3752
1997,28-04-2025,canned beer,2339
1753,07-12-2024,red wine,3755
2194,29-11-2024,  CITRUS FRUIT,1286
1200,30-09-2025,tortillas,2016
1823,25-07-2025,cheese,653
1291,22-10-2025,ketchup,651
2016,15-01-2025,frankfurter,2406
1007,21-05-2024,white bread,2260
1477,24-05-2024,tropical fruit,5349
1476,24-05-2024,margarine,4294
1408,09-02-2024,bottled water,5224
1589,17-01-2024,ground beef,3075
1978,03-01-2024,citrus fruit,1158
1997,08-03-2024,brown bread,5145
1377,05-07-2025,cereal,4465
1843,05-06-2024,jam,3250
1221,15-09-2024,yogurt,2808
1084,24-04-2025,root vegetables,5065
2049,07-08-2025,whole milk,1985
1141,22-09-2025,parmesan,2206
1019,21-12-2025,granola,376
1153,11-02-2025,salsa,525
2070,27-02-2024,margarine,2314
1851,11-12-2024,newspapers,4310
1065,15-08-2024,frankfurter,1348
2068,03-03-2025,citrus fruit,5011
2126,30-01-2025,soda,1259
1122,02-07-2024,ground beef,4924
1622,11-08-2025,root vegetables,1785
1499,01-12-2025,hamburger meat,3058
1891,26-07-2024,margarine,821
1561,03-12-2025,salsa,2507
1023,25-03-2025,canned beer,130
1858,14-05-2025,margarine,5281
1719,08-01-2024,frozen vegetables,2844
1405,06-10-2025,root vegetables,2719
1862,08-07-2025,dish detergent,1942
1597,04-03-2025,canned beer,1851
1273,08-06-2024,canned beer,4079
1845,26-09-2024,canned beer,3873
1395,04-04-2024,ground beef,2132
1576,24-11-2025,yogurt,1008
1384,26-12-2025,domestic eggs,4543
1137,21-10-2025,domestic eggs,1930
1669,07-05-2025,coffee,1174
1766,21-04-2024,butter,4592
1316,24-04-2024,red wine,4108
1988,17-07-2024,salty snack,1906
1896,27-12-2024,chocolate,5780
1507,09-11-2025,root vegetables,3106
1161,03-01-2025,canned beer,2100
1071,17-05-2024,domestic eggs,1175
1653,09-03-2025,root vegetables,244
1364,22-07-2024,newspapers,2179
1763,11-09-2024,margarine,4897
1807,03-10-2025,chocolate,4173
1803,08-01-2025,salsa,4164
1270,06-04-2024,newspapers,1868
2161,12-09-2024,margarine,2926
1169,26-07-2025,domestic eggs,4147
1173,03-11-2024,canned beer,1359
1183,06-01-2025,hamburger meat,1299
1536,20-04-2024,citrus fruit,5134
1959,12-03-2024,root vegetables,3272
1388,09-07-2024,canned beer,1170
1003,02-11-2024,canned beer,4285
1603,04-03-2025,hamburger meat,5841
1151,06-04-2025,citrus fruit,2165
1454,04-06-2025,parmesan,3022
2021,16-02-2024,  GROUND BEEF,5436
2059,23-06-2024,citrus fruit,3971
1479,26-05-2024,bottled water,5047
1525,21-02-2025,ketchup,2230
1329,07-11-2025,red wine,3813
1824,05-10-2025,coffee,2077
2102,21-08-2025,citrus fruit,4766
1339,12-10-2025,canned beer,1152
2069,30-12-2025,chocolate,2739
1147,30-04-2025,root vegetables,3412
1859,01-03-2024,margarine,2791
1566,27-01-2024,salsa,1266
2151,11-05-2025,soda,2015
1522,25-02-2025,chips,4426
1434,24-06-2024,white bread,3486
1607,31-05-2024,frankfurter,748
1288,30-04-2025,curd,1988
2096,14-12-2024,sausage,5151
1783,17-11-2025,yogurt,4524
1767,03-12-2024,canned beer,4674
1518,30-11-2025,bottled water,5375
1627,29-03-2025,canned beer,2633
1515,06-06-2024,canned beer,2353
1952,27-06-2024,rolls/buns,1827
1324,18-01-2025,canned beer,463
1767,21-03-2025,citrus fruit,3791
1862,13-12-2025,salsa,4076
1468,19-01-2025,whole milk,1324
1949,04-07-2024,sausage,3878
1336,24-11-2025,paper towels,2154
1821,07-06-2025,frozen vegetables,2779
1298,06-01-2024,tropical fruit,1516
1561,03-12-2025,tortillas,2507
1980,18-11-2025,paper towels,2773
1501,08-10-2024,hamburger meat,743
1835,10-07-2025,brown bread,446
1217,11-07-2025,canned beer,1702
1082,18-12-2024,tortillas,5682
1072,30-01-2024,brown bread,4441
1598,13-01-2025,soda,5123
1518,26-07-2024,margarine,657
1457,27-04-2025,onions,28
1981,31-10-2025,shopping bags,5339
1203,01-10-2024,canned beer,2819
1675,12-03-2025,newspapers,2119
1500,29-04-2024,citrus fruit,337
1048,04-09-2024,paper towels,3879
1669,22-08-2024,parmesan,1076
2111,16-09-2025,onions,5538
1777,03-08-2025,onions,1735
1416,07-07-2024,brown bread,3454
2002,19-10-2025,margarine,4475
1681,04-09-2024,frozen vegetables,3534
1443,08-04-2025,jam,1278
1708,18-12-2025,canned beer,809
1641,30-11-2025,frozen vegetables,5862
1302,14-10-2024,canned beer,569
1411,21-08-2024,salty snack,2537
1664,12-08-2024,ketchup,83
1734,07-06-2025,margarine,1195
1117,21-06-2025,red wine,392
1942,11-08-2025,cat food,5004
1614,16-10-2025,pip fruit,5372
1236,05-09-2025,brown bread,3604
1478,29-10-2024,margarine,2530
2013,07-03-2025,frankfurter,3790
1696,05-02-2024,salty snack,2799
1384,21-08-2024,whole milk,4364
1064,07-11-2025,citrus fruit,310
1443,08-04-2025,chocolate,1278
1579,16-06-2025,pastry,3468
1842,27-09-2025,sausage,1208
1084,14-06-2024,root vegetables,3202
1946,02-01-2025,root vegetables,2611
1240,18-03-2025,yogurt,5463
1590,21-10-2025,whole milk,860
2079,21-10-2024,canned beer,4139
2173,10-06-2024,whole milk,3416
2015,01-04-2025,tomato sauce,5447
1571,04-02-2024,bottled water,5079
1488,19-10-2024,canned beer,532
1394,30-01-2024,bottled water,1796
2110,19-05-2025,root vegetables,1143
1147,02-09-2025,canned beer,3704
1378,15-07-2025,yogurt,114
1720,07-10-2025,domestic eggs,1830
1090,11-10-2024,ice cream,1155
1466,09-05-2025,tropical fruit,1555
1434,24-06-2024,ground beef,3486
1337,02-04-2025,canned beer,3635
1219,09-11-2024,parmesan,527
2142,30-03-2025,citrus fruit,1793
1990,24-07-2024,newspapers,1252
1860,01-03-2025,salsa,5668
1384,29-11-2025,salty snack,1346
1120,11-10-2025,margarine,1067
2119,30-11-2024,root vegetables,1394
1924,24-04-2025,tropical fruit,1477
1357,19-04-2024,canned beer,4099
2192,16-08-2024,margarine,2064
1222,16-10-2024,margarine,1807
1826,25-01-2025,citrus fruit,754
2142,30-03-2025,dish detergent,1793
1296,01-09-2024,pip fruit,3598
1097,20-10-2025,canned beer,970
2021,26-05-2025,citrus fruit,2492
1833,12-05-2024,beef,4014
1928,08-04-2025,whole milk,5725
1901,19-01-2025,newspapers,2316
2046,31-08-2025,cereal,4256
1958,22-07-2024,cheese,2727
1182,28-10-2024,whole milk,3696
1949,21-08-2024,frozen vegetables,4333
1161,04-05-2024,sausage,5663
1288,11-04-2025,newspapers,3441
1537,21-06-2024,creamer,4195
1696,25-07-2024,margarine,4161
2159,12-04-2024,citrus fruit,5542
1801,27-01-2024,white bread,5255
1625,19-11-2025,newspapers,2261
1260,08-09-2024,crackers,4840
1976,14-11-2025,root vegetables,2911
2107,18-10-2024,salty snack,3975
1244,05-07-2025,pastry,1173
1790,12-08-2024,margarine,4546
1416,10-09-2025,tropical fruit,5384
1120,13-10-2025,frozen vegetables,2457
1695,16-01-2025,bottled water,1466
1814,07-04-2025,canned beer,1876
1996,08-08-2024,sausage,4057
1718,26-11-2024,whole milk,159
1508,21-03-2025,napkins,2565
2015,01-04-2025,bottled water,5447
1891,04-03-2025,frozen vegetables,3217
1334,28-01-2025,salsa,3513
1812,09-04-2024,shopping bags,1987
2181,07-04-2024,napkins,184
1032,16-12-2024,yogurt,3332
1201,16-12-2024,whole milk,4265
1649,09-05-2025,pastry,4036
2097,16-03-2025,shopping bags,499
1567,17-06-2025,whole milk,108
1308,27-10-2024,canned beer,4012
1080,09-04-2024,salsa,3204
1945,03-08-2024,salsa,1235
1489,04-01-2025,canned beer,4881
1115,20-12-2025,newspapers,5572
2132,18-04-2024,newspapers,2376
1237,23-01-2025,whole milk,3088
1392,25-12-2025,margarine,1629
1249,09-08-2025,curd,4711
1641,16-12-2024,frozen vegetables,3059
2199,10-06-2024,canned beer,668
1403,28-03-2025,granola,1238
1743,15-01-2024,frozen vegetables,4437
1817,15-10-2024,rolls/buns,4559
1323,25-01-2024,citrus fruit,5010
1783,17-11-2025,root vegetables,4524
1393,14-01-2025,crackers,1836
1442,10-05-2024,canned beer,3957
2091,14-07-2025,domestic eggs,138
1317,11-04-2025,,4435
1706,21-03-2024,root vegetables,5158
1026,18-01-2025,curd,1591
1812,06-02-2024,citrus fruit,759
1222,06-02-2025,paper towels,4743
1323,27-11-2024,soda,1765
1589,17-01-2024,  TORTILLAS,3075
1185,01-07-2024,cat food,2115
1377,19-07-2024,root vegetables,4662
1823,17-05-2024,whole milk,1561
1606,27-07-2025,  BUTTER,31
1202,07-09-2025,whole milk,16
1193,03-12-2025,citrus fruit,807
1606,09-11-2024,tomato sauce,4566
1053,17-11-2025,frankfurter,5922
1467,30-08-2024,bananas,2847
1160,04-04-2024,canned beer,2804
1812,17-09-2025,white bread,2093
1006,11-01-2025,jam,1891
1523,09-09-2025,newspapers,4694
2099,28-01-2024,  MARGARINE,2766
1905,08-12-2024,frankfurter,4927
1631,18-09-2025,jam,4655
1299,20-04-2024,newspapers,3535
1134,23-03-2025,whole milk,2055
1171,12-03-2025,cereal,1960
2091,14-06-2024,frankfurter,2361
1929,07-09-2024,curd,200
1959,31-05-2025,soda,899
2065,12-06-2025,napkins,72
1056,18-04-2024,newspapers,2076
1425,12-06-2025,sausage,2350
2131,13-10-2024,pip fruit,317
1798,12-10-2024,pasta,2003
2155,09-07-2025,margarine,3346
1309,23-02-2025,salty snack,4368
1476,18-02-2025,tropical fruit,4302
1002,06-12-2024,salty snack,1712
1089,25-10-2024,sugar,1205
1676,03-04-2025,rolls/buns,109
1442,10-05-2024,cheese,3957
2010,19-01-2025,cat food,5358
1919,08-12-2024,bottled water,3322
2153,03-05-2024,canned beer,826
1449,22-09-2025,brown bread,1657
1352,31-01-2024,frankfurter,4707
1074,19-10-2024,sausage,679
1857,27-10-2024,root vegetables,1590
1434,03-03-2024,salty snack,2521
1117,31-10-2025,root vegetables,1834
2123,30-03-2024,margarine,291
1547,10-07-2025,curd,3594
1803,05-12-2025,napkins,4189
2171,09-12-2025,citrus fruit,5551
2180,16-10-2025,root vegetables,2088
1031,30-10-2025,ketchup,2825
1893,06-11-2025,root vegetables,2511
1316,24-04-2024,dish detergent,2301
1389,26-04-2025,bottled water,3551
1446,01-02-2024,white bread,5810
1354,03-04-2024,margarine,125
1675,12-03-2025,tomato sauce,2119
2186,28-01-2024,newspapers,4527
1521,27-08-2024,bottled water,529
2065,21-10-2024,chocolate,2442
1421,05-12-2025,  SHOPPING BAGS,9
1816,15-07-2025,brown bread,5504
1840,28-08-2025,sausage,4358
1814,03-09-2024,frankfurter,48
1224,21-02-2025,ketchup,5432
1510,12-11-2024,newspapers,3607
2143,10-02-2025,brown bread,747
1585,09-10-2025,root vegetables,4794
1219,26-05-2024,newspapers,1330
2057,30-10-2024,soda,1400
1177,26-07-2025,butter,4797
2195,08-02-2025,root vegetables,2341
1775,06-07-2025,soda,1741
1141,09-02-2024,white bread,1034
1983,02-04-2025,salsa,1190
2016,05-02-2025,bottled water,2612
1913,30-08-2024,root vegetables,1384
1698,06-08-2024,pastry,2806
1470,25-03-2024,brown bread,5338
1109,24-05-2024,salty snack,2126
2080,18-08-2024,curd,2774
1353,26-11-2025,whole milk,1357
1213,25-02-2024,beef,3027
2010,19-01-2025,rolls/buns,5358
1714,31-07-2024,salty snack,5790
1432,27-07-2024,canned beer,1372
1704,19-04-2025,margarine,5575
1435,20-08-2025,canned beer,4196
1060,09-11-2025,pastry,4804
1130,27-03-2025,rolls/buns,2231
1090,11-10-2024,curd,1155
1242,12-09-2024,frankfurter,1551
1655,24-07-2024,  NEWSPAPERS,1196
2010,14-12-2025,bottled water,1797
2171,09-12-2025,canned beer,5551
1479,08-10-2024,onions,3399
1549,14-09-2024,soda,1507
2098,22-08-2025,whole milk,2501
1801,27-01-2024,soda,5255
1234,18-03-2024,canned beer,4002
1860,10-02-2024,white bread,428
1008,15-05-2024,paper towels,753
2114,24-05-2024,frankfurter,874
1312,24-05-2025,curd,1977
1824,14-08-2025,canned beer,4634
1275,07-09-2025,pastry,3069
1633,27-11-2025,napkins,3024
1034,20-05-2025,root vegetables,4719
1188,25-07-2025,cheese,3207
1471,01-02-2025,white bread,1489
1754,09-12-2025,napkins,5153
1828,06-06-2024,  CANNED BEER,5632
1883,12-01-2025,frozen vegetables,5906
1680,06-07-2024,napkins,2875
1964,25-06-2024,bottled water,347
2010,14-12-2025,whole milk,1797
1566,03-12-2024,yogurt,3064
1724,03-11-2024,newspapers,4145
1235,03-03-2024,salty snack,2583
1975,12-09-2025,sausage,3503
1830,09-11-2025,coffee,4952
2090,23-10-2025,frozen vegetables,4295
1377,17-01-2025,,4494
1627,10-04-2024,newspapers,5188
1251,12-01-2025,margarine,1250
1664,09-09-2024,margarine,3438
2067,10-12-2025,tropical fruit,4828
1138,23-07-2025,root vegetables,4686
1517,04-03-2024,shopping bags,3268
1902,03-12-2024,brown bread,2199
1812,17-11-2024,paper towels,5778
1230,21-11-2024,pastry,978
1054,24-04-2025,newspapers,1083
2036,24-05-2024,margarine,1414
1043,17-03-2024,  ICE CREAM,415
1452,12-09-2024,granola,587
1860,10-02-2024,root vegetables,428
1727,27-03-2025,newspapers,2081
1424,22-02-2025,canned beer,908
1919,27-02-2024,canned beer,3383
1026,10-09-2024,curd,808
1769,24-10-2024,paper towels,625
1781,23-11-2025,bottled water,561
1392,27-02-2025,frozen vegetables,1218
1447,18-05-2024,citrus fruit,3062
1573,26-11-2024,  SAUSAGE,4003
2083,27-11-2025,pastry,2367
2073,19-10-2025,root vegetables,483
1674,30-12-2025,tortillas,1683
2192,26-08-2025,chocolate,3642
2112,29-10-2025,pastry,1139
1946,13-12-2025,bottled water,5329
1127,08-02-2024,yogurt,2534
1107,25-11-2025,root vegetables,5889
2056,09-10-2024,margarine,769
1334,14-04-2025,newspapers,3318
2104,05-01-2025,salty snack,409
2112,22-04-2025,pastry,5206
1502,16-12-2025,canned beer,1918
1110,17-12-2025,cereal,3387
1717,15-09-2025,root vegetables,2790
1171,12-03-2025,ketchup,1960
1505,16-06-2024,white bread,1256
1041,24-10-2025,cat food,3099
1368,30-01-2024,yogurt,69
1546,07-02-2024,root vegetables,5283
2186,17-01-2025,ground beef,3826
1497,11-10-2025,cereal,3978
2199,30-07-2024,frankfurter,205
2135,13-11-2025,whole milk,4051
1128,23-04-2025,shopping bags,1044
1493,05-02-2025,canned beer,1662
1898,09-12-2024,citrus fruit,5620
1140,23-07-2024,tropical fruit,3367
1848,17-01-2025,yogurt,2138
1889,13-01-2025,napkins,5231
2147,13-02-2024,white bread,5532
1537,02-10-2025,dish detergent,5294
1605,30-09-2025,white bread,5617
1166,30-12-2024,margarine,2447
1299,16-11-2024,frankfurter,5350
1163,28-11-2024,frankfurter,5404
1906,03-05-2024,canned beer,729
1332,13-09-2024,margarine,680
2152,09-10-2025,margarine,1950
2104,22-10-2025,brown bread,4919
2003,02-05-2025,chocolate,1579
2119,19-08-2024,frozen vegetables,3186
1440,28-04-2025,bananas,507
1259,12-09-2025,chips,584
1864,16-03-2025,canned beer,5719
1759,07-09-2025,newspapers,4049
2102,21-08-2025,root vegetables,4766
1421,03-12-2024,sausage,693
1271,26-03-2024,margarine,4831
1233,30-12-2024,sausage,227
1833,04-03-2025,margarine,2485
1078,29-07-2024,frozen vegetables,5799
1836,06-09-2025,canned beer,4975
1978,29-12-2025,cereal,3765
2133,22-11-2024,frozen vegetables,5530
1496,04-10-2025,chocolate,1805
1841,23-06-2024,paper towels,952
2071,09-07-2024,salty snack,4609
1983,10-10-2025,salty snack,1757
1748,14-06-2024,canned beer,1362
1981,31-08-2025,frankfurter,760
1781,15-11-2025,ground beef,462
2007,29-07-2024,white bread,3929
1270,06-04-2024,yogurt,1868
1686,19-04-2025,citrus fruit,881
2190,16-08-2024,margarine,2954
1263,18-05-2025,butter,904
2070,16-07-2025,canned beer,3253
1384,26-12-2025,ice cream,4543
1293,19-12-2024,margarine,4485
1449,24-03-2025,tortillas,5653
1316,27-09-2024,salsa,1794
1975,11-12-2025,onions,5911
1015,05-03-2025,domestic eggs,5486
1069,16-11-2024,  ROLLS/BUNS,4394
1064,28-05-2024,  CEREAL,1099
2061,29-09-2024,tropical fruit,19
1235,26-04-2025,canned beer,374
1807,23-08-2025,paper towels,4081
1379,16-08-2025,sausage,3493
1539,28-10-2025,frankfurter,763
1837,11-01-2024,margarine,1513
2198,18-09-2025,tropical fruit,5903
1349,01-10-2025,salsa,5146
1179,17-12-2024,margarine,5355
1642,14-04-2025,pastry,3557
1988,26-04-2025,cheese,2881
1110,24-01-2025,white bread,2108
1364,11-06-2024,brown bread,5977
1687,11-12-2025,sausage,838
2166,06-01-2025,bottled water,2772
1195,20-05-2024,root vegetables,2448
1419,02-10-2024,soda,2248
1955,28-02-2025,curd,757
1089,11-05-2024,citrus fruit,4222
1194,13-12-2024,jam,5280
1562,22-04-2024,,1213
1825,28-06-2024,root vegetables,5718
1153,07-09-2025,newspapers,1872
1095,02-08-2024,cheese,5076
1134,21-01-2025,tortillas,4845
1906,07-10-2025,cat food,2724
1135,03-03-2025,napkins,5323
1096,24-05-2024,canned beer,5774
1206,02-12-2025,root vegetables,4770
1235,03-11-2025,citrus fruit,369
1278,24-07-2025,canned beer,5634
2061,01-10-2024,frozen vegetables,2390
1298,06-01-2024,canned beer,1516
1479,09-08-2024,coffee,684
1488,11-10-2024,hamburger meat,4035
1101,13-07-2025,sausage,3348
2053,18-04-2025,canned beer,2027
1678,07-09-2025,jam,1503
2097,24-05-2024,frankfurter,476
1064,01-04-2024,root vegetables,2671
2005,10-11-2025,white bread,1245
2181,24-07-2024,paper towels,4640
2024,13-02-2024,newspapers,4218
1609,19-02-2024,rolls/buns,3286
1318,24-04-2024,  YOGURT,3045
1217,16-12-2025,chips,2337
1815,17-02-2025,newspapers,155
1100,11-09-2025,salsa,1739
1537,12-11-2024,coffee,2676
1488,19-10-2024,dish detergent,532
1198,31-08-2024,frankfurter,688
1980,18-11-2025,canned beer,2773
1438,04-05-2024,margarine,2736
1854,29-07-2024,newspapers,5727
1329,28-01-2024,beef,1046
1332,19-04-2024,white bread,2651
1881,07-12-2024,sausage,2853
2058,30-10-2025,napkins,4125
1643,06-01-2024,canned beer,3904
2151,15-07-2024,pastry,1924
1352,31-01-2024,tomato sauce,4707
2162,09-11-2024,canned beer,4733
1142,06-10-2025,pastry,4170
2073,15-06-2024,granola,982
1406,22-05-2024,frankfurter,1437
1817,06-07-2024,frankfurter,1959
1558,04-09-2025,white bread,3805
2115,22-01-2025,rolls/buns,1212
1779,21-12-2025,pastry,4379
1419,09-01-2025,frankfurter,2590
1485,09-05-2024,margarine,5212
1491,17-05-2024,hamburger meat,4501
1995,31-10-2024,tropical fruit,2966
1347,10-03-2024,hamburger meat,4091
1564,25-03-2025,curd,2527
1739,21-05-2025,dish detergent,1301
1095,02-06-2024,cheese,3125
2190,13-11-2024,newspapers,134
1908,10-12-2024,root vegetables,882
2062,24-12-2025,paper towels,3947
1327,08-05-2025,frozen vegetables,3153
1482,11-02-2024,newspapers,1887
1870,23-12-2025,soda,2034
2015,15-11-2024,margarine,3699
2008,18-09-2024,parmesan,2809
1944,10-07-2024,pastry,5950
1774,18-01-2025,citrus fruit,5623
1099,07-06-2024,domestic eggs,1354
1217,11-07-2025,newspapers,1702
2116,02-12-2025,whole milk,886
1959,30-03-2024,margarine,4667
1998,19-01-2024,,1898
1766,26-09-2024,chips,3280
1019,19-01-2024,tropical fruit,1952
1909,19-02-2025,frankfurter,5495
2055,25-11-2025,,4137
1654,24-08-2024,beef,2157
1635,09-10-2024,frankfurter,4328
1595,15-07-2024,canned beer,4844
1182,26-12-2025,yogurt,3406
1276,29-08-2024,canned beer,2059
1744,23-10-2024,pastry,1056
1393,14-01-2025,citrus fruit,1836
1635,10-03-2025,tropical fruit,2983
1630,08-09-2024,root vegetables,1024
1065,17-10-2024,frozen vegetables,5448
1215,30-07-2025,salty snack,5995
1175,29-03-2025,canned beer,2176
1320,11-05-2024,cereal,1096
1566,27-01-2024,frozen vegetables,1266
2056,09-10-2024,newspapers,769
2056,16-08-2024,canned beer,1556
1395,01-05-2024,canned beer,1041
1941,10-11-2025,yogurt,2807
1161,04-05-2024,canned beer,5663
1014,07-11-2025,margarine,1288
1802,07-08-2025,newspapers,577
1600,03-12-2025,whole milk,4247
1269,13-12-2024,chips,2221
1766,21-04-2024,domestic eggs,4592
1848,20-07-2025,bananas,106
1718,15-01-2024,frankfurter,1225
1735,14-08-2025,whole milk,5645
1104,06-05-2025,pastry,5843
1410,22-04-2024,newspapers,5964
1221,19-04-2024,pastry,3965
1760,01-08-2024,root vegetables,1935
1209,01-01-2025,bottled water,2670
1829,19-08-2025,sausage,1009
1096,17-07-2024,  DISH DETERGENT,4331
2092,13-10-2025,jam,1966
2115,21-11-2025,tropical fruit,2121
1222,17-09-2025,jam,2388
1905,07-11-2025,butter,2392
1887,08-04-2024,frozen vegetables,3943
2182,10-03-2024,frankfurter,5371
1010,26-03-2025,bottled water,5304
1822,27-10-2025,cereal,1632
1432,04-12-2024,bottled water,1969
1202,15-10-2025,rolls/buns,602
1170,12-11-2025,tropical fruit,3370
1253,18-03-2025,salty snack,4761
1327,13-05-2024,cereal,5521
1013,06-07-2025,dish detergent,5363
1786,01-10-2024,red wine,2542
2147,05-11-2025,onions,681
2105,08-07-2025,margarine,5731
1075,06-06-2025,white bread,1593
1302,02-09-2025,hamburger meat,1826
1858,18-07-2024,tortillas,3676
1546,07-02-2024,margarine,5283
1465,15-07-2025,bottled water,2205
1558,18-06-2025,salty snack,2017
1798,08-02-2024,rolls/buns,4816
1618,16-08-2025,dish detergent,1328
1193,15-02-2025,margarine,2380
1994,09-01-2025,tomato sauce,1082
1864,21-01-2025,newspapers,449
1748,20-10-2024,ice cream,1529
1697,04-06-2024,newspapers,3832
1395,09-11-2025,pasta,5729
1998,20-09-2025,margarine,5023
1288,06-03-2025,root vegetables,3815
1221,12-03-2025,granola,422
1013,07-02-2024,margarine,543
1045,25-01-2024,frozen vegetables,5570
1915,15-09-2025,,2794
1111,17-09-2024,cereal,5533
1797,22-03-2025,tortillas,3611
1657,12-06-2024,pastry,3574
2034,13-04-2025,tropical fruit,2918
2079,04-07-2025,pip fruit,4985
1839,09-09-2025,frankfurter,5791
1140,31-10-2025,rolls/buns,1583
1798,24-09-2024,canned beer,963
1265,02-03-2024,whole milk,582
1833,17-06-2024,,1564
1719,08-01-2024,canned beer,2844
1309,25-02-2024,sausage,5768
1498,18-09-2025,cat food,4553
1902,27-01-2024,citrus fruit,2999
1203,04-04-2024,hamburger meat,2153
1941,13-10-2025,bottled water,526
1932,07-09-2025,white bread,4514
1297,10-10-2024,citrus fruit,2784
1513,04-05-2025,canned beer,1058
1070,27-09-2024,salsa,5443
1635,28-10-2024,chips,4567
1850,26-07-2025,root vegetables,5476
1319,19-12-2024,dish detergent,5535
1151,15-08-2025,margarine,5597
2090,20-02-2024,whole milk,4873
1654,09-03-2025,  CANNED BEER,4510
1014,06-04-2024,white bread,3102
1480,26-03-2025,canned beer,1249
1333,20-11-2025,beef,2190
1214,02-05-2024,citrus fruit,1659
1615,03-12-2024,yogurt,637
1316,24-04-2024,tropical fruit,2301
1419,09-01-2025,brown bread,2590
1924,24-04-2025,root vegetables,1477
1905,07-11-2025,bottled water,2411
1008,03-03-2024,white bread,1711
1626,24-11-2024,root vegetables,2514
1938,01-02-2025,whole milk,5399
1264,18-10-2024,citrus fruit,2998
2180,03-08-2025,crackers,2668
1117,16-11-2024,canned beer,4402
1200,20-05-2024,pip fruit,560
2149,10-03-2024,  CANNED BEER,1148
1496,08-01-2024,margarine,1260
2098,15-05-2025,frozen vegetables,1635
1364,22-07-2024,pip fruit,2179
1578,08-02-2024,,665
1598,28-07-2025,margarine,2554
1071,19-09-2025,margarine,2112
1768,30-11-2024,cat food,4763
1430,15-11-2024,tomato sauce,4193
1998,24-10-2024,granola,4932
2172,02-10-2025,canned beer,3290
1425,12-06-2025,yogurt,2350
2171,01-11-2025,pastry,2439
1356,12-11-2025,paper towels,5444
1635,14-09-2024,bottled water,4291
1094,06-02-2024,root vegetables,2652
2140,21-11-2024,chocolate,3771
1927,21-02-2024,whole milk,3021
1367,30-09-2024,soda,2010
1087,13-01-2025,cereal,4735
2069,17-03-2024,white bread,3882
1361,18-08-2024,rolls/buns,2039
1579,01-05-2024,shopping bags,2694
1903,09-07-2024,margarine,181
2119,02-11-2024,citrus fruit,5670
1196,31-08-2024,parmesan,533
1299,10-05-2025,salty snack,4460
2044,31-12-2024,cereal,3681
1225,22-06-2024,margarine,5368
1845,24-07-2025,margarine,4140
2099,28-01-2024,citrus fruit,2766
2105,20-03-2025,chocolate,1121
1141,07-09-2025,canned beer,225
2035,10-11-2025,frankfurter,4146
1896,23-06-2024,paper towels,5434
1410,29-12-2024,curd,2107
2054,10-02-2025,margarine,5320
1376,15-05-2025,creamer,2915
1172,10-03-2024,beef,1481
1419,09-01-2025,canned beer,2590
1602,26-12-2024,dish detergent,2921
1354,11-12-2025,napkins,2869
1067,21-09-2025,whole milk,3159
1437,25-09-2025,domestic eggs,490
1627,29-03-2025,root vegetables,2633
2051,20-01-2025,root vegetables,3639
2044,04-10-2025,bottled water,39
1870,07-07-2025,salsa,3553
2049,18-05-2024,newspapers,4597
1132,03-11-2025,yogurt,5270
1547,15-03-2025,canned beer,5757
1889,13-08-2025,yogurt,660
2083,25-01-2025,citrus fruit,5318
1390,08-03-2025,domestic eggs,4532
1869,10-05-2024,cat food,3593
1654,05-01-2025,citrus fruit,4598
1046,01-06-2024,bottled water,4105
2054,15-04-2024,canned beer,1031
1965,06-07-2025,domestic eggs,5169
1432,30-11-2025,chocolate,4818
1621,18-03-2025,whole milk,2150
1303,27-08-2025,newspapers,2159
1347,13-09-2024,napkins,283
1583,29-02-2024,root vegetables,4657
1036,15-09-2025,root vegetables,4033
1871,25-10-2024,dish detergent,5209
1273,26-04-2024,onions,4110
1377,17-01-2025,brown bread,4494
1109,10-01-2025,curd,3297
2053,18-04-2025,whole milk,2027
2178,09-03-2024,bottled water,2988
2041,30-09-2024,salsa,5507
1337,23-07-2025,domestic eggs,3216
1862,08-07-2025,root vegetables,1942
1490,07-04-2024,root vegetables,2628
1636,26-11-2025,jam,2713
1175,01-03-2025,yogurt,2243
1032,14-01-2025,frankfurter,5728
1357,18-08-2024,yogurt,2253
1991,09-01-2024,newspapers,3157
1978,03-01-2024,newspapers,1158
1259,09-09-2025,diapers,4444
1084,16-03-2024,granola,3748
1328,25-07-2025,whole milk,3894
2148,25-09-2025,canned beer,2359
1085,13-05-2024,ice cream,3249
1997,06-01-2025,canned beer,5704
1927,21-04-2024,sausage,4304
1570,02-06-2024,whole milk,4520
1543,12-04-2025,root vegetables,3358
1531,13-02-2025,whole milk,3490
1541,21-11-2024,whole milk,5035
1356,07-09-2024,curd,35
2109,26-08-2025,white bread,1115
1060,24-06-2025,cereal,4560
1375,12-01-2024,newspapers,4315
1177,15-01-2024,chocolate,416
1970,19-06-2024,diapers,4469
1551,17-02-2024,pastry,3288
2120,08-03-2025,domestic eggs,442
1359,14-11-2025,bananas,1978
1023,18-08-2024,bottled water,3497
1409,07-08-2025,sausage,1147
1622,14-10-2025,pip fruit,750
1254,13-09-2025,white bread,1527
2120,11-02-2024,cereal,3041
2160,28-07-2025,salsa,294
1247,26-11-2024,bottled water,3519
1501,18-10-2025,rolls/buns,781
2015,15-11-2024,butter,3699
1993,13-08-2025,sugar,5991
1882,02-09-2024,whole milk,2167
1240,27-09-2024,jam,804
1177,16-03-2025,shopping bags,2006
1634,05-10-2025,bottled water,1134
1463,15-09-2025,citrus fruit,792
1284,06-09-2025,chocolate,3926
1526,24-02-2024,frankfurter,2145
1414,10-10-2025,sausage,2347
1629,25-09-2025,cereal,3967
1107,14-10-2025,napkins,1071
1096,17-07-2024,napkins,4331
1528,08-10-2024,yogurt,5058
1516,28-06-2025,root vegetables,163
1255,10-12-2025,canned beer,3951
1408,09-02-2024,whole milk,5224
1509,27-11-2024,canned beer,2885
2154,11-11-2024,frozen vegetables,1519
2193,29-01-2025,rolls/buns,95
1436,08-07-2025,citrus fruit,1582
1205,29-05-2025,root vegetables,2401
2086,07-01-2024,cat food,4887
1099,16-02-2025,whole milk,2974
2195,02-04-2024,root vegetables,5321
1741,08-05-2025,root vegetables,3609
1512,22-04-2025,beef,1752
2113,16-11-2025,frozen vegetables,3331
1883,16-06-2025,bottled water,295
1884,11-03-2025,chocolate,4854
1486,05-01-2025,domestic eggs,1163
1445,03-07-2025,citrus fruit,3543
1576,24-12-2024,canned beer,3509
1840,12-10-2025,napkins,1701
1743,18-07-2025,canned beer,5340
1186,01-01-2024,soda,5628
1325,25-05-2025,whole milk,2366
1833,09-06-2025,citrus fruit,2607
1498,25-02-2024,whole milk,3382
2060,04-05-2024,diapers,3410
1991,16-01-2024,sausage,3679
1390,07-06-2025,creamer,2655
1408,09-02-2024,newspapers,5224
1240,05-09-2024,chips,3596
1699,22-12-2024,yogurt,4215
1871,25-10-2024,cereal,5209
1783,17-11-2025,ground beef,4524
1351,30-06-2024,ketchup,5897
2069,30-12-2025,margarine,2739
1257,29-03-2024,bottled water,5658
2010,05-03-2024,frozen vegetables,5546
1811,15-01-2024,canned beer,3298
1815,31-10-2025,margarine,1184
1909,17-02-2024,root vegetables,1858
1979,20-12-2025,cereal,5082
1952,11-07-2024,ground beef,4669
1886,12-10-2025,ice cream,5382
1347,30-10-2024,citrus fruit,1972
2091,17-12-2024,red wine,5274
1464,17-05-2024,whole milk,3334
1982,21-11-2025,onions,5565
1875,06-02-2024,canned beer,793
2015,10-08-2024,citrus fruit,4467
1663,21-06-2024,citrus fruit,1886
1792,12-05-2024,salsa,1064
1039,26-09-2025,napkins,3044
1030,27-02-2024,canned beer,2580
2147,13-02-2025,root vegetables,107
1722,22-08-2025,tropical fruit,721
2077,11-06-2024,whole milk,5588
1517,22-12-2024,canned beer,3147
1269,13-12-2024,dish detergent,2221
1357,17-09-2025,soda,2950
2152,09-10-2025,domestic eggs,1950
1221,22-02-2024,soda,2665
2151,11-09-2024,rolls/buns,5410
1723,21-03-2025,  ROOT VEGETABLES,847
1829,18-11-2024,pastry,5739
1188,03-11-2024,onions,1498
1729,02-03-2024,bottled water,1004
1905,08-12-2024,  CANNED BEER,4927
1857,09-07-2025,citrus fruit,2395
1101,25-06-2025,white bread,5471
2035,04-05-2025,pip fruit,5074
1991,22-03-2025,citrus fruit,4098
1171,09-04-2024,margarine,3605
1835,06-02-2024,cereal,67
1352,11-03-2025,hamburger meat,5742
1146,06-12-2024,curd,116
1250,27-05-2024,pastry,365
2189,26-11-2025,tropical fruit,338
1863,02-10-2024,paper towels,3389
1577,21-03-2024,chocolate,2431
1653,09-03-2025,newspapers,244
1089,11-05-2024,whole milk,4222
1130,25-04-2025,paper towels,3651
1082,18-12-2024,root vegetables,5682
1023,18-08-2024,,3497
1233,28-09-2024,chocolate,3869
2103,27-11-2025,soda,4058
2077,10-02-2025,tortillas,4653
1309,25-02-2024,tomato sauce,5768
1942,15-07-2024,root vegetables,5021
2018,07-10-2024,chocolate,1390
1286,12-08-2025,shopping bags,4708
1440,11-07-2025,sausage,2203
1720,07-10-2025,crackers,1830
1913,08-08-2024,salsa,5250
1642,26-09-2024,hamburger meat,4188
2075,07-01-2024,soda,3456
1697,19-08-2025,curd,296
1839,15-08-2024,bottled water,2701
1748,05-05-2024,cereal,169
1833,05-12-2024,canned beer,2312
1525,21-02-2025,whole milk,2230
1184,20-04-2024,ground beef,85
1014,21-04-2025,jam,2735
1679,27-11-2025,whole milk,932
1209,01-01-2025,citrus fruit,2670
1995,09-05-2025,margarine,2868
2151,03-12-2024,red wine,1088
1030,17-12-2024,margarine,5333
1048,29-11-2024,yogurt,3936
2173,20-01-2024,whole milk,5833
1510,24-07-2024,onions,603
1975,11-12-2025,white bread,5911
2062,24-12-2025,salsa,3947
1454,04-06-2025,pasta,3022
2095,24-02-2024,jam,5345
1456,15-11-2024,jam,4253
1978,06-11-2024,napkins,5671
1008,03-03-2024,root vegetables,1711
1137,09-11-2025,cereal,3209
1570,28-03-2024,ice cream,2394
2105,06-07-2024,onions,4228
1620,14-05-2024,domestic eggs,5636
1175,01-03-2025,napkins,2243
1064,07-11-2025,root vegetables,310
1237,03-08-2024,white bread,498
2019,05-01-2024,rolls/buns,5882
1539,27-02-2024,whole milk,4263
1438,16-11-2025,bananas,289
1115,20-11-2025,napkins,1326
1454,07-09-2024,newspapers,4687
2172,27-05-2025,pastry,1473
1220,28-03-2024,tortillas,4439
1733,05-05-2025,whole milk,4293
1779,14-11-2025,onions,4094
1068,25-01-2025,butter,1017
1506,21-06-2025,bottled water,4615
2018,07-10-2024,whole milk,1390
1505,11-05-2025,chocolate,4626
1616,22-07-2024,root vegetables,5417
2073,15-06-2024,soda,982
2079,16-12-2024,frankfurter,4717
1986,18-05-2024,canned beer,5016
1432,30-11-2025,soda,4818
1616,02-04-2025,whole milk,51
1563,17-05-2025,canned beer,2471
1882,12-10-2025,canned beer,3047
1849,16-12-2024,margarine,3342
1092,19-12-2025,  CITRUS FRUIT,2137
1991,22-03-2025,napkins,4098
1436,15-05-2025,canned beer,2279
2195,29-07-2025,soda,4771
2021,22-05-2025,parmesan,3541
1741,11-07-2025,  ROOT VEGETABLES,3859
1778,11-05-2025,root vegetables,4478
1268,15-07-2024,frankfurter,5228
1685,13-04-2024,pasta,3660
1189,21-04-2025,granola,942
1985,02-08-2024,margarine,393
2194,25-09-2025,soda,1217
1406,27-07-2024,ground beef,5844
1876,12-07-2024,tomato sauce,4706
1103,01-02-2025,whole milk,4474
1901,11-01-2025,pip fruit,4627
1785,03-10-2024,red wine,4571
1053,07-03-2025,frankfurter,15
1222,23-07-2025,citrus fruit,3077
1342,25-06-2024,newspapers,2349
1896,07-02-2025,onions,3307
1377,29-06-2024,curd,5493
1302,16-09-2024,sausage,4011
1521,27-08-2024,napkins,529
1952,14-09-2025,salsa,5331
1343,29-08-2024,  NEWSPAPERS,3716
1940,12-08-2025,creamer,2574
2082,22-10-2025,rolls/buns,3953
1910,16-05-2024,sausage,4507
1389,26-04-2025,white bread,3551
2139,27-08-2025,,5248
2097,16-03-2025,citrus fruit,499
1895,26-11-2024,frozen vegetables,5446
1769,22-11-2025,margarine,1666
1140,11-03-2024,rolls/buns,3762
2182,17-12-2024,whole milk,4676
1896,07-02-2025,bananas,3307
1272,17-04-2025,butter,5696
1352,27-08-2025,whole milk,2013
1214,16-07-2025,pasta,4461
1932,18-10-2025,rolls/buns,5086
1017,27-12-2024,canned beer,4548
1319,13-06-2025,crackers,500
1564,03-06-2024,cheese,3281
2137,01-04-2024,margarine,4697
1493,09-07-2025,ground beef,2544
1445,16-04-2025,frozen vegetables,4603
1699,14-07-2024,pip fruit,956
1296,14-03-2025,margarine,4539
2094,08-04-2025,salsa,5060
1916,17-08-2024,root vegetables,3935
1322,27-11-2024,whole milk,1241
2168,11-03-2024,ground beef,185
1132,18-06-2025,sugar,784
1393,14-01-2025,root vegetables,1836
1114,27-05-2025,margarine,2427
1139,22-03-2025,salty snack,3680
1750,27-10-2025,canned beer,3868
1816,20-04-2025,margarine,5770
1812,09-04-2024,chips,1987
1043,23-01-2025,paper towels,5403
1766,25-11-2024,frozen vegetables,4983
1806,13-03-2024,onions,5917
1281,12-04-2024,diapers,1614
1192,02-05-2024,root vegetables,2019
1549,31-07-2025,citrus fruit,2124
1220,13-01-2024,tropical fruit,727
2045,03-09-2025,whole milk,1440
1911,15-04-2024,bottled water,1375
1711,03-04-2024,margarine,1224
2164,10-06-2025,granola,1958
1842,12-10-2025,creamer,1367
1604,23-10-2024,pastry,5997
1691,12-06-2024,root vegetables,1060
1606,09-11-2024,pasta,4566
1625,11-04-2024,margarine,1778
1513,25-09-2024,newspapers,2197
1171,01-08-2025,canned beer,4636
1966,21-08-2025,bananas,3822
1875,29-12-2024,margarine,1569
1520,05-11-2025,cereal,4275
2083,24-11-2025,brown bread,2227
1037,05-11-2025,onions,3560
1047,20-02-2024,root vegetables,262
2082,22-10-2025,hamburger meat,3953
2116,02-12-2025,root vegetables,886
1063,06-02-2025,root vegetables,3461
2079,08-11-2025,canned beer,2945
1857,18-05-2024,tropical fruit,3616
1448,20-10-2025,canned beer,1001
1505,12-04-2024,canned beer,4549
1171,01-08-2025,brown bread,4636
1118,06-11-2024,granola,2637
1486,05-01-2025,red wine,1163
1955,21-10-2024,rolls/buns,661
1088,20-12-2024,whole milk,513
2151,11-05-2025,root vegetables,2015
1303,09-03-2025,ketchup,5838
1472,19-11-2024,canned beer,221
1655,24-07-2024,paper towels,1196
1537,12-11-2024,canned beer,2676
1401,11-09-2024,domestic eggs,4292
1268,22-04-2024,canned beer,1994
1027,05-02-2025,root vegetables,186
2080,18-08-2024,root vegetables,2774
1705,25-10-2024,canned beer,3123
2109,23-12-2024,margarine,3068
1727,28-04-2024,soda,2561
1673,05-11-2024,canned beer,872
1774,18-01-2025,margarine,5623
2149,28-02-2025,ketchup,4436
1787,14-08-2024,sausage,3982
1295,03-11-2025,citrus fruit,290
1886,12-10-2025,white bread,5382
2103,27-11-2024,canned beer,5730
1959,31-05-2025,yogurt,899
1011,27-01-2024,newspapers,1772
1915,09-10-2024,root vegetables,924
1704,08-09-2025,frankfurter,4348
1382,18-12-2024,newspapers,5854
1646,27-12-2025,tortillas,2621
1384,29-11-2025,domestic eggs,1346
1430,30-08-2025,margarine,4404
1467,09-12-2025,  YOGURT,4912
1940,12-01-2024,white bread,5464
1161,27-10-2025,yogurt,1049
1833,21-04-2024,ground beef,2222
1983,10-10-2025,canned beer,1757
1754,13-10-2024,canned beer,3675
1316,24-04-2024,canned beer,4108
1501,18-10-2025,domestic eggs,781
1809,11-01-2024,root vegetables,3282
1714,31-07-2024,newspapers,5790
1394,24-08-2025,sugar,4429
2005,16-02-2024,salty snack,1726
2193,08-11-2025,onions,911
1013,06-07-2025,margarine,5363
1987,22-08-2024,canned beer,5801
1835,28-02-2025,cat food,5881
1218,09-05-2024,frankfurter,64
1677,18-05-2024,domestic eggs,341
1642,14-04-2025,root vegetables,3557
1411,20-10-2025,frankfurter,4266
1959,18-04-2024,tropical fruit,487
1676,10-01-2025,white bread,3706
1835,06-02-2024,whole milk,67
2005,10-11-2025,bottled water,1245
1137,26-07-2025,citrus fruit,5038
1418,20-01-2025,bottled water,4491
1356,03-02-2025,canned beer,1828
2184,21-09-2025,paper towels,2955
1396,30-03-2024,chocolate,357
2160,28-07-2025,tortillas,294
1218,02-08-2025,yogurt,3425
1490,18-12-2024,newspapers,5189
1483,13-06-2025,citrus fruit,3837
1535,02-12-2024,margarine,5008
1516,22-12-2024,ground beef,2506
1007,22-06-2024,canned beer,2291
1942,24-05-2024,  SALTY SNACK,2886
1606,17-06-2024,pasta,4973
1722,02-08-2024,white bread,704
1354,03-04-2024,frankfurter,125
1891,11-05-2025,chocolate,456
2036,04-12-2025,chocolate,323
1235,03-03-2024,parmesan,2583
1967,02-12-2025,frozen vegetables,1568
1123,01-12-2024,margarine,2491
1606,09-11-2024,sausage,4566
1626,24-11-2024,salsa,2514
1416,26-05-2025,chocolate,5425
1039,01-12-2025,  CHOCOLATE,958
1082,31-03-2025,brown bread,4350
1490,02-09-2024,yogurt,5282
2048,08-02-2024,butter,3171
1941,30-05-2024,canned beer,307
1829,07-09-2025,newspapers,3578
1864,17-09-2025,canned beer,658
1701,07-12-2025,canned beer,460
1182,30-04-2024,beef,219
1073,20-06-2025,frozen vegetables,5785
2021,22-10-2024,pastry,5710
1079,15-06-2024,canned beer,3142
1303,25-10-2024,newspapers,71
1951,21-07-2024,  CANNED BEER,5135
1634,01-08-2024,onions,678
2180,19-10-2024,margarine,2483
1289,29-01-2025,creamer,1808
1756,20-07-2024,rolls/buns,5217
1921,29-04-2025,frankfurter,2801
1051,06-05-2025,canned beer,3846
1740,22-07-2024,rolls/buns,706
2134,23-08-2025,frankfurter,5586
1151,17-08-2024,frankfurter,3222
1156,26-06-2025,onions,612
1578,08-02-2024,canned beer,665
1149,18-12-2024,domestic eggs,2938
1954,03-10-2024,margarine,77
1896,27-12-2024,napkins,5780
1994,06-09-2025,canned beer,2986
1332,15-01-2024,rolls/buns,3652
2189,01-07-2024,pastry,4452
1456,05-08-2025,citrus fruit,4930
1502,09-08-2025,ground beef,3705
1814,07-04-2025,salty snack,1876
2164,26-02-2024,  YOGURT,3683
1262,28-02-2025,frozen vegetables,318
1682,04-05-2025,pastry,5297
1193,22-08-2025,cereal,2516
1258,19-01-2025,white bread,2151
1514,07-09-2025,frozen vegetables,519
1475,24-10-2025,butter,2591
1278,19-07-2025,cat food,4371
1348,05-12-2024,ground beef,2129
1390,26-04-2025,soda,2524
1899,15-04-2025,margarine,2413
1655,24-07-2024,salty snack,1196
1018,20-07-2024,rolls/buns,764
1895,08-10-2025,frozen vegetables,1426
1942,15-07-2024,newspapers,5021
1458,04-08-2024,frozen vegetables,4378
1599,09-11-2025,margarine,4578
1466,13-02-2025,canned beer,17
1577,10-09-2025,canned beer,502
1381,04-01-2025,pastry,3093
1735,07-01-2025,root vegetables,1105
1965,07-04-2025,salsa,4159
1930,26-05-2024,curd,433
1609,09-04-2024,ground beef,4562
1518,30-11-2025,canned beer,5375
1999,02-10-2025,pastry,2623
1616,05-11-2025,canned beer,876
1160,18-01-2025,sausage,4046
1916,15-01-2025,yogurt,726
1056,18-04-2024,coffee,2076
1809,22-11-2025,,4855
2053,04-06-2024,coffee,5814
1258,04-12-2025,curd,1769
1653,25-02-2024,white bread,1150
1648,25-10-2024,salty snack,1122
1633,14-07-2024,hamburger meat,220
1265,06-12-2025,yogurt,4119
1824,05-10-2025,creamer,2077
2109,17-05-2024,whole milk,1072
1225,11-02-2025,root vegetables,5407
1158,07-11-2024,cereal,542
1041,21-12-2024,domestic eggs,3932
1686,26-12-2025,hamburger meat,1522
1526,15-11-2025,coffee,3036
1739,09-06-2025,ketchup,2977
1421,03-12-2024,frozen vegetables,693
1343,28-09-2024,canned beer,2720
2114,24-05-2024,onions,874
1971,25-12-2024,canned beer,372
1945,30-03-2025,bottled water,4599
1461,27-07-2024,whole milk,2113
2075,07-01-2024,cat food,3456
1344,25-11-2025,onions,1784
1676,03-04-2025,hamburger meat,109
1732,02-06-2025,crackers,3053
2179,30-05-2024,canned beer,4964
1527,19-04-2025,tomato sauce,1215
1936,28-03-2025,cat food,3736
1619,02-02-2024,ketchup,5200
1193,15-02-2025,newspapers,2380
1966,21-08-2025,whole milk,3822
1682,04-05-2025,canned beer,5297
1734,02-05-2025,newspapers,2618
1404,13-02-2025,margarine,5276
2008,07-02-2025,salty snack,3090
1930,17-06-2024,shopping bags,1137
1606,02-07-2025,shopping bags,2263
1656,20-01-2025,cheese,4606
1630,03-10-2024,margarine,4462
1589,25-01-2025,pip fruit,1136
1609,19-02-2024,whole milk,3286
1317,02-10-2024,margarine,4503
1124,03-09-2024,onions,4353
1046,01-06-2024,canned beer,4105
2100,14-03-2024,bottled water,2252
1167,05-10-2024,canned beer,2385
2059,14-09-2025,hamburger meat,3897
1188,25-07-2025,sausage,3207
1528,30-01-2024,salty snack,2328
2013,13-01-2024,yogurt,1723
1386,08-03-2024,whole milk,5296
1446,17-09-2025,margarine,2021
1755,03-01-2024,white bread,1102
1655,26-10-2024,whole milk,3969
1885,07-10-2025,cat food,5584
2068,03-03-2025,white bread,5011
1408,01-09-2025,canned beer,202
2155,04-07-2025,,5235
1046,17-12-2024,canned beer,2142
2177,11-12-2024,canned beer,3459
2065,23-03-2025,ground beef,4588
1502,26-04-2024,margarine,5867
1394,19-06-2025,canned beer,2555
1939,27-06-2024,root vegetables,701
1710,26-06-2025,chocolate,1789
1478,20-01-2024,soda,4731
1642,26-09-2024,citrus fruit,4188
1825,28-06-2024,canned beer,5718
2074,19-04-2024,soda,1608
2195,02-04-2024,citrus fruit,5321
1166,29-04-2025,crackers,5085
2003,11-10-2025,dish detergent,320
1528,24-05-2024,tomato sauce,230
1479,09-08-2024,brown bread,684
1135,03-03-2025,white bread,5323
1612,05-06-2024,granola,100
1364,22-07-2024,hamburger meat,2179
1488,10-08-2025,hamburger meat,3098
1225,14-02-2025,frankfurter,3311
1573,26-11-2024,white bread,4003
1604,23-02-2025,rolls/buns,2810
1995,14-12-2025,citrus fruit,4102
1280,03-03-2024,salty snack,571
1043,22-09-2025,margarine,2535
1090,11-10-2024,salsa,1155
1208,27-08-2024,shopping bags,1227
1899,15-04-2025,root vegetables,2413
1107,12-08-2024,bananas,4298
1478,15-11-2025,citrus fruit,3011
1243,05-08-2024,cat food,5724
1140,31-10-2025,pasta,1583
1584,29-04-2025,curd,2035
1943,08-06-2025,napkins,5643
1794,25-04-2024,paper towels,117
1428,07-08-2024,napkins,3629
1318,08-11-2025,domestic eggs,304
1981,31-08-2025,citrus fruit,760
1811,23-09-2025,creamer,378
1513,28-03-2025,frankfurter,3948
2051,15-05-2025,canned beer,1251
2034,13-04-2025,brown bread,2918
1342,23-12-2024,chips,583
1940,12-08-2025,tortillas,2574
2166,30-12-2025,margarine,1926
1338,24-08-2025,cat food,452
2071,05-11-2024,yogurt,4724
1177,05-03-2024,domestic eggs,772
1705,24-10-2025,rolls/buns,1097
1755,03-01-2024,margarine,1102
1181,09-05-2025,yogurt,3458
1646,04-08-2024,sugar,472
1754,13-10-2024,margarine,3675
1626,22-01-2025,canned beer,1420
1663,29-09-2024,canned beer,4157
1803,02-05-2024,newspapers,3787
1649,12-02-2025,rolls/buns,3807
1946,03-08-2025,root vegetables,1413
1235,03-03-2024,dish detergent,2583
1764,07-05-2025,canned beer,5517
1694,15-05-2024,citrus fruit,322
1687,26-08-2025,newspapers,3117
1794,20-01-2024,rolls/buns,2425
1346,18-06-2025,root vegetables,352
2155,24-03-2024,ice cream,4633
1101,15-12-2025,canned beer,3474
1887,04-10-2024,canned beer,5749
1384,29-11-2025,butter,1346
1834,13-06-2025,root vegetables,413
2192,16-08-2024,bananas,2064
1359,14-11-2025,ketchup,1978
1632,02-08-2025,newspapers,971
1828,06-06-2024,rolls/buns,5632
1780,17-12-2025,margarine,3738
1476,20-01-2024,margarine,992
1318,10-03-2024,bananas,1616
2155,15-06-2025,white bread,1810
1236,13-03-2024,margarine,1520
1581,15-10-2025,white bread,4868
1672,06-08-2025,whole milk,1764
1011,09-01-2024,salty snack,4343
2130,14-11-2024,white bread,3315
1965,07-04-2025,paper towels,4159
1744,19-05-2024,canned beer,2848
1732,02-06-2025,margarine,3053
1783,02-11-2024,crackers,546
1649,09-05-2025,salsa,4036
1316,27-09-2024,rolls/buns,1794
1929,01-01-2024,paper towels,3136
1651,28-05-2024,curd,1643
1038,15-10-2024,dish detergent,1563
2015,20-06-2024,  CANNED BEER,1188
1800,04-03-2025,frozen vegetables,1545
1634,05-10-2025,canned beer,1134
1477,18-03-2024,bottled water,2679
1070,27-09-2024,rolls/buns,5443
1565,18-10-2024,ground beef,1532
1971,10-03-2024,sausage,4240
1094,25-06-2024,bottled water,4616
2139,15-11-2024,salsa,5383
1851,19-12-2024,cereal,4826
1980,26-12-2024,citrus fruit,3851
1822,03-08-2025,canned beer,4644
1043,09-11-2024,root vegetables,4089
1584,27-09-2025,bottled water,5429
1570,14-07-2025,newspapers,3211
1410,02-03-2025,margarine,2649
1275,28-01-2024,tomato sauce,705
1471,17-12-2024,root vegetables,3238
1351,12-01-2024,canned beer,4949
1621,18-03-2025,margarine,2150
1823,21-06-2025,butter,4341
1006,11-09-2025,cheese,4526
1951,18-03-2024,root vegetables,1040
1646,22-01-2024,root vegetables,1494
2174,08-06-2024,margarine,5612
1570,21-03-2024,frankfurter,3450
2161,16-10-2024,cat food,3259
2016,13-04-2025,curd,3750
1750,20-03-2024,canned beer,2787
2116,02-12-2025,citrus fruit,886
1996,29-01-2025,paper towels,300
1477,24-05-2024,napkins,5349
1136,09-02-2025,yogurt,5805
1983,08-08-2025,newspapers,5789
1184,07-12-2024,canned beer,4890
1034,13-06-2025,canned beer,4281
1227,05-11-2024,sausage,4613
1169,26-07-2025,paper towels,4147
2010,22-12-2024,granola,1636
1337,28-06-2025,pasta,2985
2115,21-09-2025,pastry,1119
1990,24-07-2024,whole milk,1252
1182,30-04-2024,citrus fruit,219
1460,16-05-2025,frankfurter,1866
1307,10-10-2024,root vegetables,4117
1395,07-02-2025,yogurt,120
1490,22-01-2025,chocolate,139
1839,28-08-2024,citrus fruit,3060
2059,16-11-2024,white bread,1933
1394,30-01-2024,margarine,1796
2180,01-07-2025,whole milk,4867
1615,21-02-2025,whole milk,1686
1802,07-02-2025,soda,2831
1040,03-05-2025,cereal,5952
2183,16-11-2024,root vegetables,5470
1538,30-06-2024,paper towels,2192
2035,10-11-2025,tomato sauce,4146
1484,23-02-2024,ice cream,2635
2015,10-08-2024,canned beer,1920
1869,10-05-2024,jam,4042
1704,03-03-2024,  MARGARINE,2399
1891,15-10-2024,root vegetables,1663
1081,30-05-2024,root vegetables,3737
1699,22-12-2024,ice cream,4215
1032,21-09-2025,canned beer,2811
1454,25-09-2025,cereal,2208
1981,31-10-2025,canned beer,5339
1320,12-04-2024,bottled water,4760
2015,01-04-2025,parmesan,5447
1835,09-03-2025,canned beer,3328
1606,02-07-2025,canned beer,2263
1178,05-06-2024,dish detergent,627
1240,11-02-2025,newspapers,5378
1568,26-09-2025,salsa,4605
1558,04-09-2025,onions,3805
1195,29-11-2025,domestic eggs,709
1856,16-08-2024,chocolate,3717
1467,09-12-2025,tropical fruit,4912
1732,19-09-2025,yogurt,4736
1300,24-11-2024,onions,506
1479,09-08-2024,creamer,684
1352,18-10-2024,margarine,2356
1363,06-06-2024,red wine,3725
1490,07-04-2024,shopping bags,2628
1068,05-08-2024,canned beer,2290
1801,27-01-2024,salsa,5255
1905,26-11-2025,creamer,889
1963,20-10-2024,canned beer,5293
2052,30-12-2024,canned beer,5989
1344,09-12-2025,ketchup,2972
1005,29-04-2025,canned beer,363
1222,05-04-2024,white bread,1171
1996,08-08-2024,bottled water,4057
1265,14-10-2025,frankfurter,3708
1179,20-12-2024,canned beer,1761
1260,13-06-2024,citrus fruit,2437
1265,06-12-2025,granola,4119
1883,26-07-2024,frankfurter,4759
1799,05-08-2025,citrus fruit,1187
1829,18-11-2024,margarine,5739
1036,15-09-2025,canned beer,4033
1749,09-02-2025,frankfurter,5084
1517,22-12-2024,bottled water,3147
1636,28-06-2024,rolls/buns,4374
1146,18-08-2025,margarine,4370
1107,14-10-2025,canned beer,1071
1155,25-05-2024,rolls/buns,1896
1756,28-07-2024,shopping bags,4637
1939,19-05-2025,canned beer,1101
1606,17-06-2024,tomato sauce,4973
1337,02-08-2025,rolls/buns,3341
2049,07-08-2025,sausage,1985
1961,13-02-2025,frankfurter,2852
1278,24-07-2025,white bread,5634
1250,20-11-2024,onions,965
1123,26-05-2024,pasta,1230
2119,12-06-2025,sausage,2490
2108,13-07-2025,domestic eggs,3589
1163,02-02-2024,napkins,3542
1978,03-01-2024,cheese,1158
2155,24-08-2025,salty snack,2373
1971,25-12-2024,frankfurter,372
2114,24-02-2025,citrus fruit,2397
1299,08-09-2025,napkins,3489
1659,25-06-2024,canned beer,1824
1869,10-05-2024,ground beef,4042
1897,07-05-2024,ground beef,1902
2158,16-08-2024,white bread,5976
1685,25-07-2025,pip fruit,2358
1194,30-09-2024,yogurt,3804
2087,24-10-2024,margarine,4813
1869,10-09-2024,canned beer,5556
1115,02-09-2024,frankfurter,2855
1220,06-10-2025,newspapers,5190
1855,11-04-2024,canned beer,3757
1193,27-09-2024,jam,10
1358,27-06-2024,pip fruit,3445
1420,23-05-2025,yogurt,2005
1697,04-06-2024,chocolate,3832
1234,24-09-2024,jam,1315
1010,29-10-2025,newspapers,4796
1160,03-11-2024,chocolate,4984
1664,05-06-2024,shopping bags,5312
2190,27-12-2024,tortillas,4703
1782,23-12-2025,pip fruit,773
1538,17-12-2024,whole milk,4948
1118,06-11-2024,pip fruit,2637
1281,06-04-2025,chocolate,4764
1471,01-02-2025,ground beef,1489
2015,07-07-2024,root vegetables,3533
1874,20-09-2025,cat food,4408
1888,29-08-2024,napkins,14
1006,19-10-2025,paper towels,3054
2120,08-03-2025,root vegetables,442
1329,16-10-2024,creamer,5715
1852,07-08-2024,root vegetables,1885
1347,30-10-2024,root vegetables,1972
1005,24-08-2025,domestic eggs,3555
1447,04-11-2024,canned beer,4206
1021,07-12-2025,chocolate,3258
2033,04-08-2025,margarine,3278
1906,30-01-2025,salsa,90
2152,18-03-2025,ketchup,1214
1419,02-10-2024,canned beer,2248
1386,24-07-2024,domestic eggs,368
1488,11-10-2024,ketchup,4035
1413,28-03-2025,margarine,1091
1475,24-10-2025,white bread,2591
1107,25-11-2025,beef,5889
2160,28-07-2025,margarine,294
1876,12-07-2024,parmesan,4706
2048,13-06-2025,rolls/buns,3193
2125,06-08-2025,curd,5099
1614,16-10-2025,salsa,5372
1612,18-01-2025,canned beer,1550
1558,21-09-2025,canned beer,720
1017,11-07-2024,root vegetables,1558
2053,01-02-2025,frankfurter,3669
1494,08-08-2025,newspapers,564
1514,07-09-2025,margarine,519
1684,03-01-2024,tortillas,3840
1717,15-09-2025,canned beer,2790
1494,20-04-2024,brown bread,4080
1342,23-12-2024,citrus fruit,583
1523,24-02-2025,soda,1180
1756,11-11-2025,newspapers,3140
1748,04-02-2025,pastry,1112
1741,11-07-2025,parmesan,3859
1331,25-11-2025,salsa,4943
1873,01-08-2024,ketchup,1059
1190,23-04-2024,cheese,1883
1158,05-10-2025,canned beer,5469
1110,10-10-2025,whole milk,3227
1692,15-11-2025,newspapers,423
1315,25-09-2025,citrus fruit,3347
1200,20-11-2024,margarine,5661
1637,06-06-2025,tropical fruit,4271
1003,24-02-2024,rolls/buns,1497
2139,21-08-2024,citrus fruit,3862
1310,26-08-2024,citrus fruit,1156
1109,21-05-2024,whole milk,2087
1509,27-11-2024,cereal,2885
1748,04-02-2025,frankfurter,1112
1327,16-08-2024,canned beer,3657
1683,19-05-2024,white bread,4213
1301,25-07-2025,pasta,4322
1490,22-01-2025,cat food,139
1884,10-12-2025,creamer,4874
1561,16-06-2024,frozen vegetables,4824
2060,31-05-2024,soda,1528
2045,03-01-2024,salty snack,5591
2009,22-09-2024,canned beer,745
1450,15-12-2025,margarine,4005
1357,22-01-2024,root vegetables,4254
1542,06-07-2025,whole milk,1323
1585,04-08-2024,margarine,2657
1319,13-06-2025,whole milk,500
1566,27-01-2024,ground beef,1266
1269,13-12-2024,margarine,2221
1694,01-11-2025,rolls/buns,3556
1572,13-11-2024,soda,411
1819,11-06-2025,citrus fruit,1897
1767,20-04-2025,creamer,3313
1579,27-08-2025,sugar,5827
1502,16-12-2025,newspapers,1918
1006,11-09-2025,cereal,4526
1711,22-04-2024,bottled water,5522
1633,01-07-2024,butter,2909
1456,05-08-2025,root vegetables,4930
2145,28-02-2024,salty snack,2357
2028,25-11-2025,sausage,5750
2153,03-05-2024,bottled water,826
1440,02-08-2025,soda,5054
1019,03-09-2025,shopping bags,2326
2130,19-03-2025,canned beer,664
1047,20-02-2024,onions,262
2125,06-01-2024,canned beer,4515
1774,19-09-2025,granola,4421
2092,13-10-2025,butter,1966
1306,23-05-2024,bottled water,4789
1253,17-06-2025,napkins,2323
1766,04-05-2025,dish detergent,1596
1273,08-06-2024,chocolate,4079
1371,21-11-2024,canned beer,3656
1067,13-10-2024,paper towels,5324
2002,29-04-2024,citrus fruit,5543
1319,13-06-2025,cheese,500
1919,01-10-2025,canned beer,5431
1027,01-03-2025,frankfurter,3956
2045,10-12-2024,ground beef,5373
1329,07-11-2025,root vegetables,3813
1532,29-04-2025,root vegetables,3962
1788,01-08-2025,canned beer,2320
1226,09-05-2025,tropical fruit,3899
1820,18-03-2025,canned beer,2840
1401,11-02-2024,margarine,191
1982,21-11-2024,margarine,5638
1091,25-02-2025,ground beef,4612
1143,21-04-2025,onions,34
1551,15-02-2024,canned beer,1848
1112,19-06-2025,chips,613
1192,21-09-2024,citrus fruit,4367
2171,17-12-2025,frankfurter,25
1882,12-10-2025,margarine,3047
1604,23-10-2024,whole milk,5997
1312,22-12-2024,margarine,3130
1692,24-04-2025,curd,5877
1822,10-01-2024,root vegetables,1867
2104,05-01-2025,root vegetables,409
1006,11-09-2025,dish detergent,4526
1958,31-10-2024,frankfurter,5315
1440,11-07-2025,pastry,2203
2166,06-01-2025,root vegetables,2772
1964,27-05-2024,root vegetables,5840
1666,22-03-2025,shopping bags,4054
1227,30-03-2024,soda,1743
1566,27-01-2024,white bread,1266
1300,20-01-2024,tropical fruit,4430
1062,28-01-2025,white bread,4839
1462,08-04-2024,margarine,5825
1090,08-07-2025,ground beef,5686
1883,16-06-2025,margarine,295
1370,16-03-2025,root vegetables,5416
2075,17-07-2025,canned beer,5836
1362,13-09-2025,newspapers,3089
1277,30-04-2025,tomato sauce,517
2009,22-09-2024,frankfurter,745
1118,13-10-2025,newspapers,247
1286,29-02-2024,domestic eggs,5000
1357,11-08-2025,domestic eggs,312
1568,26-09-2025,frozen vegetables,4605
2069,30-12-2025,white bread,2739
1839,28-08-2024,newspapers,3060
1245,25-04-2025,frankfurter,2929
2036,14-07-2024,whole milk,4499
1709,21-12-2024,root vegetables,510
1073,05-01-2024,tropical fruit,5926
2022,10-08-2025,root vegetables,2666
1102,24-11-2024,white bread,3817
1760,13-05-2024,rolls/buns,5890
1560,25-01-2024,canned beer,5524
1280,03-03-2024,canned beer,571
1056,18-04-2024,sausage,2076
1057,21-03-2024,frozen vegetables,4682
1161,25-01-2024,salsa,4712
1887,24-08-2024,sugar,3783
1148,03-12-2025,citrus fruit,3654
1480,15-04-2025,newspapers,3803
1626,23-09-2025,margarine,242
1814,19-01-2024,citrus fruit,2086
1542,08-03-2024,cereal,5467
1676,10-01-2025,beef,3706
1961,30-04-2024,bottled water,3712
1353,15-02-2025,white bread,5370
2188,15-07-2024,canned beer,1381
1134,08-04-2025,canned beer,1733
1466,13-02-2025,newspapers,17
1219,26-05-2024,  WHOLE MILK,1330
1158,05-10-2025,ice cream,5469
1629,25-09-2025,cheese,3967
1502,26-04-2024,domestic eggs,5867
1584,27-09-2025,white bread,5429
1403,31-01-2025,  MARGARINE,4997
2117,10-04-2024,frozen vegetables,4781
1480,09-01-2024,citrus fruit,1283
1603,31-05-2024,canned beer,2737
1589,25-01-2025,canned beer,1136
1692,24-04-2025,whole milk,5877
2039,01-05-2024,napkins,1142
1701,18-02-2024,pasta,4739
1139,13-06-2025,pip fruit,4584
1006,21-12-2024,brown bread,4248
1674,20-10-2024,salsa,258
1198,10-11-2025,bottled water,5172
1125,11-12-2024,sugar,1425
1435,18-11-2025,margarine,1014
1463,15-09-2025,tropical fruit,792
1293,11-07-2024,dish detergent,2601
1537,25-05-2024,white bread,4727
2163,05-05-2025,chips,5057
2045,03-09-2025,margarine,1440
1563,17-05-2025,margarine,2471
2064,04-09-2025,citrus fruit,1243
1409,17-01-2025,tomato sauce,2570
1342,04-08-2025,newspapers,4021
2147,03-05-2024,paper towels,3775
2094,08-04-2025,ground beef,5060
1271,29-07-2025,tropical fruit,623
1583,29-02-2024,margarine,4657
1702,11-04-2025,canned beer,1771
2013,13-03-2025,citrus fruit,3747
1587,27-10-2025,citrus fruit,5415
1479,26-05-2024,,5047
2107,03-10-2024,cereal,5733
1779,14-11-2025,canned beer,4094
1958,28-02-2025,salty snack,767
1909,11-01-2025,chocolate,5186
1847,18-12-2025,root vegetables,3949
1742,03-04-2025,canned beer,173
1978,20-02-2025,citrus fruit,3833
1978,01-01-2024,newspapers,2867
1043,19-01-2024,chocolate,2816
1330,21-06-2024,newspapers,895
1328,25-07-2025,root vegetables,3894
1839,16-03-2025,citrus fruit,2803
1949,26-01-2024,margarine,2445
1139,13-06-2025,domestic eggs,4584
1952,08-12-2024,cereal,5095
1577,24-06-2024,newspapers,4716
1448,12-02-2024,canned beer,940
1086,08-05-2024,  CURD,1113
1291,22-10-2025,white bread,651
1869,10-05-2024,white bread,4042
1991,22-03-2025,whole milk,4098
1556,27-03-2024,pastry,284
1862,12-06-2024,pastry,3877
1771,08-04-2024,jam,985
1965,12-09-2024,margarine,2169
1562,25-08-2024,tomato sauce,3538
1105,15-05-2024,cheese,2740
1548,15-05-2025,onions,2545
1096,26-01-2024,margarine,1043
1352,11-03-2025,sausage,5742
1893,07-10-2024,pastry,3792
1143,21-04-2025,creamer,34
1525,21-01-2024,shopping bags,3842
1679,24-01-2025,root vegetables,2813
1952,12-11-2025,pastry,1781
1489,13-10-2025,root vegetables,5203
1273,08-06-2024,margarine,4079
1114,10-02-2025,ketchup,3302
1181,28-06-2024,canned beer,2716
1041,29-03-2024,canned beer,905
1183,28-06-2025,pasta,2116
1463,08-12-2025,rolls/buns,3194
1918,23-08-2024,pastry,5771
1357,23-08-2024,margarine,2820
1817,01-12-2024,canned beer,2036
1344,09-12-2025,root vegetables,2972
1763,11-09-2024,canned beer,4897
1589,17-01-2024,salsa,3075
1461,24-01-2025,ground beef,4468
1085,03-02-2025,rolls/buns,5492
1867,08-11-2025,sugar,2640
1220,04-10-2025,margarine,1446
1562,22-04-2024,brown bread,1213
1892,27-04-2025,yogurt,5703
1504,31-03-2024,onions,1379
2108,13-07-2025,salsa,3589
1963,23-04-2025,white bread,2303
1202,07-09-2025,margarine,16
1983,16-08-2025,jam,2710
2160,15-07-2024,shopping bags,3584
1908,27-01-2025,canned beer,1066
1083,03-06-2024,cereal,5168
1720,28-07-2025,chocolate,4406
1360,11-07-2024,onions,1422
1938,01-02-2025,root vegetables,5399
1633,14-07-2024,newspapers,220
1561,28-06-2025,canned beer,3066
1304,17-12-2025,frankfurter,1273
2036,24-05-2024,curd,1414
1544,29-08-2024,frozen vegetables,5480
2008,26-08-2025,paper towels,1687
1379,16-08-2025,margarine,3493
1280,02-03-2025,canned beer,559
1311,24-08-2024,tropical fruit,3636
1684,01-10-2024,yogurt,5625
1835,28-02-2025,butter,5881
1551,23-05-2025,rolls/buns,3379
2146,07-12-2025,root vegetables,3650
1178,05-06-2024,canned beer,627
1232,30-08-2024,beef,5343
1880,29-03-2025,canned beer,1925
1102,11-04-2024,root vegetables,5180
2114,02-12-2024,hamburger meat,5097
2184,30-05-2024,onions,819
1548,05-11-2024,parmesan,5984
1741,04-03-2024,cereal,1117
1891,17-12-2024,soda,806
1870,12-10-2024,frankfurter,3076
1004,04-06-2024,hamburger meat,2014
1821,07-06-2025,sugar,2779
1781,28-06-2024,pip fruit,4749
1218,02-08-2025,bananas,3425
1542,08-03-2024,citrus fruit,5467
1152,17-06-2024,creamer,5904
1940,12-08-2025,ground beef,2574
1830,14-03-2024,canned beer,2233
1651,28-06-2024,domestic eggs,153
1486,12-05-2024,newspapers,2865
1605,07-09-2025,frozen vegetables,3989
1840,28-08-2025,granola,4358
1550,16-10-2024,pip fruit,3135
2108,25-09-2024,canned beer,1365
1884,11-01-2024,sugar,5547
1216,11-11-2025,root vegetables,5395
1101,28-03-2024,margarine,875
2062,20-01-2024,root vegetables,146
2106,30-01-2024,citrus fruit,5107
1394,24-08-2025,creamer,4429
2074,29-07-2024,whole milk,2567
1247,26-11-2024,onions,3519
1978,06-11-2024,domestic eggs,5671
1161,13-06-2024,  DIAPERS,5921
1905,21-02-2024,yogurt,2680
1953,24-01-2025,margarine,941
1334,14-04-2025,canned beer,3318
2060,21-04-2025,dish detergent,1675
2134,02-04-2024,napkins,2470
1236,27-08-2025,shopping bags,1310
1250,27-05-2024,bottled water,365
1182,26-12-2025,napkins,3406
1218,09-05-2024,root vegetables,64
1043,23-01-2025,creamer,5403
1762,22-04-2025,curd,4691
1829,08-08-2025,pasta,861
2159,14-08-2024,pastry,3229
1726,10-10-2025,creamer,1073
1285,20-05-2024,margarine,426
1978,01-01-2024,citrus fruit,2867
1994,03-11-2024,newspapers,5211
1812,20-09-2025,pasta,5108
2047,04-05-2024,napkins,5913
1649,09-05-2025,canned beer,4036
1542,06-07-2025,newspapers,1323
1275,16-12-2024,margarine,1108
1679,15-12-2024,chocolate,5319
1202,01-04-2025,margarine,1164
1889,13-01-2025,soda,5231
1359,07-12-2024,diapers,3143
1795,29-04-2024,bottled water,3374
1458,16-04-2024,chocolate,3687
1635,26-11-2025,,4695
1622,02-11-2025,margarine,1756
1017,27-02-2025,soda,1349
1339,07-01-2025,citrus fruit,957
1236,28-12-2025,canned beer,3587
2117,19-02-2025,root vegetables,3756
1408,01-06-2025,frankfurter,1314
1260,28-08-2024,bottled water,1491
1123,26-05-2024,salsa,1230
1586,09-11-2024,root vegetables,3426
2069,20-03-2025,parmesan,1092
1633,16-07-2025,chocolate,4941
1171,05-02-2025,white bread,59
1510,30-08-2025,canned beer,3029
1668,09-10-2024,chocolate,455
1003,02-11-2024,salty snack,4285
1863,05-04-2025,bottled water,5366
1509,02-08-2025,frankfurter,3273
2107,18-10-2024,canned beer,3975
2061,01-10-2024,pip fruit,2390
1241,05-02-2025,cat food,4392
1625,20-09-2025,whole milk,5627
1868,28-08-2025,citrus fruit,5990
1910,06-03-2025,tomato sauce,3256
2112,29-10-2025,margarine,1139
1166,29-04-2025,root vegetables,5085
1308,27-10-2024,paper towels,4012
1417,02-02-2024,pip fruit,4751
1079,15-06-2024,tortillas,3142
1192,04-11-2024,newspapers,5534
1857,04-08-2025,root vegetables,3134
1741,08-05-2025,newspapers,3609
1507,09-11-2025,paper towels,3106
1872,04-03-2024,whole milk,2947
1535,18-10-2025,chocolate,399
1146,03-07-2025,root vegetables,2768
1983,02-04-2025,granola,1190
1565,18-01-2025,yogurt,3057
1558,30-11-2025,beef,96
1296,20-08-2025,pastry,5988
1102,29-08-2024,frozen vegetables,324
2180,16-10-2025,tomato sauce,2088
1563,26-12-2024,newspapers,4608
1428,19-10-2025,whole milk,3144
1110,24-10-2024,newspapers,4062
1751,20-02-2024,canned beer,5930
1761,24-01-2025,cereal,2042
1655,26-10-2024,diapers,3969
1933,12-05-2025,tropical fruit,1706
1954,03-10-2024,bottled water,77
1577,21-03-2024,dish detergent,2431
1548,15-05-2025,citrus fruit,2545
1559,14-09-2025,beef,2646
2115,30-07-2024,newspapers,5879
1501,20-01-2025,,2225
1714,15-05-2024,canned beer,5648
1526,01-07-2025,bottled water,1499
1567,13-01-2025,cheese,5159
2081,11-08-2025,whole milk,5055
1163,13-05-2024,dish detergent,939
2100,01-01-2025,canned beer,5230
1872,22-09-2025,margarine,3164
1281,06-04-2025,citrus fruit,4764
1866,22-03-2024,canned beer,3148
1432,30-08-2025,root vegetables,4512
1705,04-08-2024,salty snack,4115
1965,24-07-2024,salsa,5019
1700,28-11-2025,newspapers,643
1328,25-11-2025,canned beer,2729
1780,17-08-2025,whole milk,2996
1153,11-02-2025,chips,525
1300,05-04-2025,napkins,4750
1069,30-03-2024,cereal,4821
2119,21-06-2025,ice cream,5002
1540,04-02-2024,sausage,2925
1470,20-12-2025,pasta,2480
2091,14-07-2025,newspapers,138
1861,11-03-2025,paper towels,946
1702,08-02-2025,canned beer,4835
1933,15-09-2025,root vegetables,5568
1088,20-12-2024,dish detergent,513
2079,13-08-2024,sausage,3220
2012,12-09-2025,white bread,1012
1909,17-02-2024,canned beer,1858
1411,22-02-2025,margarine,5049
1731,24-01-2025,cereal,4093
2119,30-11-2024,frankfurter,1394
1714,05-09-2024,diapers,4324
1842,12-10-2025,margarine,1367
1523,09-09-2025,salty snack,4694
1536,09-03-2024,pasta,3586
1380,25-06-2024,root vegetables,112
1229,03-04-2024,bottled water,5259
1043,22-09-2025,cat food,2535
2093,25-07-2024,creamer,5806
1776,09-08-2025,coffee,5359
1920,19-05-2025,frozen vegetables,3928
1478,29-10-2024,newspapers,2530
1615,18-06-2024,frankfurter,3866
2119,10-01-2024,brown bread,1567
1502,09-08-2025,  TORTILLAS,3705
1802,14-08-2025,yogurt,3530
1698,08-11-2025,soda,3838
1530,22-01-2024,newspapers,3710
1410,29-12-2024,napkins,2107
1738,17-09-2024,rolls/buns,2152
1983,11-02-2025,chocolate,979
1286,17-07-2025,curd,445
1514,07-09-2025,domestic eggs,519
1346,30-10-2025,bananas,666
1498,28-06-2024,salsa,3439
1452,12-09-2024,diapers,587
1285,15-11-2024,beef,3292
1145,11-10-2024,chocolate,82
1034,28-01-2025,curd,5237
2067,04-10-2025,margarine,1641
1833,05-12-2024,tropical fruit,2312
1570,20-07-2024,newspapers,1443
1940,01-10-2025,chocolate,104
2161,12-09-2024,sausage,2926
2056,02-10-2025,red wine,5053
1207,25-09-2025,whole milk,177
1281,06-04-2025,soda,4764
2044,05-05-2024,pip fruit,1292
1760,13-05-2024,citrus fruit,5890
1969,20-07-2024,pasta,1320
1209,01-01-2025,canned beer,2670
2022,10-03-2024,canned beer,5290
1842,27-09-2025,canned beer,1208
1842,27-09-2025,domestic eggs,1208
2070,27-02-2024,soda,2314
2020,15-09-2025,cheese,3844
1115,12-10-2024,newspapers,3433
1834,31-10-2025,canned beer,2074
1365,01-04-2025,crackers,5934
2163,24-10-2025,whole milk,1199
1010,07-08-2024,salsa,4650
1296,29-03-2025,whole milk,531
1211,03-05-2025,sausage,5451
1338,24-08-2025,sausage,452
2109,26-08-2025,butter,1115
1376,15-05-2025,coffee,2915
1631,29-05-2024,margarine,4908
2028,22-02-2024,margarine,2254
1107,25-11-2025,white bread,5889
1701,23-02-2025,frankfurter,339
1247,08-12-2024,canned beer,4243
1278,19-07-2025,whole milk,4371
1680,17-10-2025,curd,3366
2080,13-12-2024,salty snack,2786
1177,26-07-2025,jam,4797
1215,30-07-2025,canned beer,5995
1668,09-10-2024,domestic eggs,455
1155,02-08-2024,napkins,3084
2149,10-01-2024,tomato sauce,286
2155,24-08-2025,brown bread,2373
2011,17-03-2025,curd,1308
2152,04-11-2024,rolls/buns,1821
1010,01-04-2025,frankfurter,1903
2042,25-04-2024,canned beer,23
1686,25-12-2025,yogurt,2728
1081,15-11-2025,parmesan,1577
1330,30-04-2024,chocolate,52
1645,02-02-2025,newspapers,5851
1461,24-01-2025,tortillas,4468
1557,13-09-2025,whole milk,5101
1979,20-12-2025,canned beer,5082
1003,11-03-2025,yogurt,3345
1481,12-01-2024,napkins,4737
1228,05-06-2024,frankfurter,2117
1614,15-09-2024,canned beer,2525
1495,08-11-2024,sausage,2792
1077,16-04-2025,beef,315
1088,21-05-2025,margarine,4071
2046,02-04-2024,canned beer,5564
1782,28-11-2025,margarine,3100
1043,19-01-2024,root vegetables,2816
1296,12-04-2025,margarine,3449
1304,24-05-2024,butter,2465
1363,06-06-2024,canned beer,3725
1089,12-03-2025,red wine,2780
1425,29-06-2025,cat food,3583
1748,06-11-2024,red wine,4488
1950,17-03-2024,sausage,2275
1459,27-05-2025,canned beer,5675
1920,16-08-2025,margarine,566
1675,05-01-2025,brown bread,1176
1417,02-02-2024,frankfurter,4751
1007,05-12-2024,canned beer,3718
1194,17-03-2025,citrus fruit,1570
2046,27-11-2024,citrus fruit,5420
1915,10-05-2024,pip fruit,5605
1948,10-06-2024,whole milk,1856
1665,11-10-2025,whole milk,4511
1663,21-06-2024,newspapers,2022
2152,13-02-2025,frankfurter,2941
1980,23-11-2024,dish detergent,1412
1033,05-09-2024,curd,4455
1613,31-03-2024,margarine,3761
1081,30-05-2024,newspapers,3737
2174,11-11-2024,white bread,1718
1593,14-02-2025,newspapers,1377
2194,25-09-2025,  BOTTLED WATER,1217
1854,19-01-2024,root vegetables,815
1472,14-10-2025,margarine,3294
1559,24-06-2025,white bread,5489
2130,28-11-2025,sausage,3351
1969,31-07-2025,jam,5018
1683,19-05-2024,rolls/buns,4213
1036,26-06-2025,salty snack,5037
1532,14-01-2024,brown bread,4900
1965,24-07-2024,bottled water,5019
1975,24-08-2024,margarine,5863
1626,22-01-2025,frozen vegetables,1420
1332,14-10-2024,curd,716
1220,29-08-2025,margarine,4757
2180,08-06-2024,canned beer,972
1166,26-06-2025,salsa,1452
1370,22-01-2025,canned beer,5116
2109,08-11-2025,bottled water,3786
1670,26-01-2025,cat food,5007
1840,12-03-2025,margarine,1774
1318,24-04-2024,cat food,3045
2017,30-08-2024,soda,3532
1875,06-02-2024,rolls/buns,793
1333,20-11-2025,margarine,2190
1432,27-07-2024,newspapers,1372
1020,23-12-2024,pasta,2351
1389,26-04-2025,canned beer,3551
1149,12-01-2024,pip fruit,1816
1097,20-10-2025,soda,970
1292,13-06-2024,tortillas,5688
1048,07-01-2025,root vegetables,3453
1037,02-02-2025,frankfurter,255
1633,12-12-2025,butter,5737
1223,02-08-2024,granola,5699
1939,16-09-2024,yogurt,418
1067,13-10-2024,white bread,5324
1276,29-08-2024,dish detergent,2059
1061,25-09-2024,pastry,2250
1982,17-01-2025,root vegetables,2707
1345,03-03-2025,citrus fruit,3674
1911,15-04-2024,whole milk,1375
2049,07-08-2025,frankfurter,1985
1823,06-09-2025,diapers,3340
1059,10-11-2025,paper towels,3892
1838,09-05-2025,frankfurter,2723
1443,08-04-2025,white bread,1278
2043,16-11-2024,root vegetables,1492
2077,15-05-2024,salty snack,3769
1645,09-06-2025,canned beer,1894
2148,25-09-2025,domestic eggs,2359
1189,15-11-2024,cereal,2352
1029,15-08-2024,white bread,3197
1271,13-05-2024,chocolate,4148
1842,24-05-2025,canned beer,5073
1144,02-05-2024,canned beer,2317
1916,12-05-2025,granola,3752
1680,25-02-2024,onions,827
1148,24-12-2024,canned beer,3162
1954,23-02-2024,canned beer,4030
1643,06-01-2024,tropical fruit,3904
1377,05-07-2025,whole milk,4465
1879,20-12-2025,frozen vegetables,4628
2080,10-06-2024,onions,4483
1888,05-11-2024,whole milk,548
1801,27-01-2024,chips,5255
1498,25-04-2024,chocolate,5721
1665,15-07-2024,salsa,1358
1347,10-03-2024,white bread,4091
1434,20-06-2025,onions,5029
1327,08-05-2025,canned beer,3153
1008,03-03-2024,citrus fruit,1711
1015,10-11-2024,  ROLLS/BUNS,3023
1418,01-01-2025,canned beer,5940
1138,23-07-2025,rolls/buns,4686
1583,26-01-2024,margarine,4434
1022,10-12-2024,beef,1946
1826,30-07-2025,canned beer,5299
1973,17-09-2025,brown bread,4619
1992,18-01-2024,canned beer,474
1676,07-05-2024,jam,1201
2152,13-02-2025,newspapers,2941
1352,26-05-2024,salsa,4659
1499,16-04-2024,whole milk,24
1240,18-08-2025,root vegetables,4456
1055,22-11-2024,newspapers,1524
1568,26-09-2025,root vegetables,4605
1547,15-03-2025,dish detergent,5757
2186,28-01-2024,margarine,4527
2139,15-11-2024,whole milk,5383
1924,22-02-2025,soda,3576
1817,28-08-2025,margarine,3444
2129,15-11-2024,salsa,3531
1281,25-08-2024,root vegetables,5698
1073,17-12-2024,ground beef,3740
1654,15-05-2024,  PASTRY,591
1667,23-11-2024,domestic eggs,3269
1633,21-09-2025,margarine,771
2073,15-04-2025,root vegetables,655
2053,15-09-2024,margarine,4039
2015,07-11-2024,root vegetables,267
1556,25-09-2024,newspapers,4290
1627,23-12-2025,whole milk,3000
1920,19-05-2025,canned beer,3928
1505,12-04-2024,domestic eggs,4549
2199,10-06-2024,chocolate,668
1783,15-03-2024,citrus fruit,3323
1825,01-04-2024,newspapers,4977
1810,01-04-2024,canned beer,3448
1399,15-07-2024,bananas,5266
2157,16-09-2024,root vegetables,3244
1370,02-04-2024,yogurt,3477
1603,17-05-2024,chocolate,4607
1005,29-04-2025,frankfurter,363
1946,08-08-2024,canned beer,5261
1372,25-08-2025,newspapers,1036
1538,09-06-2025,tortillas,4769
1428,07-08-2024,margarine,3629
1498,25-02-2024,bottled water,3382
1400,11-08-2025,soda,4664
2016,05-02-2025,white bread,2612
1194,30-09-2024,cat food,3804
1243,10-09-2024,canned beer,5614
2102,12-08-2025,margarine,5119
1804,09-01-2024,bottled water,1403
1005,11-07-2025,frankfurter,867
1515,06-06-2024,salsa,2353
1338,30-05-2024,newspapers,4187
1920,27-01-2024,tomato sauce,165
1476,20-01-2024,ground beef,992
1189,03-10-2025,yogurt,240
2000,21-08-2024,margarine,5265
1382,04-02-2025,pastry,4540
1941,30-05-2024,pasta,307
1440,04-01-2024,creamer,5112
2140,17-08-2024,jam,3168
1144,02-05-2024,pip fruit,2317
2054,10-02-2025,pastry,5320
1743,28-11-2025,domestic eggs,5824
2008,26-03-2025,bottled water,3145
1689,23-03-2024,canned beer,2149
2098,22-08-2025,yogurt,2501
1779,11-08-2025,whole milk,4443
1978,06-11-2024,margarine,5671
1390,07-06-2025,frozen vegetables,2655
1576,24-11-2025,salty snack,1008
2144,07-12-2025,newspapers,1220
1850,26-07-2025,canned beer,5476
1625,09-01-2024,ice cream,4777
1472,19-11-2024,domestic eggs,221
1724,03-11-2024,salty snack,4145
1616,25-12-2024,whole milk,3763
1996,03-07-2024,margarine,4363
1517,22-12-2024,yogurt,3147
1359,07-12-2024,yogurt,3143
1358,16-10-2024,canned beer,5942
2082,18-05-2025,cat food,3034
1220,05-11-2025,citrus fruit,5260
1013,16-10-2025,canned beer,5497
1921,14-02-2024,frankfurter,1468
1669,14-03-2024,white bread,1042
1634,01-08-2024,whole milk,678
1840,24-06-2025,cat food,261
1512,09-03-2024,hamburger meat,3243
2153,05-02-2025,crackers,4942
1289,29-01-2025,canned beer,1808
1224,06-06-2024,curd,5674
1279,05-10-2024,frozen vegetables,4277
2056,16-08-2024,bottled water,1556
1021,20-10-2025,root vegetables,252
1159,05-08-2024,whole milk,2916
1734,07-06-2025,root vegetables,1195
2049,18-05-2024,citrus fruit,4597
1957,03-09-2024,white bread,4802
1360,11-07-2024,cheese,1422
1957,05-02-2024,white bread,5944
1474,08-02-2025,root vegetables,3520
1972,25-08-2024,whole milk,3305
1259,09-09-2025,  BROWN BREAD,4444
1892,27-04-2025,bananas,5703
1463,19-01-2025,frankfurter,4665
1983,08-08-2025,salsa,5789
1569,01-08-2025,butter,8
1585,04-08-2024,canned beer,2657
1708,19-03-2025,soda,1518
1007,08-04-2025,margarine,2297
2005,16-02-2024,frankfurter,1726
2145,13-05-2025,margarine,362
1573,20-04-2024,margarine,711
1148,24-12-2024,cereal,3162
1310,19-03-2025,sausage,3015
1684,01-10-2024,whole milk,5625
1132,03-11-2025,cereal,5270
1860,19-08-2024,dish detergent,5387
1412,08-01-2024,shopping bags,5362
1898,09-12-2024,rolls/buns,5620
1693,10-03-2024,canned beer,2508
1143,27-11-2024,root vegetables,1385
1638,10-02-2025,newspapers,1766
1774,18-01-2025,beef,5623
2043,29-05-2025,salty snack,344
1702,08-02-2025,root vegetables,4835
1633,27-11-2025,salty snack,3024
1280,02-03-2024,citrus fruit,3808
1059,16-09-2025,ice cream,1289
1823,27-09-2025,,3999
1736,13-03-2025,frozen vegetables,4972
1060,19-03-2025,white bread,2053
1687,11-12-2025,whole milk,838
1481,12-01-2024,root vegetables,4737
1698,26-04-2025,ground beef,4910
1930,04-04-2024,frozen vegetables,3042
1096,17-07-2024,yogurt,4331
1298,24-01-2025,brown bread,2264
1575,02-06-2024,frankfurter,4202
1123,26-05-2024,margarine,1230
1907,24-10-2024,crackers,2496
2035,21-11-2025,  MARGARINE,724
1389,13-02-2025,newspapers,4305
2005,20-05-2024,sugar,2924
1846,21-05-2025,yogurt,4723
1350,15-12-2024,canned beer,5347
1538,09-05-2025,cat food,5232
1916,09-02-2024,paper towels,228
2022,10-03-2024,margarine,5290
1163,02-11-2024,newspapers,608
2140,17-08-2024,tomato sauce,3168
1600,29-11-2024,shopping bags,4369
1850,13-06-2024,citrus fruit,1755
2109,17-05-2024,diapers,1072
2107,03-10-2024,pasta,5733
2127,26-11-2024,canned beer,2608
1818,01-07-2025,white bread,2873
1905,02-10-2024,white bread,1300
1883,10-10-2025,root vegetables,5920
1812,01-07-2024,citrus fruit,5837
1408,01-06-2025,  MARGARINE,1314
1140,23-07-2024,white bread,3367
1792,14-04-2024,dish detergent,160
1790,27-05-2025,whole milk,4100
1881,07-12-2024,rolls/buns,2853
2117,30-07-2024,canned beer,536
2180,24-03-2024,whole milk,3119
1488,17-03-2025,white bread,4365
1848,20-07-2025,granola,106
2080,10-06-2024,root vegetables,4483
1165,10-09-2024,creamer,7
1419,12-10-2024,domestic eggs,3788
1179,03-10-2025,root vegetables,3260
1234,24-09-2024,canned beer,1315
2056,22-08-2025,newspapers,5832
2033,24-02-2025,crackers,2777
1084,24-01-2024,salty snack,46
1664,09-07-2024,domestic eggs,640
2173,12-06-2024,whole milk,1917
2150,25-11-2024,sausage,1319
1322,27-07-2024,frankfurter,5120
1325,25-05-2025,pastry,2366
1319,06-10-2024,root vegetables,2704
1526,02-05-2025,canned beer,3727
1069,16-11-2024,citrus fruit,4394
1183,11-10-2025,canned beer,1521
2005,12-12-2025,frozen vegetables,718
1354,30-10-2024,butter,5859
1024,08-10-2024,whole milk,3562
1829,19-08-2025,canned beer,1009
1488,19-10-2024,margarine,532
1905,07-11-2025,jam,2392
1490,03-01-2025,bottled water,3665
1172,10-03-2024,frankfurter,1481
1941,10-11-2025,margarine,2807
1013,02-07-2025,canned beer,5242
1962,28-11-2025,margarine,5613
2153,09-12-2025,margarine,1628
1588,28-07-2025,canned beer,1336
1910,16-05-2024,pip fruit,4507
1892,17-04-2025,citrus fruit,496
1964,25-06-2024,newspapers,347
1492,24-06-2024,beef,1573
1535,14-01-2024,pip fruit,1431
1559,24-06-2025,paper towels,5489
1300,12-07-2025,soda,4303
1355,07-03-2024,bottled water,3178
2045,06-03-2025,tropical fruit,1999
1192,04-11-2024,root vegetables,5534
1578,08-02-2024,sausage,665
1555,05-04-2024,root vegetables,3248
1214,09-05-2024,canned beer,4446
2021,26-05-2025,napkins,2492
1322,27-07-2024,tomato sauce,5120
1276,26-03-2024,citrus fruit,2708
2155,15-06-2025,dish detergent,1810
1860,19-08-2024,citrus fruit,5387
1887,02-11-2024,pastry,4966
1329,28-10-2024,bananas,3203
1543,19-01-2024,soda,2276
1857,04-08-2025,margarine,3134
1933,11-06-2025,pip fruit,3874
1466,26-12-2025,cereal,99
1436,08-07-2025,margarine,1582
1735,14-08-2025,onions,5645
1597,02-04-2025,canned beer,1627
1392,09-11-2025,margarine,481
1854,19-01-2024,paper towels,815
1833,17-06-2024,newspapers,1564
1112,11-09-2025,yogurt,73
1536,20-04-2024,domestic eggs,5134
1490,22-01-2025,pip fruit,139
2107,18-10-2024,citrus fruit,3975
1359,07-12-2024,beef,3143
2190,08-03-2025,margarine,1344
1560,10-01-2024,cereal,1705
1454,25-09-2025,canned beer,2208
1635,09-04-2024,sausage,2688
1458,04-08-2024,white bread,4378
1432,15-01-2024,margarine,2981
1096,22-05-2025,yogurt,2364
1732,02-06-2025,red wine,3053
1519,06-06-2025,parmesan,2362
1008,15-05-2024,margarine,753
1878,03-09-2024,pasta,3031
1278,24-07-2025,jam,5634
1523,26-05-2024,margarine,1393
1324,18-01-2025,domestic eggs,463
2161,16-10-2024,margarine,3259
1873,01-08-2024,creamer,1059
1835,06-02-2024,frankfurter,67
1767,03-12-2024,frankfurter,4674
1039,04-08-2025,bottled water,4043
1618,14-09-2024,napkins,1506
1686,25-12-2025,root vegetables,2728
2171,01-11-2025,dish detergent,2439
1359,02-07-2024,bananas,3938
1468,19-01-2025,bottled water,1324
1827,19-08-2025,napkins,2417
1053,20-10-2024,whole milk,4538
1454,25-09-2025,pastry,2208
1919,26-04-2024,newspapers,5518
1569,14-06-2024,root vegetables,233
2188,03-10-2024,bottled water,3569
1293,02-02-2024,tropical fruit,1435
2042,31-10-2025,chocolate,5473
1865,21-01-2024,salty snack,5975
1091,19-01-2025,ice cream,4886
1043,09-11-2024,citrus fruit,4089
1560,10-01-2024,domestic eggs,1705
2026,08-03-2024,napkins,1589
1096,22-05-2025,frankfurter,2364
1076,07-05-2025,root vegetables,3906
1568,19-11-2024,brown bread,1455
1267,26-08-2024,newspapers,5022
1573,27-09-2024,shopping bags,1311
1929,21-05-2025,tropical fruit,5720
1792,08-07-2024,margarine,2307
1748,05-05-2024,  ROOT VEGETABLES,169
1268,31-07-2025,pastry,719
1636,14-04-2024,cat food,1655
1627,27-08-2024,rolls/buns,1620
1163,02-02-2024,yogurt,3542
1798,24-09-2024,chocolate,963
1765,26-09-2024,ice cream,306
1483,13-05-2024,newspapers,4297
1216,13-09-2025,beef,5761
1191,19-02-2024,citrus fruit,3659
1488,28-02-2024,canned beer,122
2160,08-03-2024,canned beer,2746
1328,15-12-2025,newspapers,62
1905,08-12-2024,frozen vegetables,4927
1743,28-11-2024,frozen vegetables,5028
1669,20-08-2025,bottled water,3821
2036,14-07-2024,newspapers,4499
1193,27-09-2024,creamer,10
1957,25-11-2025,tropical fruit,5309
1436,20-02-2025,chocolate,2984
2080,09-05-2024,onions,4151
1365,01-04-2025,cheese,5934
1755,03-01-2024,brown bread,1102
1467,02-07-2024,salty snack,3667
1609,19-02-2024,white bread,3286
1664,12-08-2024,pastry,83
1515,06-06-2024,whole milk,2353
1055,22-11-2024,,1524
2094,21-12-2025,rolls/buns,2959
1002,11-04-2024,onions,2776
1227,07-11-2024,citrus fruit,1267
1195,21-05-2024,beef,4118
1048,29-11-2024,granola,3936
1233,19-09-2024,napkins,5157
1742,24-12-2025,pip fruit,214
1944,03-12-2025,newspapers,2661
1416,10-09-2025,tortillas,5384
1477,10-02-2024,bottled water,2510
1249,03-08-2024,canned beer,1075
1859,18-02-2024,napkins,4725
1336,20-03-2025,salty snack,5125
2102,12-08-2025,canned beer,5119
1104,23-06-2024,  NAPKINS,5849
1937,09-10-2025,newspapers,4790
1116,04-03-2025,napkins,3693
1845,11-10-2025,canned beer,3466
2134,18-10-2024,citrus fruit,187
1098,22-03-2024,parmesan,3552
2045,03-09-2025,root vegetables,1440
1260,04-11-2025,white bread,953
1970,19-06-2024,citrus fruit,4469
1843,05-06-2024,margarine,3250
1370,03-12-2025,margarine,4850
1805,26-02-2024,margarine,1940
1328,14-03-2025,canned beer,4433
2007,18-03-2024,sausage,3112
1084,14-06-2024,margarine,3202
1598,13-01-2025,sausage,5123
1716,05-11-2024,canned beer,5314
1250,14-12-2024,canned beer,1780
2079,20-04-2024,  BUTTER,734
1429,21-12-2024,canned beer,1221
1701,29-07-2025,sugar,1428
1526,01-06-2025,cat food,2456
1055,25-08-2025,frozen vegetables,5353
1160,03-11-2024,bottled water,4984
1927,21-02-2024,newspapers,3021
1621,05-01-2025,curd,3432
1653,25-02-2024,canned beer,1150
1835,19-01-2024,brown bread,2796
1983,08-08-2025,ice cream,5789
1689,13-04-2024,canned beer,5802
1536,20-04-2024,pip fruit,5134
1304,15-09-2024,root vegetables,3369
1735,14-08-2025,canned beer,5645
2147,03-05-2024,root vegetables,3775
1835,06-02-2024,napkins,67
1261,16-12-2024,rolls/buns,1656
1618,16-08-2025,tortillas,1328
1540,04-02-2024,margarine,2925
2139,15-11-2024,frankfurter,5383
1983,09-01-2025,domestic eggs,5179
1339,12-10-2025,brown bread,1152
1891,11-05-2025,brown bread,456
1769,06-03-2025,tomato sauce,3359
1769,24-10-2024,margarine,625
1427,13-05-2025,newspapers,786
2133,28-10-2024,tropical fruit,45
1171,09-04-2024,pip fruit,3605
1133,15-05-2024,crackers,2012
1503,01-09-2025,white bread,3597
1278,19-07-2025,canned beer,4371
1525,21-02-2025,parmesan,2230
1772,10-01-2025,frankfurter,140
1916,09-02-2024,crackers,228
1393,23-05-2025,canned beer,4785
2077,08-08-2025,canned beer,733
1333,27-12-2025,cereal,5511
1017,23-03-2025,root vegetables,814
1297,24-12-2025,tortillas,2438
1834,15-10-2024,canned beer,4784
2039,29-01-2025,,1141
2057,18-06-2024,rolls/buns,5758
1516,20-05-2025,bottled water,4522
1687,26-08-2025,napkins,3117
1983,02-04-2025,ground beef,1190
1013,02-07-2025,newspapers,5242
2021,16-02-2024,newspapers,5436
1532,29-04-2025,chocolate,3962
2182,09-09-2025,newspapers,3925
1216,13-09-2025,domestic eggs,5761
1721,07-05-2024,cheese,2587
1995,09-05-2025,canned beer,2868
1741,12-04-2024,red wine,1316
1646,22-01-2024,onions,1494
1705,06-10-2025,pastry,4521
1203,15-01-2025,shopping bags,959
1190,23-04-2024,cat food,1883
1797,22-03-2025,newspapers,3611
1148,03-12-2025,newspapers,3654
1512,24-09-2024,shopping bags,1404
1296,02-08-2024,cereal,2696
1665,15-07-2024,newspapers,1358
1904,01-04-2024,curd,5907
1694,01-11-2025,canned beer,3556
1359,02-07-2024,root vegetables,3938
1107,12-08-2024,canned beer,4298
1603,20-02-2024,brown bread,2118
2106,26-11-2024,rolls/buns,4066
1535,14-03-2024,frozen vegetables,4965
2159,26-11-2025,canned beer,5308
1959,06-07-2024,granola,3545
1792,14-07-2025,salty snack,3167
1946,21-06-2024,white bread,2389
1565,30-05-2024,frankfurter,1642
1222,17-09-2025,butter,2388
1132,14-10-2025,whole milk,2743
1895,10-02-2024,margarine,5187
2168,01-08-2024,citrus fruit,2238
2129,15-11-2024,margarine,3531
1997,24-01-2024,salty snack,174
1942,11-08-2025,frankfurter,5004
1253,18-03-2025,canned beer,4761
1665,11-10-2025,cereal,4511
1396,19-01-2025,frozen vegetables,1110
1311,29-12-2024,ground beef,839
1027,01-03-2025,,3956
1095,14-08-2024,root vegetables,3602
1759,11-02-2024,canned beer,2872
1619,02-02-2024,root vegetables,5200
1858,24-11-2024,creamer,1407
1334,09-11-2025,canned beer,361
1227,07-11-2024,curd,1267
1520,19-10-2024,cat food,1584
1545,31-08-2024,margarine,5337
1110,24-01-2025,margarine,2108
1483,30-12-2024,tropical fruit,2020
1006,06-07-2024,yogurt,3887
1193,15-02-2025,coffee,2380
1780,27-11-2024,margarine,424
1109,21-05-2024,cat food,2087
2182,11-08-2024,hamburger meat,1098
2139,21-08-2024,bottled water,3862
1092,11-01-2025,curd,1844
1593,08-01-2025,root vegetables,5199
1060,24-06-2025,margarine,4560
1738,11-02-2025,canned beer,1467
1410,12-04-2024,canned beer,518
1783,27-08-2024,cheese,619
1225,22-06-2024,canned beer,5368
1643,06-01-2024,pip fruit,3904
1557,13-09-2025,newspapers,5101
1892,10-06-2024,rolls/buns,2214
1281,25-08-2024,canned beer,5698
1341,19-05-2024,frankfurter,2529
1644,10-03-2024,curd,1209
2172,18-12-2024,newspapers,2991
2166,30-12-2025,pip fruit,1926
2129,15-11-2024,napkins,3531
1766,25-11-2024,whole milk,4983
1223,02-08-2024,canned beer,5699
1794,25-04-2024,tropical fruit,117
1635,28-10-2024,newspapers,4567
1477,21-03-2024,salsa,1111
1820,03-10-2024,canned beer,1078
1791,28-07-2024,whole milk,2556
2151,29-03-2024,margarine,5821
1511,04-08-2025,newspapers,5650
1316,27-09-2024,canned beer,1794
1637,06-06-2025,frankfurter,4271
1291,22-10-2025,bottled water,651
1227,15-05-2024,napkins,4055
1998,28-01-2024,root vegetables,4113
1117,10-04-2024,butter,1871
2069,08-05-2024,newspapers,3398
1636,02-12-2025,bananas,1600
1501,08-10-2024,rolls/buns,743
2108,25-09-2024,cheese,1365
1082,13-01-2025,margarine,3339
2155,10-01-2024,canned beer,2134
1389,30-06-2025,pastry,738
1811,20-04-2025,domestic eggs,682
2169,25-06-2024,root vegetables,4319
1324,16-07-2024,salsa,2249
1195,24-11-2025,tomato sauce,4262
2062,26-03-2025,coffee,1023
2156,23-06-2025,chocolate,3798
1475,03-12-2025,ice cream,3395
1772,10-01-2025,root vegetables,140
1173,03-11-2024,  MARGARINE,1359
1279,24-10-2025,canned beer,2715
1192,08-12-2025,tropical fruit,3972
1141,07-12-2024,jam,3460
2092,10-06-2024,ice cream,1667
1145,11-02-2025,sausage,3368
2004,22-03-2025,whole milk,3733
1883,16-06-2025,canned beer,295
2116,28-01-2024,bottled water,4938
1235,24-07-2024,canned beer,3742
1299,15-09-2025,canned beer,5056
1930,26-05-2024,pastry,433
1356,07-09-2024,tomato sauce,35
2172,15-11-2024,root vegetables,4103
2111,31-01-2025,salsa,2289
1830,20-10-2024,newspapers,2415
1024,16-02-2025,tropical fruit,321
1060,10-10-2024,canned beer,1441
1744,25-09-2024,  CANNED BEER,2526
1859,29-06-2025,rolls/buns,1272
2161,20-07-2024,brown bread,951
1624,27-07-2025,granola,3050
1365,01-04-2025,ice cream,5934
2009,03-11-2024,rolls/buns,5748
1550,16-10-2024,canned beer,3135
1361,17-04-2024,curd,4672
1137,20-11-2024,frankfurter,210
1614,17-06-2024,canned beer,2606
1990,30-08-2025,chocolate,2644
1028,05-07-2025,margarine,4044
2015,07-07-2024,whole milk,3533
1250,18-10-2025,citrus fruit,3621
2177,11-12-2024,chocolate,3459
2088,04-06-2024,hamburger meat,3349
1646,04-08-2024,canned beer,472
1647,26-05-2024,frozen vegetables,248
1846,21-12-2025,tomato sauce,249
2154,11-11-2024,bottled water,1519
1615,03-02-2025,hamburger meat,535
1189,29-03-2024,root vegetables,4756
1711,28-05-2024,canned beer,4427
1871,06-12-2024,onions,737
2098,01-12-2025,salsa,1929
2061,18-08-2024,domestic eggs,2939
1386,24-07-2024,canned beer,368
1141,23-02-2024,brown bread,3306
1513,21-11-2025,canned beer,1791
1353,26-11-2025,chocolate,1357
2151,29-03-2024,newspapers,5821
1909,19-11-2025,frozen vegetables,1168
1708,18-12-2025,margarine,809
1622,29-02-2024,ketchup,166
2091,14-09-2025,canned beer,945
1233,19-09-2024,newspapers,5157
1392,27-02-2025,frankfurter,1218
1959,30-03-2024,canned beer,4667
1405,29-10-2024,root vegetables,2604
1277,03-07-2024,chocolate,2245
1880,29-03-2025,sausage,1925
1020,23-12-2024,canned beer,2351
1905,08-12-2024,napkins,4927
2078,14-11-2025,paper towels,1552
1509,27-11-2024,tropical fruit,2885
1254,17-08-2025,canned beer,4957
1510,12-11-2024,bottled water,3607
2105,14-07-2025,newspapers,1120
1115,21-02-2024,frankfurter,5611
2159,12-04-2024,frankfurter,5542
1163,28-11-2024,newspapers,5404
1832,25-07-2025,newspapers,5747
1470,20-12-2025,soda,2480
1916,18-08-2024,onions,4321
1090,19-02-2025,rolls/buns,4748
1293,26-09-2025,salsa,3806
1795,31-07-2025,canned beer,4580
1082,13-01-2025,canned beer,3339
1618,13-03-2024,margarine,218
1567,18-10-2024,tortillas,3849
2045,06-03-2025,frankfurter,1999
1418,12-04-2025,canned beer,4403
1823,21-06-2025,soda,4341
2168,11-03-2024,tropical fruit,185
1297,24-12-2025,tomato sauce,2438
2047,23-08-2025,margarine,3016
1128,07-09-2024,root vegetables,5369
2181,06-01-2025,cereal,4457
1311,23-06-2025,  BROWN BREAD,514
1329,16-10-2024,canned beer,5715
2044,31-12-2024,ketchup,3681
1540,29-06-2025,margarine,1402
1223,09-09-2025,whole milk,2408
1706,12-02-2025,rolls/buns,2858
1786,04-01-2025,root vegetables,3003
1804,23-07-2025,frankfurter,40
1321,15-01-2025,citrus fruit,3479
1355,01-07-2025,canned beer,492
1460,27-05-2025,tropical fruit,5909
1130,05-04-2024,cereal,5736
1476,18-02-2025,canned beer,4302
1690,30-08-2024,ketchup,5223
1240,18-03-2025,pastry,5463
1783,15-03-2024,dish detergent,3323
1379,20-08-2024,bottled water,3600
1419,12-10-2024,curd,3788
1849,16-12-2024,pasta,3342
1210,09-03-2024,white bread,620
1037,02-02-2025,white bread,255
1276,26-03-2024,,2708
1354,30-10-2024,white bread,5859
1883,13-09-2025,canned beer,3818
1492,07-04-2024,beef,3104
1875,08-07-2025,coffee,4822
1408,11-09-2025,frankfurter,766
1592,21-10-2024,domestic eggs,5096
2059,06-07-2024,white bread,1690
1696,24-11-2024,  PAPER TOWELS,4316
1344,08-04-2025,salty snack,2432
1117,31-10-2025,margarine,1834
2152,13-02-2025,bottled water,2941
1955,05-12-2024,granola,3977
1281,06-04-2025,paper towels,4764
1402,07-12-2024,canned beer,3421
1681,09-05-2024,canned beer,2965
1965,12-09-2024,bottled water,2169
1780,17-08-2025,soda,2996
1613,31-03-2024,pastry,3761
1263,07-09-2024,cereal,4732
1953,11-11-2025,ice cream,1976
2080,07-10-2025,whole milk,5683
1933,29-04-2025,whole milk,5162
1755,09-08-2024,canned beer,1729
1109,10-01-2025,whole milk,3297
1181,18-09-2024,chocolate,4482
1565,02-07-2024,diapers,5656
1992,23-10-2024,chocolate,4956
1323,06-01-2024,curd,3550
2080,10-06-2024,margarine,4483
1903,09-03-2024,canned beer,5423
2024,12-05-2024,soda,1762
1010,24-07-2024,canned beer,5510
1419,09-01-2025,yogurt,2590
2141,24-11-2024,whole milk,5813
1631,20-08-2025,granola,1318
1176,25-12-2025,pastry,2293
1135,27-11-2025,root vegetables,4870
1876,12-07-2024,citrus fruit,4706
1181,22-09-2024,root vegetables,3668
1744,26-02-2025,ice cream,5488
2159,26-11-2025,frankfurter,5308
1669,06-01-2024,pasta,2052
1449,24-03-2025,newspapers,5653
1373,21-04-2024,canned beer,2951
1158,16-01-2025,bottled water,4122
1830,09-11-2025,hamburger meat,4952
1806,24-12-2024,newspapers,1483
1403,09-12-2025,ice cream,212
2179,26-06-2024,canned beer,2910
1173,03-11-2024,dish detergent,1359
1720,02-03-2025,bottled water,1688
1866,09-08-2024,paper towels,1370
1715,29-11-2024,canned beer,4172
1077,22-07-2025,frankfurter,900
2130,14-11-2024,citrus fruit,3315
1996,10-06-2024,whole milk,2143
1966,09-02-2024,diapers,5067
1666,22-03-2025,canned beer,4054
1163,02-02-2024,whole milk,3542
1575,18-04-2025,soda,2919
1517,22-12-2024,  MARGARINE,3147
1894,22-05-2025,yogurt,5213
1654,05-01-2025,pip fruit,4598
1089,12-03-2025,root vegetables,2780
1014,06-07-2024,paper towels,5234
1309,23-02-2025,hamburger meat,4368
1738,21-04-2024,citrus fruit,1543
2188,01-08-2024,citrus fruit,683
2169,29-04-2024,pastry,2096
1791,28-10-2024,chocolate,5428
2168,31-03-2025,canned beer,859
1170,12-11-2024,cat food,4463
1339,30-01-2024,ground beef,4397
1175,30-03-2024,whole milk,3434
1136,08-12-2025,canned beer,4944
2069,08-05-2024,yogurt,3398
1506,28-04-2024,chocolate,5401
1869,10-09-2024,bottled water,5556
1366,01-02-2025,whole milk,4425
2044,04-10-2025,chocolate,39
1455,24-08-2025,cereal,3061
2042,25-04-2024,citrus fruit,23
1037,05-11-2025,newspapers,3560
2180,01-07-2025,paper towels,4867
1350,11-11-2025,citrus fruit,3462
1470,27-10-2025,white bread,528
1835,23-01-2025,citrus fruit,2209
1600,29-11-2024,  ROOT VEGETABLES,4369
1604,12-10-2025,root vegetables,926
1959,31-05-2025,paper towels,899
1038,15-10-2024,pasta,1563
2016,05-02-2025,pasta,2612
2180,03-08-2025,bananas,2668
1571,25-03-2025,shopping bags,3270
1413,10-03-2024,canned beer,5256
2100,14-03-2024,newspapers,2252
1814,09-04-2025,margarine,5619
1929,08-01-2024,newspapers,5971
1946,03-08-2025,margarine,1413
1948,04-12-2024,beef,4602
1119,11-09-2024,canned beer,901
1030,27-02-2024,coffee,2580
1654,15-05-2024,newspapers,591
1692,10-10-2024,newspapers,4124
1045,05-11-2024,root vegetables,800
2139,15-11-2024,shopping bags,5383
2055,05-03-2025,dish detergent,1581
1014,06-04-2024,root vegetables,3102
1997,17-02-2025,whole milk,2226
1612,14-05-2024,shopping bags,2856
1655,17-09-2025,tortillas,5466
1816,29-12-2024,yogurt,4554
1877,02-11-2024,salty snack,501
1800,04-03-2025,bottled water,1545
1951,31-01-2025,cat food,1652
1263,03-01-2024,sausage,4197
2078,26-05-2024,root vegetables,2450
2153,09-12-2025,citrus fruit,1628
1088,08-04-2025,margarine,1135
1705,04-08-2024,soda,4115
1505,01-03-2024,frankfurter,5513
1123,26-05-2024,salty snack,1230
1582,02-04-2024,domestic eggs,5377
1073,23-04-2025,salty snack,2568
1811,01-01-2024,cat food,5090
1392,27-02-2025,ice cream,1218
1933,29-04-2025,brown bread,5162
1308,20-05-2024,canned beer,4581
2164,26-02-2024,chocolate,3683
2153,01-02-2024,root vegetables,4301
1890,13-08-2025,root vegetables,3517
1815,17-02-2025,canned beer,155
1694,04-12-2024,curd,257
1334,14-03-2025,paper towels,3662
1168,15-11-2025,soda,2738
1805,15-04-2025,whole milk,3221
1976,14-11-2025,yogurt,2911
1689,13-04-2024,jam,5802
2149,28-02-2025,dish detergent,4436
1868,05-07-2024,shopping bags,4020
2194,06-07-2024,frankfurter,5695
2075,21-02-2024,newspapers,3208
1284,11-08-2025,root vegetables,2503
1327,13-03-2024,canned beer,5048
1167,01-12-2025,root vegetables,2682
2007,18-03-2024,brown bread,3112
1425,20-04-2024,whole milk,5442
2173,12-06-2024,canned beer,1917
1792,14-07-2025,bottled water,3167
1238,31-10-2024,canned beer,4968
2144,28-09-2024,pasta,2210
1085,24-01-2025,whole milk,3952
1165,31-05-2024,root vegetables,3316
2138,15-06-2025,citrus fruit,4718
1527,01-07-2025,margarine,795
1765,18-10-2024,paper towels,1783
1848,17-01-2025,granola,2138
1549,31-07-2025,tropical fruit,2124
1407,16-04-2025,cereal,5963
1836,06-09-2025,ketchup,4975
2111,30-09-2025,domestic eggs,3974
1508,21-03-2025,soda,2565
1156,24-02-2024,bottled water,5786
1183,06-01-2025,canned beer,1299
1561,03-12-2025,sausage,2507
1182,26-12-2025,root vegetables,3406
1732,18-06-2024,white bread,3039
2061,13-11-2024,frankfurter,1877
1324,16-07-2024,ground beef,2249
1965,07-04-2025,  CREAMER,4159
1440,04-01-2024,coffee,5112
1435,20-08-2025,napkins,4196
1708,19-05-2024,yogurt,3810
1202,15-10-2025,salty snack,602
1326,08-04-2024,root vegetables,3743
1726,10-10-2025,whole milk,1073
1835,28-02-2025,white bread,5881
1476,24-01-2025,root vegetables,4922
1924,06-05-2024,sausage,5335
1593,08-01-2025,frankfurter,5199
1886,05-10-2025,ice cream,5980
2188,01-08-2024,whole milk,683
1618,14-09-2024,ice cream,1506
1039,18-09-2024,rolls/buns,440
1991,22-03-2025,onions,4098
1317,10-06-2024,pastry,4958
1078,20-04-2024,ground beef,3620
1298,06-01-2024,pip fruit,1516
2044,27-12-2025,margarine,1760
1741,26-04-2025,diapers,5541
1860,01-04-2025,margarine,2185
1939,07-06-2024,soda,4072
2168,11-03-2024,tortillas,185
1307,07-01-2025,frankfurter,11
2107,06-02-2024,paper towels,1679
1461,09-06-2024,white bread,4865
1702,08-06-2025,brown bread,5389
1509,02-08-2025,canned beer,3273
1280,24-04-2025,citrus fruit,5741
1768,30-11-2024,margarine,4763
1091,19-01-2025,root vegetables,4886
2125,06-01-2024,white bread,4515
1681,09-05-2024,paper towels,2965
1105,15-05-2024,citrus fruit,2740
1389,13-02-2025,whole milk,4305
2082,18-05-2025,dish detergent,3034
1120,11-10-2025,chocolate,1067
1930,26-05-2024,creamer,433
1800,01-06-2025,tropical fruit,3009
1769,08-04-2024,soda,1738
1473,24-04-2025,bottled water,5487
1241,09-01-2025,root vegetables,4570
1130,27-03-2025,ketchup,2231
2188,03-10-2024,soda,3569
1613,19-07-2025,newspapers,4318
1708,16-03-2025,whole milk,2978
1633,21-09-2025,canned beer,771
1075,04-06-2024,domestic eggs,3890
1465,10-01-2025,canned beer,4282
2069,11-02-2024,citrus fruit,3793
1513,28-03-2025,soda,3948
2167,14-06-2025,bottled water,5352
1071,17-05-2024,margarine,1175
1328,07-05-2025,pastry,4136
2041,27-09-2025,salsa,5027
1115,20-12-2025,white bread,5572
1482,11-02-2024,domestic eggs,1887
1222,16-10-2024,citrus fruit,1807
1816,18-01-2024,citrus fruit,2273
1095,08-07-2024,whole milk,4225
1653,10-05-2024,napkins,3494
1405,18-02-2025,ice cream,3464
1101,02-10-2025,root vegetables,1210
1677,18-06-2024,chips,1457
1738,17-09-2024,ketchup,2152
1282,16-11-2024,shopping bags,1575
1062,11-09-2024,domestic eggs,5161
1405,06-10-2025,rolls/buns,2719
2120,10-11-2025,curd,1714
1155,12-01-2024,white bread,1265
1028,05-07-2025,pip fruit,4044
1719,16-10-2025,coffee,1768
1037,02-02-2025,bottled water,255
1068,05-08-2024,  DIAPERS,2290
1950,28-04-2024,domestic eggs,206
1731,20-08-2024,tomato sauce,4307
1653,10-05-2024,curd,3494
1959,08-06-2024,ground beef,3051
2179,27-05-2025,bananas,1025
1691,27-02-2025,cereal,4106
1072,04-09-2024,root vegetables,5970
1344,14-07-2025,cat food,4909
1898,02-11-2024,rolls/buns,3255
1730,06-11-2025,canned beer,5068
1942,18-02-2024,canned beer,3078
1700,28-11-2025,frozen vegetables,643
1718,04-07-2024,chips,1002
1427,04-07-2024,beef,1585
1565,18-10-2024,canned beer,1532
1510,15-03-2025,canned beer,1773
1073,17-09-2024,parmesan,639
2171,01-01-2025,canned beer,5528
1476,10-03-2025,white bread,1980
1631,29-05-2024,frankfurter,4908
1649,09-05-2025,tortillas,4036
1940,12-01-2024,frozen vegetables,5464
1107,14-10-2025,tropical fruit,1071
1871,25-02-2024,white bread,599
1866,09-08-2024,jam,1370
1622,11-08-2025,newspapers,1785
1314,12-03-2025,bottled water,3898
1150,05-03-2024,root vegetables,2531
1107,14-10-2025,yogurt,1071
1476,09-05-2025,pasta,2572
1852,22-03-2025,pastry,1539
1334,14-03-2025,canned beer,3662
1713,18-06-2025,pastry,4814
1266,18-03-2024,bottled water,5574
1850,16-06-2024,canned beer,4219
1756,11-11-2025,margarine,3140
1985,02-08-2024,frankfurter,393
1702,31-03-2025,cat food,3252
1651,28-05-2024,citrus fruit,1643
1522,01-09-2025,rolls/buns,2488
1551,23-05-2025,sausage,3379
2179,26-06-2024,tortillas,2910
1991,09-01-2024,ground beef,3157
2017,24-01-2024,canned beer,1931
1814,13-07-2024,canned beer,563
1883,02-12-2025,rolls/buns,429
1987,20-05-2024,bottled water,3309
1219,10-03-2024,  MARGARINE,1847
1890,13-04-2025,canned beer,2964
1105,18-04-2025,curd,3463
1289,20-12-2024,white bread,5143
1743,02-09-2025,domestic eggs,3841
2125,04-05-2025,margarine,5376
1829,18-04-2025,salsa,1822
1809,08-06-2025,margarine,3196
1450,09-09-2025,canned beer,3442
2065,23-03-2025,salsa,4588
1669,22-08-2024,pasta,1076
1009,29-03-2024,,3035
2017,30-08-2024,whole milk,3532
1795,31-07-2025,frankfurter,4580
1170,18-12-2025,whole milk,269
2072,11-04-2024,bottled water,1975
2011,04-08-2024,margarine,3564
2061,29-09-2024,margarine,19
1712,22-03-2025,pasta,3192
1291,22-10-2025,  BOTTLED WATER,651
1279,08-10-2024,white bread,728
1742,27-06-2025,chips,4230
2069,08-05-2024,onions,3398
1877,02-11-2024,margarine,501
1775,26-08-2025,salsa,4990
2078,26-05-2024,canned beer,2450
1317,04-10-2025,napkins,833
1946,14-05-2024,bottled water,3083
1781,06-10-2025,citrus fruit,5465
1019,03-09-2025,napkins,2326
1261,16-12-2024,canned beer,1656
1078,29-07-2024,chocolate,5799
1814,13-07-2024,ketchup,563
1138,23-07-2025,napkins,4686
1856,09-01-2025,soda,3570
1279,08-10-2024,citrus fruit,728
1187,26-08-2025,yogurt,2060
1356,12-11-2025,pastry,5444
1296,29-03-2025,rolls/buns,531
1023,18-08-2024,paper towels,3497
2144,28-09-2024,parmesan,2210
1094,07-02-2024,margarine,5152
2148,15-06-2025,diapers,4395
1839,16-03-2025,margarine,2803
1588,28-07-2025,margarine,1336
1123,04-09-2024,whole milk,2183
1540,05-07-2024,granola,3375
1865,21-01-2024,canned beer,5975
1402,27-03-2024,shopping bags,1901
2074,20-05-2025,margarine,13
2050,08-12-2025,whole milk,5005
1646,15-10-2024,frankfurter,4238
1301,23-08-2025,jam,2785
1980,29-04-2024,canned beer,710
1219,10-03-2024,tropical fruit,1847
1229,03-04-2024,soda,5259
1368,10-09-2024,curd,1580
1842,12-10-2025,yogurt,1367
2145,30-08-2025,newspapers,2775
1488,28-02-2024,chocolate,122
1396,19-01-2025,butter,1110
2128,30-08-2024,onions,1932
2061,13-11-2024,diapers,1877
1332,15-01-2024,ketchup,3652
2145,05-06-2024,chocolate,5777
2038,30-03-2024,citrus fruit,3768
2134,02-04-2024,margarine,2470
1708,19-03-2025,root vegetables,1518
1658,19-08-2024,pip fruit,1322
1042,14-04-2024,newspapers,3812
1988,23-03-2025,frankfurter,1317
1300,12-07-2025,canned beer,4303
1201,30-09-2025,white bread,520
1997,17-02-2025,salsa,2226
1600,27-09-2024,  WHITE BREAD,1676
1264,31-08-2024,newspapers,4006
2089,25-03-2024,newspapers,2620
2157,30-01-2024,pip fruit,3984
1314,12-03-2025,pastry,3898
1834,11-02-2025,citrus fruit,384
1716,05-11-2024,tortillas,5314
1023,20-03-2024,shopping bags,2302
1726,06-12-2024,root vegetables,1549
1947,15-07-2025,granola,4252
1399,29-04-2024,shopping bags,2815
2120,11-02-2024,jam,3041
1768,30-11-2024,canned beer,4763
1916,18-08-2024,salsa,4321
1734,06-10-2025,bananas,4384
1484,23-02-2024,canned beer,2635
1389,13-02-2025,white bread,4305
1310,28-09-2025,rolls/buns,4846
1916,28-12-2024,shopping bags,5071
1916,18-08-2024,ice cream,4321
1781,28-06-2024,root vegetables,4749
1328,04-09-2025,onions,817
1704,03-03-2024,domestic eggs,2399
1992,17-03-2025,frozen vegetables,850
1016,30-07-2025,citrus fruit,2532
2144,23-07-2025,margarine,1298
1395,30-04-2024,diapers,1234
1983,16-08-2025,frankfurter,2710
1476,24-05-2024,sugar,4294
2026,24-01-2025,domestic eggs,626
1916,24-05-2025,canned beer,823
1250,03-07-2024,  CHOCOLATE,4484
1850,12-05-2024,whole milk,2446
1558,04-09-2025,jam,3805
1361,17-04-2024,frankfurter,4672
2107,06-07-2025,rolls/buns,110
1229,03-04-2024,chips,5259
1635,26-11-2025,yogurt,4695
2011,22-01-2025,citrus fruit,4323
1623,13-08-2024,  CURD,1342
2157,16-09-2024,butter,3244
1870,18-05-2024,soda,276
1878,02-03-2025,margarine,5141
1153,11-02-2025,citrus fruit,525
1808,12-04-2025,domestic eggs,390
1479,09-08-2024,sugar,684
1493,27-06-2024,rolls/buns,3303
2147,05-11-2025,margarine,681
1731,24-01-2025,white bread,4093
1024,11-06-2024,frankfurter,1231
1030,02-07-2025,frozen vegetables,4380
1460,01-05-2025,diapers,927
1979,13-07-2025,margarine,4296
1565,01-12-2024,soda,1948
1191,06-03-2024,canned beer,4480
1580,07-11-2024,cheese,4740
1659,01-03-2024,bottled water,3132
1537,27-08-2025,pastry,928
1973,03-11-2025,pastry,611
1554,31-12-2024,beef,4070
1410,22-04-2024,citrus fruit,5964
1603,21-07-2024,cat food,2654
1508,04-12-2025,citrus fruit,1118
2138,25-11-2025,chocolate,4904
1871,26-03-2025,  ROOT VEGETABLES,1674
1980,23-11-2024,root vegetables,1412
1562,17-01-2024,frankfurter,5835
1305,25-06-2024,root vegetables,1427
1237,03-08-2024,tropical fruit,498
1247,26-11-2024,pastry,3519
1356,16-08-2025,root vegetables,851
1035,03-08-2024,ketchup,1631
1146,18-08-2025,frankfurter,4370
1259,09-09-2025,brown bread,4444
1870,07-04-2025,salty snack,1699
1437,30-09-2024,frankfurter,3356
1334,09-11-2025,cereal,361
2172,02-10-2025,  ONIONS,3290
1723,17-06-2025,canned beer,5923
1334,01-09-2024,jam,3785
2189,29-06-2025,root vegetables,2638
1296,11-09-2025,whole milk,4925
1731,10-08-2024,rolls/buns,5356
1310,28-09-2025,newspapers,4846
1315,25-09-2025,shopping bags,3347
1343,07-06-2025,margarine,3321
2003,15-02-2024,canned beer,3180
1887,04-10-2024,root vegetables,5749
1743,02-09-2025,chips,3841
1416,17-03-2024,bottled water,917
1747,19-05-2025,frankfurter,5284
1258,04-12-2025,pasta,1769
1406,22-05-2024,salty snack,1437
1768,08-08-2024,diapers,61
1656,11-02-2025,rolls/buns,1202
1940,01-10-2025,root vegetables,104
1928,27-02-2025,citrus fruit,3745
1184,20-04-2024,salsa,85
1072,30-01-2024,ground beef,4441
1316,27-09-2024,hamburger meat,1794
1787,29-12-2025,,2321
1221,18-05-2025,pastry,4063
1450,15-12-2025,citrus fruit,4005
1025,29-04-2024,margarine,3921
1782,02-04-2025,ice cream,2596
1508,04-12-2025,canned beer,1118
1312,28-03-2024,sausage,2455
2043,05-02-2024,tortillas,3235
1414,10-10-2025,newspapers,2347
1465,31-01-2024,root vegetables,1388
1827,19-08-2025,sugar,2417
1225,22-07-2025,rolls/buns,453
1646,04-08-2024,whole milk,472
2159,20-02-2025,onions,2423
2138,25-11-2025,newspapers,4904
1952,12-11-2025,margarine,1781
1729,15-10-2025,tortillas,5828
1932,18-10-2025,whole milk,5086
1924,22-02-2025,frozen vegetables,3576
1509,24-05-2024,domestic eggs,2402
1304,15-09-2024,soda,3369
1377,05-07-2025,citrus fruit,4465
1832,30-09-2024,chocolate,1475
1432,02-04-2024,root vegetables,3944
1823,20-07-2024,brown bread,2634
2079,20-04-2024,white bread,734
1831,22-11-2025,yogurt,3847
1435,18-11-2025,root vegetables,1014
1403,14-12-2024,sausage,3266
1834,18-02-2025,ketchup,2559
1407,13-06-2024,canned beer,5103
2040,03-07-2025,cat food,3017
1161,03-01-2025,margarine,2100
1549,03-12-2025,soda,1240
1259,12-09-2025,brown bread,584
1672,06-08-2025,napkins,1764
1435,20-08-2025,margarine,4196
1316,24-04-2024,crackers,4108
1062,23-01-2025,curd,5641
1460,23-09-2024,pastry,4192
1155,08-06-2025,root vegetables,4414
2115,19-03-2025,whole milk,854
1903,09-03-2024,margarine,5423
1376,15-05-2025,napkins,2915
2198,23-07-2024,whole milk,990
1749,11-01-2025,sausage,1418
1461,28-10-2025,bottled water,1986
1627,10-04-2024,rolls/buns,5188
1950,04-07-2024,canned beer,3403
1684,10-07-2025,newspapers,4300
1447,18-03-2024,frankfurter,2798
1836,25-10-2024,pasta,2181
2069,08-05-2024,paper towels,3398
1025,28-04-2025,ground beef,5817
2057,18-06-2024,root vegetables,5758
1584,14-12-2025,canned beer,5915
1349,28-12-2025,paper towels,3475
1856,16-08-2024,pip fruit,3717
1684,03-01-2024,chocolate,3840
1655,17-09-2025,frankfurter,5466
1451,12-09-2024,  ROOT VEGETABLES,353
1317,11-04-2025,root vegetables,4435
1055,25-08-2025,frankfurter,5353
2078,26-05-2024,domestic eggs,2450
1660,10-10-2024,domestic eggs,1302
1476,10-03-2025,salsa,1980
1801,09-11-2024,citrus fruit,4045
1359,09-09-2024,root vegetables,4419
1936,07-04-2025,dish detergent,3614
1311,23-06-2025,brown bread,514
1633,05-03-2025,root vegetables,137
1859,02-06-2024,white bread,873
1440,28-04-2025,canned beer,507
1402,07-12-2024,citrus fruit,3421
1102,11-04-2024,tropical fruit,5180
1027,07-04-2025,yogurt,3871
1835,05-01-2024,root vegetables,5618
1727,27-03-2025,margarine,2081
2119,21-06-2025,bottled water,5002
2067,10-12-2025,newspapers,4828
1198,31-08-2024,frozen vegetables,688
2167,27-06-2025,onions,544
1915,09-10-2024,chocolate,924
1377,18-10-2024,newspapers,1613
2011,17-03-2025,whole milk,1308
1500,21-07-2025,dish detergent,2122
1063,14-10-2025,tropical fruit,4413
1010,24-03-2024,beef,5409
1675,15-11-2024,tropical fruit,4216
1915,10-05-2024,,5605
1834,15-10-2024,whole milk,4784
1762,16-05-2024,canned beer,2271
1316,27-09-2024,white bread,1794
1575,02-06-2024,canned beer,4202
1045,24-03-2025,paper towels,746
1845,26-09-2024,newspapers,3873
1080,19-01-2024,butter,3992
1786,16-03-2024,canned beer,5707
1070,27-09-2024,pasta,5443
1930,17-06-2024,canned beer,1137
1205,29-05-2025,bottled water,2401
2182,11-08-2024,napkins,1098
1835,09-03-2025,cat food,3328
1649,04-03-2024,canned beer,0
1036,26-06-2025,yogurt,5037
1253,07-07-2024,white bread,3431
1919,15-11-2024,soda,722
1179,20-12-2024,white bread,1761
2151,01-06-2024,canned beer,4214
2168,31-03-2025,pastry,859
1833,04-03-2025,brown bread,2485
1253,24-05-2025,salsa,2156
1240,18-03-2025,granola,5463
2059,20-04-2024,onions,2298
1506,19-03-2024,newspapers,4162
1972,17-10-2025,root vegetables,3087
1451,11-09-2025,paper towels,87
1916,28-02-2024,bottled water,2905
1860,01-04-2025,  ONIONS,2185
1756,28-07-2024,pastry,4637
1244,16-03-2024,citrus fruit,4601
1751,20-02-2024,salty snack,5930
2041,29-05-2024,canned beer,4656
1708,16-03-2025,frankfurter,2978
1451,12-09-2024,cat food,353
1589,05-06-2025,tortillas,5129
1812,20-09-2025,parmesan,5108
1132,18-06-2025,chocolate,784
1778,08-09-2025,rolls/buns,1691
1946,02-01-2025,frozen vegetables,2611
2179,30-05-2024,white bread,4964
1120,11-10-2025,whole milk,1067
1559,27-07-2025,whole milk,5635
1261,16-12-2024,  WHITE BREAD,1656
2067,10-12-2025,cat food,4828
1184,11-10-2024,pastry,4001
1237,23-01-2025,frankfurter,3088
1223,10-08-2025,white bread,5483
1177,16-11-2025,beef,2166
1946,21-08-2025,bananas,2581
1137,21-10-2025,white bread,1930
2053,15-09-2024,diapers,4039
1995,31-10-2024,cat food,2966
1941,31-03-2024,canned beer,4008
1790,12-08-2024,whole milk,4546
1233,24-05-2025,rolls/buns,263
1350,11-11-2025,salsa,3462
1467,02-08-2025,sausage,4939
2079,12-11-2025,chocolate,4624
1181,09-05-2025,bananas,3458
2084,17-11-2024,whole milk,430
1528,30-01-2024,bottled water,2328
1948,08-02-2024,canned beer,2660
1524,27-08-2025,citrus fruit,1423
1852,09-10-2025,whole milk,377
1806,24-12-2024,citrus fruit,1483
2193,26-08-2025,salty snack,2009
1607,04-08-2024,tropical fruit,1732
2054,15-04-2024,sausage,1031
1194,03-12-2025,chocolate,1183
1580,28-06-2024,newspapers,279
1854,29-07-2024,whole milk,5727
2060,04-05-2024,pastry,3410
1892,17-04-2025,salty snack,496
1368,10-09-2024,cheese,1580
1373,02-03-2025,bottled water,4535
1915,05-01-2024,soda,5526
2067,12-07-2024,white bread,5602
1175,20-04-2024,bananas,5772
1016,01-05-2024,onions,2753
1347,05-12-2024,ketchup,5943
1873,01-08-2024,canned beer,1059
1330,27-10-2025,whole milk,1352
2173,30-04-2024,root vegetables,3121
1286,29-02-2024,root vegetables,5000
2047,14-02-2024,margarine,3465
1094,06-02-2024,bottled water,2652
2088,21-08-2025,jam,5593
2179,22-03-2025,newspapers,3504
1507,07-04-2024,margarine,3991
1027,11-03-2025,canned beer,331
1635,22-08-2024,root vegetables,4289
1769,08-04-2024,canned beer,1738
2129,18-04-2024,whole milk,5662
1899,06-06-2025,curd,3400
1852,25-01-2024,cereal,5357
1634,03-06-2024,brown bread,3353
1192,08-12-2025,whole milk,3972
1701,07-12-2025,chocolate,460
1735,25-08-2025,curd,2700
2110,28-10-2024,root vegetables,5908
1253,24-05-2025,frozen vegetables,2156
1825,01-04-2024,canned beer,4977
1967,19-02-2024,tropical fruit,5166
1163,02-02-2024,root vegetables,3542
1754,09-12-2025,margarine,5153
1062,11-09-2024,pip fruit,5161
1718,15-09-2025,shopping bags,4138
2112,25-06-2025,white bread,271
1824,14-08-2025,cat food,4634
1170,19-09-2024,chips,2028
2069,31-07-2025,whole milk,3264
1145,30-01-2024,paper towels,2547
1497,04-12-2024,bottled water,1592
1082,31-03-2025,pastry,4350
1251,25-08-2025,red wine,2262
2010,14-12-2025,white bread,1797
1075,09-09-2024,cat food,4575
1382,04-03-2024,whole milk,3896
2144,20-12-2025,pasta,5589
1220,20-03-2025,cereal,4448
2032,14-04-2025,chocolate,4871
1060,08-10-2024,cereal,5367
1432,27-07-2024,tropical fruit,1372
1730,25-10-2025,newspapers,1309
1822,27-10-2025,cat food,1632
2167,14-06-2025,margarine,5352
1980,28-11-2024,domestic eggs,1813
1701,18-02-2024,whole milk,4739
1819,11-06-2025,napkins,1897
1438,12-08-2025,root vegetables,4090
1212,25-09-2024,citrus fruit,4487
1188,18-08-2025,granola,2396
1337,28-06-2025,tortillas,2985
2037,04-03-2024,bottled water,148
1983,09-01-2025,whole milk,5179
1615,03-12-2024,canned beer,637
1918,24-06-2025,whole milk,2220
1219,10-03-2024,canned beer,1847
2124,07-05-2024,citrus fruit,3
1835,10-07-2025,pastry,446
1538,12-12-2025,root vegetables,4876
1734,02-05-2025,whole milk,2618
1901,30-09-2025,bottled water,3407
1841,20-06-2025,root vegetables,18
1307,07-01-2025,cheese,11
1982,17-01-2025,margarine,2707
1484,27-06-2024,canned beer,595
1513,17-12-2025,domestic eggs,4235
2060,04-05-2024,margarine,3410
1575,02-06-2024,white bread,4202
1775,26-11-2025,sausage,5665
1298,28-07-2025,newspapers,2089
2163,05-05-2025,frozen vegetables,5057
1106,30-05-2024,diapers,2106
2087,01-11-2024,canned beer,5600
1225,22-07-2025,shopping bags,453
1409,16-03-2024,newspapers,3437
1518,30-11-2025,salsa,5375
1997,06-01-2025,ground beef,5704
1629,14-06-2024,frankfurter,4354
2057,08-03-2025,white bread,4109
1855,11-04-2024,salsa,3757
1235,03-03-2024,salsa,2583
2194,29-11-2024,root vegetables,1286
1296,14-03-2025,canned beer,4539
1907,24-10-2024,red wine,2496
1344,08-04-2025,canned beer,2432
1881,07-12-2024,napkins,2853
2155,05-04-2025,frankfurter,2631
1448,20-10-2025,bottled water,1001
2028,28-04-2024,salty snack,5820
1168,15-11-2025,frankfurter,2738
1166,29-04-2025,napkins,5085
1995,09-05-2025,frankfurter,2868
1347,10-03-2024,ketchup,4091
1704,08-09-2025,pastry,4348
1419,12-10-2024,newspapers,3788
1816,16-10-2024,salty snack,885
1945,03-08-2024,canned beer,1235
1565,01-12-2024,red wine,1948
1907,24-10-2024,canned beer,2496
1027,05-02-2025,  ROOT VEGETABLES,186
1240,18-08-2025,whole milk,4456
1186,01-01-2024,newspapers,5628
1833,26-08-2025,frankfurter,5392
2057,21-03-2025,frozen vegetables,5288
1447,18-05-2024,creamer,3062
1024,15-11-2025,onions,4345
1141,03-12-2024,cereal,1172
1871,26-04-2025,margarine,1287
1526,08-07-2024,frankfurter,4647
1798,24-09-2024,bottled water,963
1682,21-02-2024,domestic eggs,5239
1564,25-03-2025,tropical fruit,2527
1932,18-10-2025,ketchup,5086
1514,15-03-2025,soda,3539
1918,24-06-2025,canned beer,2220
1425,08-03-2024,bottled water,328
1646,16-03-2024,chocolate,3019
1831,24-10-2025,jam,4558
1433,08-05-2025,canned beer,2200
2189,13-12-2025,whole milk,3902
1738,17-09-2024,margarine,2152
1416,22-02-2024,brown bread,4233
1452,12-09-2024,bottled water,587
1493,16-05-2025,margarine,379
1743,28-11-2025,tomato sauce,5824
1734,06-10-2025,yogurt,4384
1265,02-03-2024,pip fruit,582
1756,06-05-2024,soda,1471
1177,03-07-2024,canned beer,1971
1538,01-06-2024,white bread,1335
2095,30-04-2024,newspapers,3666
1407,25-05-2024,chocolate,5173
1033,05-09-2024,citrus fruit,4455
1333,27-12-2025,white bread,5511
2088,04-06-2024,rolls/buns,3349
1398,26-02-2025,citrus fruit,439
1245,17-11-2024,canned beer,5609
1034,13-06-2025,sugar,4281
1041,24-10-2025,margarine,3099
1088,29-05-2025,shopping bags,4671
1408,01-06-2025,creamer,1314
1358,25-03-2024,citrus fruit,2788
1339,18-07-2024,frozen vegetables,3105
2135,29-08-2025,ice cream,2834
1585,08-06-2024,  CANNED BEER,2747
1586,04-01-2024,citrus fruit,4504
2004,18-02-2025,frankfurter,4111
1153,25-10-2024,margarine,1719
1293,19-12-2024,onions,4485
1183,30-09-2025,pastry,4679
1995,09-05-2025,beef,2868
1403,23-10-2025,newspapers,3451
2142,17-08-2024,canned beer,1888
1024,13-05-2025,paper towels,5147
1953,11-11-2025,napkins,1976
1380,25-06-2024,white bread,112
1310,19-03-2024,white bread,3522
1546,27-09-2025,bottled water,2862
1538,20-04-2024,tropical fruit,3304
1333,18-01-2025,canned beer,648
1958,06-09-2024,granola,505
1891,11-03-2025,margarine,3352
1155,23-08-2024,pip fruit,5895
2142,23-03-2025,curd,3482
1335,15-04-2024,  ONIONS,4895
2104,22-10-2025,newspapers,4919
1988,04-07-2024,white bread,309
1261,16-12-2024,white bread,1656
1956,20-06-2025,sausage,5474
1253,07-07-2024,salsa,3431
1556,18-02-2025,margarine,3457
1741,12-04-2024,cheese,1316
1916,17-08-2024,canned beer,3935
1076,07-05-2025,margarine,3906
1798,24-09-2024,pasta,963
1094,23-03-2025,margarine,3963
1600,27-09-2024,chips,1676
1561,16-06-2024,sugar,4824
1324,23-01-2025,  CHIPS,4851
1848,25-10-2024,root vegetables,1484
1945,09-07-2024,soda,4649
1970,19-06-2024,margarine,4469
2193,07-12-2025,frozen vegetables,237
1052,12-11-2025,frankfurter,387
1312,24-05-2025,canned beer,1977
1948,04-12-2024,diapers,4602
1769,24-10-2024,canned beer,625
1912,15-04-2024,jam,3554
1565,26-01-2024,hamburger meat,2593
1754,03-04-2024,bottled water,4391
1260,15-04-2024,canned beer,5957
1013,24-07-2024,cheese,5201
1485,23-01-2025,salsa,305
2163,29-08-2025,,5822
1400,03-10-2024,domestic eggs,3012
1535,25-01-2024,canned beer,5178
2197,07-08-2025,canned beer,896
1399,07-10-2025,onions,4497
1260,04-11-2025,chips,953
1565,18-10-2024,white bread,1532
1089,22-02-2024,yogurt,2711
2019,14-05-2025,sausage,3613
1738,21-04-2024,whole milk,1543
1831,25-10-2024,brown bread,923
1212,03-04-2025,newspapers,5430
1347,07-09-2024,butter,2745
1438,04-05-2024,frankfurter,2736
2171,17-12-2025,dish detergent,25
1167,03-02-2025,margarine,993
1460,01-05-2025,,927
1460,16-05-2025,newspapers,1866
2020,21-02-2024,pip fruit,4838
1820,22-02-2024,margarine,316
1134,21-01-2025,red wine,4845
1513,25-09-2024,frozen vegetables,2197
1463,16-02-2025,jam,2667
1551,21-05-2025,bottled water,2963
1141,07-09-2025,bottled water,225
1276,23-06-2025,canned beer,1576
1719,16-10-2025,sugar,1768
1833,04-03-2025,canned beer,2485
1438,11-02-2025,white bread,1337
1835,05-02-2025,white bread,2553
1338,29-03-2024,whole milk,5111
1684,22-01-2025,hamburger meat,3958
2119,02-11-2024,  FRANKFURTER,5670
2088,04-06-2024,cereal,3349
1192,20-08-2025,canned beer,314
1606,29-09-2025,bottled water,3663
1736,05-10-2024,butter,3177
1744,25-09-2024,hamburger meat,2526
1455,25-12-2024,red wine,385
1293,06-08-2024,onions,4191
2178,20-11-2024,curd,2065
1426,26-10-2025,root vegetables,605
1236,28-12-2025,margarine,3587
1337,02-04-2025,sausage,3635
1389,29-08-2024,margarine,4620
1866,22-03-2024,cat food,3148
1942,01-02-2025,margarine,2595
1093,28-04-2025,margarine,195
2152,13-12-2025,  MARGARINE,2549
1360,11-07-2024,red wine,1422
1505,19-04-2024,white bread,4768
1946,03-08-2025,napkins,1413
1959,31-05-2025,margarine,899
2094,21-12-2025,ketchup,2959
1123,22-06-2024,napkins,3301
1147,30-04-2025,cereal,3412
1684,23-09-2025,napkins,2658
1927,27-11-2024,chocolate,2363
1842,14-02-2024,root vegetables,4329
1718,15-01-2024,hamburger meat,1225
2171,02-08-2025,citrus fruit,3396
1937,08-03-2025,jam,2057
2094,08-04-2025,canned beer,5060
1418,01-01-2025,margarine,5940
2027,23-09-2024,canned beer,4572
1616,11-02-2024,root vegetables,1554
1590,12-09-2024,newspapers,4545
1528,08-10-2024,canned beer,5058
1502,03-03-2025,citrus fruit,1831
2167,13-11-2025,frozen vegetables,4775
1387,09-01-2024,pip fruit,1263
1606,27-07-2025,jam,31
1692,10-10-2024,  CHOCOLATE,4124
2155,25-03-2024,frankfurter,2023
1136,08-12-2025,curd,4944
1559,24-06-2025,root vegetables,5489
1945,09-01-2025,bottled water,610
1343,15-12-2025,frankfurter,5440
1334,05-05-2025,canned beer,797
1528,24-05-2024,citrus fruit,230
1916,15-01-2025,frozen vegetables,726
1356,25-06-2024,whole milk,3241
1981,31-08-2025,canned beer,760
1594,07-11-2025,pasta,76
1689,13-04-2024,butter,5802
1043,23-01-2025,rolls/buns,5403
2072,04-11-2025,margarine,2994
1893,12-09-2025,whole milk,4104
1814,19-06-2024,beef,2577
1940,01-10-2025,canned beer,104
1824,14-08-2025,sugar,4634
1541,21-11-2024,canned beer,5035
2126,12-05-2024,root vegetables,2630
1537,12-11-2024,sausage,2676
1488,11-10-2024,margarine,4035
1216,13-09-2025,whole milk,5761
1352,27-08-2025,citrus fruit,2013
1220,29-08-2025,whole milk,4757
1492,24-06-2024,citrus fruit,1573
1305,15-01-2024,whole milk,3056
1352,18-10-2024,root vegetables,2356
1713,18-06-2025,margarine,4814
1795,29-04-2024,rolls/buns,3374
1432,08-09-2024,whole milk,1505
1311,09-12-2025,crackers,4795
2112,22-04-2025,ground beef,5206
1764,22-11-2024,ice cream,4401
1223,10-08-2025,canned beer,5483
1358,16-10-2024,whole milk,5942
1236,05-03-2024,newspapers,3251
1924,06-05-2024,jam,5335
1559,27-07-2025,citrus fruit,5635
1412,17-12-2025,butter,4023
1427,04-07-2024,margarine,1585
1660,23-02-2025,tortillas,616
1112,11-09-2025,cat food,73
1807,10-01-2025,yogurt,3002
1927,21-02-2024,napkins,3021
1312,22-12-2024,canned beer,3130
1910,06-03-2025,parmesan,3256
1253,02-01-2025,root vegetables,2647
1961,15-11-2025,bottled water,1293
1490,02-09-2024,bottled water,5282
1036,15-09-2025,domestic eggs,4033
2192,15-01-2024,newspapers,575
2189,26-11-2025,napkins,338
2080,18-08-2024,citrus fruit,2774
1202,01-04-2025,chips,1164
1790,12-08-2024,soda,4546
1840,12-10-2025,citrus fruit,1701
2192,16-08-2024,granola,2064
1927,31-12-2024,newspapers,154
1074,23-11-2024,sausage,4755
1781,28-08-2025,  FRANKFURTER,3381
1889,26-08-2024,sausage,4787
1581,15-10-2025,sausage,4868
1699,22-12-2024,bananas,4215
1667,05-12-2024,bottled water,4701
1133,20-12-2025,frozen vegetables,3920
1965,06-04-2025,newspapers,3176
1684,22-01-2025,rolls/buns,3958
1343,29-09-2024,white bread,5307
1502,26-04-2024,pip fruit,5867
2166,06-01-2025,domestic eggs,2772
2173,31-03-2024,newspapers,5503
2145,12-12-2024,curd,5460
2093,25-07-2024,sugar,5806
1979,20-12-2025,whole milk,5082
1447,18-05-2024,butter,3062
1228,07-04-2024,bottled water,1126
1292,20-09-2024,,5918
2083,10-01-2024,  CITRUS FRUIT,373
1715,29-11-2024,citrus fruit,4172
1853,07-10-2025,jam,5726
1420,29-09-2024,citrus fruit,4410
1717,15-05-2024,white bread,4027
1552,08-12-2024,tropical fruit,288
1354,05-06-2024,jam,1814
1506,06-12-2024,white bread,4258
2012,16-09-2024,tortillas,348
1077,16-04-2025,  BEEF,315
1251,25-08-2025,beef,2262
1667,05-12-2024,domestic eggs,4701
1696,16-03-2024,yogurt,1653
1988,26-04-2025,frozen vegetables,2881
1029,28-12-2024,rolls/buns,4528
1409,16-03-2024,coffee,3437
1423,25-06-2025,domestic eggs,5175
1184,06-08-2024,onions,1725
1660,26-02-2024,citrus fruit,3435
1375,27-04-2024,chocolate,534
1906,18-08-2024,root vegetables,1604
1852,22-03-2025,citrus fruit,1539
1188,18-11-2024,salsa,2836
1867,15-09-2025,sugar,5279
1292,13-06-2024,ground beef,5688
1904,21-08-2025,soda,3655
1081,23-08-2024,white bread,4745
1389,29-08-2024,salsa,4620
1598,27-09-2025,canned beer,396
1617,05-10-2025,frozen vegetables,2927
2043,29-05-2025,canned beer,344
1425,06-11-2024,brown bread,3127
1142,06-10-2025,margarine,4170
1394,09-09-2024,newspapers,1854
1282,06-08-2024,canned beer,88
1877,16-06-2024,paper towels,1722
1528,22-04-2024,whole milk,674
1329,16-10-2024,tropical fruit,5715
1284,06-09-2025,yogurt,3926
1957,25-11-2025,canned beer,5309
1174,08-07-2024,salty snack,1011
1181,11-12-2024,onions,451
1871,13-12-2025,canned beer,147
1952,08-12-2024,canned beer,5095
1159,05-12-2024,whole milk,3863
1247,26-11-2024,citrus fruit,3519
2129,13-01-2024,canned beer,628
1887,08-04-2024,soda,3943
2013,13-01-2024,margarine,1723
1250,25-10-2025,domestic eggs,3049
1069,16-11-2024,rolls/buns,4394
1416,26-05-2025,canned beer,5425
2172,07-08-2024,sugar,5236
1979,25-02-2025,  CHOCOLATE,2863
1023,19-11-2025,  CITRUS FRUIT,198
2010,28-02-2024,frankfurter,3933
2054,14-07-2024,root vegetables,486
1415,20-03-2024,,877
1889,16-09-2024,soda,4340
1369,31-01-2024,cheese,4752
1657,09-12-2024,tropical fruit,1198
1545,25-09-2024,shopping bags,1557
1070,11-09-2024,bananas,129
1152,06-10-2025,  ROLLS/BUNS,1753
2157,30-01-2024,napkins,3984
1866,22-03-2024,newspapers,3148
2123,02-09-2024,root vegetables,4179
1065,06-11-2025,whole milk,299
1726,01-02-2024,canned beer,2333
1987,20-05-2024,newspapers,3309
1682,22-06-2025,hamburger meat,5105
1709,21-02-2025,,4398
1424,29-12-2025,sausage,4819
1365,16-02-2024,yogurt,2717
2044,05-05-2024,,1292
1325,05-09-2025,butter,2669
1418,21-09-2025,citrus fruit,5227
1904,12-07-2024,cereal,2282
1855,11-04-2024,frozen vegetables,3757
1597,25-11-2024,brown bread,3799
1652,04-11-2025,canned beer,1045
1794,17-09-2025,cat food,4582
2157,16-09-2024,jam,3244
1122,21-11-2024,newspapers,2355
1342,11-05-2024,tropical fruit,624
1299,10-05-2025,paper towels,4460
2154,28-12-2025,brown bread,5562
1917,25-04-2025,newspapers,3809
1358,27-06-2024,frozen vegetables,3445
1898,09-12-2024,newspapers,5620
1156,24-02-2024,sausage,5786
1226,13-03-2024,pastry,1646
1360,21-11-2024,soda,1030
1244,07-12-2025,salsa,1068
1663,11-06-2024,frankfurter,1961
1486,05-01-2025,soda,1163
2131,13-10-2024,red wine,317
1095,02-06-2024,tomato sauce,3125
2081,11-10-2025,dish detergent,1795
1410,22-04-2024,ground beef,5964
1932,31-08-2025,cereal,4508
1861,05-11-2025,canned beer,3071
1686,26-12-2025,ketchup,1522
2090,20-02-2024,root vegetables,4873
1802,14-08-2025,tropical fruit,3530
1846,21-12-2025,ground beef,249
1905,08-12-2024,curd,4927
1936,07-04-2025,citrus fruit,3614
1003,08-07-2025,tropical fruit,4209
2180,16-10-2025,newspapers,2088
2004,15-03-2024,bottled water,1639
1063,15-08-2024,domestic eggs,5608
1495,08-11-2024,beef,2792
1836,25-10-2024,  TROPICAL FRUIT,2181
1347,05-12-2024,whole milk,5943
1481,12-01-2024,tortillas,4737
1436,08-07-2025,tortillas,1582
1371,21-11-2024,red wine,3656
1619,14-08-2025,citrus fruit,5955
1684,22-01-2025,sausage,3958
1580,07-11-2024,yogurt,4740
1316,23-01-2024,onions,4643
1133,20-12-2025,white bread,3920
2141,14-09-2025,citrus fruit,4536
2057,05-12-2025,domestic eggs,358
1221,18-05-2025,citrus fruit,4063
1845,01-02-2024,canned beer,642
2035,16-08-2024,margarine,2982
1864,21-01-2025,bottled water,449
1777,03-08-2025,rolls/buns,1735
2043,16-11-2024,ground beef,1492
2039,01-05-2024,whole milk,1142
1640,26-01-2025,margarine,4095
1230,21-11-2024,brown bread,978
1774,10-12-2025,  CANNED BEER,4165
1260,08-09-2024,cheese,4840
1939,07-08-2024,jam,2177
1649,12-02-2025,root vegetables,3807
1748,14-06-2024,whole milk,1362
1749,11-01-2025,curd,1418
1232,12-04-2025,newspapers,846
1304,26-12-2025,newspapers,1578
1302,02-09-2025,cat food,1826
2161,20-07-2024,rolls/buns,951
2171,17-12-2025,red wine,25
1794,20-06-2025,paper towels,5782
1629,21-09-2025,chocolate,4684
1580,28-06-2024,salty snack,279
1384,21-08-2024,domestic eggs,4364
1812,09-04-2024,creamer,1987
1122,02-07-2024,ice cream,4924
1135,03-03-2025,granola,5323
1078,20-04-2024,frankfurter,3620
2044,31-12-2024,tropical fruit,3681
2022,11-11-2025,rolls/buns,5981
2013,16-04-2024,parmesan,313
2120,08-03-2025,paper towels,442
1726,11-10-2025,margarine,4625
1057,04-04-2024,tortillas,3317
1635,26-11-2025,salsa,4695
1093,28-04-2025,canned beer,195
2022,10-08-2025,rolls/buns,2666
2128,30-08-2024,white bread,1932
1008,20-05-2025,cat food,5408
2147,02-03-2025,citrus fruit,1442
1132,18-06-2025,creamer,784
2105,04-06-2025,margarine,650
1145,11-02-2025,onions,3368
1235,03-03-2024,tortillas,2583
1203,15-01-2025,whole milk,959
1948,10-06-2024,citrus fruit,1856
1149,14-04-2025,newspapers,471
1339,12-10-2025,soda,1152
1708,12-02-2025,newspapers,5716
1160,04-04-2024,sugar,2804
1192,01-08-2025,canned beer,3544
2132,18-04-2024,tropical fruit,2376
1306,07-10-2025,cheese,676
1787,29-12-2025,parmesan,2321
2187,21-07-2024,granola,3623
1839,15-08-2024,canned beer,2701
1677,18-06-2024,canned beer,1457
1296,18-11-2024,dish detergent,1621
1571,08-12-2025,frankfurter,2467
1095,14-08-2024,newspapers,3602
1076,14-10-2025,bottled water,26
1313,11-02-2025,canned beer,2487
2028,01-11-2025,citrus fruit,4987
1318,25-07-2025,canned beer,1020
1010,09-06-2024,cereal,2884
1331,27-02-2024,whole milk,598
2069,20-03-2025,citrus fruit,1092
1024,16-02-2025,onions,321
2032,21-12-2024,beef,1908
1619,16-06-2025,frankfurter,3128
1017,27-12-2024,sausage,4548
2067,01-06-2024,margarine,4059
1476,03-04-2025,tropical fruit,4399
2098,22-08-2025,  BANANAS,2501
1279,18-01-2024,,3645
1039,18-09-2024,brown bread,440
1188,20-10-2024,frozen vegetables,2533
1115,02-09-2024,root vegetables,2855
1860,01-04-2025,citrus fruit,2185
2121,10-12-2024,ground beef,2817
1388,28-02-2025,chocolate,2300
1326,11-04-2024,onions,5938
1987,22-08-2024,chips,5801
2053,04-08-2025,frankfurter,935
1912,25-08-2024,pip fruit,182
1893,06-03-2025,root vegetables,3592
1953,24-01-2025,frankfurter,941
1872,17-10-2025,frozen vegetables,5454
1250,27-05-2024,canned beer,365
1384,21-08-2024,rolls/buns,4364
1402,19-12-2025,salsa,2069
1282,10-02-2025,canned beer,3677
1558,29-07-2024,whole milk,4029
1552,08-12-2024,root vegetables,288
2181,25-09-2024,margarine,966
1412,08-01-2024,frankfurter,5362
1253,18-03-2025,curd,4761
1218,30-06-2024,margarine,213
1425,06-11-2024,bottled water,3127
2141,14-09-2025,  WHOLE MILK,4536
1638,10-02-2025,pastry,1766
2024,12-05-2024,salty snack,1762
1539,27-02-2024,root vegetables,4263
1795,14-03-2024,pastry,4050
1666,31-01-2024,canned beer,2579
1036,07-01-2025,whole milk,1651
1290,10-11-2025,citrus fruit,5606
1688,16-11-2024,onions,5139
1202,19-11-2024,onions,3850
2146,07-12-2025,citrus fruit,3650
1181,18-09-2024,canned beer,4482
1686,03-03-2024,ice cream,3886
2073,15-04-2025,curd,655
2131,28-11-2024,yogurt,5717
1387,15-10-2025,cereal,2188
1271,08-07-2025,tortillas,2594
1299,09-01-2025,rolls/buns,5381
1253,18-03-2025,parmesan,4761
2077,10-02-2025,newspapers,4653
1299,20-04-2024,margarine,3535
1816,29-12-2024,tropical fruit,4554
1933,29-04-2025,frozen vegetables,5162
2112,22-04-2025,tortillas,5206
2065,11-08-2025,root vegetables,3715
1681,04-09-2024,canned beer,3534
1360,21-11-2024,frozen vegetables,1030
1570,14-07-2025,white bread,3211
1445,03-07-2025,root vegetables,3543
2068,08-07-2024,tropical fruit,2405
1220,06-10-2025,frozen vegetables,5190
1183,30-09-2025,cat food,4679
1538,09-06-2025,rolls/buns,4769
1300,05-04-2025,tropical fruit,4750
1904,17-06-2025,onions,3732
2111,30-09-2025,white bread,3974
1205,29-05-2025,whole milk,2401
2041,27-09-2025,bottled water,5027
1381,04-06-2025,ice cream,702
1170,19-09-2024,salsa,2028
1700,28-11-2025,ketchup,643
1537,02-10-2025,chocolate,5294
1825,22-01-2025,sausage,5164
1350,27-12-2024,yogurt,5516
1872,25-08-2025,canned beer,5132
1983,08-08-2025,white bread,5789
1850,01-04-2024,root vegetables,2742
1875,02-07-2025,sausage,1720
2091,09-03-2025,napkins,5571
1702,05-09-2025,white bread,2257
1819,21-02-2024,,190
1176,25-12-2025,margarine,2293
1295,24-01-2024,white bread,207
1371,11-08-2025,canned beer,1668
2138,01-01-2025,canned beer,4101
1568,14-08-2025,pastry,2992
1324,23-01-2025,  NEWSPAPERS,4851
1936,15-11-2024,canned beer,5222
1236,30-12-2025,sausage,910
1287,04-01-2024,ground beef,4153
1204,12-11-2024,frozen vegetables,5902
1829,18-11-2024,onions,5739
1336,24-11-2025,rolls/buns,2154
2134,18-10-2024,jam,187
1823,21-06-2025,creamer,4341
1044,15-05-2025,yogurt,3014
1357,11-11-2024,canned beer,949
1189,23-01-2025,salsa,741
2030,28-02-2024,butter,1469
1546,30-05-2025,citrus fruit,1350
1348,03-06-2024,  ONIONS,398
2163,27-03-2024,sausage,5566
1558,04-09-2025,,3805
2091,14-09-2025,salty snack,945
2192,21-11-2024,bananas,5587
1979,25-02-2025,canned beer,2863
1732,18-06-2024,canned beer,3039
1941,12-08-2024,canned beer,1660
1535,14-01-2024,rolls/buns,1431
1739,03-09-2024,  NEWSPAPERS,4361
1649,12-02-2025,cheese,3807
1560,10-11-2024,canned beer,5263
1740,20-11-2025,cereal,3276
1824,14-08-2025,frankfurter,4634
1237,11-01-2025,rolls/buns,5763
1545,26-09-2025,chocolate,5808
1209,20-04-2025,canned beer,5062
2074,16-10-2024,margarine,3419
1068,28-02-2025,root vegetables,820
1072,12-05-2024,sausage,1523
1298,06-01-2024,coffee,1516
1096,13-09-2025,newspapers,4325
1214,21-09-2025,canned beer,4993
2024,24-03-2025,tropical fruit,2663
1002,28-02-2024,canned beer,5987
1073,17-12-2024,chocolate,3740
1954,03-04-2024,root vegetables,5216
1432,05-07-2024,shopping bags,3797
1526,15-11-2025,butter,3036
1424,07-04-2025,whole milk,2278
1902,27-05-2024,ground beef,1594
1705,25-10-2024,shopping bags,3123
1410,02-03-2025,citrus fruit,2649
1518,26-07-2024,salsa,657
1792,08-07-2024,pastry,2307
1989,01-12-2024,paper towels,3037
2093,16-09-2024,margarine,4833
1105,18-04-2025,tropical fruit,3463
1678,07-09-2025,white bread,1503
1256,23-03-2024,frozen vegetables,2202
1486,05-03-2024,,4803
1010,01-04-2025,ground beef,1903
1735,07-01-2025,whole milk,1105
1096,17-07-2024,canned beer,4331
1403,14-12-2024,  CHOCOLATE,3266
1491,17-05-2024,ketchup,4501
1557,14-12-2024,newspapers,3829
1319,05-08-2025,paper towels,1736
1148,03-12-2025,canned beer,3654
1349,01-10-2025,newspapers,5146
1269,13-12-2024,,2221
1510,27-03-2024,sausage,4533
1221,16-04-2024,bananas,2690
1719,06-02-2024,coffee,2898
1997,24-01-2024,pastry,174
1793,12-11-2024,canned beer,2650
2078,08-02-2025,newspapers,1065
1560,25-01-2024,margarine,5524
1253,24-05-2025,rolls/buns,2156
1493,21-10-2024,canned beer,278
1510,12-11-2024,pip fruit,3607
1227,05-11-2024,  CANNED BEER,4613
1603,25-12-2025,pip fruit,4385
1783,27-08-2024,jam,619
1101,06-02-2024,white bread,5577
1236,20-06-2024,canned beer,1531
1354,03-04-2024,napkins,125
1188,03-11-2024,margarine,1498
1342,04-08-2025,citrus fruit,4021
1215,17-05-2024,beef,2103
1828,24-04-2025,brown bread,2391
1615,03-02-2025,beef,535
1242,13-06-2025,frankfurter,2458
1748,05-05-2024,citrus fruit,169
1181,18-09-2024,bottled water,4482
1849,15-10-2024,domestic eggs,2270
1308,25-03-2025,curd,1237
1245,28-04-2025,canned beer,1035
1501,16-10-2025,rolls/buns,3427
1171,01-08-2025,whole milk,4636
1358,25-03-2024,newspapers,2788
1249,12-12-2024,shopping bags,4327
1474,30-10-2024,newspapers,1788
1792,12-05-2024,frozen vegetables,1064
1634,01-08-2024,frozen vegetables,678
1416,25-04-2024,bananas,5481
2042,30-08-2025,canned beer,2902
1652,04-11-2025,newspapers,1045
1451,12-09-2024,citrus fruit,353
1836,06-09-2025,frankfurter,4975
1975,12-09-2025,ice cream,2515
2104,01-02-2024,yogurt,1841
1741,26-04-2025,root vegetables,5541
1996,03-07-2024,root vegetables,4363
2180,03-08-2025,citrus fruit,2668
1638,10-02-2025,rolls/buns,1766
1853,07-10-2025,butter,5726
1291,02-07-2025,pastry,1953
1117,31-10-2025,canned beer,1834
1439,26-04-2025,frankfurter,3008
1007,08-04-2025,newspapers,2297
1645,02-02-2025,tropical fruit,5851
1891,06-06-2025,canned beer,367
1535,02-12-2024,crackers,5008
1247,17-06-2024,bottled water,2948
1425,12-06-2025,whole milk,2350
1209,05-05-2025,root vegetables,1509
1137,21-10-2025,ice cream,1930
1175,20-04-2024,margarine,5772
1101,28-03-2024,sausage,875
1002,28-02-2024,chocolate,5987
1643,06-01-2024,paper towels,3904
1010,26-03-2025,pastry,5304
1822,13-05-2024,frozen vegetables,1480
1551,10-10-2024,canned beer,4400
1694,01-08-2024,margarine,922
1431,10-03-2025,pasta,4832
1941,10-11-2025,newspapers,2807
1958,22-07-2024,cereal,2727
1790,04-08-2024,ice cream,2639
1535,25-01-2024,whole milk,5178
1577,03-06-2024,canned beer,2876
1805,15-04-2025,root vegetables,3221
1912,17-08-2025,citrus fruit,3741
1291,05-07-2024,shopping bags,4251
1659,15-11-2025,hamburger meat,831
1470,27-10-2025,whole milk,528
1799,05-08-2025,margarine,1187
1448,12-04-2025,pastry,5743
2066,08-02-2024,chocolate,3199
1639,27-09-2025,rolls/buns,1553
1694,11-09-2024,ketchup,5063
1494,16-02-2025,domestic eggs,4778
1800,04-03-2025,domestic eggs,1545
1732,18-06-2024,cereal,3039
1893,12-09-2025,margarine,4104
1798,02-12-2024,whole milk,903
1240,18-03-2025,bananas,5463
1335,15-04-2024,whole milk,4895
1599,09-11-2025,cereal,4578
2186,17-01-2025,white bread,3826
2138,19-07-2024,margarine,5855
1044,15-05-2025,frankfurter,3014
1733,05-05-2025,,4293
1403,10-01-2024,hamburger meat,4959
2015,20-06-2024,shopping bags,1188
1708,16-03-2025,citrus fruit,2978
1154,18-08-2025,butter,4116
1323,29-05-2025,canned beer,4882
1622,10-03-2024,sausage,79
1002,06-12-2024,white bread,1712
1345,03-03-2025,chocolate,3674
1990,30-08-2025,salty snack,2644
1174,08-07-2024,chocolate,1011
1308,25-03-2025,canned beer,1237
1664,04-04-2025,canned beer,5365
1612,14-05-2024,  ROOT VEGETABLES,2856
1823,25-07-2025,white bread,653
1374,22-06-2024,pip fruit,355
1425,08-03-2024,brown bread,328
2020,09-12-2024,bottled water,3263
1453,12-07-2024,canned beer,2476
1585,04-08-2024,tropical fruit,2657
1275,06-08-2024,canned beer,63
1539,05-04-2024,bottled water,1123
1074,23-11-2024,chocolate,4755
2084,17-11-2024,salty snack,430
1599,03-10-2025,cat food,2451
1477,21-03-2024,hamburger meat,1111
2009,30-09-2024,white bread,4629
1188,25-07-2025,canned beer,3207
2155,24-03-2024,newspapers,4633
1296,01-09-2024,ground beef,3598
1279,28-03-2025,margarine,1376
2061,30-10-2024,bottled water,4561
2067,01-06-2024,frankfurter,4059
1891,11-03-2025,soda,3352
1476,03-04-2025,canned beer,4399
2002,29-04-2024,red wine,5543
1193,13-05-2025,dish detergent,2011
1436,28-04-2025,bottled water,5760
1884,11-03-2025,onions,4854
1848,20-07-2025,frozen vegetables,106
1900,29-03-2025,citrus fruit,3709
1565,02-07-2024,salsa,5656
2141,19-01-2024,margarine,2500
1718,07-07-2024,ground beef,192
1681,09-05-2024,whole milk,2965
1314,27-10-2025,margarine,5993
1531,04-06-2025,pastry,2904
1215,07-08-2024,,5762
1600,27-09-2024,red wine,1676
1662,15-08-2025,pastry,1094
1340,22-01-2025,pastry,4274
1068,25-01-2025,newspapers,1017
2153,02-03-2024,frankfurter,1566
1194,03-12-2025,whole milk,1183
1313,12-01-2025,shopping bags,989
1965,10-01-2025,curd,3491
1386,12-08-2025,salty snack,5583
1432,30-11-2025,salsa,4818
1253,02-01-2025,salty snack,2647
1015,03-01-2025,citrus fruit,5435
2156,29-07-2025,soda,5075
1777,25-02-2024,canned beer,2472
2198,18-09-2025,margarine,5903
2189,29-06-2025,white bread,2638
1015,10-08-2024,,5576
1886,11-06-2024,margarine,2324
1809,09-02-2025,beef,400
1820,18-03-2025,newspapers,2840
1223,02-08-2024,ice cream,5699
1854,29-03-2025,frankfurter,803
1636,14-08-2024,frankfurter,103
2033,04-07-2025,whole milk,2360
1684,23-09-2025,canned beer,2658
1342,23-12-2024,domestic eggs,583
1355,01-07-2025,pastry,492
1669,22-08-2024,paper towels,1076
1978,29-12-2025,canned beer,3765
1903,09-03-2024,newspapers,5423
1653,17-08-2024,shopping bags,2256
1171,12-03-2025,hamburger meat,1960
1185,28-11-2025,bottled water,3471
1655,23-10-2025,whole milk,5098
1986,18-05-2024,onions,5016
1944,25-03-2025,rolls/buns,2653
1921,23-07-2024,root vegetables,495
1793,04-03-2024,margarine,5419
1741,04-03-2024,napkins,1117
1328,04-09-2025,shopping bags,817
2031,26-11-2024,soda,2187
2089,13-05-2024,canned beer,1383
1357,17-09-2025,frozen vegetables,2950
2128,23-07-2024,crackers,2726
1078,23-07-2024,whole milk,1770
1941,30-10-2025,soda,1515
1642,18-03-2025,citrus fruit,394
1055,14-05-2025,brown bread,3223
1603,21-07-2024,newspapers,2654
1073,23-04-2025,sausage,853
1806,13-03-2024,pip fruit,5917
1003,13-04-2025,root vegetables,5475
2082,17-06-2024,salty snack,3907
1612,05-06-2024,citrus fruit,100
1842,22-03-2025,tropical fruit,5405
1346,02-09-2024,margarine,1633
1034,28-01-2025,root vegetables,5237
1488,06-03-2024,root vegetables,5332
1465,23-09-2024,dish detergent,995
2128,20-12-2025,salsa,2494
1873,22-02-2024,margarine,4741
1344,08-04-2025,frankfurter,2432
1275,01-06-2024,parmesan,2258
1304,26-12-2025,curd,1578
1674,30-12-2025,white bread,1683
1395,04-04-2024,frankfurter,2132
2036,14-07-2024,tropical fruit,4499
1154,01-03-2024,soda,3508
1419,12-10-2024,sausage,3788
1518,26-07-2024,canned beer,657
1599,03-10-2025,root vegetables,2451
1056,18-04-2024,beef,2076
1680,06-07-2024,,2875
1434,24-06-2024,pip fruit,3486
1236,16-03-2025,cat food,1257
1458,04-08-2024,citrus fruit,4378
1066,20-08-2025,rolls/buns,2242
1727,03-12-2024,margarine,1748
2162,09-11-2024,citrus fruit,4733
1512,25-08-2025,beef,2384
1325,01-04-2024,  CANNED BEER,3916
1769,06-03-2025,soda,3359
1293,05-04-2025,chocolate,251
2180,28-07-2024,newspapers,3496
1094,23-03-2025,ground beef,3963
2147,02-03-2025,napkins,1442
1274,30-11-2025,  PARMESAN,437
2181,25-09-2024,canned beer,966
2173,31-03-2024,tropical fruit,5503
1210,06-12-2024,tomato sauce,1956
1358,01-11-2024,chocolate,1637
1089,04-01-2024,margarine,4026
2074,19-04-2024,canned beer,1608
1772,07-05-2024,rolls/buns,4772
1703,08-06-2025,dish detergent,1818
1405,18-02-2025,whole milk,3464
1846,21-12-2025,parmesan,249
1731,24-01-2025,paper towels,4093
1888,17-10-2024,pip fruit,921
1184,26-03-2025,root vegetables,5418
1408,11-09-2025,white bread,766
1512,11-01-2025,salsa,1820
1599,07-08-2024,root vegetables,29
1931,22-08-2024,onions,4902
1356,11-06-2025,root vegetables,4194
1955,28-02-2025,bottled water,757
1001,04-07-2025,canned beer,461
1867,29-01-2024,newspapers,4473
1979,25-02-2025,root vegetables,2863
1910,04-05-2024,,1640
1128,25-08-2025,frankfurter,1595
1439,26-03-2024,canned beer,4812
1436,13-01-2024,frozen vegetables,1487
1803,05-06-2024,  BUTTER,5935
1024,08-07-2025,tortillas,2645
1627,27-08-2024,bottled water,1620
1485,19-01-2024,sausage,1282
1437,30-09-2024,parmesan,3356
2067,12-07-2024,root vegetables,5602
1959,08-06-2024,root vegetables,3051
1405,18-02-2025,paper towels,3464
2024,24-03-2025,margarine,2663
2107,28-08-2024,margarine,1095
1854,29-07-2024,granola,5727
2164,10-06-2025,frankfurter,1958
2094,08-12-2025,ground beef,3300
1056,05-02-2025,paper towels,1984
2185,09-07-2025,ground beef,1114
1777,03-08-2025,root vegetables,1735
1989,18-10-2025,margarine,5300
1290,20-07-2024,paper towels,691
1652,04-11-2025,pastry,1045
1877,23-08-2025,  ROOT VEGETABLES,2901
1337,28-06-2025,crackers,2985
1073,23-04-2025,canned beer,2568
1246,14-11-2024,whole milk,325
1806,12-02-2025,domestic eggs,794
1952,12-11-2025,soda,1781
1651,17-11-2024,salty snack,2070
1938,01-02-2025,shopping bags,5399
1548,04-08-2024,canned beer,4287
2112,22-04-2025,frozen vegetables,5206
1573,18-02-2025,rolls/buns,4205
2192,19-10-2024,sausage,4074
1064,28-05-2024,whole milk,1099
1027,07-04-2025,newspapers,3871
1171,05-02-2025,jam,59
1780,28-03-2025,paper towels,925
1141,07-12-2024,margarine,3460
1013,24-07-2024,sausage,5201
1777,14-06-2025,hamburger meat,5978
1076,14-10-2025,margarine,26
2008,18-09-2024,ice cream,2809
2173,20-10-2025,napkins,5194
1868,28-08-2025,whole milk,5990
2174,08-06-2024,whole milk,5612
1073,23-04-2025,margarine,853
1989,11-05-2025,whole milk,1447
1225,18-05-2025,tropical fruit,4200
1286,18-11-2025,margarine,967
1509,27-11-2024,citrus fruit,2885
1236,13-03-2024,soda,1520
1247,26-11-2024,margarine,3519
1675,12-03-2025,bottled water,2119
1084,24-01-2024,hamburger meat,46
2018,12-06-2024,newspapers,3181
1906,06-08-2024,white bread,5713
1067,21-09-2025,chocolate,3159
1538,01-06-2024,bottled water,1335
1476,18-02-2025,margarine,4302
2056,02-10-2025,cheese,5053
1316,27-09-2024,ground beef,1794
1222,16-10-2024,root vegetables,1807
1766,04-05-2025,margarine,1596
2057,30-10-2024,tropical fruit,1400
1822,10-01-2024,salty snack,1867
2052,27-06-2025,canned beer,5249
1340,20-05-2024,napkins,4359
1842,12-10-2025,canned beer,1367
1004,16-04-2025,dish detergent,3512
1010,26-03-2025,hamburger meat,5304
1807,28-02-2025,newspapers,749
1941,30-05-2024,  PIP FRUIT,307
2049,05-07-2025,diapers,2315
1990,24-01-2025,canned beer,5959
1315,25-09-2025,tortillas,3347
1192,16-03-2024,margarine,758
1911,11-10-2024,bananas,3993
1779,26-11-2025,whole milk,5875
2181,24-07-2024,newspapers,4640
2095,24-02-2024,canned beer,5345
1807,28-02-2025,cereal,749
2044,27-12-2025,pip fruit,1760
1075,06-06-2025,canned beer,1593
1511,08-09-2025,canned beer,2877
1969,05-11-2024,root vegetables,4537
1124,03-09-2024,yogurt,4353
2087,01-11-2024,brown bread,5600
1445,01-03-2025,beef,2182
1951,18-03-2024,beef,1040
2128,20-12-2025,soda,2494
1171,12-03-2025,whole milk,1960
1030,02-07-2025,newspapers,4380
1122,06-12-2025,canned beer,2071
2024,24-03-2025,brown bread,2663
1461,15-10-2025,citrus fruit,4621
2016,06-04-2025,parmesan,4332
1460,16-05-2025,bananas,1866
1055,09-03-2024,tortillas,5639
1430,30-08-2025,salsa,4404
2185,30-06-2025,yogurt,5624
1805,26-02-2024,shopping bags,1940
2080,10-06-2024,shopping bags,4483
1803,02-05-2024,frozen vegetables,3787
1773,19-11-2025,cat food,5779
1693,27-05-2025,parmesan,3040
1418,12-04-2025,domestic eggs,4403
1022,09-07-2025,citrus fruit,43
1976,01-08-2025,margarine,3973
1226,18-12-2024,bottled water,5036
1251,25-08-2025,coffee,2262
1155,25-05-2024,bottled water,1896
1108,24-11-2024,curd,2851
1622,14-10-2025,bottled water,750
1782,24-02-2025,citrus fruit,3115
1198,31-08-2024,canned beer,688
2075,17-04-2024,canned beer,5390
1882,08-08-2025,whole milk,5807
1186,01-01-2024,root vegetables,5628
1903,11-10-2024,curd,5803
1586,09-11-2024,domestic eggs,3426
1003,11-03-2025,root vegetables,3345
1102,24-11-2024,canned beer,3817
1348,22-08-2025,canned beer,2971
1283,18-02-2025,margarine,4167
1975,11-12-2025,brown bread,5911
1741,08-05-2025,whole milk,3609
1347,07-09-2024,  ROOT VEGETABLES,2745
2136,17-02-2025,jam,4264
2028,22-06-2025,sausage,2345
1995,09-05-2025,citrus fruit,2868
1068,28-02-2025,canned beer,820
1472,07-02-2024,creamer,3161
1565,02-07-2024,canned beer,5656
2171,06-06-2024,root vegetables,3152
1174,08-07-2024,canned beer,1011
1957,25-11-2025,frankfurter,5309
2105,14-02-2024,bottled water,3082
1765,28-02-2025,napkins,1015
1242,13-06-2025,canned beer,2458
2056,16-10-2024,root vegetables,1219
1281,01-09-2025,rolls/buns,4198
2171,17-12-2025,root vegetables,25
1980,18-11-2025,ice cream,2773
1043,13-09-2024,root vegetables,3983
1775,17-09-2024,cereal,3109
1482,11-02-2024,parmesan,1887
1228,07-04-2024,newspapers,1126
1707,15-12-2025,canned beer,837
1350,27-12-2024,ice cream,5516
1466,05-11-2025,sugar,974
1833,05-12-2024,whole milk,2312
1749,11-01-2025,  CITRUS FRUIT,1418
1164,01-10-2024,canned beer,105
1004,04-06-2024,rolls/buns,2014
1898,02-11-2024,canned beer,3255
1373,16-03-2024,  FRANKFURTER,1488
2092,10-06-2024,canned beer,1667
1654,05-01-2025,rolls/buns,4598
1698,06-08-2024,diapers,2806
1421,05-12-2025,shopping bags,9
2074,20-05-2025,white bread,13
1228,07-04-2024,yogurt,1126
1680,06-07-2024,white bread,2875
2108,25-09-2024,red wine,1365
2082,22-10-2025,canned beer,3953
1350,27-05-2024,frozen vegetables,1777
1216,11-11-2025,rolls/buns,5395
1156,24-02-2024,white bread,5786
2139,27-08-2025,dish detergent,5248
1507,09-11-2025,frozen vegetables,3106
1842,22-03-2025,white bread,5405
1500,12-07-2025,white bread,1974
1964,25-06-2024,sausage,347
1116,20-03-2025,canned beer,5424
1267,26-08-2024,margarine,5022
1128,02-11-2024,margarine,5878
1623,13-08-2024,chocolate,1342
1793,04-03-2024,sausage,5419
1447,18-05-2024,margarine,3062
1757,22-12-2024,bottled water,2296
1669,22-08-2024,margarine,1076
1946,20-03-2024,root vegetables,5066
1009,12-06-2024,chocolate,3515
1570,15-08-2025,white bread,4677
1523,17-09-2024,white bread,647
2014,22-12-2024,canned beer,707
2126,30-01-2025,creamer,1259
2172,27-05-2025,canned beer,1473
1109,10-01-2025,newspapers,3297
2038,30-03-2024,rolls/buns,3768
1005,24-08-2025,beef,3555
1338,20-01-2025,dish detergent,2550
2007,18-03-2024,granola,3112
1794,25-04-2024,curd,117
1154,09-03-2025,rolls/buns,4825
1231,11-01-2025,canned beer,551
1833,02-06-2024,shopping bags,4309
1316,23-01-2024,white bread,4643
1384,13-09-2025,salty snack,343
1814,22-09-2024,whole milk,1054
1328,15-12-2025,  NEWSPAPERS,62
1171,01-08-2025,cereal,4636
1526,01-07-2025,pip fruit,1499
1932,30-12-2025,margarine,697
1275,07-09-2025,canned beer,3069
1291,22-04-2024,margarine,756
1560,29-06-2025,ice cream,5529
1458,11-09-2024,soda,1128
1876,15-11-2024,canned beer,2890
1137,09-11-2025,brown bread,3209
1596,15-06-2025,whole milk,4783
1170,18-12-2025,canned beer,269
1301,23-08-2025,ground beef,2785
1856,16-08-2024,creamer,3717
1960,29-01-2025,margarine,4836
1739,26-09-2024,sausage,1291
1134,02-04-2025,margarine,3870
1560,10-01-2024,canned beer,1705
2053,04-08-2025,margarine,935
1073,06-03-2025,frankfurter,3828
1675,05-01-2025,whole milk,1176
1723,20-08-2024,white bread,5958
2179,26-06-2024,root vegetables,2910
1545,28-05-2025,cat food,588
1523,26-06-2025,granola,3452
2193,04-10-2024,jam,4048
2105,05-01-2024,rolls/buns,3188
1704,08-09-2025,soda,4348
1536,24-03-2025,frankfurter,2589
1280,02-03-2024,dish detergent,3808
1930,17-06-2024,root vegetables,1137
1057,07-07-2024,canned beer,5691
1214,10-09-2024,newspapers,5900
1979,12-08-2024,whole milk,1695
1824,05-10-2025,yogurt,2077
1168,29-05-2025,hamburger meat,2109
1624,27-11-2025,pastry,3751
1167,05-10-2024,citrus fruit,2385
1163,02-02-2024,ground beef,3542
2185,30-09-2025,domestic eggs,5830
2072,11-04-2024,canned beer,1975
1905,27-12-2025,domestic eggs,3536
1023,19-11-2025,  ROOT VEGETABLES,198
1125,20-11-2025,citrus fruit,2123
1187,01-10-2024,tropical fruit,5291
1965,24-07-2024,ground beef,5019
1890,27-07-2025,sausage,1160
1285,15-11-2024,margarine,3292
1970,20-11-2024,margarine,4921
1645,15-12-2024,root vegetables,5667
1566,29-01-2024,onions,3026
1504,31-03-2024,frozen vegetables,1379
1280,02-03-2025,sausage,559
1871,26-04-2025,pasta,1287
2181,06-01-2025,domestic eggs,4457
1896,23-06-2024,pastry,5434
1023,18-08-2024,canned beer,3497
1378,15-07-2025,root vegetables,114
1131,26-01-2025,chocolate,1454
1532,29-04-2025,chips,3962
1879,20-12-2025,newspapers,4628
1082,18-12-2024,pastry,5682
1989,31-10-2024,beef,1253
1205,16-07-2024,newspapers,5032
2109,17-05-2024,frankfurter,1072
1273,08-06-2024,root vegetables,4079
1281,12-04-2024,tropical fruit,1614
1919,21-08-2024,  ONIONS,5050
1187,18-04-2025,canned beer,3299
1548,04-08-2024,onions,4287
1474,08-02-2025,white bread,3520
1774,19-09-2025,root vegetables,4421
1718,09-03-2025,bottled water,999
1085,29-08-2024,dish detergent,5888
1031,12-07-2025,canned beer,3816
1125,11-12-2024,coffee,1425
1786,04-01-2025,citrus fruit,3003
1896,27-12-2024,newspapers,5780
1359,17-02-2024,margarine,906
1624,15-03-2024,chocolate,5289
2095,30-04-2024,root vegetables,3666
1338,29-03-2024,root vegetables,5111
2030,28-02-2024,white bread,1469
1992,17-03-2025,curd,850
1451,20-11-2024,paper towels,5240
2093,31-07-2025,curd,3236
1872,17-07-2024,chocolate,3338
2039,08-01-2024,canned beer,4530
2190,27-07-2025,tropical fruit,4799
2013,13-01-2024,root vegetables,1723
1711,28-05-2024,root vegetables,4427
1735,14-08-2025,curd,5645
1698,26-04-2025,pastry,4910
1468,02-01-2025,whole milk,3394
1856,29-11-2024,margarine,5268
1099,07-06-2024,shopping bags,1354
1078,09-07-2025,margarine,5527
1040,03-05-2025,paper towels,5952
1467,02-07-2024,newspapers,3667
1471,30-08-2024,root vegetables,3624
1333,01-09-2024,canned beer,3834
1806,15-02-2024,jam,5142
1092,19-12-2025,paper towels,2137
1476,10-03-2025,,1980
1599,16-02-2025,ground beef,2656
2025,24-05-2025,ground beef,511
1430,15-11-2024,root vegetables,4193
1116,20-03-2025,frankfurter,5424
1410,13-08-2025,paper towels,1542
1809,18-11-2025,pasta,2068
1222,23-07-2025,margarine,3077
1606,17-06-2024,canned beer,4973
1483,13-06-2025,sausage,3837
1927,27-11-2024,canned beer,2363
1006,25-09-2024,paper towels,2892
1740,20-11-2025,canned beer,3276
1161,04-05-2024,margarine,5663
2131,13-10-2024,pastry,317
2110,28-10-2024,soda,5908
1298,15-07-2024,whole milk,4896
1762,19-09-2024,domestic eggs,4490
1486,12-05-2024,margarine,2865
1615,18-06-2024,root vegetables,3866
2173,30-04-2024,white bread,3121
1452,06-10-2025,shopping bags,4568
1030,27-02-2024,tropical fruit,2580
1334,14-03-2025,root vegetables,3662
1504,23-06-2024,pasta,5485
1140,23-07-2024,jam,3367
1354,30-10-2024,napkins,5859
2118,24-06-2025,white bread,840
1088,29-05-2024,curd,465
1614,15-07-2025,margarine,842
1932,18-10-2025,canned beer,5086
1745,31-07-2025,margarine,1284
1208,16-03-2025,root vegetables,4935
1871,26-03-2025,whole milk,1674
1224,12-03-2024,whole milk,5979
1944,25-03-2025,newspapers,2653
1478,15-11-2025,canned beer,3011
1433,13-09-2025,soda,2330
2134,06-11-2024,  BOTTLED WATER,849
2152,13-12-2025,root vegetables,2549
1072,22-09-2025,bottled water,1057
1389,13-02-2025,tropical fruit,4305
1481,12-01-2024,margarine,4737
1807,23-08-2025,white bread,4081
1677,18-06-2024,margarine,1457
1828,06-06-2024,canned beer,5632
1331,27-05-2024,newspapers,1517
1236,30-12-2025,pip fruit,910
1979,09-12-2025,tomato sauce,1910
1877,14-07-2024,frozen vegetables,454
1170,10-02-2025,brown bread,5117
2017,01-09-2025,cat food,4004
1014,16-06-2025,ice cream,2421
1382,04-03-2024,curd,3896
1310,21-11-2025,canned beer,4190
1161,29-02-2024,citrus fruit,3137
2109,23-12-2024,salty snack,3068
1439,01-07-2025,chocolate,4152
1462,06-01-2024,rolls/buns,2410
2000,31-07-2025,root vegetables,5705
1615,03-12-2024,dish detergent,637
1376,10-03-2025,root vegetables,4809
1095,02-06-2024,shopping bags,3125
1763,11-09-2024,ground beef,4897
1725,10-05-2024,root vegetables,5580
1094,23-03-2025,whole milk,3963
1456,15-11-2024,white bread,4253
1999,02-10-2025,napkins,2623
2010,05-03-2024,root vegetables,5546
1528,08-10-2024,margarine,5058
1279,05-10-2024,ice cream,4277
1795,23-03-2024,ground beef,2084
1223,02-08-2024,salsa,5699
1570,21-03-2024,white bread,3450
1953,04-10-2025,canned beer,5026
1405,18-02-2025,jam,3464
1857,09-07-2025,ice cream,2395
1383,22-01-2024,whole milk,333
1494,30-12-2025,canned beer,3770
1290,20-07-2024,  CURD,691
1147,02-09-2025,bottled water,3704
1452,17-08-2024,canned beer,3200
1483,24-07-2024,newspapers,2956
1027,12-07-2025,canned beer,450
2162,09-11-2024,root vegetables,4733
2095,30-04-2024,ground beef,3666
1429,15-01-2024,whole milk,2191
1171,12-03-2025,margarine,1960
1079,13-10-2024,tropical fruit,5422
1386,08-03-2024,cereal,5296
2036,09-10-2024,citrus fruit,4579
1570,21-03-2024,yogurt,3450
2080,07-10-2025,cheese,5683
1217,11-07-2025,margarine,1702
1048,04-09-2024,ice cream,3879
1389,29-08-2024,paper towels,4620
1915,05-01-2024,salsa,5526
2028,28-04-2024,frankfurter,5820
2020,28-05-2025,newspapers,5712
2012,06-10-2025,citrus fruit,1800
1650,11-05-2024,root vegetables,530
1804,28-11-2024,newspapers,5155
1096,11-11-2025,white bread,2224
1724,27-10-2024,newspapers,3625
1302,27-07-2025,beef,2850
1499,01-12-2025,citrus fruit,3058
1720,28-07-2025,margarine,4406
1937,08-03-2025,salty snack,2057
1192,16-03-2024,root vegetables,758
1296,01-09-2024,margarine,3598
1417,19-09-2024,margarine,1801
1865,01-05-2024,domestic eggs,3028
1570,14-07-2025,frozen vegetables,3211
2134,23-08-2025,curd,5586
1299,07-02-2024,white bread,2098
1905,07-11-2025,root vegetables,2411
1845,26-09-2024,margarine,3873
1587,27-10-2025,brown bread,5415
1488,11-10-2024,newspapers,4035
1085,27-08-2024,root vegetables,226
1440,11-07-2025,margarine,2203
1345,03-03-2025,dish detergent,3674
2061,30-10-2024,napkins,4561
1353,11-11-2025,beef,3172
2181,31-05-2025,tropical fruit,2031
1658,10-11-2025,creamer,2148
2110,07-10-2025,canned beer,4884
1801,13-07-2024,beef,3018
1371,26-09-2024,citrus fruit,5061
1220,13-01-2024,newspapers,727
1537,21-06-2024,whole milk,4195
1596,15-06-2025,cat food,4783
1940,01-10-2025,yogurt,104
1167,01-12-2025,frozen vegetables,2682
1574,01-02-2025,canned beer,5052
1544,09-05-2024,granola,293
2168,11-03-2024,margarine,185
1357,15-07-2025,bottled water,5865
1746,19-11-2025,sausage,5221
1987,22-07-2025,rolls/buns,3291
1946,30-06-2025,salsa,5344
1680,25-02-2024,margarine,827
1038,16-03-2025,ice cream,5578
1985,21-09-2024,tortillas,3473
1273,10-08-2025,white bread,1865
1239,17-03-2025,bananas,4614
1750,24-06-2025,jam,484
1131,26-01-2025,salty snack,1454
1365,01-04-2025,frankfurter,5934
1445,11-12-2025,newspapers,5916
1323,06-01-2024,citrus fruit,3550
1184,11-10-2024,canned beer,4001
2061,01-10-2024,sausage,2390
1747,21-08-2025,brown bread,1511
1919,15-11-2024,white bread,722
1326,08-04-2024,cat food,3743
2173,12-06-2024,citrus fruit,1917
1177,26-07-2025,newspapers,4797
1056,18-04-2024,soda,2076
2056,16-10-2024,pip fruit,1219
2199,30-07-2024,red wine,205
1691,17-01-2025,pasta,65
1848,25-10-2024,margarine,1484
1667,23-11-2024,canned beer,3269
1652,04-11-2025,root vegetables,1045
1562,12-01-2025,canned beer,3523
1474,18-07-2025,soda,1782
1987,22-07-2025,ketchup,3291
1296,18-11-2025,newspapers,4053
2136,17-02-2025,newspapers,4264
1611,22-01-2024,chocolate,5687
1952,11-07-2024,newspapers,4669
1975,12-09-2025,frankfurter,3503
1626,09-09-2025,frozen vegetables,1432
1006,11-06-2025,salsa,3731
1439,06-04-2024,canned beer,1233
2199,30-07-2024,crackers,205
1512,25-01-2024,citrus fruit,98
1537,12-11-2024,sugar,2676
1118,13-10-2025,citrus fruit,247
1010,24-03-2024,newspapers,5409
1181,21-01-2024,bananas,4685
1877,28-03-2024,chocolate,2464
1427,13-05-2025,whole milk,786
1337,20-06-2025,cat food,4820
1347,10-03-2024,newspapers,4091
1347,05-12-2024,hamburger meat,5943
2129,13-01-2024,  WHITE BREAD,628
1089,04-01-2024,soda,4026
1686,03-03-2024,curd,3886
1956,17-07-2024,beef,3293
1298,26-08-2024,canned beer,2311
1919,21-08-2024,butter,5050
1282,06-08-2024,cheese,88
1804,28-11-2024,citrus fruit,5155
2101,23-01-2025,sausage,5775
1474,30-10-2024,beef,1788
1272,07-07-2025,brown bread,3206
1982,04-06-2024,pasta,594
1250,14-12-2024,whole milk,1780
1241,05-02-2025,root vegetables,4392
2172,02-10-2025,cat food,3290
2177,11-12-2024,paper towels,3459
1455,25-12-2024,canned beer,385
1781,23-11-2025,canned beer,561
1551,10-10-2024,margarine,4400
1433,01-12-2025,margarine,5197
1888,24-04-2024,pastry,282
1345,23-10-2025,margarine,2541
1279,11-08-2024,root vegetables,3930
1535,02-12-2024,root vegetables,5008
1114,11-02-2024,brown bread,2466
1379,26-03-2024,margarine,578
1942,01-02-2025,paper towels,2595
1163,28-11-2024,ketchup,5404
1700,31-01-2025,brown bread,1945
2103,27-11-2024,red wine,5730
1451,27-02-2025,sausage,149
2021,26-05-2025,chocolate,2492
1076,07-05-2025,domestic eggs,3906
1896,27-12-2024,white bread,5780
2105,04-06-2025,salsa,650
1965,07-04-2025,cat food,4159
1128,06-10-2024,rolls/buns,4901
1821,07-06-2025,creamer,2779
1717,15-05-2024,margarine,4027
1198,31-08-2024,root vegetables,688
1247,26-10-2024,domestic eggs,5520
1849,15-10-2024,root vegetables,2270
1801,27-01-2024,margarine,5255
1668,09-10-2024,jam,455
1312,28-03-2024,pastry,2455
1657,12-06-2024,  MARGARINE,3574
1356,12-11-2025,canned beer,5444
1006,11-09-2025,whole milk,4526
1296,01-09-2024,white bread,3598
2020,15-09-2025,pasta,3844
1234,10-04-2024,salty snack,2453
1192,04-11-2024,margarine,5534
1549,30-04-2025,newspapers,3033
2151,11-05-2025,margarine,2015
1828,09-12-2024,newspapers,2295
1275,28-01-2024,canned beer,705
1773,19-11-2025,brown bread,5779
1721,24-03-2025,canned beer,775
1812,09-04-2024,soda,1987
1314,27-10-2025,rolls/buns,5993
2179,01-08-2024,canned beer,3277
1334,14-04-2025,onions,3318
2032,21-12-2024,frankfurter,1908
2112,29-10-2025,chocolate,1139
1236,05-09-2025,white bread,3604
1670,16-01-2024,cheese,4498
1010,29-10-2025,  CANNED BEER,4796
1225,03-08-2024,yogurt,2949
1014,25-05-2024,canned beer,1990
1318,12-12-2025,domestic eggs,2428
1163,17-03-2025,chips,4645
1263,02-03-2024,ketchup,4981
1436,18-06-2024,citrus fruit,4513
2053,15-09-2024,tomato sauce,4039
1324,19-07-2025,napkins,3500
1469,13-11-2024,white bread,4688
1635,14-09-2024,brown bread,4291
1117,10-04-2024,onions,1871
1010,01-04-2025,canned beer,1903
1293,19-12-2024,creamer,4485
2171,01-11-2025,citrus fruit,2439
1326,05-06-2025,shopping bags,2569
1145,30-01-2024,canned beer,2547
1640,03-07-2025,canned beer,593
1743,18-07-2025,chips,5340
1735,07-01-2025,canned beer,1105
1329,08-09-2024,tropical fruit,4016
1361,18-08-2024,whole milk,2039
1760,01-08-2024,margarine,1935
1461,09-06-2024,curd,4865
1088,21-05-2025,frozen vegetables,4071
2107,10-01-2024,napkins,3778
1726,10-10-2025,canned beer,1073
1801,03-08-2025,cat food,4038
1981,02-06-2025,cereal,303
1823,12-06-2024,canned beer,2186
1474,30-10-2024,  ROLLS/BUNS,1788
2119,06-07-2024,paper towels,94
1255,22-07-2025,chips,2369
1635,02-06-2024,newspapers,4801
1128,06-10-2024,frankfurter,4901
1141,07-09-2025,frozen vegetables,225
1471,01-02-2025,margarine,5089
1116,16-08-2025,jam,1654
1233,28-09-2024,tortillas,3869
1480,26-10-2024,pastry,601
1838,08-07-2024,canned beer,4158
1694,01-08-2024,rolls/buns,922
2178,23-12-2024,newspapers,1562
2146,27-07-2025,canned beer,2382
1145,30-01-2024,curd,2547
1798,24-09-2024,pastry,963
2040,03-07-2025,newspapers,3017
1654,19-05-2025,newspapers,2287
1401,11-09-2024,soda,4292
1186,01-01-2024,margarine,5628
1852,25-01-2024,coffee,5357
1420,08-07-2025,canned beer,862
1470,27-10-2025,cat food,528
1969,06-08-2025,domestic eggs,2733
1329,28-10-2024,chips,3203
1983,09-01-2025,chocolate,5179
1698,26-04-2025,soda,4910
1295,24-01-2024,  WHOLE MILK,207
1140,29-06-2024,chocolate,3591
1043,17-07-2025,margarine,3365
1221,18-05-2025,brown bread,4063
1871,26-04-2025,parmesan,1287
2131,13-10-2024,cheese,317
1351,12-01-2024,margarine,4949
2105,06-07-2024,frozen vegetables,4228
1814,19-01-2024,dish detergent,2086
1374,22-06-2024,brown bread,355
1783,02-11-2024,root vegetables,546
1031,12-07-2025,napkins,3816
1875,26-05-2025,citrus fruit,4261
1096,13-09-2025,white bread,4325
2105,20-03-2025,curd,1121
1156,01-08-2024,canned beer,3671
2044,07-04-2024,whole milk,3573
2066,18-09-2024,rolls/buns,41
2016,10-03-2024,bottled water,618
1140,31-10-2025,parmesan,1583
1316,24-04-2024,salty snack,2301
2000,09-04-2025,margarine,3595
1418,07-10-2025,white bread,504
2080,10-06-2024,rolls/buns,4483
1301,13-05-2024,shopping bags,1767
1046,27-02-2024,white bread,1472
1719,18-11-2024,root vegetables,1013
2151,11-05-2025,whole milk,2015
1707,15-12-2025,domestic eggs,837
1166,26-06-2025,white bread,1452
1323,29-05-2025,citrus fruit,4882
2193,07-12-2025,curd,237
1982,20-04-2024,root vegetables,2400
1890,27-07-2025,salty snack,1160
2128,20-12-2025,dish detergent,2494
1566,03-12-2024,canned beer,3064
1286,29-02-2024,tropical fruit,5000
1268,17-06-2024,jam,3827
1614,15-09-2024,tortillas,2525
1420,23-05-2025,napkins,2005
1635,26-11-2025,chips,4695
1139,28-06-2024,brown bread,4022
2081,09-12-2025,white bread,5672
1040,03-05-2025,whole milk,5952
1498,28-06-2024,ground beef,3439
1800,12-01-2025,frozen vegetables,5254
1872,22-09-2025,napkins,3164
1999,15-09-2024,tomato sauce,5003
1741,04-03-2024,tropical fruit,1117
1426,26-10-2025,curd,605
1985,28-08-2025,  SALSA,2888
1517,04-03-2024,frozen vegetables,3268
1429,08-10-2024,canned beer,1181
1199,30-09-2025,whole milk,4024
1721,07-05-2024,red wine,2587
1815,24-09-2024,canned beer,2693
1809,08-06-2025,onions,3196
1052,14-05-2025,tropical fruit,5776
1077,04-09-2024,root vegetables,4834
1983,02-04-2025,pip fruit,1190
1873,01-08-2024,sugar,1059
1552,08-12-2024,newspapers,288
1718,14-03-2024,salsa,659
1025,29-04-2024,yogurt,3921
1965,02-06-2024,curd,2912
1586,09-11-2024,margarine,3426
1815,24-09-2024,diapers,2693
1324,23-01-2025,white bread,4851
1523,26-06-2025,margarine,3452
1293,05-04-2025,canned beer,251
1766,04-05-2025,canned beer,1596
1761,02-09-2024,napkins,1364
1651,17-11-2024,bottled water,2070
1290,18-05-2025,salty snack,1361
1087,16-05-2025,bottled water,4052
1192,02-05-2024,margarine,2019
1599,31-10-2025,root vegetables,1721
2053,04-08-2025,soda,935
1976,05-02-2025,margarine,2800
1058,03-01-2025,newspapers,234
1293,11-07-2024,shopping bags,2601
1771,08-04-2024,canned beer,985
1206,19-10-2025,chocolate,503
1916,18-01-2024,newspapers,1246
1062,28-01-2025,shopping bags,4839
1458,16-04-2024,pastry,3687
1852,22-03-2025,root vegetables,1539
1570,30-06-2025,white bread,4466
1021,16-06-2025,newspapers,4610
2120,10-09-2025,margarine,5220
1712,04-11-2025,onions,4729
2035,10-11-2025,root vegetables,4146
1157,19-05-2025,domestic eggs,2310
1607,28-04-2024,white bread,2958
1306,07-04-2025,cheese,2548
2153,03-05-2024,soda,826
1416,26-05-2025,whole milk,5425
1679,15-12-2024,butter,5319
1739,18-06-2024,crackers,5631
1675,04-10-2024,citrus fruit,5956
1581,14-04-2024,salty snack,3006
1905,04-07-2024,domestic eggs,1884
1191,19-02-2024,chocolate,3659
1931,19-03-2025,sausage,5455
1455,25-12-2024,margarine,385
1011,21-11-2025,dish detergent,1161
1717,25-12-2025,beef,632
1510,18-01-2024,whole milk,1979
1966,21-08-2025,chocolate,3822
1816,19-02-2025,onions,2725
1653,25-02-2024,domestic eggs,1150
1915,10-05-2024,napkins,5605
1858,10-05-2024,canned beer,2175
1477,24-05-2024,jam,5349
1453,30-11-2025,onions,215
1107,25-11-2025,pastry,5889
1288,11-04-2025,beef,3441
1096,24-05-2024,margarine,5774
1427,13-05-2025,chocolate,786
1081,25-09-2024,canned beer,350
1683,15-08-2024,margarine,5582
1850,23-03-2025,jam,5872
1177,15-01-2024,yogurt,416
1589,05-06-2025,margarine,5129
1578,08-02-2024,whole milk,665
2029,18-09-2024,newspapers,2540
1109,07-10-2024,margarine,3908
1890,27-07-2025,frozen vegetables,1160
1556,27-03-2024,curd,284
1217,24-01-2024,sausage,1525
1127,17-03-2025,brown bread,3937
1493,06-11-2025,tropical fruit,3940
1512,25-01-2024,curd,98
1013,24-07-2024,canned beer,5201
1732,02-06-2025,dish detergent,3053
1781,15-11-2025,bottled water,462
1678,07-09-2025,napkins,1503
1016,01-05-2024,butter,2753
1325,01-04-2024,newspapers,3916
1665,11-10-2025,granola,4511
1405,18-02-2025,margarine,3464
1324,03-04-2024,margarine,4221
1975,09-11-2025,pastry,2843
1117,21-06-2025,yogurt,392
1218,29-01-2024,chocolate,3502
1048,13-09-2025,whole milk,1167
1161,18-09-2025,citrus fruit,589
1762,16-05-2024,root vegetables,2271
1956,04-02-2024,dish detergent,2588
1108,07-12-2024,napkins,977
2147,17-12-2025,whole milk,1923
1718,14-03-2024,tropical fruit,659
1668,09-10-2024,citrus fruit,455
1904,01-04-2024,domestic eggs,5907
1814,09-04-2025,curd,5619
1312,11-09-2025,newspapers,4586
1823,21-06-2025,jam,4341
1617,05-10-2025,domestic eggs,2927
1056,04-12-2025,newspapers,2518
1467,17-07-2025,chocolate,3480
2091,14-07-2025,curd,138
1448,05-09-2025,canned beer,3413
1641,16-12-2024,dish detergent,3059
1379,26-03-2024,salsa,578
2082,17-06-2024,cat food,3907
1375,22-09-2024,margarine,2371
1308,20-05-2024,bottled water,4581
1746,19-11-2025,butter,5221
1056,18-04-2024,chips,2076
1425,19-07-2024,citrus fruit,5176
1070,27-09-2024,whole milk,5443
1283,13-12-2024,margarine,2092
1597,19-10-2024,jam,2180
1104,22-04-2024,newspapers,3628
1401,13-12-2024,citrus fruit,133
2121,10-12-2024,coffee,2817
1106,24-01-2024,sausage,1728
1117,10-04-2024,white bread,1871
2058,22-09-2025,root vegetables,3335
1461,17-01-2024,root vegetables,1159
1877,02-11-2024,newspapers,501
1170,12-11-2025,chocolate,3370
1516,22-12-2024,canned beer,2506
1201,21-11-2024,  GROUND BEEF,3333
1077,04-09-2024,salsa,4834
1353,13-02-2024,sugar,4889
1232,30-08-2024,whole milk,5343
1269,13-12-2024,soda,2221
1988,26-04-2025,red wine,2881
1212,25-09-2024,shopping bags,4487
1190,19-03-2025,paper towels,2626
1305,06-12-2024,red wine,4823
2111,16-09-2025,domestic eggs,5538
1246,24-07-2024,curd,4841
1860,14-04-2024,whole milk,2573
2012,31-10-2024,bottled water,4061
1665,11-10-2025,parmesan,4511
1619,27-08-2024,bottled water,5498
1840,28-08-2025,yogurt,4358
1787,30-08-2025,soda,4349
1014,16-06-2025,paper towels,2421
1869,31-05-2025,rolls/buns,141
1127,01-06-2025,canned beer,5229
2182,10-03-2024,white bread,5371
1544,29-08-2024,yogurt,5480
1635,14-09-2024,root vegetables,4291
1942,24-05-2024,brown bread,2886
1902,14-09-2024,canned beer,1169
1508,05-01-2025,canned beer,730
2056,02-10-2025,root vegetables,5053
1744,26-02-2025,frozen vegetables,5488
1477,24-05-2024,butter,5349
1913,26-03-2025,chocolate,5752
1932,30-12-2025,canned beer,697
2011,09-12-2024,pastry,943
1619,24-01-2025,shopping bags,2407
1089,22-02-2024,bottled water,2711
1268,31-07-2025,  CANNED BEER,719
2090,20-02-2025,citrus fruit,782
1732,02-06-2025,yogurt,3053
1047,20-02-2024,curd,262
1371,21-11-2024,rolls/buns,3656
2090,29-07-2025,coffee,5647
1842,12-10-2025,coffee,1367
1995,14-12-2025,parmesan,4102
2121,10-12-2024,citrus fruit,2817
1155,02-08-2024,frankfurter,3084
2065,13-06-2024,salty snack,3781
1140,31-10-2025,frankfurter,1583
1182,28-10-2024,root vegetables,3696
1786,01-10-2024,crackers,2542
1606,17-06-2024,newspapers,4973
1231,15-12-2025,newspapers,188
1832,31-01-2024,salsa,4869
1392,13-10-2024,pastry,3888
1151,06-04-2025,diapers,2165
1060,24-06-2025,cat food,4560
1314,27-10-2025,brown bread,5993
1271,29-07-2025,canned beer,623
1099,19-12-2025,parmesan,2484
1227,30-03-2024,salsa,1743
1292,13-06-2024,salsa,5688
1944,25-03-2025,margarine,2653
1082,31-03-2025,margarine,4350
1660,05-04-2024,yogurt,2989
1429,15-01-2024,curd,2191
1461,24-01-2025,frozen vegetables,4468
2059,20-04-2024,canned beer,2298
1088,29-05-2024,root vegetables,465
1981,02-06-2025,margarine,303
1546,07-02-2024,domestic eggs,5283
1380,19-06-2025,yogurt,470
1761,06-09-2025,citrus fruit,2172
2098,03-05-2024,newspapers,714
1916,18-01-2024,bottled water,1246
1906,30-01-2025,  SAUSAGE,90
2080,09-05-2024,chocolate,4151
1528,22-04-2024,citrus fruit,674
1607,31-05-2024,cereal,748
1053,07-03-2025,sausage,15
1505,16-06-2024,citrus fruit,1256
1195,21-05-2024,canned beer,4118
1550,03-11-2025,root vegetables,3754
1901,30-09-2025,margarine,3407
1059,22-07-2025,beef,915
1523,26-06-2025,tropical fruit,3452
1305,05-02-2025,citrus fruit,791
2139,15-11-2024,white bread,5383
1166,26-06-2025,tortillas,1452
1670,16-01-2024,granola,4498
2071,05-11-2024,newspapers,4724
1783,27-08-2024,cereal,619
1172,11-07-2024,canned beer,5554
2148,15-06-2025,whole milk,4395
1920,08-11-2025,pastry,5170
1631,13-01-2025,ground beef,3893
1748,14-06-2024,cereal,1362
2113,28-01-2024,salty snack,4954
1840,27-04-2025,margarine,4709
1105,15-05-2024,frankfurter,2740
1426,30-07-2025,bottled water,3673
2024,24-03-2025,white bread,2663
1540,29-06-2025,pip fruit,1402
1515,16-01-2024,white bread,4617
1660,26-02-2024,cereal,3435
1532,19-10-2025,white bread,919
1826,30-07-2025,white bread,5299
1536,24-03-2025,root vegetables,2589
1763,11-09-2024,tortillas,4897
1288,06-03-2025,newspapers,3815
1127,19-04-2024,whole milk,1003
2059,19-04-2025,tropical fruit,744
1478,15-11-2025,margarine,3011
1276,26-03-2024,whole milk,2708
1739,26-09-2024,citrus fruit,1291
2166,22-01-2024,whole milk,5030
1603,20-02-2024,diapers,2118
1797,22-03-2025,canned beer,3611
1723,05-08-2025,whole milk,2309
1394,09-09-2024,shopping bags,1854
1137,21-10-2025,canned beer,1930
2012,06-10-2025,coffee,1800
1651,28-06-2024,canned beer,153
1515,29-10-2024,yogurt,4907
1495,08-11-2024,soda,2792
1335,15-04-2024,domestic eggs,4895
1027,07-04-2025,shopping bags,3871
1062,28-01-2025,pip fruit,4839
2075,25-08-2025,root vegetables,1538
2168,28-11-2024,onions,4424
1562,09-08-2025,rolls/buns,401
1024,14-02-2025,margarine,4010
2115,21-09-2025,whole milk,1119
1420,23-05-2025,whole milk,2005
1088,21-05-2025,paper towels,4071
1466,26-12-2025,margarine,99
1911,11-10-2024,canned beer,3993
1184,26-03-2025,chocolate,5418
1463,16-02-2025,frozen vegetables,2667
2071,09-07-2024,canned beer,4609
1201,30-09-2025,onions,520
1775,26-11-2025,tomato sauce,5665
1830,14-03-2024,frozen vegetables,2233
1625,18-05-2025,whole milk,3672
1265,02-03-2024,margarine,582
1603,01-08-2025,whole milk,4405
1719,18-11-2024,napkins,1013
2090,14-03-2025,newspapers,3283
1416,11-06-2024,whole milk,2083
1123,22-06-2024,butter,3301
1221,18-05-2025,frankfurter,4063
1700,31-01-2025,canned beer,1945
1723,05-08-2025,bananas,2309
1463,08-12-2025,root vegetables,3194
1194,11-02-2025,citrus fruit,4573
1221,16-04-2024,margarine,2690
1668,17-11-2024,root vegetables,5385
1235,15-02-2025,jam,3030
1915,10-05-2024,sausage,5605
1185,28-11-2025,napkins,3471
1098,22-03-2024,frozen vegetables,3552
1089,29-02-2024,root vegetables,5901
2159,14-08-2024,canned beer,3229
1941,10-11-2025,domestic eggs,2807
1133,12-08-2025,canned beer,3481
1849,21-10-2024,ketchup,1022
2151,01-06-2024,white bread,4214
1500,29-04-2024,sausage,337
1179,02-09-2024,domestic eggs,2845
2010,22-12-2024,canned beer,1636
1479,09-08-2024,root vegetables,684
2067,10-12-2025,  TROPICAL FRUIT,4828
1344,14-07-2025,root vegetables,4909
1920,19-05-2025,soda,3928
2151,25-09-2025,canned beer,3404
1285,20-05-2024,citrus fruit,426
1333,27-12-2025,whole milk,5511
1859,24-09-2025,root vegetables,1061
1512,25-01-2024,tropical fruit,98
1978,03-01-2024,crackers,1158
1861,07-05-2024,canned beer,2412
2025,27-07-2024,white bread,2987
1932,12-11-2024,white bread,2462
1883,02-03-2025,tortillas,2624
1726,01-02-2024,frozen vegetables,2333
1147,18-01-2025,white bread,4953
1348,03-06-2024,root vegetables,398
1193,13-05-2025,  SODA,2011
1784,26-11-2025,root vegetables,5204
1117,21-06-2025,ketchup,392
1429,06-07-2025,curd,1947
1890,27-07-2025,beef,1160
1723,05-08-2025,white bread,2309
2046,21-02-2025,pip fruit,5860
1849,21-10-2024,curd,1022
1099,24-12-2024,canned beer,3678
1390,26-04-2025,beef,2524
1204,13-08-2024,salty snack,954
1742,24-12-2025,newspapers,214
1131,28-09-2025,pastry,243
1848,17-01-2025,bananas,2138
2137,29-04-2024,creamer,4064
1702,11-07-2025,root vegetables,145
1071,06-10-2025,chips,380
2178,20-11-2024,margarine,2065
2180,16-10-2025,pasta,2088
1120,11-04-2025,tropical fruit,44
1334,28-01-2025,ground beef,3513
1351,12-01-2024,shopping bags,4949
1302,02-09-2025,ketchup,1826
1233,30-12-2024,yogurt,227
1329,07-11-2025,margarine,3813
1349,17-03-2025,whole milk,2821
1824,05-10-2025,root vegetables,2077
1809,11-01-2024,rolls/buns,3282
1286,12-08-2025,root vegetables,4708
1913,08-08-2024,curd,5250
2192,07-08-2024,root vegetables,2551
1906,07-10-2025,canned beer,2724
1891,11-03-2025,napkins,3352
1350,27-12-2024,margarine,5516
1243,30-06-2024,yogurt,2274
1383,04-03-2025,salty snack,509
1834,03-12-2025,canned beer,2616
2115,19-03-2025,canned beer,854
1561,03-12-2025,ground beef,2507
1558,12-04-2024,canned beer,273
1186,01-01-2024,shopping bags,5628
1375,14-08-2025,bottled water,2962
1293,26-09-2025,bottled water,3806
1152,06-10-2025,hamburger meat,1753
1146,23-07-2025,root vegetables,1845
1405,13-04-2024,margarine,852
2057,05-12-2025,newspapers,358
1432,02-04-2024,canned beer,3944
1568,14-08-2025,white bread,2992
1171,15-08-2025,newspapers,2866
1770,04-09-2024,shopping bags,4692
1930,26-05-2024,coffee,433
1099,07-06-2024,frankfurter,1354
1908,27-01-2025,salsa,1066
2021,26-05-2025,whole milk,2492
2085,10-01-2024,canned beer,3183
2048,21-04-2025,shopping bags,2409
1220,04-10-2025,bottled water,1446
1652,04-11-2025,white bread,1045
1481,12-01-2024,ground beef,4737
1074,19-10-2024,soda,679
1782,24-02-2025,frozen vegetables,3115
1461,27-07-2024,,2113
1298,26-08-2024,frankfurter,2311
1941,31-03-2024,frozen vegetables,4008
1828,24-04-2025,newspapers,2391
1043,22-04-2024,butter,4438
2183,16-11-2024,sausage,5470
1006,25-09-2024,brown bread,2892
1284,15-01-2024,canned beer,3007
1164,29-07-2025,domestic eggs,1313
1527,19-04-2025,pasta,1215
2044,27-12-2025,canned beer,1760
2113,12-12-2024,ice cream,5394
1031,12-07-2025,frankfurter,3816
1280,02-03-2024,whole milk,3808
1975,24-08-2024,frankfurter,5863
2185,30-09-2025,root vegetables,5830
1917,25-04-2025,tropical fruit,3809
1398,04-10-2025,paper towels,1397
1027,15-03-2025,citrus fruit,3824
1949,21-08-2024,sausage,4333
1189,25-09-2024,jam,4032
2069,20-03-2025,frankfurter,1092
1646,15-10-2024,tomato sauce,4238
1730,25-10-2025,sausage,1309
2080,18-08-2024,white bread,2774
1569,14-06-2024,bottled water,233
2083,25-01-2025,bottled water,5318
1406,27-07-2024,whole milk,5844
1538,26-09-2025,napkins,5932
1970,19-06-2024,frankfurter,4469
1243,10-09-2024,curd,5614
1972,17-10-2025,frozen vegetables,3087
1033,15-02-2025,margarine,3013
1529,04-12-2024,root vegetables,3714
1784,23-05-2024,domestic eggs,844
1104,22-04-2024,sausage,3628
1420,23-05-2025,newspapers,2005
1749,11-01-2025,newspapers,1418
1027,15-03-2025,newspapers,3824
1386,31-07-2025,margarine,2128
1424,07-04-2025,soda,2278
1221,16-04-2024,white bread,2690
1247,08-12-2024,citrus fruit,4243
1705,20-08-2025,domestic eggs,4974
1241,05-08-2025,beef,700
1372,07-02-2025,whole milk,448
1221,18-05-2025,whole milk,4063
1073,05-01-2024,newspapers,5926
1713,18-06-2025,canned beer,4814
1455,26-01-2025,rolls/buns,280
1299,09-01-2025,tropical fruit,5381
1535,02-12-2024,whole milk,5008
1819,07-06-2025,newspapers,5553
1867,15-09-2025,coffee,5279
1741,04-03-2024,canned beer,1117
1526,24-02-2024,whole milk,2145
1251,11-06-2024,bottled water,4242
1455,25-12-2024,crackers,385
1894,25-03-2024,bottled water,2475
1418,17-07-2025,granola,4551
1343,28-09-2024,onions,2720
1029,17-06-2024,margarine,2044
1828,09-12-2024,tomato sauce,2295
1708,13-02-2025,margarine,4911
1851,16-08-2024,domestic eggs,3612
1097,20-10-2025,newspapers,970
1684,05-04-2024,beef,5563
1702,03-06-2024,pastry,20
1349,26-11-2024,shopping bags,1450
1516,28-06-2025,newspapers,163
1239,17-03-2025,yogurt,4614
1230,06-10-2024,salsa,2870
2035,04-05-2025,yogurt,5074
1138,14-09-2025,cheese,4730
1930,15-01-2025,rolls/buns,829
2115,21-09-2025,frozen vegetables,1119
1727,27-03-2025,canned beer,2081
1128,23-01-2024,paper towels,4486
1586,04-01-2024,frankfurter,4504
1192,20-08-2025,creamer,314
1872,17-07-2024,soda,3338
1115,20-12-2025,margarine,5572
1465,21-07-2024,whole milk,4028
1424,27-04-2025,brown bread,516
2098,22-08-2025,frankfurter,2501
1527,26-11-2025,frankfurter,5596
1814,29-08-2024,sugar,4492
1429,21-12-2024,brown bread,1221
1158,24-12-2025,whole milk,5962
2115,21-11-2025,newspapers,2121
2027,12-01-2025,newspapers,408
1095,02-08-2024,whole milk,5076
1626,24-11-2024,curd,2514
1070,11-09-2024,dish detergent,129
1912,08-10-2025,white bread,1495
2080,20-02-2025,newspapers,1069
1354,30-10-2024,crackers,5859
1117,21-06-2025,cheese,392
1313,12-01-2025,cereal,989
1084,16-03-2024,bananas,3748
1226,06-01-2024,white bread,2842
1188,26-07-2025,frozen vegetables,5999
2104,22-10-2025,  WHOLE MILK,4919
1490,21-05-2025,soda,3643
1646,15-10-2024,pasta,4238
1375,12-01-2024,diapers,4315
1907,24-10-2024,newspapers,2496
1732,02-06-2025,granola,3053
1869,24-01-2024,canned beer,5130
1274,30-11-2025,newspapers,437
1853,12-02-2025,shopping bags,1983
1068,28-02-2025,sausage,820
1058,03-01-2025,tropical fruit,234
1586,04-01-2024,bottled water,4504
1755,04-01-2025,salty snack,5292
1227,15-05-2024,margarine,4055
1307,03-08-2025,pasta,5673
1085,27-11-2024,napkins,3568
1613,31-03-2024,pasta,3761
1160,27-11-2025,newspapers,4534
1666,31-01-2024,  SAUSAGE,2579
1307,10-10-2024,pastry,4117
1032,14-01-2025,salsa,5728
1717,25-12-2025,bananas,632
1428,07-08-2024,root vegetables,3629
1509,02-12-2025,salsa,5773
1781,06-10-2025,root vegetables,5465
2145,28-02-2024,canned beer,2357
2087,21-07-2025,root vegetables,4362
1023,20-03-2024,napkins,2302
2190,27-09-2024,newspapers,5342
1691,17-01-2025,margarine,65
1543,22-06-2025,margarine,1638
1432,04-12-2024,white bread,1969
1530,28-01-2025,  CITRUS FRUIT,1833
2087,01-11-2024,butter,5600
1143,04-07-2025,white bread,121
1167,05-10-2024,rolls/buns,2385
1066,20-10-2025,onions,788
1276,05-12-2024,citrus fruit,3572
1136,09-02-2025,brown bread,5805
1892,17-04-2025,bottled water,496
2098,15-05-2025,canned beer,1635
2181,07-03-2024,yogurt,5330
1152,17-06-2024,sugar,5904
2067,12-07-2024,salty snack,5602
1390,24-05-2025,cheese,2758
1994,29-12-2025,cat food,1502
1624,20-06-2025,yogurt,5077
1535,14-01-2024,whole milk,1431
2028,28-04-2024,root vegetables,5820
1959,18-04-2024,salty snack,487
2073,03-09-2025,citrus fruit,4174
1357,22-01-2024,salsa,4254
1139,20-03-2024,frankfurter,4423
2155,09-07-2025,pip fruit,3346
1427,26-09-2024,rolls/buns,5622
1081,06-05-2024,frankfurter,5457
1603,31-05-2024,whole milk,2737
1553,26-12-2024,shopping bags,5014
1076,14-10-2025,canned beer,26
1888,17-10-2024,soda,921
1816,20-04-2025,cat food,5770
1255,01-10-2024,sausage,1411
1349,01-10-2025,root vegetables,5146
1454,04-06-2025,dish detergent,3022
1016,08-11-2024,newspapers,2697
1805,06-04-2024,canned beer,2674
1398,04-10-2025,onions,1397
2107,18-10-2024,frozen vegetables,3975
2085,10-01-2024,frozen vegetables,3183
1145,16-07-2024,canned beer,774
1263,18-05-2025,brown bread,904
2180,19-10-2024,creamer,2483
2180,28-07-2024,root vegetables,3496
1705,12-02-2024,sausage,739
2174,08-06-2024,frozen vegetables,5612
2184,24-07-2024,whole milk,4914
1472,14-10-2025,shopping bags,3294
1438,16-11-2025,tropical fruit,289
1656,11-02-2025,frankfurter,1202
1003,02-11-2024,dish detergent,4285
1414,10-10-2025,onions,2347
2062,30-06-2024,tropical fruit,3422
1226,09-05-2025,citrus fruit,3899
1458,14-07-2025,yogurt,5317
1171,09-12-2025,citrus fruit,1943
1422,23-09-2025,coffee,1268
1837,17-11-2024,canned beer,2336
1607,28-04-2024,red wine,2958
1963,23-04-2025,butter,2303
1613,07-12-2025,onions,1508
2034,17-02-2025,brown bread,3728
1927,27-11-2024,cat food,2363
1928,01-02-2024,margarine,1281
2193,08-11-2025,newspapers,911
1115,07-12-2024,newspapers,3377
1286,12-08-2025,whole milk,4708
1683,23-04-2025,parmesan,2288
1853,07-10-2025,white bread,5726
1318,24-04-2024,yogurt,3045
1198,05-11-2025,root vegetables,3811
1998,24-10-2024,yogurt,4932
1783,02-11-2024,canned beer,546
1751,29-11-2025,paper towels,1899
1229,11-05-2025,salsa,586
2155,04-07-2025,canned beer,5235
1537,27-08-2025,white bread,928
1415,01-10-2025,canned beer,2094
1482,11-02-2024,margarine,1887
1859,31-03-2025,margarine,27
1565,26-01-2024,pastry,2593
1927,31-12-2024,chocolate,154
1681,04-09-2024,butter,3534
1467,30-08-2024,tropical fruit,2847
1127,17-03-2025,cat food,3937
2140,21-11-2024,margarine,3771
2065,23-03-2025,white bread,4588
1707,15-12-2025,soda,837
1669,09-05-2025,ice cream,3789
1801,13-07-2024,whole milk,3018
1700,31-01-2025,root vegetables,1945
1772,09-04-2024,frankfurter,5870
1645,14-01-2025,whole milk,246
1840,28-08-2025,citrus fruit,4358
1603,20-02-2024,salsa,2118
1073,05-01-2024,white bread,5926
1559,20-12-2024,jam,1544
1677,18-05-2024,napkins,341
1403,10-01-2024,ketchup,4959
1754,13-10-2024,soda,3675
1386,31-07-2025,coffee,2128
1388,07-09-2025,citrus fruit,4542
1349,09-07-2024,beef,2097
2151,11-09-2024,  SALTY SNACK,5410
2062,30-06-2024,napkins,3422
1432,04-12-2024,bananas,1969
1703,30-10-2024,,5644
1298,26-08-2024,citrus fruit,2311
1024,13-05-2025,white bread,5147
1891,04-03-2025,pasta,3217
1932,30-12-2025,newspapers,697
1570,13-02-2024,cereal,1451
1116,16-08-2025,canned beer,1654
2161,25-10-2024,shopping bags,4762
1212,03-04-2025,tropical fruit,5430
1919,08-12-2024,domestic eggs,3322
1259,09-09-2025,pip fruit,4444
1649,26-07-2024,pip fruit,2582
1466,05-11-2025,citrus fruit,974
2044,05-07-2024,curd,1107
1685,25-07-2025,domestic eggs,2358
1274,14-03-2024,yogurt,3296
1115,21-02-2024,canned beer,5611
1078,23-07-2024,domestic eggs,1770
2022,11-11-2025,yogurt,5981
1091,25-02-2025,chocolate,4612
2151,11-09-2024,coffee,5410
1320,11-05-2024,whole milk,1096
1193,15-02-2025,creamer,2380
1827,19-08-2025,frankfurter,2417
1220,04-03-2024,hamburger meat,2576
1222,18-02-2024,cat food,5972
1696,05-02-2024,margarine,2799
1558,01-06-2024,canned beer,2861
1956,04-02-2024,root vegetables,2588
1709,29-12-2024,bottled water,272
1566,11-05-2025,citrus fruit,3528
1137,20-11-2024,root vegetables,210
1802,28-02-2024,citrus fruit,3839
1143,04-07-2025,root vegetables,121
1310,19-03-2025,sugar,3015
1515,16-01-2024,sausage,4617
1747,21-08-2025,domestic eggs,1511
2146,27-07-2025,margarine,2382
1558,18-06-2025,canned beer,2017
1198,31-08-2024,tropical fruit,688
1697,20-03-2024,citrus fruit,4476
1028,13-02-2024,canned beer,1410
1802,14-08-2025,margarine,3530
2152,17-10-2024,pip fruit,5327
1237,23-01-2025,chocolate,3088
1520,19-10-2024,margarine,1584
1023,10-12-2025,,5445
1154,09-03-2025,margarine,4825
2157,07-08-2025,ice cream,2703
1822,03-08-2025,shopping bags,4644
1365,19-04-2024,bottled water,3690
2051,17-02-2025,brown bread,2879
1068,28-02-2025,yogurt,820
1187,19-01-2024,crackers,2403
2003,09-05-2024,margarine,1478
1861,24-01-2024,soda,2899
1043,09-11-2024,canned beer,4089
1593,14-02-2025,frozen vegetables,1377
2074,19-04-2024,domestic eggs,1608
2122,06-11-2024,white bread,5184
1728,15-12-2025,margarine,1387
2140,17-08-2024,coffee,3168
1159,05-08-2024,root vegetables,2916
1858,10-05-2024,newspapers,2175
1155,25-05-2024,sugar,1896
1528,30-01-2024,tomato sauce,2328
1508,22-08-2025,margarine,1790
1627,29-03-2025,napkins,2633
1082,13-01-2025,root vegetables,3339
1025,29-04-2024,frankfurter,3921
1537,12-11-2024,creamer,2676
1945,09-07-2024,curd,4649
1177,15-01-2024,domestic eggs,416
1697,04-06-2024,root vegetables,3832
1141,03-12-2024,canned beer,1172
1933,16-03-2025,domestic eggs,2063
1442,10-05-2024,shopping bags,3957
1451,20-11-2024,shopping bags,5240
1035,01-09-2024,diapers,4698
2008,07-02-2025,citrus fruit,3090
1640,03-07-2025,newspapers,593
1529,04-07-2025,citrus fruit,245
1138,29-12-2024,white bread,1716
1299,21-11-2024,sausage,2481
1609,09-04-2024,canned beer,4562
2065,21-10-2024,canned beer,2442
2041,18-05-2024,salty snack,1912
1352,24-03-2024,canned beer,2158
1004,16-04-2025,bottled water,3512
1055,25-08-2025,citrus fruit,5353
1380,25-06-2024,frankfurter,112
1806,12-02-2025,parmesan,794
1986,18-05-2024,domestic eggs,5016
1208,16-03-2025,pastry,4935
2078,08-02-2025,frankfurter,3108
1761,08-07-2024,pastry,1913
1189,29-09-2025,citrus fruit,1998
1975,15-11-2025,newspapers,5001
1537,21-02-2024,onions,3707
1424,27-04-2025,cereal,516
1434,20-06-2025,canned beer,5029
2040,07-07-2025,bananas,768
1698,05-05-2024,canned beer,777
1724,27-10-2024,cereal,3625
1872,31-05-2025,hamburger meat,2247
1195,21-05-2024,coffee,4118
1941,30-10-2025,ground beef,1515
1869,10-05-2024,tropical fruit,4042
1726,11-10-2025,bananas,4625
1301,10-04-2025,curd,5891
2010,19-01-2025,hamburger meat,5358
1027,28-03-2024,ground beef,1626
2107,03-10-2024,sausage,5733
1185,28-11-2025,citrus fruit,3471
1190,13-12-2024,domestic eggs,5885
1229,11-05-2025,ground beef,586
1409,07-08-2025,  BOTTLED WATER,1147
1610,19-05-2025,  WHOLE MILK,2251
1299,21-11-2024,frozen vegetables,2481
1860,19-08-2024,canned beer,5387
1167,19-08-2025,salty snack,3647
1683,23-04-2025,tomato sauce,2288
2042,25-04-2024,domestic eggs,23
1712,12-08-2025,canned beer,167
1007,08-04-2025,curd,2297
1295,22-08-2025,canned beer,2211
1600,03-12-2025,root vegetables,4247
1940,30-06-2025,canned beer,1378
1539,27-02-2024,curd,4263
1492,18-08-2024,creamer,1751
1701,27-06-2025,newspapers,2837
1288,11-01-2024,creamer,2334
1978,29-12-2025,citrus fruit,3765
1019,21-12-2025,brown bread,376
1301,10-04-2025,frozen vegetables,5891
1827,22-08-2024,sugar,5569
1934,17-10-2025,diapers,2161
2049,07-08-2025,margarine,1985
1417,02-02-2024,white bread,4751
1159,22-07-2025,margarine,836
1972,15-08-2024,white bread,893
1299,12-05-2024,dish detergent,3401
2107,10-01-2024,margarine,3778
1408,09-02-2024,root vegetables,5224
1089,04-01-2024,canned beer,4026
1253,22-08-2025,napkins,5207
1177,16-03-2025,newspapers,2006
1068,05-08-2024,diapers,2290
1205,16-07-2024,frozen vegetables,5032
1989,18-10-2025,root vegetables,5300
1988,17-07-2024,root vegetables,1906
1874,18-05-2025,canned beer,3189
1416,11-06-2024,tropical fruit,2083
1255,22-07-2025,coffee,2369
1633,14-07-2024,ketchup,220
1151,20-08-2025,brown bread,2085
1154,01-03-2024,brown bread,3508
2134,05-03-2025,ice cream,4428
1532,14-01-2024,root vegetables,4900
1774,11-02-2025,canned beer,5555
1158,05-10-2025,whole milk,5469
1141,09-02-2024,yogurt,1034
1702,08-06-2025,onions,5389
1071,17-05-2024,jam,1175
1381,04-06-2025,margarine,702
1122,05-08-2024,whole milk,524
1165,27-02-2025,yogurt,4180
2012,12-09-2025,pastry,1012
2155,14-01-2025,canned beer,4970
1403,31-01-2025,creamer,4997
2010,20-07-2024,yogurt,4774
1623,13-08-2024,curd,1342
1356,25-04-2025,root vegetables,5040
2033,24-02-2025,cheese,2777
1202,19-11-2024,margarine,3850
2124,02-02-2024,sausage,425
1450,05-09-2024,newspapers,3390
1173,03-11-2024,bottled water,1359
1701,18-02-2024,ground beef,4739
1854,19-01-2024,whole milk,815
1576,24-11-2025,margarine,1008
1929,01-01-2024,salty snack,3136
1465,23-09-2024,citrus fruit,995
1764,07-05-2025,salty snack,5517
1612,18-01-2025,frankfurter,1550
2120,11-02-2024,butter,3041
2049,29-09-2024,sausage,5927
1085,27-08-2024,soda,226
2184,29-06-2024,jam,5697
1005,24-08-2025,tropical fruit,3555
1952,11-07-2024,bottled water,4669
1282,05-06-2024,sugar,4449
1792,01-02-2025,yogurt,2930
1968,13-11-2025,napkins,3525
1033,25-04-2024,parmesan,1967
1937,01-01-2024,tropical fruit,4689
1247,05-10-2024,sausage,929
2115,19-03-2025,margarine,854
1436,01-04-2024,salsa,894
1294,25-03-2024,frozen vegetables,2420
1014,03-03-2025,canned beer,5124
2019,12-07-2024,pastry,5804
2054,14-07-2024,whole milk,486
1447,18-03-2024,newspapers,2798
1670,16-01-2024,bananas,4498
1992,23-10-2024,parmesan,4956
1967,02-12-2025,onions,1568
1089,04-01-2024,salsa,4026
2101,30-08-2025,domestic eggs,1750
1225,16-04-2024,soda,891
1744,31-07-2025,canned beer,5414
2190,27-12-2024,newspapers,4703
2186,28-01-2024,dish detergent,4527
2172,28-12-2025,newspapers,253
1570,14-07-2025,citrus fruit,3211
1393,21-08-2025,citrus fruit,1280
1402,07-12-2024,salty snack,3421
1024,13-05-2025,pip fruit,5147
1467,02-07-2024,root vegetables,3667
1971,23-12-2025,dish detergent,4565
1708,19-03-2025,newspapers,1518
1906,13-01-2024,whole milk,2961
1331,27-02-2024,root vegetables,598
1714,07-11-2024,sausage,4937
1633,12-04-2025,cat food,47
2001,08-06-2024,newspapers,3980
1024,15-02-2025,margarine,131
1835,06-02-2024,margarine,67
1743,04-02-2024,shopping bags,5441
1243,04-06-2025,cheese,4420
1798,24-09-2024,granola,963
2038,13-04-2024,citrus fruit,2714
1669,20-08-2025,root vegetables,3821
1220,27-09-2025,chocolate,3924
1604,12-10-2025,bananas,926
1775,26-11-2025,root vegetables,5665
1912,17-08-2025,root vegetables,3741
1261,20-08-2025,white bread,2931
1048,04-09-2024,napkins,3879
1240,11-02-2025,frankfurter,5378
1512,25-01-2024,frankfurter,98
2016,13-04-2025,canned beer,3750
1311,24-08-2024,ice cream,3636
1945,09-01-2025,  BOTTLED WATER,610
1842,28-04-2025,frankfurter,4923
2083,24-11-2025,soda,2227
2167,14-06-2025,canned beer,5352
1606,21-02-2025,sausage,5243
1856,29-11-2024,white bread,5268
1888,29-08-2024,citrus fruit,14
1361,28-11-2024,granola,5853
1556,18-02-2025,yogurt,3457
1178,06-03-2025,sausage,2318
1597,08-01-2025,margarine,410
1229,24-05-2025,granola,3919
1044,15-05-2025,canned beer,3014
2090,30-08-2024,root vegetables,3927
1235,15-02-2025,root vegetables,3030
2048,08-02-2024,margarine,3171
2088,04-06-2024,white bread,3349
1502,26-04-2024,canned beer,5867
2108,25-09-2024,curd,1365
1086,14-08-2025,,1177
1253,24-05-2025,ground beef,2156
1119,10-02-2025,  WHOLE MILK,5214
1444,18-09-2024,canned beer,2771
1872,25-08-2025,salty snack,5132
1897,13-09-2024,ice cream,1742
1192,08-12-2025,creamer,3972
1789,10-06-2025,margarine,5208
1621,07-01-2024,salsa,1247
1970,02-02-2024,newspapers,4355
1096,06-01-2025,tropical fruit,5766
2109,23-12-2024,canned beer,3068
1454,04-06-2025,pip fruit,3022
2094,08-12-2025,tortillas,3300
1717,15-09-2025,bottled water,2790
1748,05-05-2024,canned beer,169
1917,24-03-2024,onions,5893
1416,07-07-2024,onions,3454
1859,31-03-2025,whole milk,27
2018,12-06-2024,cat food,3181
1166,29-04-2025,margarine,5085
2190,16-08-2024,newspapers,2954
1748,01-08-2025,whole milk,2051
1373,10-05-2024,beef,1449
1966,09-02-2024,domestic eggs,5067
1858,07-03-2025,frankfurter,2767
1450,15-12-2025,canned beer,4005
1645,22-05-2025,curd,5537
1134,02-04-2025,whole milk,3870
2116,18-09-2025,newspapers,4288
1802,28-02-2024,white bread,3839
1030,17-12-2024,domestic eggs,5333
1183,28-06-2025,newspapers,2116
1840,05-09-2024,salsa,1285
1031,30-10-2025,root vegetables,2825
2005,25-06-2024,jam,1546
1544,29-08-2024,granola,5480
1012,24-09-2025,margarine,3867
2017,18-01-2024,frankfurter,4237
2051,15-05-2025,frozen vegetables,1251
2024,28-08-2024,sausage,1396
2120,11-02-2024,frozen vegetables,3041
1086,23-09-2024,salsa,2049
1111,24-01-2024,parmesan,4496
2165,21-08-2025,shopping bags,3507
1539,30-10-2024,white bread,5781
1325,10-02-2024,chips,4204
1842,09-10-2024,canned beer,2932
1163,02-11-2024,salsa,608
1019,03-09-2025,rolls/buns,2326
1804,09-01-2024,pip fruit,1403
1353,13-02-2024,creamer,4889
1353,01-06-2024,frozen vegetables,870
2037,21-06-2025,salsa,4842
1519,06-06-2025,white bread,2362
1263,10-04-2024,root vegetables,176
1705,13-01-2024,  CANNED BEER,1804
1696,29-06-2024,bottled water,3800
1741,11-07-2025,cereal,3859
1750,27-10-2025,cereal,3868
1747,06-10-2025,tropical fruit,2578
1800,04-03-2025,newspapers,1545
1807,23-08-2025,cereal,4081
1077,02-04-2024,canned beer,832
1750,24-06-2025,ice cream,484
1674,30-12-2025,ground beef,1683
2117,05-03-2024,canned beer,5669
1615,21-02-2025,canned beer,1686
1024,18-02-2024,root vegetables,5629
1463,08-12-2025,cat food,3194
2173,31-03-2024,cereal,5503
1209,26-02-2025,napkins,572
1854,29-03-2025,beef,803
2098,15-10-2025,citrus fruit,3820
2017,09-09-2024,salty snack,5755
2130,19-03-2025,curd,664
1112,19-06-2025,salsa,613
1584,14-12-2025,salty snack,5915
1120,11-04-2025,sausage,44
1055,14-05-2025,frankfurter,3223
1013,16-10-2025,whole milk,5497
1292,20-09-2024,canned beer,5918
1245,27-04-2024,curd,1779
1894,25-03-2024,margarine,2475
2013,19-02-2024,white bread,4047
2155,05-04-2025,tropical fruit,2631
1882,11-11-2024,frankfurter,2730
1819,21-02-2024,domestic eggs,190
1087,13-01-2025,canned beer,4735
1181,21-01-2024,canned beer,4685
1697,04-06-2024,white bread,3832
1292,05-05-2024,chocolate,3901
2122,27-03-2024,brown bread,4811
1851,25-01-2025,pip fruit,5273
1692,21-05-2025,cereal,2163
1241,27-01-2025,citrus fruit,1669
1864,18-11-2024,jam,2486
1575,07-07-2024,frozen vegetables,1226
1780,28-03-2025,sausage,925
1783,27-08-2024,curd,619
1116,20-03-2025,cat food,5424
1304,13-10-2025,shopping bags,1535
1512,09-03-2024,rolls/buns,3243
1813,31-03-2025,salty snack,5754
1119,11-09-2024,ice cream,901
1050,21-05-2024,hamburger meat,4330
1032,31-05-2024,margarine,2468
1992,18-01-2024,margarine,474
1471,17-12-2024,margarine,3238
1393,21-08-2025,cheese,1280
1109,24-08-2025,canned beer,91
1858,07-03-2025,pastry,2767
1111,09-05-2024,citrus fruit,2967
1553,26-12-2024,jam,5014
1102,11-04-2024,shopping bags,5180
1897,09-05-2025,yogurt,1737
1008,05-02-2024,citrus fruit,4999
1633,14-07-2024,bottled water,220
2115,19-03-2025,onions,854
1419,09-01-2025,whole milk,2590
2179,21-12-2024,root vegetables,3955
2157,16-09-2024,sausage,3244
2195,08-02-2025,  NEWSPAPERS,2341
1276,05-12-2024,whole milk,3572
1748,20-10-2024,granola,1529
1223,10-08-2025,bottled water,5483
1366,16-07-2024,canned beer,2267
2151,11-05-2025,salsa,2015
1570,20-07-2024,canned beer,1443
1872,31-05-2025,soda,2247
1382,18-12-2024,salty snack,5854
1468,03-07-2024,margarine,2292
1963,04-05-2025,sugar,4563
1443,24-01-2024,root vegetables,3025
1622,11-08-2025,frankfurter,1785
1016,01-05-2024,jam,2753
1457,27-04-2025,paper towels,28
1166,29-04-2025,soda,5085
2152,13-02-2025,domestic eggs,2941
1972,15-08-2024,root vegetables,893
2098,07-08-2025,white bread,3279
1792,01-02-2025,sausage,2930
2028,28-04-2024,bottled water,5820
1884,11-03-2025,pip fruit,4854
1069,16-11-2024,chocolate,4394
1696,16-03-2024,shopping bags,1653
1805,19-03-2025,salsa,2756
1262,14-05-2025,pastry,2452
1697,29-04-2025,domestic eggs,3880
1017,27-12-2024,margarine,4548
1307,07-01-2025,chocolate,11
1467,02-08-2025,newspapers,4939
1170,07-04-2024,crackers,2908
1929,07-09-2024,rolls/buns,200
1752,22-12-2024,pastry,1007
2145,26-02-2024,butter,2110
1636,02-12-2025,canned beer,1600
1742,19-05-2024,frozen vegetables,5548
1484,27-06-2024,brown bread,595
1720,07-10-2025,whole milk,1830
1512,11-01-2025,jam,1820
1900,30-10-2025,white bread,3275
1896,03-06-2025,canned beer,12
1720,28-07-2025,tortillas,4406
1605,30-09-2025,whole milk,5617
2015,15-11-2024,white bread,3699
1702,11-04-2025,root vegetables,1771
2111,30-09-2025,root vegetables,3974
1488,11-10-2024,rolls/buns,4035
2151,25-09-2025,creamer,3404
1081,15-11-2025,tomato sauce,1577
1479,29-11-2025,onions,5468
1976,05-02-2025,canned beer,2800
1134,06-07-2024,canned beer,3074
1527,19-04-2025,onions,1215
2134,18-10-2024,bottled water,187
1605,21-03-2025,canned beer,3685
1449,17-09-2025,rolls/buns,1607
1574,01-04-2025,newspapers,1835
2187,21-07-2024,ground beef,3623
2027,23-09-2024,diapers,4572
1635,09-04-2024,root vegetables,2688
1202,17-09-2025,tortillas,1325
1213,07-03-2025,citrus fruit,3428
1988,26-04-2025,hamburger meat,2881
1104,22-04-2024,pastry,3628
1539,05-04-2024,crackers,1123
1787,22-01-2024,canned beer,1242
1209,26-02-2025,frozen vegetables,572
2037,21-06-2025,creamer,4842
2083,10-01-2024,tropical fruit,373
1226,06-01-2024,frozen vegetables,2842
1420,31-10-2025,domestic eggs,568
1262,07-04-2024,margarine,37
1352,04-10-2024,pastry,991
1938,01-02-2025,bottled water,5399
1871,25-10-2024,salty snack,5209
1986,10-08-2025,granola,3063
1403,23-10-2025,white bread,3451
1073,27-02-2025,root vegetables,5272
1032,14-10-2024,bottled water,5202
1508,29-06-2025,root vegetables,1356
1437,25-09-2025,margarine,490
1487,07-11-2024,creamer,2571
1997,17-02-2025,tortillas,2226
1646,04-08-2024,yogurt,472
2159,25-06-2025,napkins,3095
1867,29-01-2024,margarine,4473
1004,15-01-2024,  MARGARINE,1996
1622,11-08-2025,napkins,1785
2037,21-06-2025,sausage,4842
1781,15-11-2025,newspapers,462
1081,06-10-2025,soda,3139
1812,24-05-2024,domestic eggs,4714
1308,25-03-2025,frankfurter,1237
1883,13-09-2025,pip fruit,3818
1064,24-11-2024,tropical fruit,3232
1350,14-10-2024,citrus fruit,3858
1470,27-10-2025,crackers,528
2002,29-04-2024,canned beer,5543
1221,02-07-2024,salsa,1038
1056,04-12-2025,tortillas,2518
1274,14-03-2024,tomato sauce,3296
1887,29-06-2024,frozen vegetables,417
1690,30-08-2024,bottled water,5223
1372,07-02-2025,margarine,448
1085,07-01-2024,frozen vegetables,2672
1154,13-02-2024,creamer,1055
1567,18-10-2024,salsa,3849
1726,11-10-2025,onions,4625
2180,03-08-2025,ketchup,2668
1855,11-04-2024,domestic eggs,3757
1612,14-05-2024,sugar,2856
1886,05-10-2025,rolls/buns,5980
1539,05-04-2024,beef,1123
1418,29-04-2024,frozen vegetables,4892
1204,12-11-2024,canned beer,5902
1318,30-03-2025,  MARGARINE,1305
1143,21-04-2025,canned beer,34
1741,04-03-2024,rolls/buns,1117
1939,21-12-2025,newspapers,1191
1037,02-02-2025,whole milk,255
1684,23-09-2025,frankfurter,2658
1417,19-09-2024,root vegetables,1801
1528,22-04-2024,salsa,674
1251,17-11-2024,canned beer,779
1234,24-09-2024,root vegetables,1315
1476,07-02-2025,cat food,615
1606,02-07-2025,dish detergent,2263
1656,11-02-2025,margarine,1202
1726,10-10-2025,frankfurter,1073
2013,19-02-2024,bottled water,4047
1010,26-03-2025,ketchup,5304
1571,25-03-2025,margarine,3270
1063,15-08-2024,salty snack,5608
1187,26-08-2025,bananas,2060
1963,26-06-2024,frozen vegetables,1609
1031,15-09-2024,coffee,4231
1034,28-01-2025,citrus fruit,5237
1906,21-10-2024,canned beer,515
1882,02-09-2024,margarine,2167
1221,12-03-2025,citrus fruit,422
1801,09-11-2024,bottled water,4045
2171,09-12-2025,pip fruit,5551
1033,06-05-2025,newspapers,4880
1906,13-01-2024,pastry,2961
1665,02-12-2025,frankfurter,3384
1526,27-02-2024,bottled water,3985
1223,17-12-2025,yogurt,2943
1536,28-06-2024,bananas,1200
1319,11-12-2025,citrus fruit,3825
1221,11-01-2024,whole milk,2627
1939,21-12-2025,bottled water,1191
1011,09-01-2024,bottled water,4343
1324,03-04-2024,citrus fruit,4221
1701,18-02-2024,  PASTA,4739
1683,19-05-2024,whole milk,4213
2037,04-03-2024,tropical fruit,148
2107,03-10-2024,tomato sauce,5733
1309,23-02-2025,canned beer,4368
1084,24-04-2025,newspapers,5065
1043,23-01-2025,sugar,5403
1117,21-06-2025,crackers,392
1750,24-06-2025,frankfurter,484
1130,05-04-2024,root vegetables,5736
1478,15-11-2025,root vegetables,3011
1050,14-01-2025,citrus fruit,780
1434,23-06-2025,sausage,5642
1522,01-09-2025,canned beer,2488
1602,26-12-2024,yogurt,2921
1786,16-03-2024,white bread,5707
2050,27-10-2025,canned beer,4224
1928,01-02-2024,cat food,1281
1892,10-06-2024,canned beer,2214
2103,27-11-2024,white bread,5730
2154,08-01-2025,root vegetables,2560
1110,24-01-2025,root vegetables,2108
1593,14-02-2025,pip fruit,1377
1865,12-07-2024,root vegetables,4171
1598,18-08-2024,root vegetables,4284
1285,15-11-2024,domestic eggs,3292
1096,11-11-2025,canned beer,2224
1992,09-04-2024,ice cream,4670
1870,15-02-2024,root vegetables,3226
1219,26-05-2024,domestic eggs,1330
1259,12-09-2025,bottled water,584
2070,27-02-2024,salsa,2314
1385,25-02-2024,root vegetables,4246
1607,28-04-2024,tomato sauce,2958
1498,25-07-2025,white bread,2995
1106,22-03-2025,domestic eggs,3814
1544,09-05-2024,jam,293
1703,21-06-2024,white bread,2026
1308,20-05-2024,salty snack,4581
1621,07-01-2024,tortillas,1247
1085,27-08-2024,frankfurter,226
2150,25-11-2024,salty snack,1319
1950,28-04-2024,salty snack,206
1412,17-12-2025,margarine,4023
1327,16-08-2024,margarine,3657
2015,20-06-2024,brown bread,1188
1742,27-06-2025,canned beer,4230
2182,09-02-2025,tortillas,5795
1311,18-11-2024,domestic eggs,2344
1766,21-04-2024,white bread,4592
1580,07-11-2024,crackers,4740
1507,12-12-2025,white bread,3588
1875,18-08-2024,whole milk,2370
1002,28-02-2024,yogurt,5987
1566,11-05-2025,onions,3528
1488,04-02-2024,root vegetables,3436
1940,12-01-2024,cereal,5464
1121,27-06-2024,salty snack,1749
1276,17-04-2025,canned beer,30
1631,05-12-2024,bottled water,888
1992,23-10-2024,pasta,4956
1094,25-06-2024,paper towels,4616
1326,02-02-2024,beef,2712
1470,27-10-2025,canned beer,528
1092,19-12-2025,margarine,2137
1920,17-11-2024,curd,3942
1274,14-03-2024,canned beer,3296
1393,07-07-2025,tomato sauce,4506
1128,23-01-2024,cat food,4486
1583,26-01-2024,soda,4434
2154,26-05-2024,domestic eggs,1165
2147,13-02-2024,pastry,5532
1634,16-08-2025,newspapers,2078
1073,24-07-2025,newspapers,1296
1901,30-09-2025,ketchup,3407
1227,07-11-2024,margarine,1267
1803,11-04-2025,frozen vegetables,4477
2062,26-03-2025,root vegetables,1023
1362,27-05-2024,margarine,4780
2180,01-12-2025,dish detergent,2168
1717,25-12-2025,yogurt,632
1499,20-09-2024,curd,2522
1590,21-10-2025,margarine,860
1993,01-05-2024,canned beer,789
1814,19-06-2024,pasta,2577
1842,22-03-2025,canned beer,5405
1331,28-10-2025,whole milk,3245
1325,25-05-2025,soda,2366
1282,06-08-2024,bottled water,88
1853,11-08-2024,tropical fruit,5708
1350,26-04-2025,whole milk,1838
1751,29-11-2025,pip fruit,1899
1673,06-11-2024,margarine,1479
1304,14-01-2024,tomato sauce,4337
1883,16-06-2025,root vegetables,295
1449,24-03-2025,coffee,5653
1244,07-12-2025,brown bread,1068
1121,07-10-2024,salty snack,2144
1310,26-08-2024,root vegetables,1156
1979,22-08-2024,white bread,1133
1220,04-03-2024,pastry,2576
2065,09-12-2024,canned beer,3914
1427,04-07-2024,pip fruit,1585
1971,21-03-2025,pip fruit,3107
1208,27-08-2024,frankfurter,1227
2083,25-01-2025,chocolate,5318
2068,24-08-2025,cereal,5505
2011,22-01-2025,chips,4323
1867,08-11-2025,newspapers,2640
1339,18-07-2024,yogurt,3105
1574,01-04-2025,beef,1835
1109,21-11-2025,margarine,1100
1727,27-03-2025,  NEWSPAPERS,2081
1359,04-11-2025,tropical fruit,2824
2067,21-04-2025,jam,3295
1696,29-06-2024,granola,3800
1951,31-01-2025,bottled water,1652
2057,05-12-2025,butter,358
1997,13-06-2024,sausage,2752
1364,23-04-2024,newspapers,144
1301,18-07-2024,domestic eggs,521
1301,23-08-2025,white bread,2785
1616,02-04-2025,citrus fruit,51
1761,06-09-2025,cheese,2172
1597,08-01-2025,canned beer,410
1989,11-05-2025,frozen vegetables,1447
1539,28-10-2025,newspapers,763
2148,25-09-2025,curd,2359
1311,23-06-2025,canned beer,514
1503,01-09-2025,canned beer,3597
1815,31-10-2025,canned beer,1184
1866,22-09-2024,cereal,633
1363,06-06-2024,cheese,3725
1664,09-07-2024,white bread,640
1871,13-12-2025,pasta,147
1320,26-10-2024,margarine,4933
2059,20-04-2024,sausage,2298
1792,14-07-2025,paper towels,3167
1832,30-09-2024,crackers,1475
1880,29-03-2025,beef,1925
1195,17-01-2025,canned beer,3960
1994,20-01-2024,soda,641
1348,03-06-2024,whole milk,398
1983,16-08-2025,coffee,2710
1333,29-02-2024,white bread,907
1722,22-08-2025,citrus fruit,721
1081,15-11-2025,bananas,1577
1429,24-08-2025,citrus fruit,1050
2182,16-07-2025,brown bread,3537
1019,31-05-2025,curd,3215
1262,07-04-2024,rolls/buns,37
1865,10-03-2024,canned beer,3155
1382,18-12-2024,sausage,5854
1351,01-11-2024,root vegetables,5812
1381,25-08-2025,whole milk,3231
1752,07-11-2024,margarine,3418
1948,02-12-2024,pasta,2378
1694,01-08-2024,whole milk,922
1293,26-09-2025,tomato sauce,3806
1189,29-09-2025,cat food,1998
1831,29-11-2024,margarine,671
1812,09-04-2024,newspapers,1987
1884,03-05-2025,margarine,1786
1709,21-02-2025,bottled water,4398
1872,22-09-2025,paper towels,3164
1527,26-11-2025,bottled water,5596
1965,24-07-2024,tortillas,5019
1439,16-03-2024,frankfurter,5193
1702,03-06-2024,citrus fruit,20
1064,28-05-2024,newspapers,1099
2000,30-12-2025,domestic eggs,2698
1835,28-02-2025,whole milk,5881
1141,23-02-2024,citrus fruit,3306
1467,09-12-2025,yogurt,4912
1095,14-08-2024,citrus fruit,3602
1916,09-02-2024,cat food,228
1712,22-06-2025,salty snack,3802
1899,12-06-2024,citrus fruit,5295
1452,12-09-2024,yogurt,587
1161,13-06-2024,parmesan,5921
2041,30-09-2024,margarine,5507
1970,02-02-2024,pastry,4355
1968,04-10-2025,canned beer,2062
1109,21-11-2025,newspapers,1100
1523,26-06-2025,pastry,3452
1339,30-01-2024,salsa,4397
1501,15-09-2024,margarine,2923
1391,29-09-2025,shopping bags,4312
1433,16-07-2025,pasta,5462
1103,20-09-2025,canned beer,1458
1834,15-10-2024,salty snack,4784
1233,19-09-2024,white bread,5157
1602,26-12-2024,bottled water,2921
1935,17-02-2025,citrus fruit,1955
1048,29-11-2024,root vegetables,3936
2080,09-05-2024,pasta,4151
1691,04-10-2025,onions,5406
1849,15-10-2024,canned beer,2270
1480,09-01-2024,canned beer,1283
1602,26-12-2024,white bread,2921
1720,14-02-2024,curd,488
1540,29-06-2025,  CANNED BEER,1402
1353,13-02-2024,newspapers,4889
2129,19-05-2025,curd,2268
2124,21-05-2024,curd,3210
1137,06-07-2025,  CEREAL,5681
1863,20-01-2024,frozen vegetables,4311
2061,18-08-2024,frozen vegetables,2939
1937,09-10-2025,frozen vegetables,2795
1848,25-10-2024,canned beer,1484
1386,12-08-2025,canned beer,5583
1890,13-08-2025,paper towels,3517
1020,09-01-2025,white bread,2946
1574,01-02-2025,salty snack,5052
1030,08-03-2024,beef,1500
1988,26-06-2024,tortillas,3895
1669,29-10-2025,margarine,1730
1206,02-12-2025,pip fruit,4770
1142,16-04-2024,white bread,4223
1877,23-08-2025,root vegetables,2901
1449,22-09-2025,canned beer,1657
1684,10-07-2025,margarine,4300
1089,29-02-2024,  DOMESTIC EGGS,5901
1831,24-10-2025,root vegetables,4558
1233,27-07-2025,tropical fruit,1127
1632,02-08-2025,chocolate,971
1048,13-09-2025,newspapers,1167
2189,22-02-2024,margarine,432
1684,10-07-2025,bottled water,4300
1833,21-04-2024,salsa,2222
1562,17-01-2024,whole milk,5835
1864,18-11-2024,rolls/buns,2486
1114,11-02-2024,citrus fruit,2466
1726,11-10-2025,domestic eggs,4625
1302,27-07-2025,margarine,2850
1891,04-03-2025,newspapers,3217
1081,06-10-2025,  MARGARINE,3139
1217,24-01-2024,  PASTRY,1525
1401,11-09-2024,  CHIPS,4292
1072,22-09-2025,margarine,1057
1215,30-07-2025,margarine,5995
1494,30-12-2025,tropical fruit,3770
1673,05-11-2024,margarine,872
2173,20-01-2024,margarine,5833
1897,13-09-2024,sausage,1742
1805,15-04-2025,cereal,3221
1139,28-06-2024,yogurt,4022
2010,17-02-2024,cereal,4502
1080,19-01-2024,jam,3992
1819,11-06-2025,newspapers,1897
1395,07-02-2025,canned beer,120
1081,23-08-2024,butter,4745
1772,07-05-2024,whole milk,4772
1476,24-01-2025,onions,4922
1446,07-05-2025,frankfurter,2849
2128,23-07-2024,salty snack,2726
1629,14-06-2024,frozen vegetables,4354
1244,05-07-2025,shopping bags,1173
1192,16-03-2024,canned beer,758
2144,28-09-2024,tomato sauce,2210
2189,26-11-2025,white bread,338
2028,01-11-2025,margarine,4987
1022,09-07-2025,pip fruit,43
1829,05-01-2024,sausage,3566
2010,17-02-2024,tropical fruit,4502
1995,21-08-2025,root vegetables,3774
1161,03-01-2025,  MARGARINE,2100
1636,24-07-2024,bananas,1343
1163,17-03-2025,diapers,4645
1351,01-11-2024,bottled water,5812
1667,19-02-2025,canned beer,4260
1301,26-11-2025,sausage,1541
1658,03-05-2025,margarine,4951
1822,10-01-2024,tropical fruit,1867
1817,06-07-2024,citrus fruit,1959
2020,21-02-2024,margarine,4838
1026,07-04-2025,  HAMBURGER MEAT,654
1561,16-06-2024,root vegetables,4824
1060,08-10-2024,white bread,5367
1704,07-05-2024,margarine,5393
1451,20-11-2024,frankfurter,5240
1613,07-12-2025,yogurt,1508
1748,01-08-2025,bottled water,2051
1920,19-05-2025,rolls/buns,3928
1818,25-09-2024,frankfurter,5809
1410,22-04-2024,pastry,5964
1189,03-10-2025,parmesan,240
1627,23-12-2025,root vegetables,3000
1140,16-03-2025,root vegetables,3954
1676,23-10-2025,rolls/buns,2130
1741,11-07-2025,tomato sauce,3859
2134,06-11-2024,red wine,849
1971,10-03-2024,frankfurter,4240
2135,23-11-2024,napkins,5886
1455,26-01-2025,canned beer,280
1831,24-10-2025,butter,4558
1484,27-06-2024,ice cream,595
1872,06-11-2025,root vegetables,4123
1039,01-12-2025,canned beer,958
1752,22-05-2024,jam,4273
1723,18-01-2025,beef,2346
1780,17-12-2025,root vegetables,3738
1241,09-01-2025,sugar,4570
1723,18-01-2025,citrus fruit,2346
1480,26-10-2024,canned beer,601
1305,15-01-2024,frozen vegetables,3056
1018,20-07-2024,frankfurter,764
1602,26-12-2024,granola,2921
1994,25-09-2025,margarine,164
1337,02-04-2025,curd,3635
1979,04-06-2024,newspapers,5114
1971,21-03-2025,parmesan,3107
1787,14-08-2024,citrus fruit,3982
1188,03-11-2024,newspapers,1498
1934,17-10-2025,sausage,2161
2106,30-01-2024,canned beer,5107
1892,10-06-2024,root vegetables,2214
2136,22-12-2025,tropical fruit,1490
1789,13-08-2025,rolls/buns,1850
2187,21-07-2024,tortillas,3623
1354,06-04-2025,pasta,1239
1114,11-02-2024,white bread,2466
2090,29-07-2025,sugar,5647
1854,25-08-2024,sausage,3184
2004,18-02-2025,chocolate,4111
1739,03-09-2024,newspapers,4361
1728,22-01-2024,onions,5996
1511,16-07-2025,rolls/buns,403
1872,06-11-2025,white bread,4123
1388,24-12-2024,tortillas,5525
1156,01-08-2024,onions,3671
1663,29-09-2024,margarine,4157
1411,21-03-2024,shopping bags,4220
1633,12-12-2025,crackers,5737
1081,21-10-2024,chocolate,2675
1216,11-11-2025,canned beer,5395
1396,19-01-2025,whole milk,1110
1803,08-01-2025,newspapers,4164
1115,20-11-2025,onions,1326
1036,26-06-2025,newspapers,5037
1451,13-03-2024,frozen vegetables,4411
1361,02-10-2025,margarine,3325
1279,24-10-2025,brown bread,2715
1535,17-05-2025,canned beer,3606
1344,25-11-2025,canned beer,1784
1284,06-09-2025,bottled water,3926
1010,24-03-2024,pastry,5409
1440,04-01-2024,sugar,5112
1043,17-07-2025,frozen vegetables,3365
1676,10-01-2025,root vegetables,3706
2180,03-08-2025,root vegetables,2668
2000,09-04-2025,frankfurter,3595
1874,18-05-2025,cereal,3189
1591,23-09-2024,soda,1648
1814,13-01-2024,frozen vegetables,4918
1549,31-07-2025,canned beer,2124
1391,08-12-2025,red wine,3959
2073,15-06-2024,white bread,982
2123,30-03-2024,canned beer,291
1334,05-05-2025,root vegetables,797
1513,28-03-2025,margarine,3948
1879,20-12-2025,root vegetables,4628
1385,24-10-2024,beef,1306
1463,05-08-2024,dish detergent,4863
1310,19-03-2024,butter,3522
1521,06-11-2024,canned beer,5592
1564,30-03-2025,margarine,1000
1859,29-06-2025,bananas,1272
1553,26-12-2024,citrus fruit,5014
1714,31-07-2024,canned beer,5790
1383,31-07-2025,margarine,2045
1486,05-01-2025,margarine,1163
2046,10-10-2024,rolls/buns,5106
2139,27-08-2025,frozen vegetables,5248
2159,26-11-2025,root vegetables,5308
1289,20-12-2024,brown bread,5143
1848,15-12-2024,hamburger meat,4931
1064,01-04-2024,bottled water,2671
1230,21-11-2024,salsa,978
1250,20-11-2024,dish detergent,965
1736,05-10-2024,white bread,3177
1260,15-04-2024,rolls/buns,5957
1896,27-12-2024,jam,5780
1871,25-10-2024,whole milk,5209
1260,08-09-2024,citrus fruit,4840
1452,06-10-2025,margarine,4568
1605,21-03-2025,margarine,3685
1900,29-03-2025,brown bread,3709
1497,04-12-2024,citrus fruit,1592
1627,23-12-2025,cat food,3000
1876,12-07-2024,pasta,4706
1703,30-10-2024,granola,5644
2020,30-03-2024,citrus fruit,3357
1897,09-05-2025,root vegetables,1737
1184,26-03-2025,,5418
1786,02-04-2025,citrus fruit,3694
1633,14-07-2024,canned beer,220
1395,12-06-2024,frankfurter,2435
1797,10-10-2025,napkins,3138
1161,18-09-2025,,589
1033,05-09-2024,canned beer,4455
1438,12-08-2025,whole milk,4090
1221,15-09-2024,root vegetables,2808
1632,08-12-2024,citrus fruit,975
1292,15-03-2025,domestic eggs,5751
1585,08-06-2024,soda,2747
1850,23-03-2025,frozen vegetables,5872
1798,24-09-2024,bananas,963
1263,07-09-2024,granola,4732
1721,05-07-2024,citrus fruit,3505
2013,20-07-2024,tortillas,5788
1164,13-08-2024,newspapers,4961
1637,06-06-2025,rolls/buns,4271
1343,29-09-2024,citrus fruit,5307
1517,04-02-2025,napkins,1839
1509,27-11-2024,bottled water,2885
2043,06-04-2025,whole milk,3257
1389,30-06-2025,citrus fruit,738
2053,18-04-2025,ground beef,2027
1799,05-08-2025,domestic eggs,1187
1130,13-08-2025,rolls/buns,5692
1160,18-01-2025,pip fruit,4046
1131,26-01-2025,whole milk,1454
1242,13-06-2025,white bread,2458
1201,30-09-2025,canned beer,520
1851,11-04-2025,margarine,638
2096,25-10-2024,newspapers,3495
1990,24-01-2025,root vegetables,5959
1853,11-08-2024,chips,5708
1723,05-08-2025,canned beer,2309
1612,18-01-2025,margarine,1550
1808,12-04-2025,bottled water,390
1941,13-10-2025,frozen vegetables,526
1507,07-04-2024,frozen vegetables,3991
2172,15-11-2024,canned beer,4103
1616,05-11-2025,pip fruit,876
1458,11-09-2024,,1128
1360,21-11-2024,domestic eggs,1030
1205,16-07-2024,granola,5032
2029,22-08-2025,newspapers,4994
1166,26-06-2025,whole milk,1452
1348,04-05-2025,shopping bags,4267
1965,07-04-2025,ground beef,4159
1709,21-02-2025,salsa,4398
1085,13-03-2025,margarine,1703
1975,12-09-2025,pip fruit,2515
1359,14-11-2025,citrus fruit,1978
1569,17-08-2025,salsa,2874
1961,13-02-2025,root vegetables,2852
1067,11-01-2024,canned beer,5756
2049,18-05-2024,root vegetables,4597
1919,08-12-2024,newspapers,3322
1545,28-07-2025,creamer,4550
1403,02-01-2025,canned beer,5154
1029,15-08-2024,canned beer,3197
1370,01-06-2025,whole milk,1087
1610,08-05-2025,shopping bags,787
1889,13-08-2025,pastry,660
1856,26-01-2025,newspapers,1740
1791,28-10-2024,newspapers,5428
1166,26-06-2025,pastry,1452
2046,27-11-2025,salsa,1332
1702,11-07-2025,canned beer,145
1002,28-02-2024,bananas,5987
1739,26-09-2024,paper towels,1291
1936,07-04-2025,rolls/buns,3614
1400,11-08-2025,margarine,4664
2104,05-01-2025,newspapers,409
1603,20-02-2024,margarine,2118
2091,17-12-2024,domestic eggs,5274
1192,22-09-2025,pip fruit,3784
2129,19-05-2025,frankfurter,2268
1073,20-06-2025,pasta,5785
1302,27-07-2025,canned beer,2850
1599,03-10-2025,frankfurter,2451
1852,25-01-2024,creamer,5357
1823,06-09-2025,canned beer,3340
2173,30-04-2024,frozen vegetables,3121
1271,26-03-2024,bottled water,4831
1394,30-01-2024,citrus fruit,1796
2020,15-09-2025,sausage,3844
1336,21-02-2025,ice cream,5006
1983,08-08-2025,whole milk,5789
1328,15-12-2025,bananas,62
1577,24-06-2024,bottled water,4716
2113,28-01-2024,bottled water,4954
1941,10-11-2025,bottled water,2807
1415,20-03-2024,newspapers,877
1918,24-06-2025,margarine,2220
1188,18-11-2024,margarine,2836
1679,18-09-2025,salty snack,193
1432,15-01-2024,curd,2981
2125,06-08-2025,diapers,5099
1832,31-01-2024,ground beef,4869
1815,02-10-2025,canned beer,5191
1845,24-07-2025,canned beer,4140
2111,31-01-2025,newspapers,2289
1199,30-09-2025,pip fruit,4024
2151,11-09-2024,sugar,5410
1228,07-04-2024,whole milk,1126
2137,06-09-2025,salty snack,5680
1210,31-08-2025,granola,2372
1220,09-01-2024,dish detergent,3527
2003,09-05-2024,canned beer,1478
1085,03-02-2025,citrus fruit,5492
1158,21-06-2025,paper towels,2602
1883,26-07-2024,margarine,4759
1442,26-12-2024,canned beer,692
2101,23-01-2025,frozen vegetables,5775
1050,14-01-2025,root vegetables,780
1988,26-06-2024,canned beer,3895
1338,24-08-2025,onions,452
1512,07-04-2025,canned beer,3320
1035,03-08-2024,frankfurter,1631
1258,19-01-2025,newspapers,2151
1130,27-03-2025,bottled water,2231
1639,27-09-2025,margarine,1553
1032,31-05-2024,beef,2468
1988,26-04-2025,crackers,2881
1339,30-01-2024,canned beer,4397
2043,19-03-2024,whole milk,2469
1132,14-10-2025,canned beer,2743
1583,13-06-2024,yogurt,4998
1903,05-09-2025,yogurt,4131
1679,28-06-2025,,1081
1293,02-02-2024,canned beer,1435
1080,07-09-2025,whole milk,3114
1409,20-05-2025,beef,1369
2098,15-11-2025,pip fruit,5949
1112,11-09-2025,pastry,73
1290,26-02-2024,frankfurter,694
2151,03-12-2024,jam,1088
2140,17-08-2024,sausage,3168
1413,14-01-2024,newspapers,696
1904,01-04-2024,root vegetables,5907
1227,11-06-2024,tropical fruit,158
2033,03-08-2025,sugar,3409
1236,27-08-2025,sausage,1310
1479,25-07-2025,margarine,3801
1695,12-01-2025,canned beer,537
1353,25-12-2025,whole milk,5115
1122,02-07-2024,pastry,4924
2057,07-01-2025,ground beef,78
1045,14-03-2025,frankfurter,292
1344,14-07-2025,granola,4909
1539,15-01-2024,frozen vegetables,3230
1558,22-05-2025,canned beer,948
1854,29-07-2024,bananas,5727
1820,28-04-2025,cat food,1949
1919,15-11-2024,shopping bags,722
1321,05-03-2025,canned beer,1460
1285,16-10-2024,,5519
1227,05-11-2024,frozen vegetables,4613
2019,12-07-2024,paper towels,5804
2129,18-04-2024,frozen vegetables,5662
1950,04-07-2024,citrus fruit,3403
1326,11-04-2024,ice cream,5938
1963,16-07-2025,frankfurter,2903
1022,10-12-2024,chocolate,1946
1179,25-08-2025,canned beer,1194
1224,06-06-2024,frankfurter,5674
1282,16-11-2024,root vegetables,1575
1650,05-05-2024,napkins,3067
1127,17-03-2025,ice cream,3937
1478,15-11-2025,pip fruit,3011
1356,25-04-2025,salty snack,5040
2063,04-02-2024,  CEREAL,4493
1589,05-06-2025,ground beef,5129
1891,17-12-2024,dish detergent,806
1051,26-05-2024,frozen vegetables,3511
1374,11-07-2024,whole milk,3478
1204,01-10-2024,granola,5218
1168,15-11-2025,  ROOT VEGETABLES,2738
1626,24-11-2024,tropical fruit,2514
1967,06-02-2025,margarine,375
2194,29-11-2024,pastry,1286
1842,08-03-2025,frankfurter,3855
1301,23-08-2025,margarine,2785
2090,29-07-2025,margarine,5647
1981,31-08-2025,soda,760
1295,22-08-2025,margarine,2211
1603,25-12-2025,soda,4385
1288,11-01-2024,salty snack,2334
1388,24-12-2024,canned beer,5525
1935,03-12-2024,margarine,5397
2080,18-08-2024,bottled water,2774
1558,29-07-2024,parmesan,4029
1966,21-08-2025,sausage,3822
1780,25-08-2025,newspapers,489
2088,25-07-2024,newspapers,5326
1060,09-11-2025,canned beer,4804
1609,09-04-2024,curd,4562
1778,17-05-2025,frankfurter,1433
1030,08-03-2024,frozen vegetables,1500
2142,22-09-2025,salty snack,5509
1369,27-04-2025,sugar,2839
1946,08-06-2024,whole milk,3590
1836,23-12-2025,rolls/buns,3661
2042,25-04-2024,sausage,23
2012,12-09-2025,citrus fruit,1012
1376,15-05-2025,sugar,2915
2023,13-10-2025,brown bread,468
1296,20-08-2025,margarine,5988
1365,19-04-2024,canned beer,3690
1616,22-07-2024,,5417
1027,18-09-2025,white bread,3174
1883,10-10-2025,red wine,5920
1565,26-01-2024,ketchup,2593
1403,09-12-2025,domestic eggs,212
1709,24-08-2024,bottled water,3565
1177,26-07-2025,chocolate,4797
1957,05-02-2024,canned beer,5944
1313,12-01-2025,salsa,989
1294,25-03-2024,pastry,2420
1029,20-08-2025,canned beer,554
1725,24-10-2025,newspapers,590
1772,09-09-2024,margarine,868
1364,17-06-2025,yogurt,4208
1507,18-01-2024,ground beef,3726
1775,26-08-2025,canned beer,4990
1287,04-01-2024,whole milk,4153
1293,05-04-2025,margarine,251
1610,20-05-2025,root vegetables,1970
1752,05-08-2024,canned beer,4168
1182,24-10-2024,root vegetables,998
1474,08-02-2025,jam,3520
1704,04-08-2025,citrus fruit,3518
1540,29-06-2025,beef,1402
1580,28-06-2024,citrus fruit,279
1962,28-11-2025,chocolate,5613
2107,28-08-2024,root vegetables,1095
1411,10-10-2024,frozen vegetables,1327
1299,10-05-2025,root vegetables,4460
2025,27-07-2024,newspapers,2987
1145,11-02-2025,soda,3368
2012,12-09-2025,tomato sauce,1012
2144,07-12-2025,whole milk,1220
1738,11-02-2025,sausage,1467
1329,28-09-2024,napkins,4734
1849,15-10-2024,white bread,2270
1248,11-09-2024,domestic eggs,5961
2046,27-11-2024,napkins,5420
1626,23-09-2025,canned beer,242
2020,30-03-2024,yogurt,3357
2139,27-08-2025,salty snack,5248
1712,06-03-2024,napkins,2125
1201,21-11-2024,root vegetables,3333
2039,29-01-2025,canned beer,1141
1353,16-12-2024,newspapers,761
2013,13-03-2025,sausage,3747
1948,08-02-2024,whole milk,2660
1805,15-04-2025,sausage,3221
1581,05-12-2024,white bread,2029
1259,19-07-2024,salty snack,4793
1219,09-11-2024,tomato sauce,527
2105,20-03-2025,frankfurter,1121
1893,12-09-2025,diapers,4104
2016,10-03-2024,white bread,618
1536,09-03-2024,whole milk,3586
1312,11-09-2025,whole milk,4586
1149,12-01-2024,margarine,1816
1014,06-04-2024,margarine,3102
1184,26-03-2025,white bread,5418
1342,08-10-2025,domestic eggs,4992
1669,22-08-2024,canned beer,1076
1867,29-01-2024,white bread,4473
1892,21-09-2025,  MARGARINE,435
1847,22-03-2025,white bread,2255
1467,30-08-2024,newspapers,2847
1066,20-08-2025,frozen vegetables,2242
1336,09-07-2024,margarine,2461
1486,05-01-2025,whole milk,1163
2175,26-07-2024,margarine,5925
1306,23-05-2024,pastry,4789
1029,17-06-2024,domestic eggs,2044
1431,10-03-2025,beef,4832
1473,24-04-2025,margarine,5487
2077,10-02-2025,canned beer,4653
1988,04-07-2024,jam,309
1430,10-01-2025,root vegetables,5666
1709,20-12-2025,canned beer,1624
2197,07-08-2025,ground beef,896
1056,18-04-2024,creamer,2076
1696,16-03-2024,root vegetables,1653
1851,25-01-2025,whole milk,5273
1597,08-01-2025,napkins,410
1132,03-11-2025,canned beer,5270
1587,23-12-2024,onions,1448
1203,01-10-2024,coffee,2819
1025,29-04-2024,granola,3921
2153,09-12-2025,frozen vegetables,1628
1282,06-08-2024,whole milk,88
1410,12-04-2024,ground beef,518
1627,31-03-2025,white bread,5163
1015,09-05-2025,shopping bags,3723
1703,21-06-2024,napkins,2026
2016,10-03-2024,canned beer,618
1848,20-07-2025,canned beer,106
1523,17-09-2024,ice cream,647
1616,11-02-2024,tomato sauce,1554
1546,30-05-2025,margarine,1350
1970,20-11-2024,domestic eggs,4921
1132,18-06-2025,beef,784
1883,12-01-2025,paper towels,5906
1392,24-07-2025,whole milk,172
1193,23-05-2024,crackers,5388
1063,15-08-2024,frozen vegetables,5608
1680,25-02-2024,tropical fruit,827
1358,16-10-2024,crackers,5942
1959,12-03-2024,yogurt,3272
1201,21-11-2024,margarine,3333
1814,13-07-2024,domestic eggs,563
1365,19-04-2024,frozen vegetables,3690
1767,03-12-2024,sausage,4674
1750,22-03-2024,salsa,4564
1674,30-12-2025,creamer,1683
1965,12-09-2024,chocolate,2169
2012,16-09-2024,chocolate,348
1903,05-09-2025,domestic eggs,4131
1888,24-04-2024,margarine,282
1451,01-11-2024,bottled water,1248
1229,11-05-2025,citrus fruit,586
1809,09-02-2025,granola,400
1056,18-04-2024,sugar,2076
2041,29-05-2024,tropical fruit,4656
1763,19-08-2025,tropical fruit,1615
1761,06-09-2025,red wine,2172
1727,03-12-2024,frankfurter,1748
1332,14-03-2024,citrus fruit,1707
1485,09-05-2024,  NAPKINS,5212
1410,29-12-2024,white bread,2107
1187,23-02-2024,canned beer,3638
1353,13-02-2024,ice cream,4889
1676,07-05-2024,frankfurter,1201
1184,07-12-2024,margarine,4890
1762,16-05-2024,pastry,2271
2031,26-11-2024,frankfurter,2187
1466,05-11-2025,,974
1279,05-10-2024,curd,4277
1153,11-02-2025,newspapers,525
1081,21-10-2024,soda,2675
1356,31-10-2024,root vegetables,5856
1887,08-04-2024,newspapers,3943
1894,25-03-2024,  CANNED BEER,2475
1450,23-06-2025,frozen vegetables,5031
1607,28-04-2024,citrus fruit,2958
2079,12-11-2025,ground beef,4624
2025,19-11-2024,yogurt,2759
1645,15-12-2024,yogurt,5667
1308,11-10-2024,whole milk,3397
2180,16-10-2025,citrus fruit,2088
1533,09-10-2024,frankfurter,287
1924,24-04-2025,  WHITE BREAD,1477
1123,26-05-2024,parmesan,1230
1946,08-08-2024,sausage,5261
1086,14-08-2025,canned beer,1177
2181,07-03-2024,granola,5330
1493,09-07-2025,salsa,2544
2179,27-05-2025,shopping bags,1025
2008,06-03-2025,bottled water,5793
1122,02-07-2024,soda,4924
1032,14-10-2024,whole milk,5202
1848,17-01-2025,soda,2138
1571,25-03-2025,napkins,3270
1943,11-10-2024,bottled water,1048
1118,13-10-2025,canned beer,247
1181,09-05-2025,frankfurter,3458
1597,02-04-2025,frankfurter,1627
1812,13-06-2024,canned beer,3096
1063,06-02-2025,cereal,3461
1747,06-10-2025,canned beer,2578
1156,24-02-2024,whole milk,5786
1468,07-06-2024,cheese,5965
1187,19-01-2024,white bread,2403
1074,23-11-2024,margarine,4755
2074,29-07-2024,canned beer,2567
1691,12-06-2024,white bread,1060
1588,28-07-2025,citrus fruit,1336
1938,01-02-2025,canned beer,5399
1406,25-04-2025,sugar,5182
1658,24-11-2024,margarine,126
1255,01-10-2024,newspapers,1411
1816,05-12-2024,pip fruit,1459
1952,14-09-2025,soda,5331
1127,17-03-2025,root vegetables,3937
1506,26-09-2024,citrus fruit,92
1389,29-08-2024,soda,4620
1283,18-02-2025,frankfurter,4167
1837,26-06-2024,salty snack,2895
1992,23-10-2024,canned beer,4956
1271,26-02-2024,frozen vegetables,5544
1142,25-08-2024,rolls/buns,4926
1015,18-04-2025,canned beer,2240
1312,11-09-2025,salty snack,4586
1268,22-04-2024,whole milk,1994
1282,10-02-2025,  CURD,3677
1610,07-01-2024,yogurt,1678
2078,14-11-2025,chocolate,1552
2075,21-02-2024,white bread,3208
1527,20-08-2024,napkins,421
1525,21-01-2024,root vegetables,3842
1247,14-08-2024,root vegetables,1919
1819,24-12-2025,newspapers,3998
1218,01-11-2024,margarine,3499
2194,06-07-2024,bottled water,5695
1215,17-05-2024,canned beer,2103
1929,21-05-2025,salty snack,5720
1215,17-05-2024,granola,2103
1011,27-01-2024,bottled water,1772
1071,19-09-2025,  MARGARINE,2112
1630,03-10-2024,shopping bags,4462
1680,06-07-2024,soda,2875
1287,04-01-2024,napkins,4153
1963,16-07-2025,margarine,2903
1815,03-03-2024,citrus fruit,2543
1619,08-07-2024,curd,5834
2096,25-10-2024,canned beer,3495
2184,30-05-2024,  ONIONS,819
1379,16-08-2025,root vegetables,3493
2028,22-06-2025,canned beer,2345
1835,19-01-2024,chocolate,2796
1140,13-02-2025,canned beer,5753
1814,22-09-2024,pasta,1054
1420,31-10-2025,chocolate,568
1904,17-06-2025,pastry,3732
1718,07-07-2024,napkins,192
1537,27-03-2025,beef,5093
1871,13-12-2025,bottled water,147
1498,18-09-2025,yogurt,4553
1742,24-12-2025,soda,214
1419,12-10-2024,canned beer,3788
1141,09-02-2024,chocolate,1034
1352,27-08-2025,  CITRUS FRUIT,2013
1929,21-05-2025,canned beer,5720
1982,22-03-2024,sausage,3393
2140,17-08-2024,sugar,3168
1755,03-01-2024,whole milk,1102
1177,15-01-2024,citrus fruit,416
1426,26-03-2024,bottled water,2426
1951,21-07-2024,sausage,5135
1859,31-03-2025,bottled water,27
1451,12-09-2024,canned beer,353
1744,31-07-2025,margarine,5414
1903,13-07-2024,chocolate,715
2018,28-01-2025,citrus fruit,5735
1755,27-10-2025,canned beer,834
1783,27-08-2024,crackers,619
1526,08-07-2024,creamer,4647
2103,31-03-2025,white bread,5092
2038,12-01-2024,root vegetables,5198
1708,12-02-2025,canned beer,5716
1558,04-09-2025,butter,3805
1292,05-05-2024,white bread,3901
1327,13-05-2024,salty snack,5521
2113,16-11-2025,margarine,3331
1570,14-07-2025,canned beer,3211
1983,16-06-2025,newspapers,3753
1627,27-08-2024,creamer,1620
1614,17-10-2024,margarine,1693
1877,28-03-2024,curd,2464
1080,09-04-2024,tomato sauce,3204
1571,13-09-2025,citrus fruit,5986
1663,29-09-2024,chocolate,4157
1912,25-08-2024,frankfurter,182
1219,09-11-2024,dish detergent,527
1983,16-06-2025,root vegetables,3753
1042,29-09-2025,rolls/buns,2896
1282,16-11-2024,margarine,1575
1151,06-04-2025,newspapers,2165
2185,17-01-2025,citrus fruit,427
1308,25-08-2024,margarine,4593
1697,29-04-2025,paper towels,3880
1616,11-02-2024,whole milk,1554
1691,17-01-2025,ketchup,65
2179,22-03-2025,  MARGARINE,3504
2034,29-05-2025,dish detergent,4013
2000,31-07-2025,whole milk,5705
1450,09-09-2025,paper towels,3442
1244,07-12-2025,  CANNED BEER,1068
1384,13-09-2025,citrus fruit,343
1697,04-06-2024,citrus fruit,3832
1883,26-07-2024,sausage,4759
1781,15-11-2025,salsa,462
1825,31-05-2024,newspapers,2440
2088,27-08-2025,margarine,1334
1476,10-03-2025,ketchup,1980
1244,07-12-2025,sausage,1068
1642,26-09-2024,napkins,4188
1940,12-08-2025,canned beer,2574
1781,28-08-2025,margarine,3381
1184,26-03-2025,canned beer,5418
1307,05-04-2024,canned beer,3392
1005,24-08-2025,shopping bags,3555
2152,13-02-2025,white bread,2941
1272,12-11-2025,,197
1272,17-04-2025,jam,5696
1406,22-05-2024,canned beer,1437
1562,25-08-2024,cat food,3538
1692,10-10-2024,pastry,4124
1691,17-01-2025,canned beer,65
1916,09-02-2024,canned beer,228
2056,11-02-2024,yogurt,2305
2120,10-11-2025,canned beer,1714
1932,12-11-2024,newspapers,2462
2143,03-04-2024,shopping bags,3246
1248,11-09-2024,citrus fruit,5961
1353,13-02-2024,frozen vegetables,4889
1410,23-12-2024,citrus fruit,1444
1702,08-02-2025,chocolate,4835
1906,24-03-2025,ice cream,265
1462,08-04-2024,whole milk,5825
1130,23-01-2025,tropical fruit,4336
1795,31-07-2025,whole milk,4580
2135,29-08-2025,sausage,2834
1214,16-07-2025,cat food,4461
2080,15-01-2024,tropical fruit,1462
1748,20-10-2024,yogurt,1529
1616,11-02-2024,newspapers,1554
1994,06-09-2025,citrus fruit,2986
1679,18-09-2025,citrus fruit,193
1535,02-12-2024,sausage,5008
1753,24-11-2024,red wine,4955
1718,04-07-2024,curd,1002
1626,26-09-2025,citrus fruit,2883
1957,25-11-2025,margarine,5309
2072,04-11-2024,beef,670
1433,28-08-2025,frozen vegetables,3052
1030,27-02-2024,frankfurter,2580
1834,11-02-2025,frozen vegetables,384
2022,11-11-2025,canned beer,5981
1716,09-01-2024,sausage,211
1740,09-11-2024,newspapers,2802
1963,03-03-2024,root vegetables,4083
1278,27-09-2025,pip fruit,2032
1605,21-03-2025,root vegetables,3685
1659,15-11-2025,ketchup,831
1743,04-02-2024,newspapers,5441
1421,05-12-2025,frankfurter,9
2069,08-05-2024,pasta,3398
2079,12-11-2025,bottled water,4624
2031,05-03-2025,canned beer,4432
1061,25-09-2024,margarine,887
1613,07-12-2025,white bread,1508
1292,15-03-2025,brown bread,5751
1045,05-11-2024,rolls/buns,800
1156,24-02-2024,root vegetables,5786
1577,24-06-2024,whole milk,4716
1318,24-04-2024,root vegetables,3045
1356,07-09-2024,newspapers,35
1574,20-11-2024,sausage,4947
1226,13-03-2024,canned beer,1646
1103,11-12-2024,curd,5842
1138,29-12-2024,tropical fruit,1716
1330,19-11-2025,butter,2216
1023,25-03-2025,whole milk,130
1405,23-05-2024,white bread,4299
1889,26-08-2024,rolls/buns,4787
1166,29-04-2025,canned beer,5085
1161,04-05-2024,root vegetables,5663
1910,16-05-2024,tomato sauce,4507
2028,08-08-2025,newspapers,3577
1548,04-08-2024,whole milk,4287
1627,23-12-2025,  FROZEN VEGETABLES,3000
1679,18-09-2025,margarine,193
1349,07-02-2024,frankfurter,3120
1553,09-05-2025,newspapers,3997
1427,12-12-2025,chips,4590
1954,03-04-2024,margarine,5216
1995,21-11-2025,tropical fruit,3979
1702,05-09-2025,tortillas,2257
1491,17-05-2024,butter,4501
1488,19-10-2024,napkins,532
1627,27-08-2024,margarine,1620
1351,10-11-2024,chips,4574
1777,14-06-2025,pastry,5978
1567,21-10-2024,curd,1965
1512,29-08-2024,canned beer,1106
2101,11-01-2025,root vegetables,5305
1470,16-08-2025,root vegetables,699
1029,26-12-2025,white bread,4829
1681,09-05-2024,white bread,2965
1370,30-03-2024,,2286
1862,21-07-2024,citrus fruit,2007
1170,12-11-2024,canned beer,4463
1345,08-11-2025,cheese,1355
1211,22-12-2025,sugar,3794
2061,29-09-2024,brown bread,19
1039,04-08-2025,parmesan,4043
1530,07-06-2025,  MARGARINE,5149
1032,14-01-2025,tomato sauce,5728
1479,19-05-2025,onions,311
1072,04-09-2024,whole milk,5970
1028,05-07-2025,frankfurter,4044
1957,03-09-2024,margarine,4802
1157,19-05-2025,root vegetables,2310
1370,02-04-2024,shopping bags,3477
1512,22-04-2025,frozen vegetables,1752
1311,09-12-2025,newspapers,4795
1133,12-08-2025,soda,3481
1707,15-12-2025,shopping bags,837
1691,27-02-2025,shopping bags,4106
1473,07-11-2025,margarine,3487
1992,07-01-2024,cereal,1074
1244,05-07-2025,diapers,1173
2120,10-09-2025,chocolate,5220
1172,10-03-2024,whole milk,1481
1476,20-01-2024,bottled water,992
1023,09-05-2025,pip fruit,3856
1192,04-11-2024,bottled water,5534
1277,30-04-2025,bottled water,517
1270,06-04-2024,cat food,1868
1268,15-07-2024,newspapers,5228
1205,29-05-2025,canned beer,2401
1104,06-05-2025,brown bread,5843
1718,14-03-2024,whole milk,659
1200,20-05-2024,ice cream,560
1291,22-10-2025,crackers,651
1017,11-07-2024,canned beer,1558
1718,04-07-2024,soda,1002
1350,27-05-2024,root vegetables,1777
2077,10-02-2025,salsa,4653
1832,31-01-2024,pip fruit,4869
2104,22-10-2025,root vegetables,4919
1395,26-09-2025,yogurt,672
1499,01-12-2025,bottled water,3058
1342,08-10-2025,bananas,4992
1090,18-02-2024,domestic eggs,319
1634,16-08-2025,hamburger meat,2078
1305,15-01-2024,canned beer,3056
1237,15-06-2024,root vegetables,2512
1979,06-03-2024,  BOTTLED WATER,2706
1770,28-05-2025,yogurt,2832
1224,12-03-2024,rolls/buns,5979
1010,26-03-2025,sugar,5304
1251,11-06-2024,ketchup,4242
1221,02-07-2024,  SODA,1038
1584,14-12-2025,,5915
2172,28-12-2025,cheese,253
1991,16-04-2025,diapers,2684
1660,10-10-2024,whole milk,1302
1992,17-03-2025,salty snack,850
1336,20-03-2025,red wine,5125
1555,05-04-2024,margarine,3248
1839,28-08-2024,canned beer,3060
1389,29-08-2024,canned beer,4620
1602,26-12-2024,root vegetables,2921
1565,31-08-2025,onions,4715
1887,22-01-2025,brown bread,785
2045,10-12-2024,citrus fruit,5373
1506,06-12-2024,domestic eggs,4258
2157,14-01-2025,onions,813
1970,20-11-2024,root vegetables,4921
1009,12-06-2024,hamburger meat,3515
1698,26-04-2025,chips,4910
1015,03-01-2025,bottled water,5435
1114,10-02-2025,shopping bags,3302
1293,11-07-2024,canned beer,2601
1331,28-10-2025,root vegetables,3245
1491,11-02-2025,margarine,3987
1351,15-09-2024,paper towels,1029
1868,25-07-2025,canned beer,2732
1712,06-03-2024,root vegetables,2125
1536,20-04-2024,dish detergent,5134
1587,21-06-2024,citrus fruit,2889
1450,09-09-2025,sausage,3442
2134,18-10-2024,pip fruit,187
2067,12-07-2024,yogurt,5602
1646,27-12-2025,onions,2621
1949,04-07-2024,whole milk,3878
1416,07-07-2024,citrus fruit,3454
2105,20-03-2025,tropical fruit,1121
1616,22-07-2024,margarine,5417
1194,30-09-2024,margarine,3804
1743,04-02-2024,root vegetables,5441
1606,17-06-2024,pastry,4973
1426,26-03-2024,canned beer,2426
1181,09-05-2025,granola,3458
1798,12-10-2024,hamburger meat,2003
1847,15-07-2025,sausage,3857
1578,16-02-2025,sausage,890
1891,04-03-2025,brown bread,3217
1644,03-08-2024,margarine,3388
1564,12-02-2025,domestic eggs,179
1910,04-05-2024,onions,1640
1329,28-10-2024,margarine,3203
1906,03-05-2024,newspapers,729
1733,23-03-2024,frankfurter,1051
1523,26-05-2024,white bread,1393
2092,13-10-2025,canned beer,1966
1029,15-08-2024,sausage,3197
1302,27-07-2025,frozen vegetables,2850
1526,01-07-2025,brown bread,1499
2123,30-03-2024,rolls/buns,291
2157,07-08-2025,salty snack,2703
1500,12-07-2025,canned beer,1974
1812,17-11-2024,pip fruit,5778
1941,10-11-2025,root vegetables,2807
1379,20-08-2024,newspapers,3600
1090,11-10-2024,margarine,1155
2195,03-09-2024,whole milk,4779
1062,26-12-2025,frankfurter,4544
1633,02-09-2024,canned beer,4112
1210,08-02-2025,canned beer,4630
1268,31-07-2025,canned beer,719
2094,16-01-2024,chocolate,127
1761,04-10-2024,curd,4786
1983,10-10-2025,pastry,1757
1660,23-02-2025,pastry,616
2015,01-08-2024,paper towels,3546
1641,16-12-2024,root vegetables,3059
1299,05-08-2024,citrus fruit,2162
1808,12-04-2025,onions,390
1541,27-05-2025,jam,1274
1128,16-04-2024,canned beer,3900
1781,15-11-2025,chocolate,462
1173,03-11-2024,pastry,1359
2074,16-10-2024,butter,3419
2090,30-08-2024,sausage,3927
2172,15-11-2024,cat food,4103
1476,18-02-2025,brown bread,4302
1206,10-09-2025,tropical fruit,1842
1942,15-07-2024,canned beer,5021
1635,22-08-2024,dish detergent,4289
1243,01-02-2024,canned beer,4857
1518,30-11-2025,soda,5375
2153,17-08-2024,tropical fruit,56
1224,12-03-2024,paper towels,5979
1321,15-01-2025,yogurt,3479
1062,11-09-2024,citrus fruit,5161
1172,10-03-2024,sausage,1481
1627,10-04-2024,yogurt,5188
1444,18-09-2024,curd,2771
1240,18-03-2025,bottled water,5463
2010,19-01-2025,frozen vegetables,5358
1297,24-12-2025,pasta,2438
2136,22-12-2025,frankfurter,1490
2018,12-06-2024,ice cream,3181
1375,22-09-2024,pastry,2371
1408,25-09-2025,creamer,3524
1170,30-10-2025,pastry,687
1690,22-03-2025,dish detergent,1981
1109,07-10-2024,domestic eggs,3908
1543,12-04-2025,curd,3358
1333,21-08-2024,newspapers,5449
1672,09-02-2025,margarine,3169
1713,18-06-2025,newspapers,4814
1433,16-07-2025,sausage,5462
1237,25-07-2025,rolls/buns,4154
1427,12-12-2025,salsa,4590
1326,05-06-2025,margarine,2569
1828,24-04-2025,margarine,2391
1871,06-12-2024,canned beer,737
1676,03-04-2025,ketchup,109
1856,29-11-2024,root vegetables,5268
1104,23-06-2024,citrus fruit,5849
1779,16-02-2025,brown bread,113
1452,06-10-2025,frozen vegetables,4568
1804,15-06-2025,pasta,5311
1853,07-10-2025,bottled water,5726
1230,23-12-2025,whole milk,3417
1038,16-03-2025,canned beer,5578
2130,14-11-2024,whole milk,3315
2098,15-11-2025,paper towels,5949
1717,25-12-2025,granola,632
1835,06-02-2024,brown bread,67
1558,30-11-2025,root vegetables,96
1090,18-02-2024,curd,319
1260,04-11-2025,root vegetables,953
1429,21-12-2024,margarine,1221
1250,27-05-2024,newspapers,365
2065,23-03-2025,tortillas,4588
2002,19-10-2025,brown bread,4475
2121,10-12-2024,creamer,2817
2100,12-10-2025,citrus fruit,1157
1193,27-09-2024,butter,10
2017,14-02-2024,bottled water,4746
1487,16-10-2024,citrus fruit,5604
1046,27-02-2024,napkins,1472
1267,26-08-2024,cereal,5022
1694,01-11-2025,chips,3556
1436,01-04-2024,cheese,894
2105,08-07-2025,frankfurter,5731
1876,12-10-2024,whole milk,2434
1515,21-07-2025,whole milk,2141
1839,09-09-2025,brown bread,5791
1676,23-10-2025,whole milk,2130
1695,12-01-2025,white bread,537
2112,29-10-2025,whole milk,1139
1740,10-07-2025,diapers,4182
1629,14-06-2024,chocolate,4354
1509,02-12-2025,yogurt,5773
1260,02-10-2025,white bread,2857
1123,22-06-2024,jam,3301
1596,15-06-2025,canned beer,4783
1115,02-09-2024,margarine,2855
1187,19-01-2024,cheese,2403
2195,29-07-2025,tortillas,4771
2008,23-07-2025,  MARGARINE,1763
1663,11-06-2024,cereal,1961
1979,25-02-2025,chocolate,2863
2037,21-06-2025,coffee,4842
1660,17-10-2024,canned beer,1162
1635,14-09-2024,yogurt,4291
1840,24-06-2025,whole milk,261
1163,17-03-2025,curd,4645
1052,27-03-2024,citrus fruit,3749
1303,09-03-2025,hamburger meat,5838
2153,03-01-2025,chocolate,579
1694,04-12-2024,whole milk,257
2088,04-06-2024,canned beer,3349
1509,27-11-2024,yogurt,2885
1902,14-09-2024,cereal,1169
2050,08-12-2025,white bread,5005
1074,19-10-2024,canned beer,679
1400,11-08-2025,chips,4664
1285,15-11-2024,napkins,3292
1241,05-08-2025,coffee,700
1236,05-09-2025,bottled water,3604
1835,19-01-2024,rolls/buns,2796
1536,13-11-2025,white bread,3682
2165,21-08-2025,tropical fruit,3507
1039,26-09-2025,citrus fruit,3044
1957,25-11-2025,domestic eggs,5309
2033,04-07-2025,canned beer,2360
1319,15-11-2024,yogurt,828
1360,11-07-2024,domestic eggs,1422
1882,12-10-2025,dish detergent,3047
1245,25-02-2025,ground beef,1911
2160,15-07-2024,curd,3584
1484,23-02-2024,sausage,2635
1952,14-01-2025,white bread,3151
1089,25-10-2024,coffee,1205
1557,14-12-2024,rolls/buns,3829
2156,29-07-2025,chips,5075
1945,09-07-2024,margarine,4649
1451,13-03-2024,canned beer,4411
1293,06-08-2024,bottled water,4191
1762,19-09-2024,white bread,4490
1535,25-01-2024,diapers,5178
1066,02-03-2025,margarine,1166
1189,15-11-2024,newspapers,2352
1311,24-11-2024,hamburger meat,5607
1122,05-08-2024,dish detergent,524
1512,22-04-2025,margarine,1752
1313,11-02-2025,citrus fruit,2487
1084,24-04-2025,cat food,5065
1016,11-03-2025,soda,464
2156,23-06-2025,pastry,3798
1394,09-09-2024,canned beer,1854
1563,25-07-2024,ground beef,3469
2144,28-09-2024,yogurt,2210
1434,24-06-2024,tortillas,3486
1175,01-03-2025,pip fruit,2243
1181,21-01-2024,granola,4685
1776,09-08-2025,  SODA,5359
2008,26-08-2025,canned beer,1687
1084,24-04-2025,margarine,5065
1163,28-11-2024,brown bread,5404
2009,22-09-2024,root vegetables,745
1489,04-01-2025,citrus fruit,4881
1556,27-03-2024,whole milk,284
1288,06-03-2025,cereal,3815
1049,07-05-2025,newspapers,4742
1711,28-05-2024,margarine,4427
1194,17-03-2025,white bread,1570
1433,16-07-2025,tomato sauce,5462
1600,27-09-2024,soda,1676
2013,13-01-2024,canned beer,1723
2093,31-07-2025,canned beer,3236
1073,17-09-2024,bananas,639
1919,27-02-2024,rolls/buns,3383
1208,16-03-2025,chocolate,4935
1825,31-05-2024,ketchup,2440
1645,15-12-2024,white bread,5667
1487,18-02-2025,bananas,5839
1899,15-04-2025,citrus fruit,2413
1777,14-06-2025,canned beer,5978
1772,09-09-2024,canned beer,868
2161,25-10-2024,butter,4762
1674,31-03-2025,root vegetables,5286
1255,22-07-2025,  CHIPS,2369
1702,11-07-2025,margarine,145
1413,28-03-2025,frankfurter,1091
1140,10-07-2024,canned beer,799
1073,17-09-2024,root vegetables,639
1753,24-11-2024,soda,4955
1667,19-02-2025,frankfurter,4260
1712,22-06-2025,brown bread,3802
1623,14-09-2024,root vegetables,2979
1840,12-03-2025,tropical fruit,1774
2026,24-01-2025,yogurt,626
1206,15-09-2024,bottled water,2864
1905,24-08-2024,brown bread,4744
1971,28-08-2025,shopping bags,1909
1140,22-06-2024,margarine,3237
2091,14-06-2024,tomato sauce,2361
1225,22-05-2024,margarine,4087
1218,09-05-2024,brown bread,64
1636,24-07-2024,granola,1343
1451,27-02-2025,whole milk,149
1117,24-10-2025,,1062
1780,09-12-2025,root vegetables,3111
1249,08-01-2025,cat food,4386
1644,10-03-2024,margarine,1209
2080,20-02-2025,canned beer,1069
1525,03-11-2025,white bread,1957
1451,29-04-2024,margarine,855
1466,09-04-2024,whole milk,1216
1740,10-07-2025,citrus fruit,4182
1356,25-06-2024,brown bread,3241
1515,21-07-2025,salsa,2141
1622,02-11-2025,citrus fruit,1756
1280,02-03-2025,margarine,559
1802,14-08-2025,pastry,3530
1039,01-12-2025,whole milk,958
1283,18-02-2025,sausage,4167
1892,17-04-2025,beef,496
1204,01-10-2024,crackers,5218
1337,02-08-2025,root vegetables,3341
1359,14-11-2025,yogurt,1978
1430,15-11-2024,citrus fruit,4193
1779,22-09-2025,parmesan,285
1424,29-12-2025,citrus fruit,4819
1307,07-01-2025,margarine,11
1455,08-12-2024,napkins,224
1465,31-01-2024,white bread,1388
1340,22-01-2025,  CANNED BEER,4274
1969,20-07-2024,newspapers,1320
1279,11-08-2024,frankfurter,3930
1965,13-06-2025,napkins,5792
1126,21-02-2024,citrus fruit,2473
1379,20-08-2024,onions,3600
1748,04-05-2024,tomato sauce,3615
1408,01-06-2025,margarine,1314
1893,16-07-2024,white bread,231
1885,05-04-2024,whole milk,2937
1589,15-12-2024,sausage,1512
1773,19-11-2025,dish detergent,5779
2074,29-07-2024,margarine,2567
1663,11-06-2024,whole milk,1961
2057,08-03-2025,root vegetables,4109
1952,27-06-2024,,1827
1010,07-08-2024,ground beef,4650
1353,16-12-2024,salsa,761
1903,09-07-2024,frozen vegetables,181
1429,24-01-2025,domestic eggs,203
1185,25-06-2024,pasta,2997
2062,27-10-2024,canned beer,4255
1822,01-03-2024,root vegetables,5746
2083,15-04-2024,margarine,2687
1418,09-10-2024,sausage,4067
2137,01-04-2024,frozen vegetables,4697
1515,21-07-2025,canned beer,2141
1114,10-02-2025,cereal,3302
1846,21-05-2025,tropical fruit,4723
1765,28-02-2025,brown bread,1015
1149,04-04-2024,beef,5303
1417,28-11-2024,beef,4518
2008,18-09-2024,bottled water,2809
1830,09-11-2025,yogurt,4952
1346,02-09-2024,rolls/buns,1633
1325,05-05-2024,  PASTRY,5621
1983,16-06-2025,chocolate,3753
1293,06-08-2024,diapers,4191
1381,04-06-2025,frozen vegetables,702
1664,09-07-2024,tropical fruit,640
1712,22-03-2025,tomato sauce,3192
1107,06-11-2025,margarine,1295
2061,13-11-2024,cereal,1877
1440,02-08-2025,tropical fruit,5054
1787,18-03-2024,margarine,3170
1020,09-01-2025,domestic eggs,2946
1010,01-04-2025,salsa,1903
1227,07-11-2024,chocolate,1267
1841,20-06-2025,rolls/buns,18
1241,09-01-2025,coffee,4570
1810,28-01-2024,root vegetables,1271
2172,02-10-2025,tropical fruit,3290
2168,11-03-2024,newspapers,185
2172,15-05-2024,root vegetables,3721
1401,13-12-2024,margarine,133
1488,06-03-2024,canned beer,5332
1831,22-11-2025,frozen vegetables,3847
1125,20-11-2025,soda,2123
1220,09-01-2024,canned beer,3527
1391,29-09-2025,newspapers,4312
1811,01-01-2024,yogurt,5090
1610,19-05-2025,root vegetables,2251
1236,05-03-2024,beef,3251
1667,05-12-2024,parmesan,4701
1929,19-09-2024,citrus fruit,597
1969,20-07-2024,butter,1320
1937,14-12-2024,canned beer,3498
1862,19-05-2025,brown bread,1047
2061,18-08-2024,rolls/buns,2939
1333,02-02-2024,canned beer,1758
1451,13-03-2024,curd,4411
1468,02-01-2025,hamburger meat,3394
1658,21-11-2024,napkins,4594
1933,29-04-2025,margarine,5162
2092,13-12-2024,tropical fruit,3692
1972,23-10-2024,white bread,5039
1842,14-02-2024,  BOTTLED WATER,4329
1249,11-03-2024,canned beer,2499
1685,13-04-2024,frozen vegetables,3660
1329,28-10-2024,,3203
2088,21-08-2025,frozen vegetables,5593
1607,14-07-2024,parmesan,4810
1470,27-10-2025,coffee,528
2179,22-01-2025,newspapers,5450
1906,18-08-2024,dish detergent,1604
1460,27-05-2025,onions,5909
1024,13-03-2024,citrus fruit,1787
1981,31-10-2025,cat food,5339
1273,10-08-2025,whole milk,1865
1008,13-10-2025,yogurt,1086
1416,17-03-2024,curd,917
1783,20-03-2025,chocolate,4084
1454,07-09-2024,curd,4687
1143,04-07-2025,bottled water,121
1393,21-08-2025,diapers,1280
1067,21-09-2025,white bread,3159
2044,31-12-2024,whole milk,3681
1214,21-09-2025,newspapers,4993
1430,30-08-2025,white bread,4404
1849,16-12-2024,whole milk,3342
2167,27-06-2025,salty snack,544
1873,22-02-2024,napkins,4741
1958,22-07-2024,red wine,2727
1115,20-11-2025,root vegetables,1326
1802,27-03-2024,citrus fruit,3205
1247,08-12-2024,onions,4243
2161,25-10-2024,white bread,4762
1499,16-04-2024,chocolate,24
2105,04-06-2025,tortillas,650
1927,21-04-2024,brown bread,4304
1234,18-04-2024,chocolate,4114
1344,25-11-2025,frozen vegetables,1784
1684,22-01-2025,pasta,3958
2177,18-04-2025,  MARGARINE,1603
1342,04-08-2025,cat food,4021
1467,30-08-2024,chocolate,2847
2198,18-09-2025,canned beer,5903
2125,06-08-2025,frankfurter,5099
1912,08-10-2025,paper towels,1495
1367,01-01-2025,soda,3472
1352,26-05-2024,ketchup,4659
1385,23-07-2024,margarine,856
1826,30-07-2025,chocolate,5299
1274,23-02-2025,canned beer,115
2057,21-03-2025,yogurt,5288
2152,23-11-2025,,811
1549,22-11-2024,salsa,5898
1511,04-08-2025,napkins,5650
1606,07-12-2024,whole milk,1890
1127,28-11-2024,rolls/buns,3912
1509,30-11-2024,domestic eggs,5177
2003,11-10-2025,whole milk,320
1029,26-12-2025,onions,4829
1385,23-07-2024,  CAT FOOD,856
2056,16-10-2024,sausage,1219
1386,04-09-2024,yogurt,5818
1505,19-04-2024,ice cream,4768
2113,16-11-2025,dish detergent,3331
1308,03-09-2025,citrus fruit,4077
1260,29-04-2025,granola,3218
1979,22-08-2024,chocolate,1133
1403,31-01-2025,newspapers,4997
1217,21-03-2025,citrus fruit,3446
1060,10-10-2024,tropical fruit,1441
1953,24-01-2025,frozen vegetables,941
2097,02-10-2025,domestic eggs,1857
2027,04-11-2025,domestic eggs,1417
2061,01-10-2024,jam,2390
1550,15-10-2025,canned beer,1709
1963,21-08-2025,citrus fruit,1510
1045,24-03-2025,margarine,746
1604,23-10-2024,white bread,5997
1045,24-03-2025,canned beer,746
1833,12-05-2024,ice cream,4014
1658,03-05-2025,root vegetables,4951
1454,25-09-2025,whole milk,2208
2159,26-11-2025,pip fruit,5308
1449,30-01-2025,white bread,5630
2190,17-04-2024,whole milk,2750
1234,18-03-2024,cheese,4002
1487,07-11-2024,frozen vegetables,2571
1371,21-11-2024,onions,3656
1709,21-02-2025,tortillas,4398
1329,28-09-2024,yogurt,4734
1130,25-04-2025,granola,3651
1223,09-09-2025,cereal,2408
2035,16-11-2025,frozen vegetables,5174
1525,21-02-2025,tropical fruit,2230
1399,07-10-2025,frankfurter,4497
1987,22-08-2024,domestic eggs,5801
1500,29-04-2024,cat food,337
1223,10-08-2025,citrus fruit,5483
1053,17-11-2025,margarine,5922
1908,10-12-2024,butter,882
1894,22-05-2025,  CURD,5213
1613,31-03-2024,bottled water,3761
1109,21-05-2024,canned beer,2087
1883,16-06-2025,tropical fruit,295
1161,13-02-2024,salsa,5411
1009,12-06-2024,ketchup,3515
2121,10-12-2024,salsa,2817
1486,07-03-2025,white bread,5652
1135,07-06-2024,paper towels,4917
1636,24-07-2024,tortillas,1343
1461,24-01-2025,canned beer,4468
2015,20-06-2024,margarine,1188
1066,18-06-2024,whole milk,1026
2167,27-06-2025,canned beer,544
1214,10-09-2024,rolls/buns,5900
1035,03-08-2024,rolls/buns,1631
1510,09-05-2024,canned beer,1811
1471,17-12-2024,curd,3238
1877,23-08-2025,newspapers,2901
1874,18-05-2025,frozen vegetables,3189
1555,05-04-2024,whole milk,3248
1773,19-11-2025,citrus fruit,5779
1940,12-01-2024,margarine,5464
1797,10-10-2025,canned beer,3138
1003,13-04-2025,yogurt,5475
2146,27-07-2025,root vegetables,2382
1284,11-08-2025,frozen vegetables,2503
1077,27-10-2024,canned beer,2517
1422,23-09-2025,sugar,1268
1688,17-10-2024,newspapers,157
2164,26-02-2024,canned beer,3683
1958,22-07-2024,margarine,2727
1322,27-11-2024,canned beer,1241
2045,03-05-2025,canned beer,3966
1883,10-10-2025,,5920
1723,18-01-2025,rolls/buns,2346
1393,07-07-2025,salsa,4506
1546,27-09-2025,curd,2862
1365,19-04-2024,shopping bags,3690
2125,06-08-2025,cheese,5099
1621,07-01-2024,white bread,1247
1535,17-09-2024,rolls/buns,1146
2084,17-11-2024,canned beer,430
1849,15-10-2024,ground beef,2270
1403,10-01-2024,shopping bags,4959
1294,25-03-2024,root vegetables,2420
1736,26-07-2025,canned beer,2770
2164,05-06-2024,pip fruit,2343
1579,17-12-2024,white bread,987
1833,02-06-2024,canned beer,4309
1686,19-04-2025,tropical fruit,881
1820,22-02-2024,whole milk,316
2156,04-02-2025,root vegetables,2933
2186,06-04-2025,white bread,1138
1065,07-09-2024,root vegetables,3547
2131,28-11-2024,  YOGURT,5717
1204,23-03-2025,newspapers,5334
2010,24-06-2024,salty snack,5285
1968,13-11-2025,root vegetables,3525
2117,19-02-2025,napkins,3756
1596,27-07-2025,ketchup,3440
1461,17-01-2024,canned beer,1159
2046,21-02-2025,frozen vegetables,5860
1535,25-01-2024,margarine,5178
2134,02-04-2024,root vegetables,2470
1006,11-01-2025,white bread,1891
1916,17-08-2024,margarine,3935
1828,09-12-2024,butter,2295
1743,02-09-2025,whole milk,3841
1864,21-01-2025,domestic eggs,449
1908,10-12-2024,salty snack,882
1115,02-09-2024,white bread,2855
1149,19-08-2024,canned beer,541
1463,05-08-2024,salty snack,4863
1245,25-02-2025,tropical fruit,1911
1418,01-01-2025,rolls/buns,5940
1674,30-12-2025,salty snack,1683
2113,09-07-2025,newspapers,3488
1258,04-08-2025,soda,1303
1820,21-10-2024,cheese,4595
1105,15-05-2024,white bread,2740
1551,23-05-2025,salty snack,3379
1440,21-09-2025,tomato sauce,5744
1327,13-05-2024,whole milk,5521
1717,25-12-2025,root vegetables,632
2073,03-09-2025,rolls/buns,4174
1753,24-11-2024,white bread,4955
1849,16-12-2024,paper towels,3342
1620,28-08-2024,sausage,4320
1609,09-04-2024,creamer,4562
1400,28-05-2025,root vegetables,5192
1825,22-01-2025,root vegetables,5164
1218,30-06-2024,canned beer,213
1719,06-02-2024,creamer,2898
1334,28-01-2025,tortillas,3513
2068,24-08-2024,salty snack,5183
1010,09-06-2024,salty snack,2884
1417,28-11-2024,parmesan,4518
1276,17-04-2025,white bread,30
1562,03-10-2025,domestic eggs,4178
1010,24-03-2024,ice cream,5409
1479,08-10-2024,paper towels,3399
1382,04-09-2025,margarine,351
1045,12-02-2025,rolls/buns,5287
1116,16-08-2025,butter,1654
2098,15-05-2025,whole milk,1635
1338,29-03-2024,onions,5111
2145,05-06-2024,domestic eggs,5777
1123,01-12-2024,frankfurter,2491
1123,26-05-2024,ground beef,1230
1017,11-07-2024,frozen vegetables,1558
1424,11-06-2024,canned beer,5258
1683,15-08-2024,pip fruit,5582
1641,30-11-2025,domestic eggs,5862
1696,16-03-2024,sausage,1653
1166,30-12-2024,frankfurter,2447
1774,11-02-2025,rolls/buns,5555
1249,12-12-2024,cat food,4327
1767,01-04-2024,  ROOT VEGETABLES,1855
1796,22-05-2024,pastry,2922
1792,01-02-2025,chocolate,2930
1170,25-10-2025,pastry,3618
1539,13-06-2024,canned beer,5899
1926,15-09-2025,salty snack,4525
1828,24-04-2025,sausage,2391
2163,24-10-2025,root vegetables,1199
1699,27-08-2025,whole milk,467
1810,01-04-2024,ice cream,3448
2105,17-11-2024,margarine,545
1071,19-09-2025,,2112
1386,04-09-2024,granola,5818
1087,03-07-2024,canned beer,5540
1113,12-07-2024,domestic eggs,2387
1857,11-03-2024,newspapers,1389
1513,25-09-2024,napkins,2197
1536,28-06-2024,canned beer,1200
1318,10-03-2024,canned beer,1616
1006,25-09-2024,margarine,2892
1704,22-03-2024,frozen vegetables,1406
1684,22-01-2025,canned beer,3958
1919,26-04-2024,shopping bags,5518
1152,17-06-2024,onions,5706
1508,21-03-2025,citrus fruit,2565
2194,25-09-2025,canned beer,1217
1831,24-10-2025,whole milk,4558
2192,15-01-2024,ground beef,575
1263,03-01-2024,rolls/buns,4197
2038,13-04-2024,root vegetables,2714
1698,26-04-2025,tropical fruit,4910
1232,30-08-2024,domestic eggs,5343
1501,18-10-2025,pastry,781
1962,03-07-2025,pip fruit,2600
1857,09-07-2025,soda,2395
1956,17-07-2024,citrus fruit,3293
1539,30-10-2024,newspapers,5781
1675,15-11-2024,hamburger meat,4216
1499,16-04-2024,citrus fruit,24
2168,18-02-2025,chocolate,1103
1811,16-08-2024,root vegetables,5894
1753,10-06-2025,citrus fruit,5919
1669,20-08-2025,cat food,3821
1456,15-11-2024,frankfurter,4253
1782,24-02-2025,white bread,3115
1667,18-04-2025,margarine,2854
1147,18-01-2025,domestic eggs,4953
1636,24-07-2024,margarine,1343
1791,28-07-2024,white bread,2556
1351,12-01-2024,whole milk,4949
1024,15-02-2025,soda,131
1103,01-02-2025,pasta,4474
1410,13-08-2025,shopping bags,1542
1502,11-03-2024,pastry,55
1119,10-02-2025,root vegetables,5214
1039,04-08-2025,onions,4043
1255,10-12-2025,  SAUSAGE,3951
1220,06-10-2025,canned beer,5190
1815,31-10-2025,sausage,1184
1324,23-01-2025,chips,4851
1468,28-07-2024,curd,1182
1373,16-03-2024,shopping bags,1488
2005,20-05-2024,napkins,2924
1388,09-07-2024,root vegetables,1170
1897,07-05-2024,salsa,1902
1273,26-04-2024,soda,4110
1983,16-08-2025,sugar,2710
1289,18-09-2024,tortillas,816
1868,05-07-2024,sausage,4020
1655,24-07-2024,root vegetables,1196
1996,03-07-2024,yogurt,4363
1861,05-11-2025,newspapers,3071
1243,04-06-2025,canned beer,4420
1871,06-12-2024,whole milk,737
1338,29-03-2024,margarine,5111
1254,08-12-2024,yogurt,5745
1433,13-09-2025,chips,2330
1989,31-10-2024,creamer,1253
1613,08-03-2024,soda,2460
1470,27-10-2025,cheese,528
2015,01-08-2024,ice cream,3546
1253,22-08-2025,bottled water,5207
1912,08-10-2025,root vegetables,1495
2083,15-04-2024,napkins,2687
1929,21-02-2025,citrus fruit,1270
1851,25-01-2025,newspapers,5273
1579,16-06-2025,frozen vegetables,3468
1182,28-10-2024,  MARGARINE,3696
2147,05-11-2025,canned beer,681
1935,17-02-2025,canned beer,1955
1611,22-01-2024,tomato sauce,5687
1282,05-06-2024,newspapers,4449
1465,23-09-2025,salsa,5453
1987,20-05-2024,whole milk,3309
1645,02-02-2025,canned beer,5851
1330,19-11-2025,canned beer,2216
2041,29-05-2024,brown bread,4656
1488,19-10-2024,domestic eggs,532
1971,24-07-2025,white bread,1837
1794,20-01-2024,hamburger meat,2425
1963,21-08-2025,paper towels,1510
1433,08-05-2025,newspapers,2200
1932,30-12-2025,tomato sauce,697
1636,19-04-2025,,4600
1062,13-05-2024,canned beer,3343
2053,15-09-2024,pasta,4039
2106,26-11-2024,newspapers,4066
1328,07-05-2025,margarine,4136
1062,23-01-2025,tropical fruit,5641
1916,18-08-2024,ground beef,4321
2036,30-04-2025,  WHOLE MILK,2805
1513,28-03-2025,frozen vegetables,3948
1973,03-11-2025,paper towels,611
1109,21-11-2025,canned beer,1100
1558,21-09-2025,soda,720
1254,20-03-2025,margarine,1398
1872,21-05-2025,paper towels,5136
2050,17-01-2025,cat food,68
1573,20-04-2024,ice cream,711
1353,16-12-2024,root vegetables,761
1399,07-10-2025,canned beer,4497
1739,21-05-2025,yogurt,1301
1354,01-11-2025,crackers,5794
1499,01-12-2025,margarine,3058
1235,15-02-2025,butter,3030
1233,28-09-2025,root vegetables,478
1052,14-05-2025,newspapers,5776
1476,10-03-2025,rolls/buns,1980
1118,16-12-2024,canned beer,5439
1499,01-12-2025,pasta,3058
1363,06-06-2024,domestic eggs,3725
2093,29-03-2025,citrus fruit,4648
1031,15-09-2024,yogurt,4231
2066,22-04-2025,citrus fruit,3124
1117,15-01-2025,sausage,580
1723,26-12-2024,canned beer,2040
1833,12-05-2024,jam,4014
1540,28-02-2025,salsa,4817
1558,22-05-2025,whole milk,948
1006,09-07-2024,root vegetables,4141
1451,20-11-2024,brown bread,5240
2123,30-03-2024,hamburger meat,291
1540,28-02-2025,chips,4817
1345,08-11-2025,crackers,1355
1390,26-04-2025,canned beer,2524
1390,07-06-2025,newspapers,2655
1157,25-09-2025,soda,4500
1537,02-10-2025,canned beer,5294
1764,04-03-2025,onions,2973
1644,10-03-2024,frankfurter,1209
1561,28-04-2024,tropical fruit,4128
1110,24-10-2024,canned beer,4062
1575,18-04-2025,ketchup,2919
1128,19-10-2024,ice cream,4843
1504,31-03-2024,ketchup,1379
1587,27-10-2025,margarine,5415
2036,04-12-2025,canned beer,323
2066,08-02-2024,canned beer,3199
1905,07-11-2025,citrus fruit,2411
1937,09-10-2025,canned beer,4790
1951,31-01-2025,margarine,1652
2173,10-06-2024,bottled water,3416
1945,03-08-2024,ground beef,1235
1374,11-07-2024,margarine,3478
1823,12-06-2024,  CANNED BEER,2186
2192,02-07-2025,margarine,5088
1004,25-06-2024,bottled water,673
1277,30-04-2025,margarine,517
1311,29-12-2024,salsa,839
1217,21-03-2025,canned beer,3446
1366,01-02-2025,margarine,4425
2081,11-08-2025,pastry,5055
1483,30-12-2024,white bread,2020
2119,18-04-2024,bottled water,4678
1817,01-12-2024,chocolate,2036
2180,15-02-2025,chips,4227
1352,31-01-2024,  CANNED BEER,4707
2122,27-03-2024,citrus fruit,4811
1238,29-11-2024,whole milk,3581
1112,20-07-2025,rolls/buns,1392
1025,27-06-2025,dish detergent,2685
1485,19-01-2024,canned beer,1282
1117,10-04-2024,citrus fruit,1871
1039,01-12-2025,frankfurter,958
1937,09-10-2025,cat food,2795
1603,31-05-2024,yogurt,2737
2132,29-11-2025,frankfurter,189
1477,10-02-2024,pip fruit,2510
1170,16-06-2024,white bread,1823
1336,09-07-2024,bottled water,2461
1211,22-12-2025,jam,3794
1086,26-04-2025,root vegetables,912
1833,09-06-2025,  SAUSAGE,2607
1073,05-01-2024,frozen vegetables,5926
2106,30-01-2024,margarine,5107
1808,12-04-2025,canned beer,390
1667,02-06-2025,ice cream,3225
2015,01-04-2025,brown bread,5447
1316,12-11-2024,margarine,4782
1684,05-04-2024,curd,5563
1093,28-04-2025,salty snack,195
2168,13-07-2024,bananas,2024
1516,27-04-2025,canned beer,2615
1494,08-08-2025,salsa,564
1467,30-08-2024,pastry,2847
1299,20-04-2024,citrus fruit,3535
1584,29-04-2025,onions,2035
1438,16-11-2025,whole milk,289
1809,24-08-2025,tropical fruit,4335
1891,11-05-2025,white bread,456
1157,25-09-2025,citrus fruit,4500
1996,03-07-2024,canned beer,4363
1097,20-10-2025,margarine,970
1263,07-09-2024,whole milk,4732
1509,02-12-2025,canned beer,5773
1530,23-01-2024,white bread,4969
1719,18-11-2024,whole milk,1013
2190,27-09-2024,pastry,5342
1235,15-02-2025,napkins,3030
1872,31-05-2025,root vegetables,2247
1031,30-07-2024,frankfurter,3931
1996,29-01-2025,newspapers,300
1063,15-08-2024,root vegetables,5608
1212,03-04-2025,sausage,5430
1851,16-08-2024,cereal,3612
1647,26-05-2024,root vegetables,248
1348,03-06-2024,rolls/buns,398
1281,09-12-2024,canned beer,5251
2138,15-06-2025,margarine,4718
1733,05-05-2025,cereal,4293
1479,19-05-2025,salsa,311
1122,02-07-2024,salsa,4924
1969,20-07-2024,citrus fruit,1320
1954,23-02-2024,newspapers,4030
1536,28-06-2024,root vegetables,1200
1712,22-03-2025,beef,3192
1297,10-10-2024,frankfurter,2784
1979,22-08-2024,tropical fruit,1133
1500,12-12-2024,pastry,997
1537,02-10-2025,chips,5294
1295,22-08-2025,salty snack,2211
2081,09-12-2025,pasta,5672
1861,05-11-2025,sausage,3071
2083,24-11-2025,sausage,2227
2033,04-07-2025,chips,2360
1504,06-07-2025,root vegetables,2164
2089,04-11-2025,newspapers,5937
1045,24-03-2025,domestic eggs,746
1830,29-06-2025,margarine,1634
1450,15-12-2025,white bread,4005
1718,14-03-2024,coffee,659
2091,14-07-2025,canned beer,138
1738,21-04-2024,yogurt,1543
1424,11-06-2024,  BOTTLED WATER,5258
1303,09-03-2025,pastry,5838
2017,17-12-2025,newspapers,5947
2083,10-01-2024,pip fruit,373
1152,17-06-2024,margarine,5706
1551,11-10-2024,newspapers,3934
1929,01-01-2024,pastry,3136
1171,23-05-2024,cereal,438
1039,04-08-2025,canned beer,4043
1035,03-08-2024,pip fruit,1631
1499,20-08-2024,frozen vegetables,3853
1396,30-03-2024,whole milk,357
1130,27-03-2025,citrus fruit,2231
2054,14-07-2024,ice cream,486
1724,23-11-2024,salsa,4326
1454,09-09-2025,newspapers,2914
1104,22-04-2024,onions,3628
1198,17-06-2025,parmesan,3372
2098,22-08-2025,tropical fruit,2501
1179,02-09-2024,hamburger meat,2845
2163,27-03-2024,margarine,5566
1709,24-08-2024,margarine,3565
2172,18-12-2024,salsa,2991
1815,02-10-2025,root vegetables,5191
1090,24-01-2025,white bread,2147
1433,28-08-2025,salsa,3052
1120,01-12-2024,whole milk,6
1347,17-10-2025,frozen vegetables,5277
1740,20-11-2025,paper towels,3276
2155,09-07-2025,whole milk,3346
2126,02-11-2025,hamburger meat,3072
1646,04-08-2024,coffee,472
1019,03-08-2025,frankfurter,2178
2060,04-05-2024,shopping bags,3410
1606,27-07-2025,butter,31
1575,02-06-2024,domestic eggs,4202
1132,18-06-2025,paper towels,784
2069,15-11-2025,brown bread,2695
2123,30-03-2024,ketchup,291
2186,06-04-2025,canned beer,1138
1919,21-08-2024,white bread,5050
1273,01-06-2024,bottled water,406
1073,06-03-2025,bottled water,3828
1061,25-09-2024,sausage,2250
1082,30-09-2024,root vegetables,3646
2025,19-11-2024,pastry,2759
1050,08-09-2025,salty snack,1713
1932,07-09-2025,jam,4514
1633,02-09-2024,ground beef,4112
1299,21-11-2024,bottled water,2481
1801,03-08-2025,tortillas,4038
1255,22-07-2025,salsa,2369
1581,15-10-2025,frankfurter,4868
1549,03-12-2025,domestic eggs,1240
2000,23-10-2024,yogurt,5734
1603,17-06-2025,pip fruit,329
1254,08-12-2024,coffee,5745
2015,07-07-2024,beef,3533
1160,27-11-2025,canned beer,4534
2115,30-07-2024,frankfurter,5879
1829,18-04-2025,ice cream,1822
1840,05-09-2024,margarine,1285
2139,27-08-2025,margarine,5248
2112,22-04-2025,frankfurter,5206
2073,03-09-2025,pastry,4174
1052,27-03-2024,yogurt,3749
2119,18-03-2025,canned beer,2184
1991,05-12-2025,sausage,3160
2111,31-01-2025,bananas,2289
1360,11-07-2024,whole milk,1422
1439,26-04-2025,bottled water,3008
1225,18-05-2025,shopping bags,4200
1973,17-09-2025,beef,4619
1410,24-10-2025,canned beer,5402
1646,04-08-2024,citrus fruit,472
1920,19-05-2025,margarine,3928
1395,26-09-2025,canned beer,672
1323,25-01-2024,curd,5010
1538,12-12-2025,napkins,4876
1931,19-03-2025,canned beer,5455
1902,14-09-2024,chocolate,1169
1425,20-04-2024,red wine,5442
1142,28-05-2025,tortillas,1222
1565,01-12-2024,canned beer,1948
1546,30-05-2025,newspapers,1350
1343,06-02-2024,pasta,4936
2186,28-01-2024,salsa,4527
2158,29-06-2024,creamer,3385
1653,09-03-2025,frankfurter,244
1096,13-09-2025,citrus fruit,4325
1939,27-06-2024,margarine,701
1806,24-12-2024,dish detergent,1483
1105,15-05-2024,tropical fruit,2740
2011,03-04-2024,tropical fruit,1963
1439,07-08-2024,frankfurter,1853
1303,09-03-2025,frankfurter,5838
1510,12-11-2024,frozen vegetables,3607
1858,14-05-2025,canned beer,5281
1093,24-12-2024,pasta,1186
1062,28-01-2025,margarine,4839
1124,14-06-2025,canned beer,2054
1963,06-02-2024,margarine,1382
1739,21-05-2025,canned beer,1301
2054,10-02-2025,sausage,5320
1994,25-09-2025,napkins,164
1898,02-02-2024,beef,1727
1724,03-11-2024,onions,4145
2142,23-03-2025,white bread,3482
1586,09-11-2024,whole milk,3426
1454,04-03-2024,whole milk,3262
1820,18-03-2025,pip fruit,2840
2166,31-03-2025,white bread,3563
1432,05-07-2024,newspapers,3797
1882,12-10-2025,root vegetables,3047
1163,13-05-2024,canned beer,939
1762,16-05-2024,white bread,2271
1626,26-09-2025,salsa,2883
1167,01-12-2025,red wine,2682
1282,05-06-2024,creamer,4449
1624,20-06-2025,granola,5077
1158,16-01-2025,newspapers,4122
1727,28-04-2024,domestic eggs,2561
1659,01-03-2024,canned beer,5787
1690,30-08-2024,rolls/buns,5223
2018,07-10-2024,newspapers,1390
1382,18-12-2024,parmesan,5854
1605,21-03-2025,brown bread,3685
2176,28-09-2025,yogurt,2969
1150,19-09-2024,,5225
1216,13-09-2025,cat food,5761
2067,21-04-2025,white bread,3295
1558,01-06-2024,root vegetables,2861
1140,22-06-2024,hamburger meat,3237
1211,22-12-2025,rolls/buns,3794
1516,26-11-2025,pastry,4509
1573,18-02-2025,canned beer,4205
2109,03-02-2025,bottled water,5118
1939,27-06-2024,whole milk,701
2086,07-01-2024,newspapers,4887
1334,29-12-2024,ice cream,508
1963,23-04-2025,frozen vegetables,2303
1524,15-08-2025,citrus fruit,3779
1535,18-10-2025,soda,399
1456,07-12-2025,newspapers,1144
1679,15-12-2024,jam,5319
1851,11-12-2025,napkins,1341
2077,11-06-2024,dish detergent,5588
1426,06-05-2025,canned beer,3483
2190,16-08-2024,citrus fruit,2954
2090,20-02-2025,canned beer,782
2042,28-08-2024,domestic eggs,5398
1615,03-02-2025,chips,535
1479,29-11-2025,margarine,5468
1975,23-05-2024,soda,4576
1702,16-08-2025,pasta,3103
1227,15-05-2024,cereal,4055
2044,07-04-2024,margarine,3573
1020,23-12-2024,cat food,2351
1173,18-04-2025,soda,4989
1039,18-09-2024,root vegetables,440
1514,07-09-2025,salty snack,519
1057,24-07-2024,bottled water,2365
1112,19-06-2025,salty snack,613
1680,25-02-2024,pasta,827
1347,17-10-2025,canned beer,5277
1723,18-01-2025,chocolate,2346
1905,21-02-2024,salty snack,2680
1334,28-01-2025,bottled water,3513
2151,15-07-2024,canned beer,1924
1160,04-04-2024,citrus fruit,2804
1933,23-04-2024,canned beer,5496
1694,15-05-2024,ketchup,322
1584,27-09-2025,rolls/buns,5429
1037,09-09-2024,margarine,5046
1737,29-10-2025,canned beer,330
1660,26-02-2024,soda,3435
1658,24-11-2024,shopping bags,126
1236,13-03-2024,canned beer,1520
2099,28-01-2024,margarine,2766
1062,11-09-2024,white bread,5161
1642,18-03-2025,canned beer,394
1062,11-09-2024,napkins,5161
1195,21-05-2024,jam,4118
1476,18-02-2025,whole milk,4302
1599,07-08-2024,tropical fruit,29
1931,22-08-2024,whole milk,4902
1626,23-09-2025,ice cream,242
1753,24-11-2024,crackers,4955
1211,22-12-2025,white bread,3794
1903,13-07-2024,brown bread,715
1445,11-12-2025,canned beer,5916
1442,10-05-2024,root vegetables,3957
1779,21-12-2025,domestic eggs,4379
1132,18-06-2025,coffee,784
1748,06-11-2024,margarine,4488
1090,29-01-2024,margarine,1461
2070,27-02-2024,parmesan,2314
1887,30-08-2025,margarine,2277
1217,11-07-2025,hamburger meat,1702
2057,18-06-2024,canned beer,5758
1232,08-06-2025,parmesan,2598
2179,22-03-2025,margarine,3504
1195,24-11-2025,newspapers,4262
2189,22-02-2024,white bread,432
1674,31-03-2025,canned beer,5286
1561,28-06-2025,frankfurter,3066
1977,10-12-2024,margarine,3133
1802,07-02-2025,domestic eggs,2831
2053,18-04-2025,  MARGARINE,2027
1185,25-06-2024,tomato sauce,2997
1137,26-07-2025,chips,802
1781,19-01-2025,newspapers,4356
1567,21-10-2024,domestic eggs,1965
1569,14-06-2024,white bread,233
1298,15-07-2024,canned beer,4896
1969,31-07-2025,white bread,5018
1310,26-08-2024,paper towels,1156
1537,25-05-2024,whole milk,4727
1476,09-05-2025,tomato sauce,2572
1454,03-05-2024,beef,3881
1884,11-01-2024,coffee,5547
1741,04-03-2024,margarine,1117
2100,01-01-2025,sausage,5230
1720,07-10-2025,coffee,1830
1806,12-02-2025,bottled water,794
1598,13-01-2025,frozen vegetables,5123
1642,18-03-2025,root vegetables,394
2098,03-05-2025,margarine,3319
1606,17-06-2024,  ONIONS,4973
1615,03-12-2024,newspapers,637
2198,24-09-2025,chips,1612
2088,26-08-2024,newspapers,3005
1477,21-03-2024,ketchup,1111
1261,16-12-2024,chips,1656
2077,15-05-2024,soda,3769
1841,20-06-2025,pip fruit,18
2192,19-10-2024,root vegetables,4074
1541,27-05-2025,pip fruit,1274
1498,28-06-2024,margarine,3439
1955,21-10-2024,dish detergent,661
1043,17-07-2025,canned beer,3365
2069,30-12-2025,sausage,2739
1987,22-08-2024,onions,5801
1905,07-11-2025,canned beer,2411
1260,04-11-2025,salsa,953
1782,28-11-2025,root vegetables,3100
1743,28-11-2025,tropical fruit,5824
1965,10-01-2025,frozen vegetables,3491
1716,15-05-2025,canned beer,4555
1727,03-12-2024,rolls/buns,1748
1779,16-02-2025,margarine,113
1167,20-05-2024,citrus fruit,4097
1914,03-05-2024,curd,2073
2063,31-10-2025,frankfurter,5933
1292,15-03-2025,margarine,5751
1308,11-10-2024,root vegetables,3397
1115,21-08-2024,shopping bags,3670
2064,03-05-2024,whole milk,4175
1013,16-10-2025,bottled water,5497
2095,28-07-2024,margarine,2718
1157,19-05-2025,shopping bags,2310
1382,04-02-2025,newspapers,4540
1905,27-12-2025,granola,3536
2152,18-03-2025,canned beer,1214
2172,02-10-2025,ground beef,3290
1325,25-05-2025,tropical fruit,2366
1219,26-05-2024,frankfurter,1330
1347,07-12-2024,white bread,4226
1133,15-05-2024,tomato sauce,2012
1404,01-12-2024,bananas,2702
1288,06-03-2025,domestic eggs,3815
2098,15-10-2025,root vegetables,3820
1588,24-06-2025,bottled water,4681
1523,09-09-2025,onions,4694
1039,06-04-2024,citrus fruit,4377
1329,08-09-2024,canned beer,4016
1196,31-08-2024,pasta,533
2046,27-11-2024,margarine,5420
1345,08-11-2025,citrus fruit,1355
1434,04-01-2024,curd,4407
1635,10-03-2025,margarine,2983
2011,22-01-2025,curd,4323
1034,20-05-2025,canned beer,4719
1096,13-09-2025,paper towels,4325
1004,25-06-2024,whole milk,673
1420,31-10-2025,newspapers,568
1706,12-02-2025,white bread,2858
1822,29-01-2024,salty snack,3267
1814,31-03-2025,citrus fruit,5740
1675,12-03-2025,domestic eggs,2119
2038,13-04-2024,newspapers,2714
1658,07-05-2025,margarine,1530
1177,15-01-2024,canned beer,416
1122,05-08-2024,canned beer,524
2141,22-07-2025,chocolate,3254
1349,07-02-2024,newspapers,3120
1436,01-04-2024,pastry,894
1273,08-06-2024,newspapers,4079
1209,05-05-2025,newspapers,1509
1357,22-01-2024,red wine,4254
1837,20-12-2024,onions,1922
2036,24-05-2024,hamburger meat,1414
1242,26-07-2024,whole milk,3865
1171,23-05-2024,canned beer,438
1709,21-12-2024,shopping bags,510
1870,18-05-2024,chips,276
1272,12-11-2025,salsa,197
1908,10-12-2024,rolls/buns,882
2046,08-04-2024,pip fruit,3580
1590,12-09-2024,citrus fruit,4545
1357,18-08-2024,newspapers,2253
1473,29-05-2025,beef,2826
1215,30-07-2025,curd,5995
1304,26-05-2025,shopping bags,1574
1219,26-05-2024,whole milk,1330
1476,18-02-2025,newspapers,4302
1562,10-12-2025,white bread,2043
1905,04-07-2024,sugar,1884
1946,08-08-2024,brown bread,5261
1976,03-06-2025,newspapers,2416
1130,23-01-2025,frankfurter,4336
1616,22-07-2024,frankfurter,5417
1572,27-12-2025,bottled water,2662
1708,26-02-2024,root vegetables,3746
1762,19-09-2024,sausage,4490
1435,15-03-2025,newspapers,5461
1455,15-03-2024,ice cream,5931
1328,25-07-2025,newspapers,3894
2185,09-07-2025,tortillas,1114
1873,01-08-2024,sausage,1059
1470,24-07-2025,root vegetables,841
1616,25-12-2024,citrus fruit,3763
1928,08-04-2025,tortillas,5725
1442,10-05-2024,frankfurter,3957
1707,19-09-2025,pastry,4470
2050,27-10-2025,frozen vegetables,4224
1837,20-12-2024,domestic eggs,1922
1276,03-09-2024,frozen vegetables,5167
1410,03-05-2024,bottled water,5477
1293,26-09-2025,tortillas,3806
1188,03-11-2024,domestic eggs,1498
2020,15-09-2025,white bread,3844
1458,30-03-2025,curd,1895
1173,28-05-2024,red wine,268
1204,23-03-2025,hamburger meat,5334
1672,06-08-2025,domestic eggs,1764
1511,04-08-2025,frankfurter,5650
1631,20-08-2025,bananas,1318
1740,09-11-2024,yogurt,2802
1510,15-03-2025,napkins,1773
1889,26-08-2024,whole milk,4787
1635,09-10-2024,  FRANKFURTER,4328
1323,06-01-2024,salty snack,3550
1232,12-04-2025,diapers,846
1107,13-03-2024,citrus fruit,2636
1164,30-10-2024,yogurt,3287
1993,13-08-2025,curd,5991
1979,09-12-2025,root vegetables,1910
1379,16-08-2025,chocolate,3493
1675,05-01-2025,curd,1176
1756,28-07-2024,paper towels,4637
1609,09-04-2024,sugar,4562
1539,15-01-2024,granola,3230
1182,24-04-2025,canned beer,4980
1138,22-08-2025,whole milk,1921
2079,20-04-2024,soda,734
1735,25-08-2025,canned beer,2700
1869,10-05-2024,tortillas,4042
1397,01-04-2024,brown bread,5581
1833,17-06-2024,coffee,1564
2061,04-07-2024,canned beer,1053
1020,23-12-2024,frozen vegetables,2351
1873,14-06-2024,soda,132
1795,23-03-2024,bananas,2084
1151,29-10-2025,margarine,5883
2010,24-06-2024,yogurt,5285
1147,30-04-2025,pip fruit,3412
1070,11-09-2024,pasta,129
1742,27-06-2025,salsa,4230
1924,06-05-2024,canned beer,5335
2149,10-01-2024,  ROLLS/BUNS,286
1128,25-08-2025,frozen vegetables,1595
1921,23-07-2024,domestic eggs,495
1343,06-02-2024,margarine,4936
1427,13-05-2025,yogurt,786
1658,21-11-2024,root vegetables,4594
1029,28-12-2024,ketchup,4528
1101,02-10-2025,whole milk,1210
1832,30-09-2024,margarine,1475
1967,02-12-2025,canned beer,1568
1958,31-10-2024,rolls/buns,5315
1108,04-08-2025,domestic eggs,1304
1983,10-10-2025,domestic eggs,1757
2185,17-01-2025,tortillas,427
1963,03-03-2024,citrus fruit,4083
2061,30-10-2024,newspapers,4561
1773,21-01-2025,paper towels,1710
1740,10-07-2025,paper towels,4182
1867,08-11-2025,onions,2640
1096,29-05-2024,domestic eggs,2284
1869,17-10-2024,tropical fruit,1345
2187,12-06-2024,paper towels,3950
1133,15-05-2024,cheese,2012
1365,16-02-2024,cat food,2717
1603,21-07-2024,root vegetables,2654
2177,18-04-2025,domestic eggs,1603
1956,02-03-2024,margarine,3571
1078,11-09-2024,pip fruit,1533
2053,04-06-2024,chocolate,5814
1841,23-06-2024,citrus fruit,952
1826,25-01-2025,paper towels,754
1891,15-10-2024,whole milk,1663
1566,27-01-2024,sausage,1266
1072,04-09-2024,newspapers,5970
1180,20-11-2024,bananas,4068
1780,09-12-2025,bottled water,3111
1282,05-06-2024,curd,4449
2061,22-06-2025,yogurt,1445
1648,25-10-2024,citrus fruit,1122
1570,30-06-2025,yogurt,4466
1146,23-07-2025,chocolate,1845
1184,09-01-2024,diapers,1140
1543,12-04-2025,frankfurter,3358
1587,26-12-2025,newspapers,5826
1946,20-03-2024,pastry,5066
1975,23-12-2025,canned beer,3224
1036,26-06-2025,margarine,5037
2088,27-08-2025,newspapers,1334
1653,10-05-2024,  FRANKFURTER,3494
1038,16-03-2025,shopping bags,5578
1213,07-03-2025,root vegetables,3428
2138,01-01-2025,citrus fruit,4101
2188,15-03-2025,margarine,2731
2157,30-01-2024,white bread,3984
2008,28-02-2024,yogurt,5982
1084,05-02-2024,cat food,4019
1098,13-04-2024,frankfurter,1799
1017,23-03-2025,rolls/buns,814
1367,30-09-2024,rolls/buns,2010
1526,01-07-2025,newspapers,1499
1836,04-12-2024,creamer,3729
1088,29-05-2025,citrus fruit,4671
1259,09-09-2025,salty snack,4444
1679,03-01-2025,chips,156
1965,07-04-2025,creamer,4159
1326,02-02-2024,diapers,2712
1277,07-04-2025,bottled water,5025
1566,29-01-2024,root vegetables,3026
1863,20-01-2024,paper towels,4311
1942,11-08-2025,newspapers,5004
1422,23-09-2025,bottled water,1268
1268,17-06-2024,canned beer,3827
1976,06-05-2024,margarine,871
2078,21-03-2024,yogurt,3329
1296,02-08-2024,parmesan,2696
2192,21-11-2024,chips,5587
1618,14-09-2024,white bread,1506
1568,26-09-2025,rolls/buns,4605
1181,09-05-2025,white bread,3458
1323,27-11-2024,curd,1765
2036,25-05-2025,dish detergent,1747
1509,27-11-2024,  YOGURT,2885
1418,29-04-2024,canned beer,4892
1225,22-07-2025,bottled water,453
1452,04-03-2025,napkins,1997
1243,28-03-2025,canned beer,5478
1296,18-11-2024,creamer,1621
1185,25-06-2024,pip fruit,2997
1516,09-10-2024,pip fruit,4899
1418,01-01-2025,hamburger meat,5940
1733,19-07-2025,beef,3601
1454,04-03-2024,soda,3262
1887,08-04-2024,canned beer,3943
1580,07-11-2024,salty snack,4740
1956,20-06-2025,canned beer,5474
1202,07-09-2025,curd,16
2032,21-12-2024,tomato sauce,1908
2059,20-04-2024,brown bread,2298
1612,05-06-2024,pip fruit,100
1390,24-05-2025,whole milk,2758
2130,14-11-2024,beef,3315
1941,30-05-2024,bottled water,307
1117,21-06-2025,soda,392
2016,06-04-2025,whole milk,4332
2050,08-12-2025,jam,5005
1297,08-11-2025,root vegetables,3691
1607,31-05-2024,cat food,748
1445,11-12-2025,chips,5916
1299,05-08-2024,granola,2162
1575,18-04-2025,hamburger meat,2919
1626,26-09-2025,chips,2883
1004,04-06-2024,ketchup,2014
2181,12-04-2024,canned beer,812
1086,26-04-2025,cheese,912
2147,13-02-2024,butter,5532
1102,23-07-2024,jam,2111
1904,12-07-2024,canned beer,2282
1304,15-09-2024,white bread,3369
1856,05-07-2024,crackers,5951
1109,10-01-2025,paper towels,3297
1902,13-05-2025,white bread,3961
1064,07-11-2025,canned beer,310
1272,07-07-2025,chocolate,3206
2064,04-09-2025,canned beer,1243
1615,18-06-2024,shopping bags,3866
2028,03-01-2024,margarine,2269
1748,05-05-2024,root vegetables,169
1241,05-02-2025,,4392
1143,04-07-2025,tropical fruit,121
1189,23-01-2025,red wine,741
1699,14-08-2024,margarine,336
1545,28-05-2025,canned beer,588
1887,04-10-2024,whole milk,5749
1752,22-05-2024,yogurt,4273
1439,07-08-2024,domestic eggs,1853
1390,26-04-2025,salsa,2524
1133,12-08-2025,brown bread,3481
1243,30-06-2024,jam,2274
2081,11-10-2025,napkins,1795
1451,29-04-2024,beef,855
1558,12-04-2024,citrus fruit,273
1036,07-01-2025,pip fruit,1651
1525,21-02-2025,cereal,2230
1010,01-04-2025,napkins,1903
1458,11-09-2024,margarine,1128
1230,21-11-2024,whole milk,978
1932,18-10-2025,cereal,5086
1814,09-04-2025,salsa,5619
1903,28-10-2025,brown bread,5310
1622,02-11-2025,beef,1756
1775,26-08-2025,yogurt,4990
1850,23-03-2025,butter,5872
1006,19-10-2025,frozen vegetables,3054
1888,29-08-2024,margarine,14
1425,20-04-2024,canned beer,5442
1463,15-09-2025,margarine,792
1027,07-04-2025,granola,3871
1920,18-08-2024,margarine,3909
2068,08-07-2024,sausage,2405
1792,01-02-2025,canned beer,2930
1109,21-05-2024,cereal,2087
1787,29-12-2025,citrus fruit,2321
1027,01-03-2025,whole milk,3956
1893,02-04-2025,dish detergent,4132
2050,18-05-2025,frozen vegetables,607
1496,04-10-2025,jam,1805
1603,30-10-2025,frankfurter,3091
1709,24-08-2024,citrus fruit,3565
1336,24-11-2025,onions,2154
1201,16-12-2024,citrus fruit,4265
1143,21-04-2025,coffee,34
2128,23-07-2024,cheese,2726
1174,21-01-2025,canned beer,3883
1170,12-11-2024,pastry,4463
1148,24-12-2024,pastry,3162
2036,09-10-2024,margarine,4579
1213,10-04-2025,tropical fruit,1954
2021,22-05-2025,margarine,3541
1128,23-01-2024,,4486
2015,01-04-2025,margarine,5447
1479,09-08-2024,canned beer,684
1947,15-07-2025,yogurt,4252
1462,08-04-2024,curd,5825
1610,20-05-2025,canned beer,1970
1465,15-09-2024,tropical fruit,2281
1809,08-06-2025,tortillas,3196
1769,08-04-2024,salsa,1738
1623,13-08-2024,cat food,1342
1543,22-06-2025,rolls/buns,1638
1403,02-01-2025,rolls/buns,5154
1846,21-12-2025,tortillas,249
1823,25-07-2025,crackers,653
2017,13-10-2025,tomato sauce,81
1069,30-03-2024,whole milk,4821
1906,30-01-2025,newspapers,90
2119,12-06-2025,tropical fruit,2490
2053,04-08-2025,canned beer,935
1532,29-04-2025,salsa,3962
1327,10-05-2024,tropical fruit,3364
2167,14-06-2025,bananas,5352
1761,24-01-2025,canned beer,2042
1429,06-07-2025,root vegetables,1947
1178,01-12-2024,canned beer,5144
1409,16-03-2024,paper towels,3437
2013,20-07-2024,salsa,5788
1259,12-09-2025,soda,584
1691,12-06-2024,canned beer,1060
1349,28-12-2025,root vegetables,3475
2133,28-10-2024,chips,45
1646,07-03-2024,tropical fruit,5034
1910,06-03-2025,pasta,3256
1272,07-07-2025,white bread,3206
1149,19-08-2024,margarine,541
1939,07-06-2024,root vegetables,4072
1743,15-01-2024,white bread,4437
1304,24-05-2024,white bread,2465
1324,23-01-2025,bottled water,4851
1761,08-07-2024,margarine,1913
1001,25-12-2025,margarine,776
1824,05-10-2025,frozen vegetables,2077
1669,22-08-2024,tomato sauce,1076
1083,03-06-2024,canned beer,5168
2090,29-07-2025,tortillas,5647
1798,17-09-2025,tropical fruit,497
1896,03-06-2025,onions,12
1451,20-11-2024,chocolate,5240
1579,27-08-2025,creamer,5827
1038,15-10-2024,margarine,1563
2155,10-01-2024,margarine,2134
2076,26-06-2024,citrus fruit,3603
1824,14-08-2025,yogurt,4634
1016,30-07-2025,canned beer,2532
1298,15-07-2024,beef,4896
1741,12-04-2024,frozen vegetables,4041
2142,23-03-2025,bottled water,3482
1484,23-02-2024,salty snack,2635
1978,06-11-2024,  NAPKINS,5671
1946,02-01-2025,rolls/buns,2611
1555,05-04-2024,canned beer,3248
2051,15-05-2025,newspapers,1251
1714,09-12-2024,frankfurter,898
1428,21-07-2024,red wine,930
1374,20-11-2024,dish detergent,457
2155,09-07-2025,white bread,3346
1267,26-08-2024,onions,5022
1514,07-09-2025,yogurt,519
1135,03-03-2025,bananas,5323
1985,02-08-2024,canned beer,393
2008,18-09-2024,chocolate,2809
1091,20-05-2025,white bread,1534
1476,20-01-2024,  GROUND BEEF,992
1875,13-06-2024,yogurt,4891
1723,05-08-2025,frankfurter,2309
1704,04-08-2025,margarine,3518
1978,01-01-2024,root vegetables,2867
1768,08-08-2024,napkins,61
1260,28-08-2024,  BOTTLED WATER,1491
1511,12-05-2025,salty snack,646
1064,28-05-2024,cereal,1099
1024,13-05-2025,whole milk,5147
1195,24-11-2025,yogurt,4262
1232,12-04-2025,root vegetables,846
1711,13-04-2024,canned beer,57
1616,05-11-2025,root vegetables,876
1881,05-02-2025,margarine,4382
1916,28-12-2024,newspapers,5071
1356,03-02-2025,granola,1828
1290,10-11-2025,margarine,5606
1332,19-04-2024,butter,2651
1354,30-10-2024,citrus fruit,5859
2029,21-04-2024,bottled water,5328
1476,20-01-2024,root vegetables,992
1996,03-07-2024,curd,4363
1659,01-03-2024,margarine,5787
2010,28-02-2024,chocolate,3933
1472,07-02-2024,coffee,3161
1332,13-09-2024,canned beer,680
1086,08-05-2024,napkins,1113
2192,15-01-2024,margarine,575
2090,29-07-2025,newspapers,5647
1561,03-12-2025,whole milk,2507
1559,20-12-2024,citrus fruit,1544
1633,01-07-2024,ice cream,2909
2048,08-02-2024,newspapers,3171
1039,26-09-2025,frankfurter,3044
1538,26-09-2025,granola,5932
1430,30-08-2025,ground beef,4404
1204,12-11-2024,beef,5902
1405,23-05-2024,root vegetables,4299
2152,09-10-2025,citrus fruit,1950
1115,21-08-2024,white bread,3670
2151,29-03-2024,dish detergent,5821
1707,19-09-2025,bottled water,4470
1753,07-12-2024,cereal,3755
2116,28-01-2024,yogurt,4938
1500,12-12-2024,root vegetables,997
2164,26-02-2024,root vegetables,3683
1908,27-01-2025,paper towels,1066
1225,03-08-2024,frozen vegetables,2949
1976,11-12-2024,frozen vegetables,1724
1351,12-01-2024,citrus fruit,4949
1619,27-08-2024,coffee,5498
1450,11-06-2025,canned beer,491
1220,04-10-2025,napkins,1446
1410,12-04-2024,frozen vegetables,518
1642,26-09-2024,margarine,4188
1293,02-02-2024,salty snack,1435
1102,29-08-2024,root vegetables,324
2034,17-02-2025,canned beer,3728
1002,19-09-2024,ice cream,2463
1429,12-11-2025,citrus fruit,3836
1341,19-05-2024,soda,2529
1270,06-04-2024,brown bread,1868
1864,21-01-2025,canned beer,449
1859,31-03-2025,cereal,27
2193,07-12-2025,beef,237
1359,17-02-2024,rolls/buns,906
1587,21-06-2024,curd,2889
1805,26-02-2024,bottled water,1940
2106,26-11-2024,sugar,4066
2121,14-04-2025,soda,1430
1783,02-11-2024,  ROOT VEGETABLES,546
2021,16-02-2024,tortillas,5436
1183,27-07-2025,frozen vegetables,5313
1137,09-11-2025,canned beer,3209
2002,19-10-2025,yogurt,4475
1377,06-02-2025,citrus fruit,2294
1396,30-03-2024,soda,357
1485,09-05-2024,napkins,5212
1383,31-07-2025,canned beer,2045
1434,24-06-2024,frankfurter,3486
1278,20-07-2025,salty snack,3240
1183,06-01-2025,margarine,1299
1538,26-09-2025,yogurt,5932
2107,06-02-2024,dish detergent,1679
1806,12-02-2025,pasta,794
1842,14-02-2024,whole milk,4329
2067,01-06-2024,bottled water,4059
2163,11-04-2024,margarine,1297
1243,30-06-2024,white bread,2274
1379,26-03-2024,yogurt,578
1236,16-03-2025,root vegetables,1257
1020,23-12-2024,margarine,2351
2000,21-08-2024,root vegetables,5265
1822,10-01-2024,canned beer,1867
1369,31-01-2024,curd,4752
1225,16-04-2024,white bread,891
2069,08-05-2024,margarine,3398
1266,21-06-2025,tropical fruit,2430
2082,02-06-2024,  WHITE BREAD,1052
2124,21-05-2024,onions,3210
1979,09-12-2025,canned beer,1910
1852,22-11-2025,bottled water,3371
1004,16-04-2025,root vegetables,3512
1411,17-10-2024,curd,3739
2036,30-04-2025,root vegetables,2805
1024,18-02-2024,canned beer,5629
1566,29-01-2024,bottled water,3026
2091,14-07-2025,frozen vegetables,138
1787,18-03-2024,pip fruit,3170
1825,28-06-2024,bottled water,5718
1127,28-11-2024,curd,3912
1460,22-12-2025,tropical fruit,2232
1512,25-08-2025,canned beer,2384
1868,22-08-2024,margarine,326
1814,29-08-2024,margarine,4492
1599,07-08-2024,napkins,29
1245,25-04-2025,onions,2929
1933,16-03-2025,cheese,2063
1801,09-11-2024,root vegetables,4045
1720,07-10-2025,citrus fruit,1830
1202,15-10-2025,domestic eggs,602
1780,27-11-2024,brown bread,424
1894,22-05-2025,pip fruit,5213
1214,02-05-2024,whole milk,1659
2036,27-05-2025,canned beer,3526
1416,11-06-2024,canned beer,2083
1482,11-02-2024,cereal,1887
2135,13-11-2025,diapers,4051
1575,06-10-2025,domestic eggs,5196
2009,22-09-2024,margarine,745
1581,23-10-2025,root vegetables,1916
2193,26-08-2025,rolls/buns,2009
1218,01-11-2024,yogurt,3499
1573,20-04-2024,brown bread,711
1210,31-08-2025,tortillas,2372
1704,08-09-2025,root vegetables,4348
1388,07-09-2025,domestic eggs,4542
1165,31-05-2024,chocolate,3316
1619,27-08-2024,sugar,5498
1433,16-07-2025,crackers,5462
1406,09-05-2024,canned beer,553
1112,19-06-2025,citrus fruit,613
2108,13-07-2025,tortillas,3589
1073,24-07-2025,pastry,1296
1941,30-05-2024,curd,307
1374,09-06-2025,parmesan,4583
1589,17-01-2024,root vegetables,3075
1077,02-04-2024,yogurt,832
1115,07-12-2024,salsa,3377
1149,04-04-2024,rolls/buns,5303
1293,02-04-2024,cereal,50
1201,30-09-2025,whole milk,520
1983,08-08-2025,bottled water,5789
2095,03-08-2024,paper towels,5233
1442,10-05-2024,margarine,3957
1571,18-07-2025,white bread,1269
2090,30-08-2024,pip fruit,3927
1983,09-01-2025,yogurt,5179
1204,12-11-2024,salsa,5902
2000,30-12-2025,newspapers,2698
1249,20-05-2025,margarine,250
1359,14-11-2025,canned beer,1978
2016,06-04-2025,canned beer,4332
1361,17-04-2024,bottled water,4672
1241,05-02-2025,white bread,4392
1761,24-01-2025,margarine,2042
1264,23-12-2025,domestic eggs,2893
1627,29-03-2025,margarine,2633
2118,08-11-2025,rolls/buns,1892
1850,16-06-2024,pip fruit,4219
2102,10-11-2024,onions,414
2145,26-02-2024,chips,2110
1390,24-05-2025,cereal,2758
1980,29-04-2024,curd,710
1583,29-02-2024,sausage,4657
2003,24-07-2024,root vegetables,4622
1426,06-05-2025,citrus fruit,3483
1880,29-03-2025,creamer,1925
1918,06-10-2024,salsa,275
1822,10-01-2024,citrus fruit,1867
1660,26-02-2024,sausage,3435
1929,30-05-2024,diapers,4878
1228,05-06-2025,parmesan,2404
1800,04-01-2025,canned beer,4107
1468,19-01-2025,sugar,1324
1187,23-02-2024,pip fruit,3638
2015,12-08-2024,napkins,3884
1453,04-10-2025,paper towels,3094
1297,10-10-2024,newspapers,2784
2116,28-01-2024,pip fruit,4938
1466,09-04-2024,canned beer,1216
1635,09-10-2024,newspapers,4328
1409,17-01-2025,bottled water,2570
2132,18-04-2024,dish detergent,2376
1151,06-04-2025,sausage,2165
1466,26-12-2025,frozen vegetables,99
1565,18-10-2024,whole milk,1532
1895,26-11-2024,canned beer,5446
1310,21-11-2025,whole milk,4190
1804,15-06-2025,coffee,5311
1069,30-03-2024,domestic eggs,4821
1859,24-09-2025,jam,1061
1636,14-08-2024,tropical fruit,103
1268,31-07-2025,sausage,719
1493,06-11-2025,white bread,3940
1390,28-11-2024,root vegetables,4758
1872,04-03-2024,yogurt,2947
1018,21-08-2025,domestic eggs,3905
1081,06-10-2025,chips,3139
2004,15-01-2024,root vegetables,2760
2019,05-01-2024,citrus fruit,5882
1667,23-11-2024,hamburger meat,3269
1510,24-07-2024,ice cream,603
1780,17-12-2025,canned beer,3738
1658,19-08-2024,domestic eggs,1322
1249,28-04-2024,hamburger meat,2812
1717,25-12-2025,frankfurter,632
1403,28-03-2025,canned beer,1238
1703,08-06-2025,ketchup,1818
1996,25-06-2025,yogurt,1409
2198,06-08-2024,newspapers,36
1788,01-08-2025,newspapers,2320
1829,05-01-2024,frozen vegetables,3566
1964,25-06-2024,  NEWSPAPERS,347
1548,20-02-2025,newspapers,5133
1434,29-03-2025,canned beer,1602
1897,21-06-2024,root vegetables,1321
1107,23-02-2025,curd,2976
2150,30-01-2024,margarine,3986
2049,06-09-2024,newspapers,4700
1011,27-01-2024,root vegetables,1772
1457,27-04-2025,citrus fruit,28
1816,15-07-2025,,5504
1554,26-07-2025,canned beer,1
1006,19-10-2025,beef,3054
1249,01-11-2024,margarine,405
1552,08-12-2024,sausage,288
1189,25-09-2024,chocolate,4032
1077,15-02-2024,pip fruit,5694
1221,12-03-2025,bananas,422
1721,05-07-2024,napkins,3505
2090,02-09-2025,white bread,1832
1106,30-05-2024,red wine,2106
2075,07-01-2024,chips,3456
1549,22-11-2024,jam,5898
1474,30-10-2024,rolls/buns,1788
1929,08-01-2024,yogurt,5971
1636,14-08-2024,whole milk,103
1649,12-02-2025,soda,3807
1326,08-04-2024,bottled water,3743
1661,25-09-2024,paper towels,1588
1183,28-06-2025,pip fruit,2116
1909,11-01-2025,whole milk,5186
1464,17-05-2024,napkins,3334
2037,21-06-2025,whole milk,4842
2098,15-11-2025,citrus fruit,5949
1046,17-12-2024,tropical fruit,2142
1075,04-06-2024,frozen vegetables,3890
1389,15-05-2024,pip fruit,1870
1376,15-05-2025,brown bread,2915
1415,01-10-2025,napkins,2094
1669,19-08-2024,salsa,444
1020,23-12-2024,parmesan,2351
2153,03-01-2025,white bread,579
1298,15-07-2024,ice cream,4896
1775,23-09-2024,  SAUSAGE,1829
1194,03-12-2025,rolls/buns,1183
1071,19-09-2025,paper towels,2112
1125,23-06-2024,canned beer,3350
2078,14-11-2025,margarine,1552
1733,23-03-2024,crackers,1051
2049,06-09-2024,soda,4700
1004,15-01-2024,newspapers,1996
1473,14-02-2024,chocolate,2196
1299,08-09-2025,whole milk,3489
2074,16-10-2024,canned beer,3419
1967,14-11-2025,citrus fruit,2459
1767,20-04-2025,sugar,3313
1161,27-10-2025,root vegetables,1049
1798,12-10-2024,rolls/buns,2003
1558,01-06-2024,white bread,2861
1446,01-02-2024,tortillas,5810
2009,14-06-2025,chocolate,4156
1209,01-01-2025,whole milk,2670
1120,13-10-2025,margarine,2457
1911,11-10-2024,chocolate,3993
1395,26-09-2025,brown bread,672
1501,08-10-2024,white bread,743
1835,28-02-2025,brown bread,5881
2107,18-10-2024,parmesan,3975
1467,09-12-2025,dish detergent,4912
2002,19-10-2025,bananas,4475
1058,03-01-2025,canned beer,234
1406,09-05-2024,chocolate,553
1085,30-11-2024,canned beer,135
2016,26-08-2024,root vegetables,4415
2117,29-11-2025,canned beer,1605
1112,19-06-2025,pip fruit,613
1128,06-10-2024,salsa,4901
1006,19-10-2025,citrus fruit,3054
1740,09-11-2024,bottled water,2802
1718,14-03-2024,tortillas,659
1776,09-08-2025,pasta,5359
1663,12-09-2025,whole milk,2160
1875,18-08-2024,margarine,2370
1436,08-07-2025,root vegetables,1582
1393,07-07-2025,domestic eggs,4506
1606,09-11-2024,canned beer,4566
1648,25-10-2024,white bread,1122
1853,07-10-2025,canned beer,5726
2008,01-12-2025,frankfurter,3644
1086,23-04-2025,canned beer,232
1332,13-09-2024,pastry,680
1783,17-11-2025,whole milk,4524
1821,07-06-2025,canned beer,2779
1871,03-11-2025,canned beer,4412
1046,27-02-2024,citrus fruit,1472
1425,06-11-2024,soda,3127
1639,01-04-2025,whole milk,5884
1448,12-04-2025,soda,5743
1756,06-05-2024,bottled water,1471
2154,26-05-2024,citrus fruit,1165
1272,10-03-2024,newspapers,5783
2079,08-11-2025,root vegetables,2945
1720,25-06-2025,paper towels,364
2002,19-10-2025,diapers,4475
1616,15-09-2025,newspapers,1496
1461,13-06-2024,rolls/buns,5238
1577,21-03-2024,frozen vegetables,2431
1121,29-02-2024,sausage,5241
2177,19-05-2024,tropical fruit,1680
1367,03-05-2024,brown bread,2734
1972,25-08-2024,root vegetables,3305
1278,19-07-2025,citrus fruit,4371
1373,02-03-2025,frankfurter,4535
2193,04-10-2024,newspapers,4048
1155,02-08-2024,tortillas,3084
1024,15-11-2025,newspapers,4345
1822,08-04-2025,paper towels,3911
1669,19-08-2024,margarine,444
1118,06-11-2024,yogurt,2637
1452,12-09-2024,margarine,587
1783,27-08-2024,bananas,619
1465,15-07-2025,margarine,2205
2155,05-04-2025,root vegetables,2631
2011,22-01-2025,salsa,4323
2074,24-04-2025,sausage,3640
1859,31-03-2025,tomato sauce,27
1433,15-03-2025,citrus fruit,3558
1560,10-01-2024,white bread,1705
1993,13-08-2025,canned beer,5991
1226,06-01-2024,canned beer,2842
1656,06-01-2025,frankfurter,407
1077,27-10-2024,pastry,2517
1601,29-03-2024,granola,936
2022,10-08-2025,margarine,2666
1149,19-08-2024,newspapers,541
1798,12-10-2024,canned beer,2003
1665,15-07-2024,canned beer,1358
1326,27-08-2025,canned beer,5985
1602,26-12-2024,margarine,2921
1118,07-06-2024,whole milk,2610
2129,19-05-2025,root vegetables,2268
1039,26-09-2025,granola,3044
1408,11-09-2025,whole milk,766
1220,17-12-2025,chips,5816
1018,21-08-2025,frozen vegetables,3905
2045,10-12-2024,salsa,5373
1762,19-09-2024,citrus fruit,4490
1566,03-12-2024,salty snack,3064
2133,28-10-2024,canned beer,45
1538,26-09-2025,parmesan,5932
1662,31-07-2025,citrus fruit,3830
1021,07-12-2025,canned beer,3258
1048,13-09-2025,margarine,1167
1823,17-05-2024,creamer,1561
1215,30-07-2025,salsa,5995
2036,27-05-2025,pastry,3526
1801,14-12-2025,salty snack,2928
1562,10-12-2025,yogurt,2043
1078,11-09-2024,curd,1533
1880,25-05-2025,yogurt,770
1506,28-04-2024,root vegetables,5401
1972,23-10-2024,curd,5039
1161,18-09-2025,bottled water,589
1405,10-09-2025,frozen vegetables,1333
1043,17-07-2025,creamer,3365
1400,28-05-2025,sausage,5192
1986,18-05-2024,bananas,5016
1430,15-11-2024,soda,4193
1877,16-06-2024,margarine,1722
1090,29-01-2024,pastry,1461
1657,12-06-2024,white bread,3574
2166,30-12-2025,pastry,1926
1211,03-05-2025,chocolate,5451
1515,29-10-2024,canned beer,4907
1765,06-03-2024,canned beer,4383
1530,23-01-2024,napkins,4969
2158,29-06-2024,white bread,3385
1065,07-09-2024,tropical fruit,3547
1141,22-09-2025,dish detergent,2206
1161,18-09-2025,newspapers,589
2008,23-07-2025,salty snack,1763
1070,16-05-2024,white bread,2008
1178,06-03-2025,curd,2318
1841,19-02-2025,citrus fruit,5306
1670,16-01-2024,red wine,4498
1760,13-05-2024,ketchup,5890
2036,09-10-2024,canned beer,4579
1099,26-12-2024,pastry,1408
1184,09-01-2024,ketchup,1140
1218,01-11-2024,bananas,3499
1350,26-04-2025,  CANNED BEER,1838
1425,29-06-2025,ice cream,3583
1044,23-01-2024,canned beer,2846
2105,17-11-2024,onions,545
1587,10-05-2025,granola,5595
1304,26-05-2025,canned beer,1574
1895,10-02-2024,red wine,5187
1412,08-01-2024,chocolate,5362
1636,02-12-2025,tropical fruit,1600
1838,09-05-2025,onions,2723
1416,17-03-2024,root vegetables,917
2041,16-07-2024,cat food,1744
1789,10-06-2025,frankfurter,5208
1646,16-03-2024,frankfurter,3019
1450,15-12-2025,frozen vegetables,4005
2158,30-01-2024,pip fruit,5490
1240,18-03-2025,newspapers,5463
1726,10-10-2025,coffee,1073
1872,15-04-2025,white bread,4673
1245,28-04-2025,root vegetables,1035
1712,06-03-2024,bottled water,2125
1539,05-04-2024,canned beer,1123
1708,19-03-2025,hamburger meat,1518
1468,03-07-2024,  MARGARINE,2292
1853,12-02-2025,brown bread,1983
1703,08-06-2025,pasta,1818
1546,07-02-2024,pip fruit,5283
1856,26-01-2025,domestic eggs,1740
1858,14-05-2025,salty snack,5281
1887,29-06-2024,newspapers,417
1752,22-05-2024,pip fruit,4273
1037,09-09-2024,curd,5046
1578,01-04-2025,canned beer,964
1526,27-02-2024,tropical fruit,3985
1008,20-05-2025,bottled water,5408
2063,28-03-2024,citrus fruit,1145
2070,27-02-2024,pasta,2314
1148,03-12-2025,ketchup,3654
1101,06-02-2024,citrus fruit,5577
1609,26-01-2025,canned beer,4040
1103,20-09-2025,newspapers,1458
1194,11-02-2025,yogurt,4573
1559,24-06-2025,domestic eggs,5489
1184,11-10-2024,margarine,4001
1446,01-02-2024,salsa,5810
1527,20-08-2024,margarine,421
1068,17-06-2024,curd,1351
2008,26-03-2025,margarine,3145
1833,17-03-2025,bottled water,5684
1942,24-05-2024,salsa,2886
1975,23-12-2025,salty snack,3224
2137,14-03-2024,whole milk,3362
1339,30-01-2024,domestic eggs,4397
1447,04-11-2024,bottled water,4206
1878,05-11-2024,canned beer,1179
2183,01-03-2025,cereal,3922
1547,10-07-2025,soda,3594
2111,31-01-2025,soda,2289
1561,16-06-2024,canned beer,4824
1558,29-07-2024,canned beer,4029
2090,23-10-2025,canned beer,4295
2061,29-09-2024,ice cream,19
2145,28-02-2024,onions,2357
1723,21-11-2025,cat food,5599
1433,16-07-2025,newspapers,5462
1180,12-04-2024,tortillas,581
1893,06-11-2025,frankfurter,2511
1633,16-07-2025,margarine,4941
1077,02-04-2024,salsa,832
1961,04-02-2024,chips,1438
1587,10-05-2025,bottled water,5595
1205,10-07-2025,margarine,3641
1226,06-01-2024,citrus fruit,2842
1977,08-05-2024,whole milk,565
2192,21-11-2024,,5587
1106,26-03-2025,frozen vegetables,4979
2179,30-05-2024,domestic eggs,4964
1625,11-04-2024,sausage,1778
1167,01-12-2025,domestic eggs,2682
1869,17-10-2024,onions,1345
1603,01-08-2025,cheese,4405
1850,12-05-2024,canned beer,2446
1289,31-10-2024,soda,1650
1024,08-10-2024,frankfurter,3562
1965,10-01-2025,yogurt,3491
1819,24-12-2025,canned beer,3998
1871,26-04-2025,  BOTTLED WATER,1287
1889,13-08-2025,citrus fruit,660
2159,20-02-2025,sausage,2423
1023,19-11-2025,brown bread,198
1793,11-01-2025,margarine,3131
1207,06-09-2024,soda,4375
1170,12-11-2025,onions,3370
1225,22-07-2025,citrus fruit,453
2157,07-01-2025,newspapers,1453
1961,30-04-2024,domestic eggs,3712
2081,28-05-2025,margarine,2067
1030,02-07-2025,cat food,4380
2070,16-07-2025,frozen vegetables,3253
1359,02-07-2024,yogurt,3938
2175,21-04-2025,white bread,4557
1179,06-11-2025,rolls/buns,4877
1836,25-10-2024,canned beer,2181
1260,29-04-2025,soda,3218
1126,21-02-2024,salsa,2473
1074,19-10-2024,citrus fruit,679
2097,02-10-2025,white bread,1857
1531,31-01-2024,margarine,201
1465,23-09-2025,chips,5453
1210,09-03-2024,shopping bags,620
1084,14-06-2024,white bread,3202
1437,30-09-2024,  PARMESAN,3356
1976,01-08-2025,ground beef,3973
1425,06-11-2024,citrus fruit,3127
1980,23-11-2024,whole milk,1412
1154,28-07-2024,whole milk,1419
1403,11-06-2024,white bread,1664
1303,27-08-2025,frozen vegetables,2159
1276,23-06-2025,dish detergent,1576
1127,06-03-2025,canned beer,4085
1237,11-01-2025,margarine,5763
2045,03-05-2025,root vegetables,3966
1761,02-09-2024,newspapers,1364
1954,23-02-2024,root vegetables,4030
1304,13-10-2025,whole milk,1535
1587,14-08-2024,canned beer,5558
1485,23-01-2025,canned beer,305
1425,20-04-2024,cheese,5442
2137,29-04-2024,sugar,4064
2089,04-11-2025,bottled water,5937
1179,03-10-2025,canned beer,3260
1161,18-09-2025,root vegetables,589
1253,07-07-2024,  CANNED BEER,3431
1646,27-12-2025,ice cream,2621
1646,07-03-2024,newspapers,5034
1765,18-10-2024,canned beer,1783
2163,27-03-2024,yogurt,5566
1342,05-10-2024,canned beer,4849
1220,28-03-2024,  TORTILLAS,4439
1540,05-07-2024,ice cream,3375
2193,07-03-2025,white bread,947
1426,30-07-2025,domestic eggs,3673
1500,12-07-2025,brown bread,1974
1410,12-04-2024,frankfurter,518
2004,22-03-2025,sausage,3733
1558,08-06-2025,chocolate,5557
1707,28-02-2024,newspapers,3085
1778,05-12-2025,citrus fruit,2993
1183,11-10-2025,pastry,1521
1200,20-05-2024,frozen vegetables,560
1130,27-03-2025,pastry,2231
1243,01-02-2024,newspapers,4857
1706,21-03-2024,margarine,5158
1447,18-05-2024,canned beer,3062
1535,17-09-2025,pip fruit,2764
1525,21-01-2024,frankfurter,3842
1650,05-05-2024,canned beer,3067
1932,31-08-2025,pastry,4508
1735,07-01-2025,sausage,1105
2118,08-11-2025,canned beer,1892
1149,09-08-2025,canned beer,2146
2093,29-03-2025,soda,4648
1289,29-01-2025,root vegetables,1808
1693,27-05-2025,tomato sauce,3040
1373,21-04-2024,newspapers,2951
1244,18-06-2024,sausage,736
1566,22-03-2025,sugar,4376
1650,09-07-2024,canned beer,4808
1665,11-10-2025,tomato sauce,4511
1140,23-07-2024,butter,3367
1781,19-01-2025,chocolate,4356
1174,26-07-2025,domestic eggs,3864
1888,17-10-2024,butter,921
2180,24-03-2024,margarine,3119
1440,21-09-2025,brown bread,5744
1909,11-01-2025,margarine,5186
1218,02-08-2025,hamburger meat,3425
1128,19-10-2024,  NEWSPAPERS,4843
1651,28-05-2024,frankfurter,1643
2103,27-11-2025,canned beer,4058
1911,11-10-2024,frozen vegetables,3993
1568,14-08-2025,  SHOPPING BAGS,2992
1160,03-11-2024,salty snack,4984
2112,22-04-2025,canned beer,5206
1057,21-03-2024,newspapers,4682
2090,23-10-2025,cat food,4295
2149,28-02-2025,citrus fruit,4436
1642,26-09-2024,ketchup,4188
1296,12-04-2025,frankfurter,3449
2100,12-10-2025,pastry,1157
1214,02-05-2024,brown bread,1659
1693,10-03-2024,pip fruit,2508
1173,28-05-2024,cheese,268
1808,12-04-2025,cat food,390
1146,06-12-2024,white bread,116
2021,16-02-2024,onions,5436
2055,09-01-2024,root vegetables,3261
2072,04-11-2025,pastry,2994
1217,24-01-2024,margarine,1525
1856,26-01-2025,root vegetables,1740
1081,30-05-2024,canned beer,3737
1631,18-09-2025,newspapers,4655
2100,14-03-2024,canned beer,4638
1528,24-05-2024,salty snack,230
1454,04-06-2025,rolls/buns,3022
1306,07-04-2025,chocolate,2548
1725,10-05-2024,canned beer,5580
1375,22-09-2024,whole milk,2371
1994,29-12-2025,  JAM,1502
1994,09-01-2025,pasta,1082
1089,29-02-2024,newspapers,5901
1168,22-02-2025,bottled water,4773
1061,16-05-2024,bottled water,3378
1740,20-11-2025,brown bread,3276
1619,27-08-2024,creamer,5498
1295,24-01-2024,domestic eggs,207
1822,08-04-2025,sausage,3911
1418,29-04-2024,curd,4892
1829,19-08-2025,paper towels,1009
2113,16-11-2025,sugar,3331
1073,20-06-2025,crackers,5785
2173,31-03-2024,whole milk,5503
1068,05-08-2024,sausage,2290
1325,10-02-2024,canned beer,4204
1718,26-11-2024,canned beer,159
1756,28-07-2024,canned beer,4637
1085,07-01-2024,pip fruit,2672
1041,21-12-2024,pip fruit,3932
2096,25-10-2024,bottled water,3495
1495,08-11-2024,cheese,2792
1860,27-02-2024,brown bread,708
1038,16-03-2025,frankfurter,5578
1220,29-08-2025,sausage,4757
1527,15-06-2024,root vegetables,2133
1315,25-09-2025,whole milk,3347
1992,18-01-2024,white bread,474
1901,07-05-2024,root vegetables,879
1797,22-03-2025,margarine,3611
1375,27-08-2025,canned beer,2217
1532,30-07-2024,white bread,5472
1336,20-03-2025,crackers,5125
1384,21-08-2024,tropical fruit,4364
1318,10-03-2024,napkins,1616
1202,15-10-2025,curd,602
1090,29-01-2024,tropical fruit,1461
1393,14-01-2025,canned beer,1836
1709,26-12-2025,whole milk,2424
1329,16-10-2024,cat food,5715
1406,12-10-2024,curd,2127
1840,12-03-2025,pip fruit,1774
1860,27-02-2024,napkins,708
1138,15-03-2025,bottled water,4569
1337,28-06-2025,tomato sauce,2985
1659,17-02-2025,red wine,4641
1135,13-11-2025,white bread,845
1559,30-06-2024,canned beer,3391
1460,25-01-2025,ground beef,2894
1143,04-08-2025,margarine,983
1179,02-09-2024,whole milk,2845
2189,16-10-2025,frankfurter,4668
1348,05-12-2024,root vegetables,2129
1749,11-01-2025,canned beer,1418
1140,10-06-2024,frozen vegetables,2223
1899,12-06-2024,canned beer,5295
1194,03-12-2025,white bread,1183
1175,01-03-2025,pastry,2243
1729,15-10-2025,,5828
1816,05-12-2024,tortillas,1459
1155,12-01-2024,chips,1265
2024,24-03-2025,salsa,2663
1079,15-06-2024,domestic eggs,3142
1952,12-11-2025,chips,1781
1650,09-07-2024,white bread,4808
1279,05-10-2024,rolls/buns,4277
1790,28-03-2024,newspapers,1671
1531,31-01-2024,white bread,201
2119,02-11-2024,rolls/buns,5670
1050,14-01-2025,margarine,780
1323,25-01-2024,canned beer,5010
1364,23-04-2024,frozen vegetables,144
1482,11-02-2024,brown bread,1887
2038,12-01-2024,margarine,5198
1827,19-08-2025,newspapers,2417
1043,22-04-2024,,4438
1039,14-10-2025,bottled water,2299
1455,26-01-2025,beef,280
1318,30-03-2025,root vegetables,1305
1652,04-11-2025,brown bread,1045
1349,01-01-2025,canned beer,1817
2196,16-07-2024,jam,2283
1523,01-09-2024,  SUGAR,2398
1361,01-09-2025,root vegetables,762
1796,07-12-2024,canned beer,5348
1032,16-12-2024,curd,3332
1092,19-12-2025,creamer,2137
1924,03-08-2024,brown bread,1798
1107,28-03-2025,napkins,199
2136,17-02-2025,butter,4264
1994,09-01-2025,sausage,1082
1916,28-02-2024,margarine,2905
1906,30-01-2025,sausage,90
1085,13-03-2025,cheese,1703
1980,26-12-2024,canned beer,3851
1291,22-10-2025,canned beer,651
1798,12-10-2024,yogurt,2003
1559,24-06-2025,pastry,5489
1141,03-12-2024,newspapers,1172
1485,23-01-2025,margarine,305
2021,16-02-2024,frozen vegetables,5436
1568,14-08-2025,canned beer,2992
2079,08-11-2025,whole milk,2945
1535,17-09-2024,brown bread,1146
1995,14-12-2025,ice cream,4102
1557,16-04-2024,citrus fruit,4381
2057,27-10-2024,canned beer,4866
1860,01-03-2025,sugar,5668
1096,22-05-2025,bottled water,2364
1361,28-11-2024,yogurt,5853
1479,29-11-2025,citrus fruit,5468
1420,08-07-2025,  NEWSPAPERS,862
1986,30-09-2024,domestic eggs,2489
1403,31-01-2025,root vegetables,4997
1930,26-05-2024,bottled water,433
1619,14-08-2025,ice cream,5955
1291,05-07-2024,salty snack,4251
2171,17-12-2025,canned beer,25
1286,29-02-2024,margarine,5000
1296,29-03-2025,canned beer,531
1630,08-09-2024,domestic eggs,1024
1984,06-07-2024,tropical fruit,3242
1746,23-12-2025,pip fruit,1275
1560,10-11-2024,tropical fruit,5263
1315,25-09-2025,butter,3347
1664,09-07-2024,paper towels,640
1084,05-02-2024,curd,4019
1003,08-07-2025,root vegetables,4209
2056,02-10-2025,beef,5053
1107,12-08-2024,pastry,4298
1349,28-12-2025,chocolate,3475
2193,26-08-2025,frozen vegetables,2009
1670,26-01-2025,citrus fruit,5007
2193,07-03-2025,tropical fruit,947
1171,09-12-2025,root vegetables,5502
1084,24-04-2025,onions,5065
1867,29-01-2024,canned beer,4473
1947,11-08-2025,granola,740
1073,17-09-2024,granola,639
1232,30-08-2024,canned beer,5343
1068,28-02-2025,bottled water,820
1789,13-08-2025,hamburger meat,1850
1046,01-06-2024,sausage,4105
1270,06-04-2024,bananas,1868
1189,04-02-2025,tropical fruit,3722
2005,16-02-2024,white bread,1726
1034,20-05-2025,frozen vegetables,4719
2046,31-08-2025,margarine,4256
1493,11-10-2024,salsa,2454
1713,13-06-2025,ice cream,1852
1072,30-09-2024,bottled water,916
1743,28-11-2025,parmesan,5824
2062,26-03-2025,creamer,1023
1513,25-09-2024,paper towels,2197
2132,12-12-2024,granola,1964
1318,08-11-2025,jam,304
1372,31-05-2025,whole milk,3330
1574,18-01-2024,margarine,4144
1549,14-09-2024,whole milk,1507
1236,13-03-2024,curd,1520
1210,31-08-2025,curd,2372
2183,16-11-2024,salty snack,5470
2108,13-07-2025,,3589
1992,09-04-2024,hamburger meat,4670
2064,03-05-2024,tortillas,4175
1600,27-09-2024,crackers,1676
1724,27-10-2024,whole milk,3625
1343,06-02-2024,canned beer,4936
1832,25-07-2025,bottled water,5747
1671,14-10-2024,cereal,5928
1084,14-06-2024,soda,3202
1492,07-04-2024,yogurt,3104
1908,27-01-2025,newspapers,1066
1450,09-09-2025,soda,3442
2069,15-11-2025,canned beer,2695
1078,20-04-2024,newspapers,3620
1017,27-02-2025,newspapers,1349
1035,01-09-2024,canned beer,4698
1113,21-01-2024,newspapers,473
1350,27-05-2024,margarine,1777
2138,15-06-2025,shopping bags,4718
1067,21-09-2025,citrus fruit,3159
2195,24-08-2025,canned beer,2374
1573,26-11-2024,citrus fruit,4003
1399,24-11-2025,coffee,1700
2190,13-11-2024,salty snack,134
1463,16-02-2025,white bread,2667
1507,07-04-2024,canned beer,3991
1538,09-06-2025,citrus fruit,4769
1140,29-06-2024,frankfurter,3591
2142,30-03-2025,canned beer,1793
1374,22-06-2024,margarine,355
1748,14-06-2024,root vegetables,1362
2091,14-06-2024,whole milk,2361
1189,21-04-2025,citrus fruit,942
1859,01-03-2024,salsa,2791
1235,26-04-2025,cat food,374
1105,18-04-2025,paper towels,3463
1436,20-02-2025,root vegetables,2984
1268,17-06-2024,white bread,3827
1536,13-11-2025,frozen vegetables,3682
1988,26-04-2025,frankfurter,2881
1780,27-11-2024,curd,424
1378,22-07-2025,salty snack,3964
2149,10-03-2024,shopping bags,1148
1971,10-03-2024,canned beer,4240
1353,16-12-2024,ground beef,761
1499,01-12-2025,newspapers,3058
1930,04-04-2024,margarine,3042
1222,06-02-2025,frankfurter,4743
1649,04-03-2024,pastry,0
2010,24-06-2024,rolls/buns,5285
1400,28-05-2025,bottled water,5192
1309,15-12-2024,cat food,556
1098,13-04-2024,salty snack,1799
1516,09-10-2024,frozen vegetables,4899
1008,06-03-2024,granola,1277
1889,09-05-2024,sausage,4308
1027,12-07-2025,tropical fruit,450
1514,15-03-2025,napkins,3539
1766,21-04-2024,sausage,4592
1447,18-05-2024,coffee,3062
1504,23-06-2024,tomato sauce,5485
1871,26-03-2025,sausage,1674
1410,12-08-2025,newspapers,2769
1180,20-11-2024,bottled water,4068
1027,15-03-2025,margarine,3824
1209,05-05-2025,margarine,1509
2024,28-08-2024,frankfurter,1396
2105,08-07-2025,shopping bags,5731
1662,26-04-2025,frozen vegetables,4479
1884,10-12-2025,coffee,4874
1548,04-08-2024,margarine,4287
1589,15-06-2024,pip fruit,1618
1494,30-12-2025,white bread,3770
1738,17-10-2025,cat food,4149
1689,13-04-2024,pip fruit,5802
1700,28-11-2025,hamburger meat,643
1348,04-05-2025,newspapers,4267
1852,22-03-2025,margarine,1539
1732,12-05-2025,soda,1080
1379,20-08-2024,citrus fruit,3600
1754,03-04-2024,domestic eggs,4391
1436,08-07-2025,frankfurter,1582
1291,02-07-2025,curd,1953
2151,29-04-2024,brown bread,4279
2046,27-11-2025,beef,1332
1170,30-10-2025,yogurt,687
2034,29-05-2025,rolls/buns,4013
1071,06-10-2025,  SALSA,380
1354,30-10-2024,red wine,5859
1934,17-10-2025,margarine,2161
2197,07-08-2025,tortillas,896
2112,29-10-2025,cereal,1139
1401,21-06-2025,frozen vegetables,1063
1982,20-04-2024,tropical fruit,2400
1918,06-10-2024,tortillas,275
1846,04-12-2025,citrus fruit,3116
1210,08-02-2025,hamburger meat,4630
1146,15-02-2024,cat food,5244
1705,13-01-2024,citrus fruit,1804
1905,31-10-2024,pastry,3795
1429,12-11-2025,sugar,3836
2114,24-05-2024,salty snack,874
2137,30-08-2024,pastry,5545
1281,09-12-2024,bananas,5251
1476,24-05-2024,dish detergent,4294
1131,26-01-2025,cereal,1454
1621,05-01-2025,brown bread,3432
2058,21-12-2025,canned beer,3559
1168,15-11-2025,rolls/buns,2738
1118,18-02-2024,canned beer,5336
1708,16-03-2025,ice cream,2978
2079,12-11-2025,tortillas,4624
2107,06-02-2024,frozen vegetables,1679
1359,17-02-2024,root vegetables,906
2155,14-01-2025,pip fruit,4970
1161,25-01-2024,paper towels,4712
2125,06-08-2025,paper towels,5099
1444,18-09-2024,cheese,2771
1577,24-06-2024,red wine,4716
1214,16-07-2025,white bread,4461
2028,08-08-2025,curd,3577
1342,25-06-2024,  MARGARINE,2349
1658,21-11-2024,citrus fruit,4594
1234,10-10-2024,pastry,5912
2080,07-10-2025,chocolate,5683
1654,24-08-2024,curd,2157
1017,11-07-2024,brown bread,1558
1369,27-04-2025,cat food,2839
1733,05-05-2025,tomato sauce,4293
1741,27-08-2025,white bread,431
2073,03-09-2025,hamburger meat,4174
1656,11-02-2025,brown bread,1202
2036,25-05-2025,sausage,1747
1664,12-08-2024,cheese,83
1285,15-11-2024,root vegetables,3292
1103,11-12-2024,soda,5842
2107,03-10-2024,margarine,5733
1342,08-10-2025,canned beer,4992
1010,29-10-2025,canned beer,4796
1101,11-01-2024,salty snack,1463
1457,27-04-2025,chocolate,28
1210,14-04-2024,bottled water,5759
1820,03-10-2024,tropical fruit,1078
1712,22-06-2025,chocolate,3802
2138,19-07-2024,tropical fruit,5855
1071,17-05-2024,white bread,1175
1382,04-02-2025,white bread,4540
1418,17-07-2025,yogurt,4551
2145,13-10-2025,canned beer,3092
1627,21-05-2025,root vegetables,2325
1099,16-02-2025,cereal,2974
1119,10-02-2025,pasta,5214
1731,11-08-2025,bottled water,5051
1866,12-07-2024,pastry,4788
1047,20-02-2024,soda,262
2036,24-05-2024,sugar,1414
2069,11-02-2024,whole milk,3793
2066,19-09-2024,dish detergent,2
2068,08-07-2024,domestic eggs,2405
1823,20-07-2024,onions,2634
1646,07-03-2024,paper towels,5034
1250,16-03-2025,sausage,3485
1939,07-06-2024,newspapers,4072
2172,07-08-2024,coffee,5236
1903,11-10-2024,root vegetables,5803
1171,05-02-2025,paper towels,59
2006,27-03-2025,onions,1537
1208,16-03-2025,sausage,4935
1792,01-02-2025,tomato sauce,2930
1769,24-10-2024,whole milk,625
1871,06-12-2024,citrus fruit,737
1491,11-02-2025,brown bread,3987
1898,09-12-2024,tropical fruit,5620
1528,24-05-2024,bottled water,230
1238,29-11-2024,domestic eggs,3581
1531,31-01-2024,beef,201
1332,26-06-2024,napkins,1572
1251,25-08-2025,crackers,2262
2043,19-03-2024,margarine,2469
1349,28-12-2025,onions,3475
1376,01-01-2025,napkins,194
1792,14-04-2024,whole milk,160
1361,02-10-2025,,3325
1167,05-10-2024,whole milk,2385
1181,09-05-2025,butter,3458
2040,03-07-2025,canned beer,3017
1411,10-10-2024,canned beer,1327
2095,30-04-2024,tortillas,3666
1569,01-08-2025,margarine,8
1407,16-04-2025,bottled water,5963
1024,08-10-2024,margarine,3562
1662,15-08-2025,canned beer,1094
2061,04-07-2024,pastry,1053
1550,16-10-2024,salty snack,3135
2117,23-01-2024,newspapers,5437
1703,21-06-2024,pip fruit,2026
1437,30-09-2024,canned beer,3356
1574,01-02-2025,bananas,5052
1991,16-01-2024,canned beer,3679
1235,03-03-2024,cat food,2583
1316,27-09-2024,bottled water,1794
1302,27-07-2025,newspapers,2850
1436,31-03-2024,tomato sauce,4720
1682,04-05-2025,domestic eggs,5297
1598,18-08-2024,ketchup,4284
1192,21-09-2024,bottled water,4367
1513,17-12-2025,pastry,4235
1089,22-02-2024,cat food,2711
1403,09-12-2025,canned beer,212
1573,27-09-2024,canned beer,1311
1108,04-08-2025,tropical fruit,1304
1297,24-12-2025,parmesan,2438
2063,04-02-2024,paper towels,4493
1487,30-05-2024,frozen vegetables,1276
1599,15-05-2024,frozen vegetables,2383
1442,13-11-2024,whole milk,3719
1646,27-12-2025,salsa,2621
1347,05-12-2024,,5943
2062,31-03-2024,dish detergent,4767
1755,20-10-2024,newspapers,1754
1334,01-09-2024,butter,3785
2064,04-09-2025,butter,1243
1078,11-09-2024,citrus fruit,1533
1096,26-01-2024,root vegetables,1043
1495,08-11-2024,salsa,2792
1390,06-05-2025,canned beer,298
1639,01-04-2025,  MARGARINE,5884
1415,01-10-2025,salty snack,2094
2148,25-09-2025,margarine,2359
2038,12-01-2024,cat food,5198
2070,11-05-2025,curd,1109
1149,14-04-2025,sausage,471
1724,19-09-2024,root vegetables,1670
1631,20-08-2025,yogurt,1318
1154,09-03-2025,newspapers,4825
1493,05-02-2025,tropical fruit,1662
2065,13-06-2024,cheese,3781
1996,10-06-2024,cereal,2143
1094,23-03-2025,canned beer,3963
1488,11-10-2024,citrus fruit,4035
1252,19-03-2024,canned beer,2030
2151,25-09-2025,  YOGURT,3404
1062,28-01-2025,curd,4839
1646,22-01-2024,salty snack,1494
1190,19-03-2025,pip fruit,2626
1950,04-07-2024,cereal,3403
1875,02-07-2025,whole milk,1720
1573,27-09-2024,margarine,1311
1450,05-09-2024,beef,3390
1547,23-09-2025,root vegetables,2313
1245,28-04-2025,citrus fruit,1035
1587,27-10-2025,salty snack,5415
2063,31-10-2025,chips,5933
1783,15-03-2024,newspapers,3323
1308,25-08-2024,newspapers,4593
1511,12-05-2025,soda,646
1090,29-01-2024,domestic eggs,1461
1667,19-02-2025,whole milk,4260
1816,05-12-2024,frozen vegetables,1459
1147,18-01-2025,newspapers,4953
1517,22-12-2024,root vegetables,3147
1567,01-07-2025,margarine,3637
1183,28-06-2025,tomato sauce,2116
1536,28-06-2024,yogurt,1200
1723,21-03-2025,cat food,847
1969,18-07-2024,canned beer,4133
1645,22-05-2025,napkins,5537
1932,07-09-2025,brown bread,4514
1373,16-03-2024,sugar,1488
2062,02-07-2024,brown bread,3996
1636,14-04-2024,newspapers,1655
1358,05-10-2025,frozen vegetables,2241
1479,27-07-2024,cat food,5873
1085,03-02-2025,ketchup,5492
1395,01-05-2024,bottled water,1041
1417,19-09-2024,whole milk,1801
1812,17-09-2025,canned beer,2093
2149,10-03-2024,margarine,1148
1898,09-10-2025,brown bread,4135
1696,24-11-2024,margarine,4316
1527,31-01-2025,whole milk,1696
1929,19-09-2024,canned beer,597
1295,03-11-2025,soda,290
2172,02-10-2025,tortillas,3290
1787,14-08-2024,domestic eggs,3982
1203,04-04-2024,rolls/buns,2153
1783,15-03-2024,butter,3323
1393,07-07-2025,sausage,4506
1002,22-05-2024,rolls/buns,3415
2177,11-12-2024,white bread,3459
1708,18-12-2025,tropical fruit,809
2044,31-12-2024,beef,3681
1997,28-04-2025,margarine,2339
1260,08-03-2025,margarine,1254
1564,24-09-2025,domestic eggs,3872
1141,03-12-2024,curd,1172
1632,30-11-2025,domestic eggs,2632
1237,11-01-2025,domestic eggs,5763
1980,18-11-2025,bottled water,2773
2079,12-11-2025,  ROLLS/BUNS,4624
1023,19-11-2025,newspapers,198
2009,30-09-2024,domestic eggs,4629
1701,29-07-2025,rolls/buns,1428
1929,19-09-2024,  CANNED BEER,597
2039,01-05-2024,citrus fruit,1142
1872,25-08-2025,root vegetables,5132
2083,24-11-2025,white bread,2227
1723,23-11-2025,citrus fruit,980
1191,06-03-2024,newspapers,4480
1679,24-01-2025,canned beer,2813
1939,21-12-2025,chocolate,1191
1331,28-10-2025,frozen vegetables,3245
1252,22-05-2025,curd,1715
1614,16-10-2025,ground beef,5372
1585,04-08-2024,citrus fruit,2657
1619,24-01-2025,tropical fruit,2407
2195,08-02-2025,white bread,2341
1410,22-04-2024,salty snack,5964
1536,24-03-2025,citrus fruit,2589
1370,03-12-2025,canned beer,4850
1008,15-02-2024,whole milk,2246
1019,31-05-2025,tomato sauce,3215
1818,23-09-2024,canned beer,5549
1260,04-11-2025,citrus fruit,953
1612,05-06-2024,yogurt,100
1489,06-04-2024,yogurt,4722
1225,11-02-2025,cereal,5407
1034,20-05-2025,soda,4719
1046,17-12-2024,root vegetables,2142
1285,15-11-2024,paper towels,3292
1720,07-10-2025,sugar,1830
1633,12-12-2025,cheese,5737
1812,17-09-2025,salty snack,2093
1501,16-10-2025,newspapers,3427
1389,29-08-2024,citrus fruit,4620
1635,09-10-2024,  CAT FOOD,4328
1860,27-02-2024,whole milk,708
2154,28-12-2025,root vegetables,5562
1860,01-04-2025,chocolate,2185
1972,17-10-2025,bottled water,3087
1375,22-09-2024,salsa,2371
1256,28-10-2024,napkins,567
1778,08-09-2025,hamburger meat,1691
1463,05-08-2024,domestic eggs,4863
1217,16-12-2025,root vegetables,2337
1633,14-07-2024,tomato sauce,220
1709,26-12-2025,margarine,2424
1170,19-09-2024,margarine,2028
2154,26-05-2024,canned beer,1165
1057,24-07-2024,tropical fruit,2365
2100,12-10-2025,napkins,1157
1164,29-07-2025,canned beer,1313
1017,23-03-2025,  ROOT VEGETABLES,814
1515,14-02-2024,domestic eggs,4646
1860,14-04-2024,salty snack,2573
1025,29-04-2024,pastry,3921
1311,29-12-2024,soda,839
2020,09-12-2024,citrus fruit,3263
1765,06-03-2024,,4383
2069,15-11-2025,bottled water,2695
1346,18-06-2025,sausage,352
2023,13-10-2025,citrus fruit,468
1953,13-04-2024,sausage,4393
1872,31-05-2025,ketchup,2247
1194,17-03-2025,root vegetables,1570
1016,01-05-2024,bananas,2753
1263,07-10-2024,frankfurter,3994
1971,21-03-2025,tomato sauce,3107
1744,23-10-2024,domestic eggs,1056
1298,06-01-2024,white bread,1516
1286,17-07-2025,newspapers,445
1454,04-06-2025,margarine,3022
1115,12-10-2024,onions,3433
1344,14-07-2025,sausage,4909
1556,25-02-2024,root vegetables,1085
1965,12-09-2024,napkins,2169
1624,20-06-2025,diapers,5077
2072,04-11-2024,canned beer,670
1460,25-01-2025,soda,2894
1220,09-01-2024,margarine,3527
1882,12-10-2025,beef,3047
2094,16-09-2024,rolls/buns,4862
1951,18-03-2024,brown bread,1040
2048,21-04-2025,cat food,2409
1775,17-09-2024,chocolate,3109
1928,29-08-2024,tomato sauce,961
1209,16-08-2025,whole milk,3819
1128,06-10-2024,pip fruit,4901
2064,04-09-2025,root vegetables,1243
2077,30-12-2025,curd,5298
2079,13-08-2024,whole milk,3220
1175,30-03-2024,cereal,3434
1981,02-06-2025,domestic eggs,303
1438,11-02-2025,butter,1337
1801,03-08-2025,ground beef,4038
2179,01-08-2024,margarine,3277
1409,07-08-2025,crackers,1147
1896,27-12-2024,  CHOCOLATE,5780
1567,14-03-2024,napkins,66
1326,08-04-2024,,3743
1965,06-04-2025,citrus fruit,3176
1192,16-03-2024,curd,758
1574,01-04-2025,rolls/buns,1835
1547,10-07-2025,margarine,3594
1808,12-04-2025,crackers,390
1718,07-07-2024,newspapers,192
1687,26-08-2025,canned beer,3117
1808,12-04-2025,root vegetables,390
2061,04-07-2024,bananas,1053
1439,06-04-2024,shopping bags,1233
2008,18-09-2024,tomato sauce,2809
1386,04-09-2024,canned beer,5818
1374,11-07-2024,citrus fruit,3478
1559,27-07-2025,canned beer,5635
2001,12-10-2025,canned beer,4883
1963,03-03-2024,margarine,4083
1512,24-09-2024,canned beer,1404
1301,23-08-2025,pastry,2785
1725,24-10-2025,cereal,590
2172,27-05-2025,onions,1473
1777,14-06-2025,ketchup,5978
1850,23-03-2025,soda,5872
1101,02-10-2025,shopping bags,1210
2018,18-02-2024,,1939
1680,25-02-2024,tomato sauce,827
1778,11-05-2025,ground beef,4478
1586,09-11-2024,cereal,3426
1448,05-09-2025,newspapers,3413
2003,24-07-2024,canned beer,4622
1388,07-09-2025,sausage,4542
2190,27-07-2025,yogurt,4799
1849,16-12-2024,parmesan,3342
2134,18-10-2024,butter,187
1903,13-11-2024,whole milk,1104
2036,17-07-2024,dish detergent,4229
1398,23-10-2025,frozen vegetables,822
1995,09-05-2025,root vegetables,2868
1074,23-11-2024,  SAUSAGE,4755
2120,10-11-2025,margarine,1714
1565,02-07-2024,soda,5656
1811,20-04-2025,white bread,682
1431,19-09-2024,napkins,1006
1692,10-10-2024,white bread,4124
1299,10-05-2025,citrus fruit,4460
1882,08-01-2025,newspapers,4472
1876,12-10-2024,canned beer,2434
1370,03-12-2025,citrus fruit,4850
1194,13-12-2024,paper towels,5280
1607,04-08-2024,bottled water,1732
2117,10-04-2024,shopping bags,4781
2116,28-01-2024,root vegetables,4938
2029,18-09-2024,pip fruit,2540
1418,18-05-2024,pastry,2002
1952,21-01-2024,,4177
1897,09-05-2025,shopping bags,1737
2089,14-08-2025,tortillas,1915
1293,05-04-2025,white bread,251
1212,25-10-2025,root vegetables,4661
2057,21-03-2025,white bread,5288
1898,02-11-2024,frankfurter,3255
1906,21-10-2024,yogurt,515
1855,04-08-2025,brown bread,2935
1961,04-02-2024,tortillas,1438
1625,11-04-2024,citrus fruit,1778
1430,30-08-2025,beef,4404
1869,17-07-2025,canned beer,835
1031,15-09-2024,tortillas,4231
2179,26-06-2024,newspapers,2910
1989,11-05-2025,curd,1447
1852,09-10-2025,canned beer,377
2074,20-05-2025,canned beer,13
1122,18-01-2024,brown bread,4879
1599,09-11-2025,rolls/buns,4578
1314,12-06-2025,root vegetables,5973
2028,22-06-2025,frozen vegetables,2345
1531,07-11-2025,salty snack,884
1742,27-06-2025,soda,4230
1622,14-10-2025,frankfurter,750
1498,25-04-2024,newspapers,5721
1549,03-12-2025,root vegetables,1240
2033,04-08-2025,pastry,3278
1741,08-04-2025,whole milk,475
1531,04-06-2025,white bread,2904
1579,01-05-2024,citrus fruit,2694
1642,14-04-2025,canned beer,3557
1778,11-05-2025,newspapers,4478
1830,14-03-2024,whole milk,2233
1255,10-12-2025,margarine,3951
1257,29-03-2024,curd,5658
1073,24-07-2025,canned beer,1296
1711,13-04-2024,tropical fruit,57
1318,30-03-2025,citrus fruit,1305
1684,22-01-2025,margarine,3958
1086,08-05-2024,whole milk,1113
1734,10-08-2025,newspapers,3097
1103,11-12-2024,margarine,5842
1997,17-02-2025,citrus fruit,2226
1724,27-10-2024,root vegetables,3625
1748,20-10-2024,cheese,1529
2185,30-06-2025,root vegetables,5624
2112,25-06-2025,newspapers,271
1344,25-11-2025,root vegetables,1784
1419,02-10-2024,pastry,2248
2132,18-04-2024,bottled water,2376
1784,23-05-2024,frankfurter,844
1809,11-02-2025,yogurt,2613
1705,04-08-2024,citrus fruit,4115
1751,28-10-2025,root vegetables,4920
1140,10-06-2024,chocolate,2223
2133,22-11-2024,chocolate,5530
2133,28-10-2024,newspapers,45
2192,26-08-2025,red wine,3642
1992,23-10-2024,root vegetables,4956
1515,20-01-2024,pastry,4976
1010,02-09-2024,root vegetables,5185
1560,10-11-2024,pip fruit,5263
1924,06-05-2024,margarine,5335
1726,11-10-2025,newspapers,4625
1357,22-01-2024,crackers,4254
1536,23-12-2024,margarine,4342
1854,26-07-2024,canned beer,2198
1178,06-03-2025,tortillas,2318
1685,13-04-2024,canned beer,3660
1686,25-12-2025,citrus fruit,2728
1891,15-10-2024,frankfurter,1663
1269,06-01-2024,margarine,2709
1407,03-07-2025,bottled water,4541
1820,21-12-2025,pastry,334
1961,20-05-2024,newspapers,5500
1857,18-05-2024,canned beer,3616
1551,11-10-2024,frankfurter,3934
1457,27-04-2025,creamer,28
1006,06-07-2024,citrus fruit,3887
1205,29-05-2025,onions,2401
1512,07-04-2025,newspapers,3320
1509,02-12-2025,tropical fruit,5773
1280,02-03-2024,root vegetables,3808
2035,16-08-2024,bottled water,2982
1043,22-04-2024,white bread,4438
1233,19-09-2024,yogurt,5157
2067,12-07-2024,margarine,5602
1349,02-03-2024,cereal,2603
1653,10-05-2024,salty snack,3494
1489,13-10-2025,domestic eggs,5203
1725,16-12-2024,margarine,3173
1908,10-12-2024,jam,882
1347,17-10-2025,shopping bags,5277
1481,09-02-2025,margarine,4445
1055,02-04-2025,chocolate,751
2057,30-10-2024,margarine,1400
1163,28-11-2024,citrus fruit,5404
1389,26-04-2025,shopping bags,3551
2020,30-03-2024,bananas,3357
1013,06-07-2025,crackers,5363
1254,08-12-2024,domestic eggs,5745
1043,17-03-2024,ice cream,415
1649,02-09-2024,margarine,1704
1155,25-05-2024,newspapers,1896
1834,11-02-2025,root vegetables,384
1676,03-04-2025,newspapers,109
1507,20-04-2025,white bread,2563
1527,19-04-2025,brown bread,1215
1025,29-04-2024,ground beef,3921
1869,17-10-2024,white bread,1345
1096,22-05-2025,rolls/buns,2364
1050,21-05-2024,canned beer,4330
1301,18-07-2024,whole milk,521
2063,04-02-2024,brown bread,4493
1681,01-09-2024,citrus fruit,162
1494,16-02-2025,pastry,4778
1282,06-08-2024,  BOTTLED WATER,88
1294,14-11-2024,shopping bags,4807
1871,25-10-2024,pastry,5209
1279,05-10-2024,newspapers,4277
2137,29-04-2024,coffee,4064
1851,17-03-2025,root vegetables,801
1491,04-05-2024,crackers,5664
1065,08-02-2024,pip fruit,2968
1952,12-11-2025,salsa,1781
1940,12-01-2024,bottled water,5464
1329,07-11-2025,cheese,3813
1220,17-12-2025,citrus fruit,5816
1336,20-03-2025,pasta,5125
2098,03-05-2024,tortillas,714
1349,11-01-2025,salsa,4791
2081,09-12-2025,rolls/buns,5672
1034,09-03-2024,whole milk,1204
1733,05-05-2025,butter,4293
1828,06-06-2024,newspapers,5632
1357,15-03-2025,root vegetables,609
2190,27-07-2025,root vegetables,4799
1311,24-08-2024,tomato sauce,3636
1027,01-03-2025,pip fruit,3956
1163,31-12-2024,pastry,2609
2033,24-02-2025,bottled water,2777
1116,20-03-2025,frozen vegetables,5424
1533,09-10-2024,parmesan,287
1403,31-01-2025,sugar,4997
1558,18-06-2025,beef,2017
1073,17-12-2024,salsa,3740
1842,27-09-2025,rolls/buns,1208
1744,23-10-2024,sausage,1056
1753,24-11-2024,cheese,4955
2078,08-02-2025,citrus fruit,3108
1389,01-09-2025,pip fruit,5253
2026,09-06-2025,pastry,4185
1015,03-01-2025,rolls/buns,5435
1468,07-06-2024,crackers,5965
1427,12-12-2025,margarine,4590
1436,31-03-2024,margarine,4720
1724,27-10-2024,citrus fruit,3625
1376,15-05-2025,bottled water,2915
1096,24-05-2024,pip fruit,5774
1260,16-04-2024,frozen vegetables,168
1684,28-07-2025,margarine,2482
1668,22-03-2025,whole milk,2763
1249,12-12-2024,margarine,4327
1911,29-11-2024,white bread,3308
1312,15-12-2024,canned beer,1079
1972,17-10-2025,  WHOLE MILK,3087
1972,23-10-2024,paper towels,5039
1467,22-06-2024,sausage,3414
1102,24-11-2024,citrus fruit,3817
1630,03-10-2024,  SHOPPING BAGS,4462
2142,17-08-2024,yogurt,1888
1115,21-02-2024,hamburger meat,5611
1256,28-10-2024,jam,567
1276,29-08-2024,pastry,2059
1452,12-09-2024,canned beer,587
2093,23-01-2025,root vegetables,1338
1854,21-05-2025,pip fruit,3854
1390,06-05-2025,pastry,298
1675,12-03-2025,pasta,2119
1769,22-11-2025,canned beer,1666
1359,09-09-2024,whole milk,4419
1861,11-06-2025,curd,5637
1959,23-09-2024,pastry,2001
1435,18-11-2025,dish detergent,1014
1798,12-10-2024,ketchup,2003
2017,17-12-2025,frankfurter,5947
2025,27-07-2024,tortillas,2987
1058,03-12-2025,soda,1232
1762,17-04-2024,shopping bags,5811
1769,05-11-2025,root vegetables,2678
1373,21-04-2024,margarine,2951
1872,17-10-2025,bottled water,5454
1689,12-04-2025,margarine,3506
1325,01-04-2024,canned beer,3916
1064,07-11-2025,frankfurter,310
1436,20-02-2025,tropical fruit,2984
1442,13-11-2024,citrus fruit,3719
1496,04-10-2025,white bread,1805
1034,18-11-2025,white bread,962
2085,15-08-2025,pastry,3212
1909,19-02-2025,salty snack,5495
1603,01-08-2025,red wine,4405
1814,09-04-2025,shopping bags,5619
1535,25-01-2024,bottled water,5178
1096,29-05-2024,frozen vegetables,2284
1650,05-05-2024,tropical fruit,3067
1522,01-09-2025,whole milk,2488
1364,22-07-2024,chocolate,2179
1891,09-08-2024,margarine,3617
1854,29-07-2024,frozen vegetables,5727
1731,10-08-2024,canned beer,5356
1931,19-03-2025,sugar,5455
1716,27-06-2024,red wine,4962
1435,20-08-2025,brown bread,4196
1622,14-10-2025,salty snack,750
2182,17-12-2024,napkins,4676
1263,02-03-2024,rolls/buns,4981
1277,07-04-2025,beef,5025
1024,08-10-2024,curd,3562
1163,31-12-2024,frankfurter,2609
2111,30-09-2025,beef,3974
1307,07-01-2025,canned beer,11
1458,11-09-2024,frankfurter,1128
1202,27-03-2025,white bread,4092
1882,08-08-2025,hamburger meat,5807
1375,27-08-2025,margarine,2217
1223,17-12-2025,newspapers,2943
1486,12-05-2024,root vegetables,2865
1145,11-10-2024,  MARGARINE,82
1834,15-10-2024,citrus fruit,4784
2011,09-12-2024,parmesan,943
1103,01-02-2025,canned beer,4474
1036,07-01-2025,citrus fruit,1651
1639,01-04-2025,beef,5884
1754,24-06-2025,yogurt,3713
2036,24-05-2024,newspapers,1414
1828,06-06-2024,margarine,5632
1636,02-12-2025,yogurt,1600
1948,02-12-2024,tomato sauce,2378
1635,28-10-2024,ketchup,4567
1131,07-01-2025,frozen vegetables,3424
1168,15-02-2025,canned beer,1682
1299,09-01-2025,bananas,5381
2115,21-11-2025,bottled water,2121
1024,11-06-2024,soda,1231
1142,28-05-2025,newspapers,1222
1887,30-08-2025,canned beer,2277
1613,26-10-2025,domestic eggs,5122
1261,20-01-2024,canned beer,1290
2151,03-12-2024,dish detergent,1088
2073,21-03-2024,yogurt,4
1216,13-02-2024,citrus fruit,359
1743,12-01-2024,margarine,216
2188,08-12-2025,margarine,3101
1396,19-01-2025,jam,1110
1440,21-09-2025,whole milk,5744
1347,30-10-2024,yogurt,1972
1104,22-04-2024,soda,3628
1318,24-04-2024,red wine,3045
1776,09-08-2025,canned beer,5359
2129,19-05-2025,bottled water,2268
2041,18-05-2024,rolls/buns,1912
2036,24-05-2024,coffee,1414
1978,29-12-2025,diapers,3765
1354,05-06-2024,newspapers,1814
1825,31-05-2024,hamburger meat,2440
1565,30-05-2024,beef,3314
1975,12-09-2025,soda,2515
1165,27-02-2025,canned beer,4180
2161,20-07-2024,margarine,951
1242,13-06-2025,margarine,2458
1778,05-12-2025,root vegetables,2993
1944,19-08-2025,frankfurter,2575
1664,12-08-2024,curd,83
1975,09-11-2025,bananas,2843
1850,23-03-2025,whole milk,5872
1863,02-10-2024,pastry,3389
1995,01-11-2025,pastry,1846
1159,05-12-2024,rolls/buns,3863
1615,03-02-2025,soda,535
1236,27-08-2025,canned beer,1310
1865,12-07-2024,chips,4171
1045,05-11-2024,margarine,800
2181,07-03-2024,ice cream,5330
1726,10-10-2025,white bread,1073
1716,09-01-2024,bananas,211
1505,24-07-2024,cheese,4928
1385,23-07-2024,cat food,856
2061,04-07-2024,tropical fruit,1053
1456,15-11-2024,salty snack,4253
1179,06-11-2025,canned beer,4877
1625,19-11-2025,canned beer,2261
1316,24-04-2024,frankfurter,4108
2039,01-05-2024,margarine,1142
1357,15-03-2025,margarine,609
1316,27-09-2024,sausage,1794
1353,15-02-2025,canned beer,5370
1217,16-12-2025,soda,2337
2140,21-11-2024,frozen vegetables,3771
1531,13-02-2025,dish detergent,3490
1277,30-04-2025,pasta,517
2177,19-05-2024,root vegetables,1680
1582,15-03-2025,root vegetables,2841
2160,26-08-2025,sausage,4278
1933,23-04-2024,bottled water,5496
1199,30-09-2025,canned beer,4024
1193,27-09-2024,canned beer,10
1235,03-11-2025,frankfurter,369
2049,06-09-2024,paper towels,4700
1276,26-03-2024,white bread,2708
1836,06-04-2025,canned beer,5868
2083,15-04-2024,bananas,2687
1603,20-02-2024,ground beef,2118
1730,25-10-2025,domestic eggs,1309
1075,04-06-2024,citrus fruit,3890
1639,01-04-2025,frankfurter,5884
1483,30-12-2024,margarine,2020
1416,07-07-2024,whole milk,3454
2015,10-08-2024,napkins,1920
2011,17-03-2025,granola,1308
1902,03-12-2024,frozen vegetables,2199
1865,12-07-2024,soda,4171
1526,08-07-2024,sugar,4647
1136,08-12-2025,margarine,4944
1816,15-06-2025,citrus fruit,2765
1649,26-07-2024,newspapers,2582
1469,13-11-2024,margarine,4688
2078,26-05-2024,chocolate,2450
1086,08-05-2024,onions,1113
1666,22-03-2025,white bread,4054
1955,21-10-2024,  ROOT VEGETABLES,661
1790,04-08-2024,margarine,2639
1722,02-08-2024,soda,704
1154,13-02-2024,shopping bags,1055
1664,09-07-2024,pip fruit,640
1822,13-05-2024,white bread,1480
1577,17-07-2024,cat food,4710
2128,20-12-2025,chips,2494
2012,12-09-2025,parmesan,1012
2075,07-01-2024,newspapers,3456
1693,23-10-2025,newspapers,1881
1189,21-04-2025,curd,942
1395,26-09-2025,curd,672
1247,05-10-2024,onions,929
1164,13-08-2024,sausage,4961
1842,12-10-2025,sugar,1367
2193,07-03-2025,newspapers,947
1144,02-05-2024,margarine,2317
1940,12-01-2024,frankfurter,5464
1988,04-07-2024,ice cream,309
1843,05-06-2024,sausage,3250
1505,16-06-2024,cereal,1256
1177,24-06-2025,cereal,3032
1067,13-10-2024,rolls/buns,5324
1965,10-01-2025,root vegetables,3491
1511,12-05-2025,bottled water,646
1769,22-11-2025,citrus fruit,1666
1809,22-11-2025,hamburger meat,4855
1548,20-02-2025,margarine,5133
1718,14-03-2024,creamer,659
2191,15-06-2025,newspapers,3429
1536,28-06-2024,granola,1200
1262,27-07-2024,soda,2393
1296,18-11-2024,coffee,1621
1805,13-11-2025,cereal,5219
1294,14-11-2024,yogurt,4807
1562,12-01-2025,salty snack,3523
2133,18-11-2025,salsa,4837
1969,31-07-2025,coffee,5018
1733,05-05-2025,frozen vegetables,4293
2110,02-12-2024,margarine,5252
2153,05-02-2025,newspapers,4942
2057,05-05-2024,tropical fruit,4805
1532,29-04-2025,canned beer,3962
1597,25-11-2024,onions,3799
1242,26-07-2024,bottled water,3865
1309,06-02-2024,root vegetables,2789
1641,30-11-2025,sausage,5862
1849,16-12-2024,curd,3342
1463,19-01-2025,citrus fruit,4665
2090,14-03-2025,canned beer,3283
1918,06-10-2024,margarine,275
1783,20-03-2025,tortillas,4084
1311,29-12-2024,brown bread,839
2149,10-01-2024,whole milk,286
1673,06-11-2024,rolls/buns,1479
2035,21-11-2025,margarine,724
1627,23-12-2025,margarine,3000
1792,14-07-2025,canned beer,3167
1599,16-02-2025,salsa,2656
1474,30-07-2025,margarine,2018
1198,05-11-2025,margarine,3811
1188,20-10-2024,canned beer,2533
1554,08-11-2025,root vegetables,4913
2182,09-02-2025,pip fruit,5795
1862,21-07-2024,frozen vegetables,2007
1320,12-04-2024,brown bread,4760
1703,21-06-2024,frankfurter,2026
1409,07-08-2025,red wine,1147
1456,15-11-2024,canned beer,4253
2006,27-03-2025,  ROOT VEGETABLES,1537
1105,15-05-2024,domestic eggs,2740
2002,29-04-2024,root vegetables,5543
1070,20-10-2024,root vegetables,434
2021,22-10-2024,citrus fruit,5710
2072,11-04-2024,margarine,1975
1850,16-06-2024,newspapers,4219
1507,09-11-2025,salsa,3106
1527,26-11-2025,ice cream,5596
1378,15-07-2025,bananas,114
1292,19-04-2024,domestic eggs,254
2126,02-11-2025,tropical fruit,3072
1974,28-02-2024,cereal,2155
1289,29-01-2025,coffee,1808
1342,11-05-2024,beef,624
1140,23-07-2024,whole milk,3367
1468,07-06-2024,red wine,5965
1942,18-02-2024,margarine,3078
1953,11-11-2025,margarine,1976
2143,06-02-2024,tropical fruit,2689
1090,19-02-2025,root vegetables,4748
2150,25-11-2024,newspapers,1319
1174,30-06-2024,canned beer,4934
1085,29-08-2024,sausage,5888
2019,12-07-2024,tropical fruit,5804
1819,24-12-2025,bottled water,3998
1298,06-01-2024,sugar,1516
2143,03-04-2024,newspapers,3246
1331,28-10-2025,frankfurter,3245
1357,23-08-2024,canned beer,2820
1844,24-02-2024,beef,3423
1492,07-04-2024,citrus fruit,3104
1522,25-02-2025,rolls/buns,4426
1799,29-12-2025,citrus fruit,1434
2175,21-04-2025,chocolate,4557
1778,11-05-2025,salsa,4478
1717,15-09-2025,margarine,2790
1665,15-07-2024,margarine,1358
1507,20-04-2025,canned beer,2563
1653,25-02-2024,margarine,1150
1946,21-08-2025,granola,2581
2191,15-06-2025,ground beef,3429
1627,31-03-2025,salsa,5163
1684,05-04-2024,brown bread,5563
1320,11-05-2024,diapers,1096
1094,25-06-2024,canned beer,4616
1637,06-06-2025,root vegetables,4271
1516,06-04-2024,white bread,1649
2051,22-06-2025,chocolate,4903
2112,22-04-2025,cheese,5206
1635,26-11-2025,margarine,4695
1947,15-07-2025,canned beer,4252
2098,15-11-2025,white bread,5949
1891,06-06-2025,frankfurter,367
1006,09-07-2024,curd,4141
1462,08-04-2024,citrus fruit,5825
1986,18-05-2024,granola,5016
1146,06-12-2024,tropical fruit,116
1792,14-07-2025,frozen vegetables,3167
1584,29-04-2025,cat food,2035
1140,23-07-2024,newspapers,3367
1596,27-07-2025,rolls/buns,3440
1963,16-07-2025,brown bread,2903
1691,17-01-2025,newspapers,65
1328,14-03-2025,tropical fruit,4433
1015,09-05-2025,chocolate,3723
1004,04-06-2024,pastry,2014
1869,24-01-2024,newspapers,5130
1424,22-02-2025,bottled water,908
1950,17-03-2024,canned beer,2275
1906,07-10-2025,frankfurter,2724
1142,08-01-2025,frankfurter,2414
1128,07-09-2024,onions,5369
1333,18-01-2025,citrus fruit,648
1599,07-08-2024,canned beer,29
1744,25-09-2024,onions,2526
2147,02-03-2025,whole milk,1442
1081,06-05-2024,canned beer,5457
1202,15-10-2025,hamburger meat,602
1159,05-12-2024,white bread,3863
1051,26-05-2024,butter,3511
1496,15-03-2025,root vegetables,5380
1901,11-01-2025,crackers,4627
1024,16-02-2025,frozen vegetables,321
1944,10-07-2024,tortillas,5950
1024,15-11-2025,white bread,4345
1086,23-09-2024,newspapers,2049
2006,27-03-2025,shopping bags,1537
1857,04-08-2025,tortillas,3134
1288,11-01-2024,newspapers,2334
1864,17-09-2025,dish detergent,658
1084,14-06-2024,salsa,3202
1860,17-01-2024,citrus fruit,2266
1963,21-08-2025,tropical fruit,1510
1189,03-10-2025,canned beer,240
1955,28-02-2025,canned beer,757
1562,22-04-2024,domestic eggs,1213
1778,05-12-2025,whole milk,2993
1716,15-05-2025,whole milk,4555
1189,25-09-2024,onions,4032
1176,25-12-2025,domestic eggs,2293
1041,29-03-2024,crackers,905
1470,25-02-2025,margarine,3684
1382,18-12-2024,shopping bags,5854
1620,08-06-2025,root vegetables,5876
1958,28-02-2025,curd,767
1085,03-02-2025,hamburger meat,5492
1254,08-12-2024,margarine,5745
1276,17-04-2025,rolls/buns,30
2062,20-01-2024,sausage,146
1225,11-02-2025,bottled water,5407
1739,09-06-2025,onions,2977
1065,17-10-2024,citrus fruit,5448
1195,17-01-2025,frankfurter,3960
1324,16-07-2024,canned beer,2249
2025,19-11-2024,frozen vegetables,2759
1499,01-12-2025,parmesan,3058
1641,03-02-2024,canned beer,1625
1158,05-10-2025,domestic eggs,5469
1842,08-03-2025,domestic eggs,3855
2037,03-04-2025,paper towels,1363
1561,02-11-2025,canned beer,5433
2018,06-06-2025,jam,5845
1967,01-07-2025,root vegetables,443
1856,31-08-2025,frankfurter,5102
1525,21-02-2025,pastry,2230
1512,25-01-2024,onions,98
1850,01-04-2024,cat food,2742
1983,08-08-2025,chips,5789
1483,24-07-2024,frankfurter,2956
1959,05-10-2025,canned beer,3910
1493,05-02-2025,margarine,1662
1072,30-09-2024,cereal,916
1150,19-12-2024,canned beer,2741
1493,06-11-2025,ice cream,3940
2091,12-04-2025,coffee,5954
1192,22-09-2025,shopping bags,3784
1598,13-09-2024,whole milk,968
2106,26-03-2024,white bread,2201
1293,28-04-2024,canned beer,649
1539,15-01-2024,whole milk,3230
1558,01-06-2024,butter,2861
1655,26-10-2024,margarine,3969
1658,19-08-2024,citrus fruit,1322
1553,15-04-2025,salsa,1125
1618,04-08-2025,white bread,667
1538,09-06-2025,white bread,4769
1395,04-04-2024,pip fruit,2132
1797,14-01-2024,chips,3430
2061,29-09-2024,white bread,19
1513,25-09-2024,diapers,2197
1639,01-04-2025,margarine,5884
1209,20-04-2025,bottled water,5062
1173,28-05-2024,canned beer,268
1333,20-11-2025,whole milk,2190
1480,26-10-2024,margarine,601
1741,12-01-2024,frankfurter,2957
1184,20-04-2024,tortillas,85
1200,30-09-2025,root vegetables,2016
1360,24-10-2025,canned beer,5701
1288,11-04-2025,salty snack,3441
1742,24-12-2025,salsa,214
1609,26-01-2025,whole milk,4040
1936,28-03-2025,napkins,3736
1869,10-05-2024,frankfurter,4042
1576,11-09-2024,tropical fruit,2000
1304,13-10-2025,root vegetables,1535
1614,16-10-2025,ice cream,5372
1518,30-11-2025,  CAT FOOD,5375
2054,15-04-2024,red wine,1031
1008,03-03-2024,canned beer,1711
1436,15-05-2025,cat food,2279
2075,11-03-2024,salty snack,4531
1034,20-05-2025,bananas,4719
1101,15-12-2025,pip fruit,3474
1795,23-03-2024,tortillas,2084
1089,04-01-2024,brown bread,4026
1151,15-08-2025,  CANNED BEER,5597
1117,16-11-2024,frankfurter,4402
1631,13-01-2025,canned beer,3893
2107,03-10-2024,  CEREAL,5733
1255,10-12-2025,whole milk,3951
1868,05-07-2024,rolls/buns,4020
1135,07-06-2024,napkins,4917
2096,25-10-2024,margarine,3495
1852,25-01-2024,root vegetables,2619
2094,16-09-2024,canned beer,4862
1141,09-02-2024,whole milk,1034
1055,14-05-2025,chocolate,3223
1730,25-10-2025,  SAUSAGE,1309
1269,06-01-2024,red wine,2709
1704,04-08-2025,newspapers,3518
1530,07-06-2025,pastry,5149
1830,29-06-2025,bottled water,1634
1275,01-06-2024,citrus fruit,2258
2028,08-08-2025,beef,3577
1886,12-10-2025,bottled water,5382
1576,18-01-2024,margarine,1879
1864,16-03-2025,margarine,5719
1782,24-02-2025,canned beer,3115
1571,04-02-2024,curd,5079
1250,18-10-2025,pip fruit,3621
1837,20-12-2024,curd,1922
1610,08-05-2025,paper towels,787
1561,28-04-2024,coffee,4128
1199,18-10-2025,margarine,2478
1483,13-06-2025,ground beef,3837
1905,26-11-2025,coffee,889
1082,18-12-2024,salsa,5682
1326,11-04-2024,root vegetables,5938
1347,07-09-2024,canned beer,2745
1952,14-09-2025,chips,5331
1944,25-03-2025,canned beer,2653
1748,01-08-2025,shopping bags,2051
1487,07-11-2024,tortillas,2571
1864,17-09-2025,cereal,658
1771,21-06-2025,citrus fruit,4007
1230,21-11-2024,margarine,978
1128,25-08-2025,citrus fruit,1595
1797,10-10-2025,root vegetables,3138
1328,25-07-2025,yogurt,3894
1345,22-10-2025,margarine,883
1352,11-03-2025,canned beer,5742
1897,21-06-2024,onions,1321
2179,26-06-2024,ground beef,2910
1356,11-06-2025,crackers,4194
1502,03-03-2025,dish detergent,1831
1903,13-07-2024,root vegetables,715
1694,15-05-2024,canned beer,322
1841,19-02-2025,domestic eggs,5306
1806,06-09-2024,white bread,4241
1226,02-06-2025,chocolate,1803
1103,01-02-2025,root vegetables,4474
1634,01-08-2024,canned beer,678
1671,20-08-2024,tropical fruit,397
1462,08-04-2024,root vegetables,5825
1849,15-10-2024,frankfurter,2270
1734,10-08-2025,paper towels,3097
1050,14-01-2025,canned beer,780
1530,23-01-2024,margarine,4969
1890,13-08-2025,domestic eggs,3517
1320,11-05-2024,newspapers,1096
2017,13-10-2025,parmesan,81
1015,09-05-2025,newspapers,3723
1022,10-12-2024,white bread,1946
1857,18-05-2024,chocolate,3616
1430,10-01-2025,citrus fruit,5666
1391,15-07-2025,pip fruit,2493
1027,18-09-2025,canned beer,3174
1964,25-06-2024,canned beer,347
1159,22-07-2025,domestic eggs,836
1696,25-07-2024,canned beer,4161
2119,02-11-2024,newspapers,5670
1487,08-07-2025,margarine,4244
1404,13-02-2025,tropical fruit,5276
1223,02-08-2024,soda,5699
1233,25-09-2024,canned beer,2259
1451,11-09-2025,root vegetables,87
1930,15-01-2025,margarine,829
1004,25-06-2024,cat food,673
1952,21-01-2024,frozen vegetables,4177
1024,08-07-2025,sausage,2645
1388,28-02-2025,root vegetables,2300
1356,31-10-2024,pastry,5856
1264,31-08-2024,chocolate,4006
2115,30-07-2024,tropical fruit,5879
2130,14-11-2024,newspapers,3315
1593,05-07-2024,chocolate,5598
1204,01-10-2024,whole milk,5218
2178,09-03-2024,domestic eggs,2988
1347,07-09-2024,ketchup,2745
1324,18-01-2025,soda,463
1432,30-11-2025,canned beer,4818
1096,29-05-2024,red wine,2284
2048,12-04-2025,frankfurter,2913
1430,22-05-2025,cat food,1734
1610,19-05-2025,curd,2251
1681,04-09-2024,shopping bags,3534
1964,25-06-2024,margarine,347
1200,30-09-2025,pastry,2016
1778,17-05-2025,ground beef,1433
1096,24-05-2024,chocolate,5774
1471,30-08-2024,soda,3624
1714,07-11-2024,canned beer,4937
2032,14-04-2025,canned beer,4871
2027,12-01-2025,white bread,408
1873,01-08-2024,rolls/buns,1059
2124,02-02-2024,root vegetables,425
1264,06-12-2025,white bread,5998
1078,09-07-2025,cereal,5527
2000,30-12-2025,bottled water,2698
1401,21-11-2024,dish detergent,1368
1549,22-02-2025,margarine,4978
1499,16-04-2024,napkins,24
1311,18-11-2024,root vegetables,2344
1055,03-09-2024,ice cream,2761
1577,24-06-2024,cheese,4716
1812,01-07-2024,canned beer,5837
1381,25-08-2025,canned beer,3231
2189,13-12-2025,margarine,3902
1456,05-08-2025,newspapers,4930
2181,06-01-2025,whole milk,4457
1781,15-11-2025,margarine,462
1538,17-12-2024,canned beer,4948
1109,24-08-2025,dish detergent,91
2005,10-11-2025,tortillas,1245
1191,19-02-2024,newspapers,3659
1082,13-01-2025,frankfurter,3339
1754,03-04-2024,white bread,4391
1504,31-03-2024,hamburger meat,1379
1048,07-01-2025,bottled water,3453
1860,17-01-2024,canned beer,2266
1111,09-05-2024,margarine,2967
1510,27-03-2024,ketchup,4533
1657,09-12-2024,brown bread,1198
1872,17-07-2024,newspapers,3338
1637,28-06-2024,citrus fruit,3233
1906,18-08-2024,sausage,1604
1409,17-01-2025,canned beer,2570
1421,03-12-2024,domestic eggs,693
1872,06-11-2025,napkins,4123
1131,26-01-2025,canned beer,1454
1329,16-10-2024,coffee,5715
2068,24-08-2024,frankfurter,5183
1101,15-12-2025,sausage,3474
1017,23-03-2025,cereal,814
1134,23-04-2024,parmesan,1927
1463,16-02-2025,butter,2667
2090,02-09-2025,sausage,1832
2162,19-06-2025,canned beer,2900
1731,31-05-2024,curd,824
2108,13-07-2025,canned beer,3589
1568,19-11-2024,rolls/buns,1455
1101,02-10-2025,canned beer,1210
1614,15-07-2025,curd,842
2089,14-08-2025,ground beef,1915
1393,21-05-2025,paper towels,685
1836,04-12-2024,napkins,3729
2171,01-01-2025,bottled water,5528
1906,03-05-2024,sugar,729
1845,30-05-2024,frozen vegetables,4864
1702,16-08-2025,parmesan,3103
1257,29-03-2024,canned beer,5658
1376,10-03-2025,pip fruit,4809
1829,18-04-2025,chips,1822
1793,04-03-2024,ketchup,5419
1159,05-08-2024,curd,2916
1798,23-08-2024,  CITRUS FRUIT,1374
1331,25-11-2025,margarine,4943
1992,23-10-2024,whole milk,4956
1834,13-06-2025,frankfurter,413
1057,21-03-2024,whole milk,4682
1321,05-03-2025,margarine,1460
2119,30-11-2024,newspapers,1394
1749,20-12-2025,root vegetables,5458
1820,28-04-2025,pasta,1949
1193,23-05-2024,cat food,5388
1868,05-07-2024,cereal,4020
2174,11-11-2024,yogurt,1718
1010,27-11-2024,canned beer,1802
1631,04-05-2025,canned beer,2272
1897,21-06-2024,canned beer,1321
1187,19-01-2024,butter,2403
1920,08-11-2025,root vegetables,5170
1107,14-10-2025,granola,1071
1293,26-09-2025,root vegetables,3806
1744,23-10-2024,newspapers,1056
2180,08-06-2024,soda,972
2194,29-11-2024,citrus fruit,1286
1811,23-09-2025,sugar,378
1813,31-03-2025,tropical fruit,5754
1106,22-03-2025,white bread,3814
2135,29-08-2025,citrus fruit,2834
1865,12-07-2024,granola,4171
1392,09-11-2025,pip fruit,481
1089,14-06-2025,margarine,301
1791,28-10-2024,canned beer,5428
1192,20-08-2025,coffee,314
1166,26-06-2025,beef,1452
1511,12-05-2025,onions,646
1815,17-02-2025,pastry,155
1500,12-12-2024,canned beer,997
1766,25-11-2024,pastry,4983
1554,22-09-2024,pastry,1644
1155,04-11-2024,frankfurter,1039
1593,14-02-2025,salty snack,1377
1079,26-12-2025,margarine,2793
1558,18-06-2025,paper towels,2017
1919,27-02-2024,white bread,3383
1956,17-07-2024,frankfurter,3293
1247,14-08-2024,ice cream,1919
1680,06-07-2024,granola,2875
1281,19-12-2024,whole milk,4212
1636,14-08-2024,yogurt,103
1564,25-03-2025,margarine,2527
1454,29-07-2025,bottled water,2562
1375,23-02-2024,frozen vegetables,3758
1117,24-10-2025,bottled water,1062
1478,22-09-2024,cereal,1153
1927,07-12-2024,canned beer,5083
1091,25-02-2025,margarine,4612
1359,14-11-2025,frozen vegetables,1978
1208,27-08-2024,onions,1227
1605,07-09-2025,paper towels,3989
1617,05-10-2025,newspapers,2927
1634,01-08-2024,  CITRUS FRUIT,678
1220,13-01-2024,salty snack,727
1311,29-12-2024,canned beer,839
1268,15-07-2024,napkins,5228
1029,15-08-2024,chocolate,3197
1624,27-11-2025,margarine,3751
1425,20-04-2024,  MARGARINE,5442
1760,01-08-2024,beef,1935
1043,23-01-2025,margarine,5403
1811,15-01-2024,domestic eggs,3298
1099,19-12-2025,pasta,2484
1200,30-09-2025,salsa,2016
1250,03-07-2024,margarine,4484
1230,28-09-2024,bottled water,4516
1170,10-02-2025,bottled water,5117
1133,12-08-2025,white bread,3481
1916,12-05-2025,chocolate,3752
1942,01-02-2025,root vegetables,2595
1060,12-11-2024,paper towels,4893
1388,28-02-2025,onions,2300
2068,08-07-2024,brown bread,2405
1619,08-07-2024,ice cream,5834
1872,22-09-2025,pip fruit,3164
1740,22-07-2024,napkins,706
1536,20-04-2024,cereal,5134
1718,08-11-2024,,1989
1607,31-05-2024,whole milk,748
1871,03-11-2025,onions,4412
1654,24-08-2024,bottled water,2157
1761,04-10-2024,root vegetables,4786
1720,28-07-2025,root vegetables,4406
1260,13-06-2024,salty snack,2437
1848,15-12-2024,chocolate,4931
2087,21-07-2025,newspapers,4362
1205,16-07-2024,salsa,5032
1786,04-01-2025,soda,3003
1603,01-08-2025,root vegetables,4405
1778,08-09-2025,white bread,1691
1301,29-05-2025,pip fruit,1698
1798,23-08-2024,citrus fruit,1374
1050,06-03-2025,margarine,5301
1333,14-02-2025,coffee,5722
2064,17-03-2024,frozen vegetables,119
1320,12-04-2024,frozen vegetables,4760
1239,28-02-2025,canned beer,4505
1005,23-06-2025,,4872
1915,05-01-2024,white bread,5526
1400,11-08-2025,curd,4664
1292,19-04-2024,canned beer,254
2026,08-03-2024,white bread,1589
1261,20-01-2024,ketchup,1290
1703,21-06-2024,root vegetables,2026
1161,13-06-2024,diapers,5921
1194,13-12-2024,frankfurter,5280
1955,28-02-2025,pip fruit,757
1728,22-01-2024,whole milk,5996
1955,25-07-2025,yogurt,652
1801,09-11-2024,cat food,4045
2144,07-12-2025,cereal,1220
1735,07-01-2025,frozen vegetables,1105
2093,29-03-2025,beef,4648
1359,04-11-2025,canned beer,2824
2038,28-12-2024,sausage,3988
1509,30-11-2024,onions,5177
2037,04-03-2024,chocolate,148
1351,30-06-2024,margarine,5897
1024,18-02-2024,tortillas,5629
1366,01-02-2025,cereal,4425
1130,13-08-2025,frankfurter,5692
1493,21-10-2024,domestic eggs,278
1452,06-10-2025,whole milk,4568
1501,18-10-2025,newspapers,781
1409,20-05-2025,diapers,1369
1158,24-12-2025,sausage,5962
2130,14-11-2024,margarine,3315
1613,02-01-2025,canned beer,204
1920,17-11-2024,citrus fruit,3942
2190,17-04-2024,canned beer,2750
1316,24-04-2024,root vegetables,4108
1192,22-09-2025,margarine,3784
1599,03-10-2025,newspapers,2451
1876,15-11-2024,cheese,2890
1065,08-02-2024,root vegetables,2968
1078,11-09-2024,root vegetables,1533
1856,26-01-2025,brown bread,1740
2074,24-04-2025,root vegetables,3640
1490,03-01-2025,  BOTTLED WATER,3665
1205,19-07-2024,napkins,4696
1006,19-10-2025,bottled water,3054
2036,27-05-2025,margarine,3526
1156,15-06-2024,bottled water,1907
1532,14-01-2024,salty snack,4900
1930,18-01-2024,ketchup,2061
1129,09-03-2025,citrus fruit,151
1216,15-04-2025,margarine,236
1744,26-02-2025,brown bread,5488
2112,25-06-2025,onions,271
2169,25-06-2024,canned beer,4319
1429,15-01-2024,domestic eggs,2191
1774,25-11-2025,root vegetables,2377
1160,19-08-2025,tropical fruit,209
1707,28-02-2024,curd,3085
1719,08-01-2024,ice cream,2844
1970,19-06-2024,bottled water,4469
1413,28-03-2025,canned beer,1091
1059,10-12-2024,salty snack,790
1873,14-06-2024,citrus fruit,132
1208,16-03-2025,margarine,4935
1714,31-07-2024,brown bread,5790
1384,13-09-2025,yogurt,343
1180,20-01-2024,jam,1944
1225,03-08-2024,canned beer,2949
1316,27-09-2024,frankfurter,1794
2046,27-11-2024,rolls/buns,5420
1812,24-05-2024,canned beer,4714
1751,28-10-2025,  BEEF,4920
1167,20-05-2024,yogurt,4097
1490,07-04-2024,canned beer,2628
1101,28-03-2024,canned beer,875
1477,21-03-2024,chips,1111
1451,11-09-2025,beef,87
1239,24-10-2025,pasta,136
1397,01-04-2024,domestic eggs,5581
1952,12-11-2025,white bread,1781
1110,24-10-2024,curd,4062
1450,23-06-2025,yogurt,5031
1929,08-01-2024,canned beer,5971
2082,22-10-2025,ketchup,3953
1612,16-04-2025,beef,4856
1778,08-09-2025,root vegetables,1691
2051,01-07-2025,domestic eggs,617
1460,16-05-2025,granola,1866
1205,19-07-2024,root vegetables,4696
2191,19-08-2024,ice cream,5798
2044,27-12-2025,beef,1760
1149,09-08-2025,white bread,2146
1392,09-11-2025,pastry,481
2056,22-08-2025,canned beer,5832
1859,01-03-2024,canned beer,2791
1147,21-11-2025,tomato sauce,3782
1868,28-08-2025,ice cream,5990
1517,22-12-2024,granola,3147
1163,17-03-2025,canned beer,4645
1761,04-10-2024,newspapers,4786
1447,18-05-2024,yogurt,3062
1823,25-07-2025,margarine,653
1407,20-11-2025,red wine,5360
1425,19-12-2024,canned beer,2066
1704,07-05-2024,citrus fruit,5393
1182,28-10-2024,margarine,3696
1929,21-05-2025,ground beef,5720
1632,08-12-2024,frankfurter,975
2119,18-03-2025,whole milk,2184
2174,11-11-2024,whole milk,1718
1840,24-06-2025,citrus fruit,261
1891,09-08-2024,butter,3617
1290,18-05-2025,margarine,1361
1164,29-07-2025,frankfurter,1313
1123,01-12-2024,whole milk,2491
1887,04-10-2024,pip fruit,5749
1428,07-08-2024,jam,3629
1589,17-01-2024,tortillas,3075
1978,20-02-2025,canned beer,3833
2166,22-01-2024,pip fruit,5030
1024,10-09-2024,salsa,5043
2192,16-08-2024,yogurt,2064
2134,02-04-2024,curd,2470
1654,19-05-2025,margarine,2287
1013,06-07-2025,frankfurter,5363
1345,03-03-2025,white bread,3674
1100,11-09-2025,canned beer,1739
1164,01-10-2024,margarine,105
1347,05-12-2024,cereal,5943
1610,19-05-2025,bottled water,2251
1782,28-11-2025,newspapers,3100
2059,19-04-2025,newspapers,744
1686,26-12-2025,yogurt,1522
1463,05-08-2024,canned beer,4863
1881,02-12-2025,bottled water,1464
2067,01-06-2024,root vegetables,4059
1175,08-01-2024,beef,1416
2038,30-03-2024,chocolate,3768
1133,20-12-2025,domestic eggs,3920
1823,17-05-2024,bottled water,1561
1407,25-05-2024,whole milk,5173
1604,23-06-2024,root vegetables,5678
1057,21-03-2024,canned beer,4682
1374,09-06-2025,margarine,4583
1549,03-12-2025,curd,1240
1616,11-02-2024,ice cream,1554
1056,04-12-2025,ground beef,2518
1720,07-10-2025,creamer,1830
1184,06-08-2024,canned beer,1725
1654,24-08-2024,root vegetables,2157
1633,01-07-2024,canned beer,2909
1509,02-08-2025,granola,3273
1141,23-02-2024,root vegetables,3306
2195,02-04-2024,white bread,5321
1581,14-04-2024,newspapers,3006
1454,04-03-2024,white bread,3262
1429,21-12-2024,citrus fruit,1221
1471,08-09-2024,napkins,5341
1921,29-04-2025,pip fruit,2801
1697,29-06-2025,canned beer,5140
1817,01-12-2024,frozen vegetables,2036
1985,04-12-2024,canned beer,2833
1376,10-03-2025,margarine,4809
1468,28-07-2024,canned beer,1182
1536,09-03-2024,curd,3586
1860,14-04-2024,domestic eggs,2573
2149,10-03-2024,canned beer,1148
1938,11-08-2024,margarine,1905
2192,26-08-2025,whole milk,3642
2036,30-04-2025,rolls/buns,2805
1401,11-02-2024,pip fruit,191
1811,20-04-2025,butter,682
1860,01-03-2025,yogurt,5668
1479,19-05-2025,soda,311
1411,21-08-2024,margarine,2537
1796,22-05-2024,root vegetables,2922
1833,17-03-2024,yogurt,1880
1213,10-04-2025,frozen vegetables,1954
1870,15-02-2024,frankfurter,3226
1366,01-02-2025,domestic eggs,4425
2133,18-11-2025,domestic eggs,4837
1659,25-06-2024,sausage,1824
1470,27-10-2025,bottled water,528
1175,20-04-2024,citrus fruit,5772
1471,01-02-2025,newspapers,1489
1369,31-01-2024,citrus fruit,4752
2051,22-06-2025,yogurt,4903
1492,24-06-2024,root vegetables,1573
1916,28-02-2024,beef,2905
1613,02-01-2025,margarine,204
1869,31-05-2025,ketchup,141
1337,23-07-2025,white bread,3216
1599,15-05-2024,curd,2383
1118,16-12-2024,napkins,5439
1633,05-03-2025,whole milk,137
1523,01-09-2024,citrus fruit,2398
1233,28-09-2025,margarine,478
1351,10-08-2024,curd,3760
1197,30-01-2025,newspapers,3875
1862,19-05-2025,butter,1047
1565,02-07-2024,,5656
1210,09-03-2024,rolls/buns,620
1272,17-04-2025,margarine,5696
1938,11-08-2024,shopping bags,1905
2102,10-11-2024,root vegetables,414
1982,04-06-2024,tomato sauce,594
1261,20-08-2025,citrus fruit,2931
1268,11-05-2024,salty snack,5847
1694,16-10-2024,,938
1836,25-03-2025,citrus fruit,3521
1374,20-11-2024,tropical fruit,457
1523,04-02-2025,,479
1356,12-11-2025,salsa,5444
2005,10-11-2025,canned beer,1245
1858,18-07-2024,ground beef,3676
1024,08-07-2025,canned beer,2645
2119,18-03-2025,cereal,2184
1342,11-05-2024,onions,624
1889,26-03-2024,newspapers,4183
1809,11-02-2025,bottled water,2613
1063,14-10-2025,domestic eggs,4413
1440,21-09-2025,yogurt,5744
1992,23-10-2024,paper towels,4956
1963,06-02-2024,ice cream,1382
1794,25-04-2024,brown bread,117
2023,13-10-2025,canned beer,468
1795,31-07-2025,margarine,4580
2090,29-07-2025,whole milk,5647
1493,21-10-2024,white bread,278
1520,24-03-2024,beef,21
1492,07-04-2024,canned beer,3104
1232,12-04-2025,frankfurter,846
1050,20-07-2024,jam,4160
2015,12-10-2025,dish detergent,712
2044,31-12-2024,canned beer,3681
1073,06-03-2025,dish detergent,3828
2004,12-11-2025,beef,5866
2152,04-11-2024,newspapers,1821
1201,16-12-2024,root vegetables,4265
1662,16-09-2025,tropical fruit,5316
1247,07-09-2025,paper towels,332
1103,11-12-2024,frankfurter,5842
1262,27-07-2024,brown bread,2393
1353,01-06-2024,yogurt,870
2190,27-07-2025,whole milk,4799
1432,08-09-2024,newspapers,1505
1237,11-01-2025,canned beer,5763
1155,08-06-2025,canned beer,4414
1201,05-05-2025,canned beer,1084
1068,25-01-2025,frozen vegetables,1017
2087,04-03-2024,canned beer,2474
1699,01-08-2025,parmesan,976
1875,08-07-2025,newspapers,4822
1817,28-08-2025,white bread,3444
1204,12-11-2024,bananas,5902
1410,03-05-2024,margarine,5477
1505,16-06-2024,hamburger meat,1256
1360,21-11-2024,margarine,1030
1665,02-12-2025,whole milk,3384
1251,11-06-2024,  BOTTLED WATER,4242
1579,27-08-2025,ice cream,5827
1935,17-02-2025,brown bread,1955
2151,11-09-2024,creamer,5410
1195,21-05-2024,butter,4118
1464,17-05-2024,newspapers,3334
1919,08-12-2024,root vegetables,3322
1390,24-05-2025,dish detergent,2758
1015,10-08-2024,whole milk,5576
1424,11-06-2024,bottled water,5258
1832,16-02-2024,rolls/buns,5091
1314,12-03-2025,paper towels,3898
1013,02-07-2025,root vegetables,5242
1200,24-07-2025,frozen vegetables,5508
1492,18-08-2024,coffee,1751
1293,02-02-2024,margarine,1435
1933,12-05-2025,citrus fruit,1706
1268,22-04-2024,salsa,1994
2007,18-03-2024,napkins,3112
1543,19-01-2024,salsa,2276
2061,01-10-2024,butter,2390
2140,21-11-2024,napkins,3771
1574,01-04-2025,root vegetables,1835
1568,14-08-2025,sausage,2992
1140,10-06-2024,citrus fruit,2223
1480,26-03-2025,rolls/buns,1249
1240,18-08-2025,sausage,4456
1854,29-07-2024,domestic eggs,5727
1692,15-11-2025,chocolate,423
1645,09-06-2025,sausage,1894
2192,15-01-2024,frozen vegetables,575
1245,25-02-2025,salsa,1911
2019,05-01-2024,hamburger meat,5882
1233,25-09-2024,pasta,2259
2156,23-06-2025,white bread,3798
1967,02-01-2025,tropical fruit,2025
2136,22-12-2025,chocolate,1490
1953,04-10-2025,bottled water,5026
2126,12-05-2024,tropical fruit,2630
2113,09-07-2025,margarine,3488
1058,06-06-2024,  CANNED BEER,1597
2101,11-01-2025,yogurt,5305
2156,29-07-2025,canned beer,5075
1848,17-01-2025,rolls/buns,2138
1956,04-02-2024,pastry,2588
1251,09-05-2024,bottled water,1486
1783,20-03-2025,citrus fruit,4084
1350,14-10-2024,,3858
1359,09-09-2024,dish detergent,4419
2072,04-11-2025,canned beer,2994
1438,12-08-2025,frozen vegetables,4090
2080,08-01-2025,margarine,49
1433,28-08-2025,root vegetables,3052
1859,31-03-2025,parmesan,27
1676,07-05-2024,salty snack,1201
1136,08-12-2025,domestic eggs,4944
2151,11-05-2025,sausage,2015
2160,08-03-2024,newspapers,2746
1205,19-07-2024,salty snack,4696
1358,25-03-2024,yogurt,2788
2101,23-01-2025,root vegetables,5775
1218,02-08-2025,ketchup,3425
1014,07-11-2025,shopping bags,1288
1862,21-07-2024,  MARGARINE,2007
1137,26-07-2025,canned beer,5038
1523,26-06-2025,frankfurter,3452
1060,08-10-2024,whole milk,5367
1606,17-06-2024,yogurt,4973
1830,14-03-2024,margarine,2233
1295,03-11-2025,dish detergent,290
1473,14-02-2024,pip fruit,2196
1232,08-06-2025,ground beef,2598
1068,05-08-2024,whole milk,2290
1655,04-06-2024,margarine,1776
1645,22-05-2025,white bread,5537
1272,04-09-2025,domestic eggs,4853
1461,24-01-2025,citrus fruit,4468
1327,10-05-2024,shopping bags,3364
1087,13-01-2025,dish detergent,4735
1772,10-01-2025,newspapers,140
2045,03-05-2025,domestic eggs,3966
2044,27-12-2025,whole milk,1760
2096,29-01-2024,canned beer,494
1288,30-04-2025,white bread,1988
1325,01-04-2024,white bread,3916
2090,29-10-2024,whole milk,3113
1364,23-04-2024,shopping bags,144
1141,13-03-2025,margarine,1992
1924,06-05-2024,curd,5335
2010,19-01-2025,canned beer,5358
1152,17-06-2024,pip fruit,5904
1958,31-10-2024,ketchup,5315
1833,21-04-2024,margarine,2222
1044,15-05-2025,salsa,3014
1286,17-07-2025,whole milk,445
2172,07-08-2024,rolls/buns,5236
1943,07-08-2024,frankfurter,297
1871,26-04-2025,tomato sauce,1287
1351,10-11-2024,curd,4574
1549,22-02-2025,frozen vegetables,4978
1859,24-09-2025,tropical fruit,1061
1655,23-10-2025,beef,5098
1914,30-11-2025,soda,5693
1133,12-08-2025,salsa,3481
1447,10-11-2024,frozen vegetables,4982
1781,23-11-2025,brown bread,561
1979,09-12-2025,butter,1910
1662,15-08-2025,salty snack,1094
1223,09-09-2025,dish detergent,2408
1437,30-09-2024,salsa,3356
1534,20-07-2025,canned beer,3073
1505,16-06-2024,rolls/buns,1256
1814,19-06-2024,margarine,2577
1071,06-09-2024,citrus fruit,354
1626,22-01-2025,whole milk,1420
1203,01-10-2024,jam,2819
1719,06-02-2024,chocolate,2898
1770,04-09-2024,canned beer,4692
1516,06-04-2024,newspapers,1649
1214,16-07-2025,margarine,4461
1529,06-08-2025,newspapers,695
2185,17-01-2025,salty snack,427
1933,16-03-2025,red wine,2063
1032,16-12-2024,whole milk,3332
1271,13-05-2024,citrus fruit,4148
1244,07-12-2025,frozen vegetables,1068
1998,28-01-2024,citrus fruit,4113
1299,05-08-2024,bottled water,2162
1748,06-11-2024,  FRANKFURTER,4488
1620,28-08-2024,newspapers,4320
1179,02-09-2024,rolls/buns,2845
1060,12-01-2025,  WHOLE MILK,600
1439,16-03-2024,pasta,5193
1741,26-04-2025,pasta,5541
1063,15-08-2024,canned beer,5608
1561,02-11-2025,onions,5433
1018,25-10-2024,soda,4082
1712,22-03-2025,canned beer,3192
1616,22-07-2024,white bread,5417
1549,22-02-2025,beef,4978
1454,07-09-2024,margarine,4687
1362,06-08-2024,margarine,1717
2116,28-01-2024,margarine,4938
2089,02-11-2024,domestic eggs,458
1342,11-05-2024,canned beer,624
1868,28-08-2025,onions,5990
1850,01-04-2024,margarine,2742
1793,09-02-2025,canned beer,2381
2126,12-05-2024,frankfurter,2630
1540,04-02-2024,curd,2925
1985,28-08-2025,white bread,2888
1110,17-12-2025,newspapers,3387
1701,18-02-2024,rolls/buns,4739
1347,07-09-2024,hamburger meat,2745
1661,25-09-2024,domestic eggs,1588
1565,05-05-2025,citrus fruit,3185
1842,08-03-2025,root vegetables,3855
1867,08-11-2025,canned beer,2640
2132,25-11-2024,canned beer,3324
1062,13-05-2024,brown bread,3343
2190,27-09-2024,white bread,5342
2149,10-01-2024,root vegetables,286
2052,30-12-2024,frankfurter,5989
1402,07-12-2024,newspapers,3421
2079,13-08-2024,root vegetables,3220
1631,18-09-2025,domestic eggs,4655
1059,10-12-2024,rolls/buns,790
2052,30-12-2024,beef,5989
1685,31-10-2025,newspapers,5536
1586,09-11-2024,canned beer,3426
2036,17-07-2024,canned beer,4229
1742,12-04-2025,ice cream,5969
1081,13-04-2025,brown bread,5427
1538,20-04-2024,margarine,3304
1488,11-10-2024,whole milk,4035
1068,25-01-2025,white bread,1017
1782,24-02-2025,hamburger meat,3115
1708,06-07-2025,white bread,2673
1066,02-03-2025,frozen vegetables,1166
2185,17-01-2025,ground beef,427
1354,30-10-2024,cheese,5859
1076,07-05-2025,canned beer,3906
1326,02-02-2024,root vegetables,2712
1985,28-08-2025,tortillas,2888
2103,27-11-2024,napkins,5730
1085,30-11-2024,paper towels,135
1389,29-08-2024,domestic eggs,4620
1820,28-04-2025,canned beer,1949
1711,28-05-2024,beef,4427
1008,13-10-2025,bananas,1086
1629,12-11-2024,margarine,2189
1680,27-01-2025,citrus fruit,4431
1089,12-03-2025,canned beer,2780
1649,26-07-2024,whole milk,2582
1128,19-10-2024,newspapers,4843
1673,05-11-2024,pastry,872
1527,01-07-2025,rolls/buns,795
1777,03-08-2025,frankfurter,1735
1562,03-10-2025,brown bread,4178
1772,09-04-2024,cereal,5870
1332,19-04-2024,brown bread,2651
1237,23-01-2025,canned beer,3088
1293,19-12-2024,coffee,4485
1010,24-07-2024,margarine,5510
2101,30-08-2025,canned beer,1750
1583,26-01-2024,newspapers,4434
1753,10-06-2025,newspapers,5919
1329,16-10-2024,root vegetables,5715
1858,10-05-2024,shopping bags,2175
1404,13-02-2025,root vegetables,5276
1058,06-06-2024,pastry,1597
1233,23-09-2024,beef,4986
1343,28-09-2024,pastry,2720
1372,25-08-2025,canned beer,1036
1368,10-09-2024,margarine,1580
1164,30-10-2024,margarine,3287
1178,01-12-2024,yogurt,5144
1507,09-11-2025,salty snack,3106
1396,30-03-2024,pastry,357
1862,06-09-2024,paper towels,2104
1575,06-10-2025,canned beer,5196
1709,21-12-2024,bottled water,510
1171,09-04-2024,salty snack,3605
1543,12-04-2025,citrus fruit,3358
2135,29-08-2025,yogurt,2834
1045,14-03-2025,yogurt,292
1351,30-06-2024,hamburger meat,5897
1096,24-05-2024,jam,5774
2013,19-02-2024,chocolate,4047
1979,13-07-2025,bottled water,4296
1500,12-07-2025,frozen vegetables,1974
1821,07-06-2025,coffee,2779
1352,31-01-2024,canned beer,4707
2178,20-11-2024,canned beer,2065
1716,15-05-2025,paper towels,4555
1915,15-09-2025,butter,2794
1362,13-09-2025,red wine,3089
1958,22-07-2024,crackers,2727
2146,10-11-2025,canned beer,2082
1916,18-01-2024,canned beer,1246
1193,15-02-2025,sugar,2380
1405,18-02-2025,tomato sauce,3464
2007,18-03-2024,bananas,3112
1882,08-08-2025,canned beer,5807
1454,04-06-2025,shopping bags,3022
1859,24-09-2025,citrus fruit,1061
1504,31-03-2024,sausage,1379
1424,07-04-2025,canned beer,2278
2091,14-09-2025,pastry,945
1377,18-10-2024,hamburger meat,1613
1848,20-07-2025,beef,106
1413,14-01-2024,whole milk,696
1494,20-04-2024,newspapers,4080
1271,29-07-2025,margarine,623
2104,22-10-2025,chocolate,4919
1668,09-10-2024,brown bread,455
1961,13-02-2025,yogurt,2852
1643,06-01-2024,white bread,3904
1867,29-01-2024,napkins,4473
1519,06-06-2025,margarine,2362
1488,06-03-2024,newspapers,5332
1506,01-05-2025,canned beer,2443
1822,03-08-2025,bottled water,4644
1141,23-02-2024,canned beer,3306
1069,30-03-2024,root vegetables,4821
1235,15-02-2025,whole milk,3030
2008,23-07-2025,onions,1763
1847,22-03-2025,sausage,2255
1282,10-02-2025,pastry,3677
1618,04-08-2025,root vegetables,667
2061,22-06-2025,canned beer,1445
1866,28-01-2024,bottled water,5690
1833,26-08-2025,citrus fruit,5392
1805,06-04-2024,sausage,2674
1161,13-02-2024,root vegetables,5411
1078,11-09-2024,margarine,1533
1558,12-04-2024,salty snack,273
1814,19-06-2024,shopping bags,2577
1826,25-01-2025,canned beer,754
1535,17-09-2024,frankfurter,1146
1796,07-12-2024,whole milk,5348
1761,24-01-2025,yogurt,2042
1979,20-12-2025,frozen vegetables,5082
1727,25-02-2025,newspapers,558
1978,29-12-2025,granola,3765
1353,01-06-2024,pip fruit,870
1311,23-06-2025,yogurt,514
1134,23-04-2024,whole milk,1927
1476,24-05-2024,creamer,4294
1436,13-01-2024,citrus fruit,1487
1304,13-10-2025,tomato sauce,1535
2192,07-08-2024,jam,2551
1117,16-11-2024,margarine,4402
1949,21-08-2024,whole milk,4333
1151,06-04-2025,cereal,2165
1539,15-01-2024,root vegetables,3230
1455,15-03-2024,salty snack,5931
2199,30-07-2024,cheese,205
1017,27-05-2024,frankfurter,5160
2098,07-08-2025,chocolate,3279
1113,21-01-2024,chocolate,473
1905,27-12-2025,beef,3536
1570,30-06-2025,pastry,4466
1701,18-02-2024,white bread,4739
1043,12-01-2025,tropical fruit,3923
2167,13-11-2025,canned beer,4775
1916,12-05-2025,soda,3752
1817,06-07-2024,canned beer,1959
1983,08-08-2025,margarine,5789
1820,18-07-2024,root vegetables,1878
1561,09-04-2025,sausage,2219
2143,10-02-2025,onions,747
2117,19-07-2025,chocolate,5426
1046,01-06-2024,newspapers,4105
1318,24-04-2024,cheese,3045
1391,15-07-2025,white bread,2493
1337,20-06-2025,newspapers,4820
1570,28-03-2024,whole milk,2394
2017,18-01-2024,root vegetables,4237
1513,04-05-2025,frankfurter,1058
1565,25-03-2024,curd,2952
1406,12-10-2024,citrus fruit,2127
2098,15-10-2025,salsa,3820
1856,31-08-2025,root vegetables,5102
1275,06-08-2024,newspapers,63
1489,04-01-2025,frankfurter,4881
1293,19-12-2024,canned beer,4485
1868,22-08-2024,cereal,326
1883,16-06-2025,whole milk,295
1476,20-01-2024,beef,992
2134,02-04-2024,canned beer,2470
1095,02-08-2024,diapers,5076
2123,30-03-2024,newspapers,291
1829,18-04-2025,canned beer,1822
1712,22-03-2025,parmesan,3192
1123,22-06-2024,chocolate,3301
1089,03-02-2025,sausage,5302
1439,12-06-2024,canned beer,4587
1856,16-08-2024,margarine,3717
2161,16-10-2024,white bread,3259
1664,09-07-2024,newspapers,640
1518,22-11-2025,yogurt,4611
1884,10-12-2025,hamburger meat,4874
1530,22-01-2024,whole milk,3710
1132,03-11-2025,bananas,5270
1164,01-06-2025,pastry,5823
1006,19-10-2025,margarine,3054
2075,25-08-2025,cereal,1538
1562,18-10-2024,whole milk,3619
1878,05-11-2024,soda,1179
1765,11-09-2024,canned beer,208
1245,28-04-2025,chocolate,1035
1371,11-08-2025,rolls/buns,1668
2078,08-02-2025,tortillas,1065
1762,16-05-2024,chocolate,2271
2168,01-08-2024,granola,2238
2077,30-12-2025,canned beer,5298
1187,26-08-2025,white bread,2060
1978,06-11-2024,bottled water,5671
1741,12-04-2024,curd,4041
1365,01-04-2025,frozen vegetables,5934
1724,03-07-2025,paper towels,5709
2182,10-03-2024,salsa,5371
1545,05-01-2025,citrus fruit,4025
1041,08-12-2024,domestic eggs,2641
1263,10-04-2024,canned beer,176
1344,25-11-2025,frankfurter,1784
1803,08-01-2025,white bread,4164
2013,16-04-2024,tomato sauce,313
1801,14-12-2025,canned beer,2928
1891,26-07-2024,citrus fruit,821
1888,24-04-2024,yogurt,282
1170,18-12-2025,margarine,269
1203,01-10-2024,creamer,2819
1024,01-03-2025,canned beer,1262
1194,05-02-2025,pip fruit,4702
1128,19-10-2024,margarine,4843
1816,15-09-2024,white bread,2823
1966,21-08-2025,margarine,3822
1741,11-07-2025,whole milk,3859
1750,20-03-2024,pasta,2787
1182,30-04-2024,curd,219
1549,14-09-2024,creamer,1507
1200,30-09-2025,canned beer,2016
1254,13-09-2025,napkins,1527
1490,07-04-2024,white bread,2628
1276,23-06-2025,rolls/buns,1576
1814,03-09-2024,margarine,48
1451,29-04-2024,canned beer,855
1410,12-08-2025,root vegetables,2769
1393,07-07-2025,pasta,4506
1584,04-03-2024,domestic eggs,3845
1769,08-04-2024,onions,1738
1104,23-06-2024,frozen vegetables,5849
1151,15-08-2025,onions,5597
1743,12-01-2024,hamburger meat,216
1830,20-10-2024,sugar,2415
1655,24-07-2024,rolls/buns,1196
1299,08-09-2025,root vegetables,3489
2010,17-02-2024,tomato sauce,4502
1273,26-04-2024,yogurt,4110
1977,10-12-2024,napkins,3133
1130,13-08-2025,chocolate,5692
1460,22-12-2025,rolls/buns,2232
2171,17-12-2025,pip fruit,25
1819,11-06-2025,sausage,1897
1764,07-05-2025,whole milk,5517
2146,10-11-2025,paper towels,2082
1101,02-10-2025,frankfurter,1210
1382,04-02-2025,bottled water,4540
1406,12-10-2024,canned beer,2127
1540,29-06-2025,tropical fruit,1402
2155,05-04-2025,canned beer,2631
1284,13-05-2025,domestic eggs,5459
1839,09-09-2025,margarine,5791
1308,20-05-2024,,4581
1622,04-03-2025,  ONIONS,3772
2141,19-12-2025,citrus fruit,1623
1475,24-10-2025,pip fruit,2591
2044,20-11-2024,tortillas,2244
1726,11-10-2025,granola,4625
1859,30-10-2024,domestic eggs,2920
2156,04-02-2025,dish detergent,2933
2154,08-01-2025,bottled water,2560
1625,19-11-2025,cat food,2261
1673,06-11-2024,shopping bags,1479
1897,24-08-2024,newspapers,2814
1958,28-02-2025,root vegetables,767
1862,13-12-2025,ground beef,4076
1072,22-09-2025,yogurt,1057
1709,20-12-2025,margarine,1624
2167,14-06-2025,yogurt,5352
1260,15-04-2024,margarine,5957
2185,30-06-2025,frozen vegetables,5624
1081,15-11-2025,yogurt,1577
1228,05-06-2025,tomato sauce,2404
1401,21-06-2025,domestic eggs,1063
1272,12-11-2025,chips,197
1635,10-03-2025,canned beer,2983
2051,15-05-2025,  MARGARINE,1251
1786,01-10-2024,canned beer,2542
1779,15-03-2025,crackers,1151
1548,20-02-2025,pip fruit,5133
1198,17-06-2025,margarine,3372
1515,21-07-2025,chips,2141
1362,06-08-2024,brown bread,1717
1665,15-07-2024,frankfurter,1358
1446,01-02-2024,  CANNED BEER,5810
2072,23-11-2025,newspapers,3337
1445,01-03-2025,canned beer,2182
1614,15-09-2024,pip fruit,2525
1272,16-02-2024,newspapers,4203
1612,14-05-2024,citrus fruit,2856
1109,24-08-2025,beef,91
2174,11-11-2024,granola,1718
2153,09-12-2025,whole milk,1628
1499,07-08-2025,margarine,825
1478,29-10-2024,citrus fruit,2530
1803,05-06-2024,newspapers,5935
1192,21-09-2024,newspapers,4367
1591,08-08-2025,bottled water,419
1912,17-08-2025,whole milk,3741
1445,01-03-2025,margarine,2182
1894,22-05-2025,canned beer,5213
1228,07-04-2024,tomato sauce,1126
1578,08-02-2024,soda,665
1452,04-03-2025,margarine,1997
2057,21-03-2025,jam,5288
1255,22-09-2025,pastry,5561
2193,17-11-2024,domestic eggs,4201
1634,03-06-2024,napkins,3353
1804,09-01-2024,canned beer,1403
1610,07-01-2024,canned beer,1678
1850,16-04-2024,margarine,4186
1408,25-09-2025,onions,3524
1512,25-08-2025,white bread,2384
1264,23-12-2025,ice cream,2893
1695,12-01-2025,domestic eggs,537
1291,22-10-2025,root vegetables,651
1460,19-04-2025,canned beer,5017
1474,07-06-2025,newspapers,3046
1845,30-05-2024,whole milk,4864
2058,22-09-2025,onions,3335
1815,27-10-2024,canned beer,3630
1920,17-11-2024,canned beer,3942
1307,03-08-2025,tomato sauce,5673
1064,01-04-2024,yogurt,2671
1785,03-10-2024,canned beer,4571
1965,06-04-2025,whole milk,3176
1195,24-11-2025,frankfurter,4262
1483,13-06-2025,white bread,3837
1429,15-01-2024,frankfurter,2191
1635,28-10-2024,soda,4567
2177,19-05-2024,canned beer,1680
2117,10-04-2024,canned beer,4781
1694,01-08-2024,canned beer,922
1225,22-07-2025,canned beer,453
2066,18-09-2024,napkins,41
1182,24-10-2024,canned beer,998
1354,11-12-2025,margarine,2869
1952,14-01-2025,frozen vegetables,3151
2074,16-10-2024,frozen vegetables,3419
1373,02-03-2025,canned beer,4535
1454,04-03-2024,citrus fruit,3262
2008,01-12-2025,pip fruit,3644
1370,02-04-2024,ketchup,3477
2077,08-08-2025,newspapers,733
1774,25-11-2025,ground beef,2377
1887,29-06-2024,canned beer,417
1041,08-12-2024,white bread,2641
2036,30-04-2025,citrus fruit,2805
1624,27-11-2025,tropical fruit,3751
1613,19-08-2024,frankfurter,2906
1036,18-07-2024,canned beer,4680
1558,18-06-2025,dish detergent,2017
1930,26-05-2024,margarine,433
1263,07-09-2024,napkins,4732
1837,26-06-2024,ground beef,2895
1161,13-02-2024,sausage,5411
1933,23-04-2024,dish detergent,5496
1809,24-08-2025,canned beer,4335
1174,26-07-2025,newspapers,3864
1792,14-07-2025,chocolate,3167
1122,06-12-2025,margarine,2071
1124,18-03-2025,tortillas,3664
1597,25-11-2024,canned beer,3799
1769,06-03-2025,bottled water,3359
1292,05-05-2024,bottled water,3901
1859,01-03-2024,soda,2791
2010,28-02-2024,beef,5386
1693,23-10-2025,bottled water,1881
2026,08-03-2024,newspapers,1589
1478,22-09-2024,whole milk,1153
1358,05-10-2025,bottled water,2241
1782,05-10-2024,citrus fruit,4454
1143,04-08-2025,newspapers,983
1360,11-07-2024,sausage,1422
2134,18-10-2024,white bread,187
1005,24-08-2025,whole milk,3555
1973,16-01-2024,newspapers,3823
1339,12-10-2025,root vegetables,1152
2033,04-08-2025,shopping bags,3278
1320,11-05-2024,canned beer,1096
1907,24-10-2024,cheese,2496
2051,22-06-2025,tomato sauce,4903
2151,29-04-2024,pip fruit,4279
1860,14-04-2024,margarine,2573
1837,17-11-2024,granola,2336
1480,26-10-2024,citrus fruit,601
1803,05-06-2024,canned beer,5935
2058,21-12-2025,curd,3559
1239,17-03-2025,ice cream,4614
2112,25-06-2025,salty snack,271
1902,14-09-2024,,1169
1762,19-09-2024,canned beer,4490
1915,09-10-2024,domestic eggs,924
1818,01-07-2025,soda,2873
1850,26-07-2025,shopping bags,5476
1623,14-09-2024,shopping bags,2979
1555,24-09-2025,ice cream,4207
1295,24-01-2024,cereal,207
1178,09-04-2025,rolls/buns,5264
1141,13-03-2025,newspapers,1992
1820,03-10-2024,jam,1078
2009,30-09-2024,newspapers,4629
1101,13-07-2025,root vegetables,3348
1088,20-12-2024,salsa,513
1744,31-07-2025,citrus fruit,5414
2105,10-09-2024,canned beer,2495
1411,23-10-2025,root vegetables,345
1668,22-03-2025,tropical fruit,2763
1359,09-09-2024,bottled water,4419
1853,07-10-2025,margarine,5726
1768,30-11-2024,newspapers,4763
1764,07-05-2025,margarine,5517
1554,31-12-2024,canned beer,4070
1840,12-10-2025,curd,1701
2049,18-05-2024,canned beer,4597
1910,16-05-2024,root vegetables,4507
2137,29-04-2024,paper towels,4064
1356,31-05-2025,canned beer,5070
1465,23-09-2025,newspapers,5453
1538,20-04-2024,citrus fruit,3304
1404,01-12-2024,margarine,2702
1325,05-09-2025,white bread,2669
2138,30-08-2024,salty snack,1611
1040,08-12-2025,root vegetables,5603
2083,10-01-2024,margarine,373
1935,17-02-2025,coffee,1955
2153,01-02-2024,beef,4301
1609,26-01-2025,paper towels,4040
1388,09-07-2024,ice cream,1170
2038,18-07-2024,canned beer,3149
1277,30-04-2025,,517
1769,05-11-2025,beef,2678
1558,04-10-2024,margarine,2038
1263,10-04-2024,frozen vegetables,176
1631,18-09-2025,root vegetables,4655
2042,28-08-2024,white bread,5398
1049,04-08-2024,white bread,1526
1720,14-02-2024,canned beer,488
1342,23-12-2024,margarine,583
1008,06-03-2024,yogurt,1277
2153,09-09-2025,tropical fruit,308
1597,19-10-2024,newspapers,2180
1567,21-10-2024,canned beer,1965
2190,13-11-2024,bottled water,134
1210,08-02-2025,rolls/buns,4630
1174,26-07-2025,frozen vegetables,3864
1513,04-05-2025,margarine,1058
1872,06-11-2025,margarine,4123
1527,15-06-2024,bottled water,2133
1891,17-12-2024,bottled water,806
1550,15-10-2025,bottled water,1709
1524,27-06-2025,rolls/buns,5857
1872,25-08-2025,yogurt,5132
1810,28-01-2024,tropical fruit,1271
1198,17-06-2025,pasta,3372
1842,09-10-2024,root vegetables,2932
1017,11-07-2024,white bread,1558
1033,25-04-2024,tomato sauce,1967
1146,18-08-2025,pastry,4370
1288,11-01-2024,sugar,2334
1181,18-09-2024,newspapers,4482
1665,02-12-2025,margarine,3384
1744,19-05-2024,onions,2848
2051,17-02-2025,beef,2879
1205,19-07-2024,  CANNED BEER,4696
1186,14-07-2025,parmesan,84
1146,23-07-2025,whole milk,1845
2075,17-04-2024,root vegetables,5390
1010,02-09-2024,napkins,5185
1981,31-08-2025,margarine,760
1283,31-10-2025,frankfurter,349
1662,26-04-2025,napkins,4479
1353,26-11-2025,yogurt,1357
1201,21-11-2024,tortillas,3333
1380,19-06-2025,margarine,470
1097,20-10-2025,brown bread,970
1834,31-10-2025,frankfurter,2074
1419,09-01-2025,dish detergent,2590
1780,25-08-2025,white bread,489
1530,31-03-2025,bottled water,3843
1490,21-05-2025,yogurt,3643
1342,05-10-2024,margarine,4849
2189,26-11-2025,canned beer,338
1577,13-05-2025,frozen vegetables,2329
1009,26-09-2024,margarine,2897
1650,05-05-2024,tortillas,3067
1271,26-03-2024,canned beer,4831
1277,24-11-2024,white bread,5567
1353,13-02-2024,  FROZEN VEGETABLES,4889
1406,28-09-2024,margarine,4991
1957,15-08-2025,citrus fruit,4130
1327,08-05-2025,soda,3153
1236,20-06-2024,pip fruit,1531
1134,08-04-2025,napkins,1733
1530,22-01-2024,root vegetables,3710
2069,20-03-2025,margarine,1092
1003,13-04-2025,frankfurter,5475
1029,17-06-2024,root vegetables,2044
1234,25-06-2024,hamburger meat,1812
1424,11-06-2024,margarine,5258
1810,22-07-2025,margarine,2436
1084,05-02-2024,whole milk,4019
1019,31-05-2025,salty snack,3215
1803,26-08-2025,chocolate,3970
1999,15-09-2024,pastry,5003
2069,17-03-2024,margarine,3882
1895,08-10-2025,ground beef,1426
1086,13-02-2024,canned beer,1090
1909,19-02-2025,canned beer,5495
1210,31-08-2025,red wine,2372
1483,30-12-2024,jam,2020
1188,25-07-2025,pastry,3207
1342,05-10-2024,domestic eggs,4849
1263,09-03-2025,newspapers,4830
1544,09-05-2024,whole milk,293
1391,08-12-2025,ice cream,3959
1567,18-10-2024,whole milk,3849
2036,24-05-2024,tropical fruit,1414
1101,25-06-2025,domestic eggs,5471
2109,03-02-2025,yogurt,5118
1801,21-12-2025,margarine,4960
1742,24-12-2025,chips,214
2093,29-03-2025,white bread,4648
1576,24-11-2025,newspapers,1008
2090,20-02-2025,salty snack,782
2171,02-08-2025,  DISH DETERGENT,3396
2010,14-12-2025,tropical fruit,1797
1510,24-07-2024,yogurt,603
1231,15-12-2025,margarine,188
2080,13-12-2024,margarine,2786
2040,07-07-2025,domestic eggs,768
1928,08-04-2025,napkins,5725
1679,27-11-2025,root vegetables,932
2000,31-07-2025,canned beer,5705
1243,30-06-2024,citrus fruit,2274
1190,19-03-2025,frankfurter,2626
1466,09-05-2025,citrus fruit,1555
1218,02-08-2025,granola,3425
1101,11-01-2024,canned beer,1463
1089,12-03-2025,white bread,2780
1101,15-12-2025,napkins,3474
1271,26-02-2024,root vegetables,5544
1054,20-05-2025,frozen vegetables,5689
1322,27-07-2024,pasta,5120
1871,25-02-2024,  NEWSPAPERS,599
1215,17-05-2024,citrus fruit,2103
2073,03-09-2025,canned beer,4174
1778,11-05-2025,hamburger meat,4478
2031,05-03-2025,root vegetables,4432
1992,17-03-2025,  CANNED BEER,850
1812,24-05-2024,citrus fruit,4714
2126,30-01-2025,frankfurter,1259
1472,14-10-2025,white bread,3294
1405,18-02-2025,white bread,3464
1690,22-03-2025,curd,1981
1402,19-12-2025,soda,2069
1151,15-08-2025,root vegetables,5597
1370,02-04-2024,beef,3477
1137,09-11-2025,margarine,3209
2169,29-04-2024,whole milk,2096
1440,28-04-2025,margarine,507
2011,17-03-2025,white bread,1308
1862,13-12-2025,shopping bags,4076
1741,08-05-2025,citrus fruit,3609
1804,23-07-2025,paper towels,40
1720,28-07-2025,ground beef,4406
1085,27-08-2024,frozen vegetables,226
1005,11-07-2025,root vegetables,867
1335,15-04-2024,white bread,4895
1356,16-08-2025,newspapers,851
1571,25-03-2025,tropical fruit,3270
1394,16-02-2025,canned beer,1470
1222,16-10-2024,tropical fruit,1807
1751,29-11-2025,cereal,1899
2051,01-07-2025,shopping bags,617
1505,16-06-2024,whole milk,1256
1607,15-07-2025,yogurt,523
1021,07-12-2025,frozen vegetables,3258
1849,21-10-2024,whole milk,1022
1273,26-04-2024,salsa,4110
1774,18-01-2025,jam,5623
1571,04-02-2024,red wine,5079
2096,29-01-2024,margarine,494
1961,21-07-2025,salty snack,3187
1261,20-01-2024,hamburger meat,1290
1417,28-11-2024,canned beer,4518
1259,12-09-2025,salsa,584
1233,28-09-2025,frozen vegetables,478
1006,09-07-2024,frankfurter,4141
1106,30-05-2024,citrus fruit,2106
1212,25-10-2025,canned beer,4661
1506,21-06-2025,root vegetables,4615
1328,07-05-2025,domestic eggs,4136
1020,09-01-2025,frankfurter,2946
1128,23-04-2025,paper towels,1044
1491,11-02-2025,yogurt,3987
1997,06-01-2025,salsa,5704
1639,17-02-2024,chocolate,2502
1140,10-06-2024,root vegetables,2223
1299,10-05-2025,newspapers,4460
1289,31-10-2024,cereal,1650
1781,28-06-2024,napkins,4749
2190,27-09-2024,,5342
1004,31-10-2024,ground beef,2617
1948,10-06-2024,newspapers,1856
2087,04-03-2024,root vegetables,2474
1168,15-11-2025,brown bread,2738
1794,20-06-2025,chocolate,5782
1339,12-10-2025,margarine,1152
1140,29-06-2024,ice cream,3591
1294,25-03-2024,paper towels,2420
1192,01-08-2025,domestic eggs,3544
1705,24-10-2025,dish detergent,1097
1434,24-06-2024,canned beer,3486
1320,03-06-2025,frankfurter,2131
1450,09-09-2025,margarine,3442
1165,10-09-2024,tortillas,7
1314,07-11-2024,salty snack,2204
1975,23-05-2024,chips,4576
1919,08-12-2024,canned beer,3322
2037,03-04-2025,root vegetables,1363
1434,23-06-2025,root vegetables,5642
2034,17-02-2025,onions,3728
1405,23-05-2024,salty snack,4299
1436,31-03-2024,parmesan,4720
1177,05-03-2024,newspapers,772
1549,31-07-2025,newspapers,2124
1065,17-10-2024,canned beer,5448
1708,13-02-2025,canned beer,4911
1941,30-10-2025,newspapers,1515
1987,20-05-2024,root vegetables,3309
1002,06-04-2025,canned beer,1869
1453,30-11-2025,whole milk,215
1783,02-11-2024,  WHOLE MILK,546
1738,22-05-2024,rolls/buns,3981
1600,03-12-2025,margarine,4247
2047,14-02-2024,pastry,3465
1769,06-03-2025,parmesan,3359
1219,10-03-2024,citrus fruit,1847
1512,21-05-2024,canned beer,2539
1243,05-08-2024,newspapers,5724
2089,24-10-2025,chocolate,223
1428,19-10-2025,cereal,3144
1848,17-01-2025,shopping bags,2138
1416,11-06-2024,yogurt,2083
1194,17-03-2025,cat food,1570
2041,25-01-2024,rolls/buns,1536
2147,03-05-2024,citrus fruit,3775
1939,16-09-2024,pip fruit,418
1719,06-02-2024,canned beer,2898
1349,11-01-2025,soda,4791
1912,08-10-2025,creamer,1495
1468,28-07-2024,frozen vegetables,1182
1098,22-03-2024,margarine,3552
1489,06-04-2024,ice cream,4722
1546,06-04-2025,newspapers,2614
1899,02-01-2024,chips,5012
2107,28-08-2024,canned beer,1095
1461,13-06-2024,ice cream,5238
2024,12-05-2024,chips,1762
1356,03-02-2025,chocolate,1828
1682,04-05-2025,white bread,5297
1342,08-10-2025,granola,4992
2039,01-05-2024,white bread,1142
1584,04-03-2024,bottled water,3845
1225,16-04-2024,root vegetables,891
2193,12-04-2024,curd,3976
1062,26-12-2025,whole milk,4544
1034,20-05-2025,granola,4719
1255,10-12-2025,sausage,3951
2006,21-03-2025,tropical fruit,1708
1669,20-08-2025,whole milk,3821
1003,13-04-2025,  BANANAS,5475
2107,10-01-2024,canned beer,3778
1635,04-06-2024,margarine,5412
1371,02-04-2024,frozen vegetables,441
1024,18-02-2024,newspapers,5629
1979,06-03-2024,whole milk,2706
1573,20-04-2024,canned beer,711
1400,28-05-2025,canned beer,5192
1006,25-09-2024,frankfurter,2892
1161,25-01-2024,yogurt,4712
1627,10-04-2024,bananas,5188
1851,19-12-2024,white bread,4826
1712,22-03-2025,diapers,3192
1851,25-01-2025,curd,5273
1708,06-07-2025,canned beer,2673
1565,01-12-2024,root vegetables,1948
1703,08-06-2025,rolls/buns,1818
1108,04-08-2025,cereal,1304
2004,15-03-2024,dish detergent,1639
1739,09-06-2025,,2977
1522,01-09-2025,domestic eggs,2488
1942,01-02-2025,chips,2595
2035,21-11-2025,soda,724
1120,01-12-2024,paper towels,6
1055,22-11-2024,red wine,1524
2020,28-05-2025,salty snack,5712
1737,29-10-2025,newspapers,330
1004,31-10-2024,salsa,2617
2149,28-02-2025,white bread,4436
1382,18-12-2024,canned beer,5854
1906,03-05-2024,shopping bags,729
1874,18-05-2025,margarine,3189
1134,21-01-2025,cheese,4845
1076,07-05-2025,yogurt,3906
2196,16-07-2024,newspapers,2283
1978,20-02-2025,soda,3833
1407,03-07-2025,yogurt,4541
1470,01-01-2024,,3885
1743,28-11-2025,bottled water,5824
1716,05-11-2024,ground beef,5314
1995,01-11-2024,frankfurter,918
1049,09-09-2024,margarine,4283
1658,19-08-2024,frankfurter,1322
1975,12-09-2025,canned beer,2515
2158,29-06-2024,brown bread,3385
1847,18-12-2025,napkins,3949
1388,24-12-2024,ground beef,5525
1976,06-05-2024,canned beer,871
2095,24-02-2024,white bread,5345
1087,16-05-2025,salsa,4052
1858,18-07-2024,salsa,3676
2015,07-11-2024,onions,267
2032,21-12-2024,root vegetables,1908
1822,29-01-2024,  SALTY SNACK,3267
1481,09-02-2025,domestic eggs,4445
1003,11-03-2025,canned beer,3345
1842,09-10-2024,pastry,2932
2021,26-10-2024,pip fruit,101
1776,19-11-2024,bottled water,4388
2011,17-03-2025,domestic eggs,1308
1411,23-10-2025,newspapers,345
1948,04-12-2024,salty snack,4602
1773,19-11-2025,newspapers,5779
1731,20-08-2024,shopping bags,4307
1575,02-06-2024,margarine,4202
2140,17-08-2024,pastry,3168
1177,26-07-2025,domestic eggs,4797
1118,18-02-2024,paper towels,5336
1712,22-06-2025,citrus fruit,3802
1279,08-10-2024,granola,728
1490,22-01-2025,brown bread,139
1142,27-07-2024,margarine,342
1298,28-07-2025,white bread,2089
1289,24-02-2025,root vegetables,1206
1842,09-10-2024,bottled water,2932
2086,02-06-2025,beef,4199
1852,31-05-2025,root vegetables,5100
1929,21-05-2025,root vegetables,5720
2059,06-07-2024,root vegetables,1690
1006,21-12-2024,bananas,4248
1388,09-07-2024,paper towels,1170
2046,21-02-2025,frankfurter,5860
1439,07-08-2024,butter,1853
1741,12-04-2024,brown bread,1316
1662,09-01-2025,bottled water,2048
1236,09-02-2024,sausage,4069
2194,29-11-2024,jam,1286
1307,05-04-2024,pastry,3392
1522,25-02-2025,ketchup,4426
2184,21-09-2025,white bread,2955
1608,12-07-2024,canned beer,5896
1460,16-05-2025,canned beer,1866
1299,12-05-2024,margarine,3401
2151,25-09-2025,coffee,3404
1690,22-03-2025,onions,1981
1308,03-09-2025,margarine,4077
1091,25-02-2025,cat food,4612
1920,19-05-2025,citrus fruit,3928
1905,24-08-2024,pastry,4744
1851,11-12-2024,chocolate,4310
1694,16-10-2024,shopping bags,938
1444,18-09-2024,domestic eggs,2771
1177,24-06-2025,margarine,3032
2087,04-03-2024,newspapers,2474
2148,15-06-2025,frozen vegetables,4395
1812,17-11-2024,margarine,5778
1115,21-08-2024,sugar,3670
1278,19-03-2025,canned beer,4268
1680,25-02-2024,parmesan,827
1706,21-03-2024,,5158
1819,21-02-2024,newspapers,190
1958,31-10-2024,margarine,5315
2117,22-11-2024,canned beer,3447
2125,06-08-2025,canned beer,5099
1070,02-06-2025,newspapers,2835
1646,04-08-2024,onions,472
1705,24-10-2025,yogurt,1097
1372,25-08-2025,tortillas,1036
1444,04-10-2024,citrus fruit,4249
1940,12-08-2025,salsa,2574
1918,15-04-2025,canned beer,5501
1008,03-03-2024,brown bread,1711
1221,15-09-2024,domestic eggs,2808
2160,28-07-2025,newspapers,294
1686,25-12-2025,canned beer,2728
1582,27-11-2024,pastry,604
1311,09-12-2025,root vegetables,4795
2000,23-10-2024,frozen vegetables,5734
1686,19-04-2025,canned beer,881
2080,21-09-2025,white bread,143
1987,22-07-2025,hamburger meat,3291
1423,10-10-2024,newspapers,4155
2194,29-11-2024,whole milk,1286
1830,14-03-2024,soda,2233
1802,27-03-2024,pip fruit,3205
1553,26-12-2024,brown bread,5014
2071,05-11-2024,napkins,4724
2038,18-07-2024,soda,3149
1509,30-11-2024,bottled water,5177
1536,23-12-2024,soda,4342
2171,12-12-2025,pastry,5767
1304,01-05-2025,  PIP FRUIT,4623
1021,16-06-2025,domestic eggs,4610
1812,17-11-2024,newspapers,5778
1559,14-09-2025,dish detergent,2646
1733,19-07-2025,citrus fruit,3601
1364,22-07-2024,root vegetables,2179
1432,05-07-2024,canned beer,3797
1031,15-09-2024,granola,4231
1115,02-09-2024,canned beer,2855
1198,05-11-2025,domestic eggs,3811
1532,30-07-2024,root vegetables,5472
2166,21-01-2025,bananas,1353
2171,02-08-2025,dish detergent,3396
1650,05-05-2024,  TROPICAL FRUIT,3067
1306,23-05-2024,  TROPICAL FRUIT,4789
1527,15-06-2024,chocolate,2133
2051,15-05-2025,salty snack,1251
1864,16-03-2025,domestic eggs,5719
1229,03-04-2024,creamer,5259
1501,20-01-2025,whole milk,2225
1605,30-09-2025,salty snack,5617
2017,24-01-2024,napkins,1931
1410,29-12-2024,tropical fruit,2107
1332,14-10-2024,root vegetables,716
1980,26-12-2024,margarine,3851
1549,03-12-2025,margarine,1240
1833,02-06-2024,bottled water,4309
1684,10-07-2025,napkins,4300
2138,01-01-2025,frozen vegetables,4101
1681,04-09-2024,onions,3534
1889,13-01-2025,white bread,5231
2100,01-01-2025,soda,5230
1909,17-02-2024,tropical fruit,1858
1809,09-02-2025,tropical fruit,400
1903,28-10-2025,root vegetables,5310
1171,15-08-2025,curd,2866
1504,06-07-2025,pip fruit,2164
1805,13-11-2025,canned beer,5219
1727,27-03-2025,soda,2081
1378,22-07-2025,canned beer,3964
1610,20-05-2025,frankfurter,1970
1181,23-12-2024,domestic eggs,5491
1487,08-07-2025,white bread,4244
1104,06-05-2025,ground beef,5843
2146,10-11-2025,pip fruit,2082
1696,16-03-2024,citrus fruit,1653
1535,17-09-2024,sausage,1146
1040,08-12-2025,frankfurter,5603
1655,26-10-2024,granola,3969
2090,29-10-2024,rolls/buns,3113
1156,01-08-2024,root vegetables,3671
2119,12-06-2025,margarine,2490
1062,27-01-2024,beef,552
1454,04-03-2024,bottled water,3262
2169,29-04-2024,chocolate,2096
1795,14-03-2024,newspapers,4050
1418,12-04-2025,rolls/buns,4403
1425,12-06-2025,canned beer,2350
1260,16-04-2024,newspapers,168
1249,28-04-2024,shopping bags,2812
1115,07-12-2024,tropical fruit,3377
1010,11-07-2025,citrus fruit,592
1802,07-02-2025,chocolate,2831
1156,26-06-2025,canned beer,612
1196,10-10-2024,curd,5514
1379,26-03-2024,whole milk,578
1682,21-02-2024,pip fruit,5239
2115,19-03-2025,root vegetables,854
2077,11-06-2024,sausage,5588
1700,28-11-2025,root vegetables,643
1377,17-01-2025,red wine,4494
1733,03-05-2024,margarine,2235
1858,24-11-2024,sugar,1407
2194,29-11-2024,butter,1286
2045,06-03-2025,domestic eggs,1999
1301,25-07-2025,white bread,4322
1293,02-04-2024,canned beer,50
1909,11-01-2025,napkins,5186
1783,20-03-2025,red wine,4084
1515,14-02-2024,pasta,4646
2021,26-10-2024,salty snack,101
1015,09-05-2025,yogurt,3723
1160,19-08-2025,soda,209
1501,15-09-2024,brown bread,2923
1132,14-10-2025,white bread,2743
1916,15-01-2025,canned beer,726
1783,27-08-2024,  YOGURT,619
2112,22-04-2025,bottled water,5206
2119,02-11-2024,dish detergent,5670
1214,09-05-2024,white bread,4446
2147,02-03-2025,frankfurter,1442
1729,15-10-2025,salsa,5828
1002,06-12-2024,shopping bags,1712
1923,06-11-2024,napkins,2648
2105,20-03-2025,creamer,1121
1329,08-09-2024,newspapers,4016
1859,24-09-2025,chocolate,1061
1036,07-01-2025,domestic eggs,1651
2148,25-09-2025,newspapers,2359
1636,14-08-2024,margarine,103
1038,15-10-2024,tomato sauce,1563
1877,16-06-2024,citrus fruit,1722
1546,27-09-2025,soda,2862
1282,28-04-2025,canned beer,1685
1024,11-06-2024,napkins,1231
1987,21-11-2025,brown bread,1089
1282,05-06-2024,canned beer,4449
1292,05-05-2024,newspapers,3901
1802,27-03-2024,coffee,3205
2037,24-04-2024,whole milk,4440
1906,13-01-2024,shopping bags,2961
1920,06-10-2025,bottled water,370
1474,18-07-2025,,1782
1452,12-09-2024,tropical fruit,587
1356,25-06-2024,citrus fruit,3241
1084,16-03-2024,curd,3748
1900,29-03-2025,canned beer,3709
1193,03-12-2025,canned beer,807
1920,06-10-2025,root vegetables,370
1618,20-08-2025,whole milk,4357
2051,02-11-2025,salsa,538
1245,25-02-2025,tortillas,1911
1080,18-07-2025,newspapers,239
1167,05-10-2024,cereal,2385
1961,15-11-2025,root vegetables,1293
1388,09-07-2024,tropical fruit,1170
1721,24-03-2025,diapers,775
1642,10-07-2024,canned beer,4000
1086,14-08-2025,citrus fruit,1177
1369,25-05-2024,citrus fruit,412
1119,10-02-2025,newspapers,5214
2151,01-06-2024,paper towels,4214
1686,03-03-2024,yogurt,3886
1093,24-12-2024,tomato sauce,1186
2057,21-03-2025,pip fruit,5288
1416,10-09-2025,salsa,5384
1373,16-03-2024,coffee,1488
2019,11-03-2025,cereal,540
1301,18-07-2024,salty snack,521
1618,16-08-2025,pip fruit,1328
1824,14-08-2025,margarine,4634
1631,05-12-2024,canned beer,888
1133,12-08-2025,chips,3481
1251,20-12-2025,whole milk,2830
2074,29-07-2024,citrus fruit,2567
1145,16-07-2024,pastry,774
2015,12-10-2025,pastry,712
1738,21-04-2024,margarine,1543
1310,21-11-2025,root vegetables,4190
2083,15-04-2024,frankfurter,2687
2013,13-01-2024,frozen vegetables,1723
1862,21-07-2024,canned beer,2007
1328,25-07-2025,curd,3894
1140,22-06-2024,white bread,3237
1743,04-02-2024,canned beer,5441
1965,24-07-2024,paper towels,5019
1762,19-09-2024,root vegetables,4490
1930,18-01-2024,rolls/buns,2061
1696,25-07-2024,root vegetables,4161
1952,14-09-2025,granola,5331
1549,31-07-2025,whole milk,2124
1841,15-02-2025,dish detergent,2047
1709,26-12-2025,salty snack,2424
2041,16-07-2024,domestic eggs,1744
1622,02-11-2025,chocolate,1756
1679,01-05-2025,cereal,1694
1612,18-01-2025,whole milk,1550
1830,14-03-2024,paper towels,2233
1181,09-05-2025,shopping bags,3458
1085,13-03-2025,newspapers,1703
2132,18-04-2024,margarine,2376
1420,31-10-2025,whole milk,568
1698,26-04-2025,salsa,4910
1983,16-06-2025,jam,3753
1899,12-06-2024,diapers,5295
1780,17-08-2025,margarine,2996
2041,25-01-2024,pastry,1536
1210,31-08-2025,bottled water,2372
1990,24-01-2025,whole milk,5959
1772,19-05-2025,chocolate,3150
1731,20-08-2024,soda,4307
2051,20-01-2025,citrus fruit,3639
1031,15-09-2024,domestic eggs,4231
1357,22-01-2024,coffee,4254
1447,11-02-2024,canned beer,4815
1175,30-03-2024,onions,3434
1201,21-11-2024,ground beef,3333
1908,27-01-2025,tortillas,1066
2098,19-11-2025,sausage,944
1145,30-01-2024,pip fruit,2547
1924,24-04-2025,canned beer,1477
1156,21-05-2025,pastry,1619
1261,20-01-2024,yogurt,1290
1310,12-12-2025,pastry,644
1218,29-01-2024,hamburger meat,3502
1273,28-11-2025,sausage,241
1995,21-11-2025,frozen vegetables,3979
2172,27-05-2025,paper towels,1473
1253,01-07-2025,bottled water,4848
1947,15-07-2025,root vegetables,4252
2168,11-03-2024,canned beer,185
2068,08-07-2024,  CANNED BEER,2405
1361,18-08-2024,ketchup,2039
2155,15-06-2025,canned beer,1810
1871,26-03-2025,root vegetables,1674
1432,04-12-2024,pasta,1969
1328,25-07-2025,granola,3894
1163,17-03-2025,margarine,4645
1217,16-12-2025,canned beer,2337
1809,09-02-2025,yogurt,400
1234,18-03-2024,crackers,4002
2119,10-01-2024,margarine,1567
1891,17-12-2024,chips,806
1786,04-01-2025,onions,3003
1329,28-10-2024,granola,3203
1053,17-11-2025,canned beer,5922
1584,14-12-2025,root vegetables,5915
1501,08-10-2024,napkins,743
1002,11-04-2024,sausage,2776
1404,21-03-2025,canned beer,4313
1529,04-07-2025,frankfurter,245
1911,29-11-2024,margarine,3308
1379,16-08-2025,newspapers,3493
1130,25-04-2025,pastry,3651
1170,25-10-2025,napkins,3618
2174,08-06-2024,cereal,5612
1585,08-06-2024,salsa,2747
1642,26-09-2024,salty snack,4188
1928,29-08-2024,parmesan,961
1060,08-03-2025,salty snack,102
1973,16-01-2024,rolls/buns,3823
2091,27-10-2025,frozen vegetables,1514
2048,08-02-2024,white bread,3171
2090,29-07-2025,root vegetables,5647
2113,09-07-2025,soda,3488
1118,18-02-2024,citrus fruit,5336
1978,01-01-2024,napkins,2867
1332,19-04-2024,canned beer,2651
1887,24-08-2024,coffee,3783
1896,27-12-2024,sausage,5780
2067,01-06-2024,newspapers,4059
1128,25-08-2025,rolls/buns,1595
2089,14-08-2025,onions,1915
1864,13-03-2024,frozen vegetables,4591
1678,05-02-2025,paper towels,3744
1995,21-08-2025,crackers,3774
1189,03-10-2025,margarine,240
1318,30-03-2025,ice cream,1305
1575,02-06-2024,butter,4202
1765,14-10-2024,canned beer,878
1978,06-11-2024,newspapers,5671
2166,06-01-2025,canned beer,2772
1356,31-10-2024,canned beer,5856
1426,30-07-2025,white bread,3673
1487,18-02-2025,bottled water,5839
1616,11-02-2024,parmesan,1554
1480,26-03-2025,whole milk,1249
1884,10-12-2025,sugar,4874
1320,12-04-2024,whole milk,4760
1872,04-03-2024,cat food,2947
1859,22-05-2024,ice cream,1745
1807,24-08-2024,bottled water,238
1897,13-09-2024,margarine,1742
2072,04-11-2025,yogurt,2994
2119,10-01-2024,tropical fruit,1567
1732,18-06-2024,whole milk,3039
1328,03-09-2025,bottled water,1617
1860,10-02-2024,margarine,428
1723,17-06-2025,domestic eggs,5923
1946,30-06-2025,chips,5344
1586,04-01-2024,root vegetables,4504
1830,20-10-2024,coffee,2415
1819,21-02-2024,salty snack,190
1972,17-10-2025,sugar,3087
1952,14-01-2025,whole milk,3151
2113,28-01-2024,chocolate,4954
1513,25-09-2024,ground beef,2197
1899,07-02-2024,yogurt,4988
1334,28-01-2025,domestic eggs,3513
2062,30-06-2024,beef,3422
1674,31-03-2025,curd,5286
1090,11-10-2024,soda,1155
1245,17-11-2024,beef,5609
1518,25-10-2025,tomato sauce,5905
1171,09-04-2024,root vegetables,3605
1568,26-09-2025,frankfurter,4605
2005,25-06-2024,domestic eggs,1546
1511,12-05-2025,pastry,646
1800,04-01-2025,soda,4107
1556,27-03-2024,frozen vegetables,284
1844,24-02-2024,canned beer,3423
1858,18-07-2024,chocolate,3676
1963,04-05-2025,coffee,4563
1045,21-06-2024,tropical fruit,3776
1666,19-06-2024,sugar,1677
1786,04-01-2025,chips,3003
2082,26-01-2025,canned beer,4272
1216,15-04-2025,pip fruit,236
1453,12-07-2024,domestic eggs,2476
1930,18-01-2024,napkins,2061
2180,28-07-2024,whole milk,3496
2070,27-02-2024,chips,2314
1789,13-08-2025,margarine,1850
1894,25-03-2024,canned beer,2475
1928,08-04-2025,chocolate,5725
1494,20-04-2024,cereal,4080
1635,22-08-2024,margarine,4289
1667,02-06-2025,beef,3225
2166,22-01-2024,canned beer,5030
2147,03-05-2024,frankfurter,3775
2145,28-02-2024,pip fruit,2357
1070,20-10-2024,parmesan,434
1974,09-12-2025,tropical fruit,4651
1111,09-05-2024,canned beer,2967
2151,29-04-2024,white bread,4279
1599,31-10-2025,domestic eggs,1721
1970,02-02-2024,sausage,4355
1347,10-03-2025,root vegetables,5874
1284,14-03-2025,whole milk,3510
1780,25-08-2025,margarine,489
1803,11-04-2025,tortillas,4477
2183,16-11-2024,onions,5470
1474,07-06-2025,pastry,3046
1479,09-08-2024,citrus fruit,684
1782,28-11-2025,curd,3100
1012,05-06-2025,whole milk,2041
1941,30-10-2025,jam,1515
2145,30-08-2025,pastry,2775
1458,15-01-2025,canned beer,281
1635,09-04-2024,margarine,2688
1634,05-10-2025,margarine,1134
1653,09-03-2025,yogurt,244
1216,13-02-2024,root vegetables,359
1699,01-08-2025,pasta,976
1679,03-01-2025,root vegetables,156
1375,28-11-2024,chocolate,3767
2044,05-05-2024,root vegetables,1292
1142,28-05-2025,rolls/buns,1222
1272,04-09-2025,margarine,4853
1304,24-05-2024,margarine,2465
1407,20-11-2025,canned beer,5360
1155,25-05-2024,margarine,1896
1830,17-04-2025,citrus fruit,3043
1705,13-01-2024,root vegetables,1804
1797,16-09-2025,frankfurter,5257
1603,21-07-2024,pip fruit,2654
1436,28-04-2025,citrus fruit,5760
2113,11-09-2024,tropical fruit,5679
1184,20-04-2024,margarine,85
1289,31-10-2024,frozen vegetables,1650
2026,24-01-2025,citrus fruit,626
1993,13-08-2025,chocolate,5991
1210,06-12-2024,citrus fruit,1956
1331,27-02-2024,sausage,598
1473,01-02-2025,diapers,1371
1122,18-01-2024,margarine,4879
1096,11-11-2025,citrus fruit,2224
1037,09-09-2024,brown bread,5046
1974,28-02-2024,root vegetables,2155
1288,06-03-2025,margarine,3815
2155,04-07-2025,jam,5235
2057,05-05-2024,soda,4805
1530,07-06-2025,cat food,5149
1797,22-03-2025,diapers,3611
2124,02-02-2024,cat food,425
1485,19-01-2024,root vegetables,1282
1507,07-04-2024,pasta,3991
1995,01-11-2025,chocolate,1846
1118,13-10-2025,frozen vegetables,247
1190,23-08-2025,margarine,4459
1247,07-09-2025,root vegetables,332
1619,08-07-2024,ground beef,5834
1053,20-10-2024,salty snack,4538
2111,31-01-2025,granola,2289
1194,17-03-2025,curd,1570
1911,15-04-2024,pip fruit,1375
1276,26-03-2024,salsa,2708
2175,12-07-2024,paper towels,4827
1307,03-08-2025,root vegetables,5673
1646,15-10-2024,frozen vegetables,4238
1262,27-07-2024,newspapers,2393
1394,24-08-2025,salsa,4429
1811,20-04-2025,jam,682
1609,09-04-2024,root vegetables,4562
1300,05-04-2025,newspapers,4750
1114,10-02-2025,whole milk,3302
1463,05-08-2024,napkins,4863
1353,16-12-2024,margarine,761
1053,17-11-2025,paper towels,5922
1513,21-11-2025,rolls/buns,1791
2088,27-08-2025,creamer,1334
1187,23-02-2024,brown bread,3638
1779,15-03-2025,margarine,1151
1250,18-10-2025,canned beer,3621
1401,11-02-2024,canned beer,191
2152,23-11-2025,cat food,811
1298,06-01-2024,creamer,1516
1713,15-07-2025,yogurt,3411
1263,18-05-2025,white bread,904
1138,14-09-2025,crackers,4730
1855,04-08-2025,rolls/buns,2935
1680,17-10-2025,citrus fruit,3366
1538,01-06-2024,margarine,1335
1510,30-08-2025,domestic eggs,3029
1470,20-12-2025,tomato sauce,2480
1113,21-01-2024,soda,473
1286,22-06-2024,bananas,5
1344,06-09-2025,beef,2102
2118,18-04-2024,white bread,1033
1227,15-05-2024,white bread,4055
2051,15-05-2025,cat food,1251
1827,22-08-2024,coffee,5569
1073,23-04-2025,brown bread,2568
1859,01-03-2024,chips,2791
1062,28-01-2025,salsa,4839
1142,08-01-2025,salty snack,2414
1906,03-05-2024,sausage,729
1609,09-04-2024,salsa,4562
2149,28-02-2025,margarine,4436
1146,03-07-2025,curd,2768
1030,17-12-2024,shopping bags,5333
2190,27-09-2024,citrus fruit,5342
1167,20-05-2024,napkins,4097
2065,21-10-2024,white bread,2442
1819,11-06-2025,root vegetables,1897
1863,20-01-2024,canned beer,4311
1192,20-08-2025,whole milk,314
1842,04-04-2025,whole milk,2056
1854,25-08-2024,paper towels,3184
1466,05-11-2025,margarine,974
1991,09-01-2024,tortillas,3157
1856,16-08-2024,sugar,3717
1814,01-07-2024,white bread,2215
1228,07-04-2024,  ROLLS/BUNS,1126
1580,03-04-2025,canned beer,539
1832,31-01-2024,bottled water,4869
1767,15-03-2025,whole milk,4245
1978,03-01-2024,red wine,1158
1151,15-08-2025,soda,5597
1264,18-10-2024,ground beef,2998
1371,21-11-2024,citrus fruit,3656
