invoice_id,invoice_date,customer_id,country,product_id,product_name,category,quantity,unit_price,line_total,archetype
INV101241,2024-01-01,C00181,United Kingdom,P0025,Garden Item 0025,Garden,4,16.76,67.04,dormant
INV100360,2024-01-02,C00127,United Kingdom,P0131,Stationery Item 0131,Stationery,5,12.06,60.3,regular
INV100360,2024-01-02,C00127,United Kingdom,P0096,Toys Item 0096,Toys,5,10.29,51.45,regular
INV100360,2024-01-02,C00127,United Kingdom,P0011,Stationery Item 0011,Stationery,5,15.05,75.25,regular
INV101052,2024-01-02,C00118,Ireland,P0211,Garden Item 0211,Garden,4,10.09,40.36,dormant
INV101052,2024-01-02,C00118,Ireland,P0060,Garden Item 0060,Garden,1,5.43,5.43,dormant
INV101235,2024-01-02,C00118,Ireland,P0032,Toys Item 0032,Toys,2,7.2,14.4,dormant
INV101235,2024-01-02,C00118,Ireland,P0031,Apparel Item 0031,Apparel,4,17.17,68.68,dormant
INV100465,2024-01-03,C00078,Ireland,P0293,Toys Item 0293,Toys,5,13.85,69.25,loyal
INV100529,2024-01-05,C00338,Ireland,P0080,Toys Item 0080,Toys,4,10.29,41.16,regular
INV101042,2024-01-05,C00119,United Kingdom,P0127,Toys Item 0127,Toys,3,32.0,96.0,loyal
INV100042,2024-01-08,C00439,Netherlands,P0048,Apparel Item 0048,Apparel,2,12.95,25.9,regular
INV100975,2024-01-10,C00288,France,P0163,Sports Item 0163,Sports,1,16.1,16.1,regular
INV101237,2024-01-10,C00330,Ireland,P0108,Garden Item 0108,Garden,1,12.75,12.75,at_risk
INV101245,2024-01-10,C00138,Netherlands,P0040,Toys Item 0040,Toys,3,25.32,75.96,at_risk
INV101245,2024-01-10,C00138,Netherlands,P0231,Toys Item 0231,Toys,5,10.98,54.9,at_risk
INV100538,2024-01-12,C00258,United Kingdom,P0103,Garden Item 0103,Garden,4,5.64,22.56,regular
INV100538,2024-01-12,C00258,United Kingdom,P0156,Beauty Item 0156,Beauty,2,6.52,13.04,regular
INV101471,2024-01-12,C00122,United Kingdom,P0040,Toys Item 0040,Toys,5,25.32,126.6,at_risk
INV101471,2024-01-12,C00122,United Kingdom,P0227,Garden Item 0227,Garden,2,14.32,28.64,at_risk
INV101471,2024-01-12,C00122,United Kingdom,P0230,Apparel Item 0230,Apparel,3,13.03,39.09,at_risk
INV100163,2024-01-13,C00024,United Kingdom,P0086,Toys Item 0086,Toys,1,15.78,15.78,loyal
INV100532,2024-01-14,C00381,Netherlands,P0082,Home Item 0082,Home & Kitchen,2,2.54,5.08,regular
INV100532,2024-01-14,C00381,Netherlands,P0265,Home Item 0265,Home & Kitchen,4,6.17,24.68,regular
INV100532,2024-01-14,C00381,Netherlands,P0212,Sports Item 0212,Sports,5,27.54,137.7,regular
INV101247,2024-01-14,C00324,United Kingdom,P0207,Apparel Item 0207,Apparel,3,10.85,32.55,at_risk
INV100049,2024-01-15,C00016,Germany,P0059,Garden Item 0059,Garden,3,22.24,66.72,regular
INV100049,2024-01-15,C00016,Germany,P0135,Beauty Item 0135,Beauty,5,17.3,86.5,regular
INV100973,2024-01-17,C00072,France,P0225,Beauty Item 0225,Beauty,1,4.63,4.63,at_risk
INV100973,2024-01-17,C00072,France,P0216,Stationery Item 0216,Stationery,3,7.88,23.64,at_risk
INV100973,2024-01-17,C00072,France,P0123,Toys Item 0123,Toys,3,19.79,59.37,at_risk
INV100973,2024-01-17,C00072,France,P0094,Apparel Item 0094,Apparel,1,14.15,14.15,at_risk
INV100630,2024-01-18,C00356,United Kingdom,P0020,Sports Item 0020,Sports,3,17.23,51.69,dormant
INV100630,2024-01-18,C00356,United Kingdom,P0213,Toys Item 0213,Toys,3,13.64,40.92,dormant
INV100630,2024-01-18,C00356,United Kingdom,P0057,Beauty Item 0057,Beauty,2,13.72,27.44,dormant
INV101473,2024-01-18,C00248,Germany,P0285,Toys Item 0285,Toys,5,5.98,29.9,regular
INV101473,2024-01-18,C00248,Germany,P0038,Beauty Item 0038,Beauty,2,4.36,8.72,regular
INV101473,2024-01-18,C00248,Germany,P0134,Beauty Item 0134,Beauty,5,8.0,40.0,regular
INV101473,2024-01-18,C00248,Germany,P0006,Toys Item 0006,Toys,5,14.64,73.2,regular
INV100031,2024-01-19,C00235,United Kingdom,P0116,Stationery Item 0116,Stationery,1,8.27,8.27,regular
INV100031,2024-01-19,C00235,United Kingdom,P0224,Toys Item 0224,Toys,2,6.73,13.46,regular
INV100031,2024-01-19,C00235,United Kingdom,P0000,Home Item 0000,Home & Kitchen,2,5.41,10.82,regular
INV100031,2024-01-19,C00235,United Kingdom,P0115,Home Item 0115,Home & Kitchen,1,20.54,20.54,regular
INV100222,2024-01-19,C00312,Netherlands,P0166,Electronics Item 0166,Electronics Accessories,4,7.11,28.44,regular
INV100222,2024-01-19,C00312,Netherlands,P0247,Home Item 0247,Home & Kitchen,3,15.37,46.11,regular
INV100222,2024-01-19,C00312,Netherlands,P0221,Sports Item 0221,Sports,2,18.04,36.08,regular
INV100222,2024-01-19,C00312,Netherlands,P0027,Electronics Item 0027,Electronics Accessories,1,19.73,19.73,regular
INV100816,2024-01-19,C00419,United Kingdom,P0173,Apparel Item 0173,Apparel,4,19.11,76.44,at_risk
INV100816,2024-01-19,C00419,United Kingdom,P0259,Apparel Item 0259,Apparel,5,12.89,64.45,at_risk
INV100871,2024-01-19,C00408,Ireland,P0073,Garden Item 0073,Garden,3,8.64,25.92,champion
INV100871,2024-01-19,C00408,Ireland,P0201,Electronics Item 0201,Electronics Accessories,4,2.96,11.84,champion
INV100871,2024-01-19,C00408,Ireland,P0016,Beauty Item 0016,Beauty,5,16.32,81.6,champion
INV100871,2024-01-19,C00408,Ireland,P0287,Toys Item 0287,Toys,3,17.98,53.94,champion
INV100871,2024-01-19,C00408,Ireland,P0156,Beauty Item 0156,Beauty,4,6.52,26.08,champion
INV100871,2024-01-19,C00408,Ireland,P0253,Toys Item 0253,Toys,2,5.41,10.82,champion
INV100871,2024-01-19,C00408,Ireland,P0075,Home Item 0075,Home & Kitchen,2,4.7,9.4,champion
INV100871,2024-01-19,C00408,Ireland,P0184,Stationery Item 0184,Stationery,1,12.05,12.05,champion
INV100871,2024-01-19,C00408,Ireland,P0167,Sports Item 0167,Sports,4,9.45,37.8,champion
INV100871,2024-01-19,C00408,Ireland,P0182,Toys Item 0182,Toys,2,14.77,29.54,champion
INV100871,2024-01-19,C00408,Ireland,P0118,Apparel Item 0118,Apparel,5,9.67,48.35,champion
INV100871,2024-01-19,C00408,Ireland,P0059,Garden Item 0059,Garden,5,22.24,111.2,champion
INV100902,2024-01-19,C00050,Ireland,P0281,Beauty Item 0281,Beauty,5,2.14,10.7,regular
INV100902,2024-01-19,C00050,Ireland,P0287,Toys Item 0287,Toys,5,17.98,89.9,regular
INV100902,2024-01-19,C00050,Ireland,P0224,Toys Item 0224,Toys,5,6.73,33.65,regular
INV100902,2024-01-19,C00050,Ireland,P0067,Sports Item 0067,Sports,4,14.79,59.16,regular
INV100333,2024-01-20,C00329,France,P0087,Home Item 0087,Home & Kitchen,1,9.17,9.17,at_risk
INV100333,2024-01-20,C00329,France,P0068,Beauty Item 0068,Beauty,2,7.24,14.48,at_risk
INV100333,2024-01-20,C00329,France,P0195,Apparel Item 0195,Apparel,5,27.22,136.1,at_risk
INV100333,2024-01-20,C00329,France,P0263,Toys Item 0263,Toys,3,10.21,30.63,at_risk
INV100403,2024-01-20,C00172,Germany,P0256,Home Item 0256,Home & Kitchen,4,10.1,40.4,loyal
INV100403,2024-01-20,C00172,Germany,P0218,Electronics Item 0218,Electronics Accessories,5,6.37,31.85,loyal
INV100851,2024-01-20,C00083,Germany,P0131,Stationery Item 0131,Stationery,2,12.06,24.12,regular
INV100909,2024-01-20,C00481,United Kingdom,P0120,Sports Item 0120,Sports,3,12.93,38.79,loyal
INV100909,2024-01-20,C00481,United Kingdom,P0037,Toys Item 0037,Toys,5,10.9,54.5,loyal
INV100388,2024-01-21,C00301,United Kingdom,P0211,Garden Item 0211,Garden,5,10.09,50.45,at_risk
INV100401,2024-01-21,C00343,United Kingdom,P0021,Sports Item 0021,Sports,1,9.22,9.22,loyal
INV100401,2024-01-21,C00343,United Kingdom,P0154,Home Item 0154,Home & Kitchen,1,12.36,12.36,loyal
INV100401,2024-01-21,C00343,United Kingdom,P0149,Toys Item 0149,Toys,5,6.39,31.95,loyal
INV100401,2024-01-21,C00343,United Kingdom,P0235,Sports Item 0235,Sports,4,4.95,19.8,loyal
INV100401,2024-01-21,C00343,United Kingdom,P0079,Sports Item 0079,Sports,4,17.36,69.44,loyal
INV100857,2024-01-21,C00285,France,P0293,Toys Item 0293,Toys,2,13.85,27.7,regular
INV100857,2024-01-21,C00285,France,P0154,Home Item 0154,Home & Kitchen,3,12.36,37.08,regular
INV100857,2024-01-21,C00285,France,P0287,Toys Item 0287,Toys,4,17.98,71.92,regular
INV100857,2024-01-21,C00285,France,P0001,Sports Item 0001,Sports,2,20.7,41.4,regular
INV100857,2024-01-21,C00285,France,P0298,Stationery Item 0298,Stationery,1,2.24,2.24,regular
INV101149,2024-01-21,C00126,United Kingdom,P0248,Apparel Item 0248,Apparel,1,18.11,18.11,regular
INV101149,2024-01-21,C00126,United Kingdom,P0169,Apparel Item 0169,Apparel,5,6.65,33.25,regular
INV101149,2024-01-21,C00126,United Kingdom,P0052,Beauty Item 0052,Beauty,4,4.18,16.72,regular
INV100623,2024-01-22,C00103,France,P0146,Garden Item 0146,Garden,3,10.36,31.08,loyal
INV100623,2024-01-22,C00103,France,P0009,Sports Item 0009,Sports,1,10.35,10.35,loyal
INV101396,2024-01-22,C00056,United Kingdom,P0029,Sports Item 0029,Sports,2,15.87,31.74,loyal
INV101396,2024-01-22,C00056,United Kingdom,P0217,Electronics Item 0217,Electronics Accessories,2,2.06,4.12,loyal
INV100927,2024-01-23,C00420,France,P0074,Beauty Item 0074,Beauty,33,25.87,853.71,dormant
INV100927,2024-01-23,C00420,France,P0264,Home Item 0264,Home & Kitchen,32,15.09,482.88,dormant
INV100927,2024-01-23,C00420,France,P0130,Home Item 0130,Home & Kitchen,35,16.98,594.3,dormant
INV100927,2024-01-23,C00420,France,P0184,Stationery Item 0184,Stationery,17,10.85,184.45,dormant
INV100927,2024-01-23,C00420,France,P0070,Beauty Item 0070,Beauty,35,11.61,406.35,dormant
INV100927,2024-01-23,C00420,France,P0221,Sports Item 0221,Sports,22,16.24,357.28,dormant
INV100927,2024-01-23,C00420,France,P0239,Apparel Item 0239,Apparel,29,3.05,88.45,dormant
INV100927,2024-01-23,C00420,France,P0226,Sports Item 0226,Sports,36,5.46,196.56,dormant
INV100927,2024-01-23,C00420,France,P0234,Beauty Item 0234,Beauty,20,13.13,262.6,dormant
INV100927,2024-01-23,C00420,France,P0027,Electronics Item 0027,Electronics Accessories,20,17.76,355.2,dormant
INV100927,2024-01-23,C00420,France,P0039,Home Item 0039,Home & Kitchen,39,13.44,524.16,dormant
INV100927,2024-01-23,C00420,France,P0212,Sports Item 0212,Sports,24,24.79,594.96,dormant
INV100927,2024-01-23,C00420,France,P0256,Home Item 0256,Home & Kitchen,38,9.09,345.42,dormant
INV100927,2024-01-23,C00420,France,P0140,Apparel Item 0140,Apparel,23,13.55,311.65,dormant
INV100927,2024-01-23,C00420,France,P0056,Toys Item 0056,Toys,30,5.07,152.1,dormant
INV100927,2024-01-23,C00420,France,P0102,Toys Item 0102,Toys,27,12.95,349.65,dormant
INV100927,2024-01-23,C00420,France,P0258,Toys Item 0258,Toys,39,16.16,630.24,dormant
INV100927,2024-01-23,C00420,France,P0202,Toys Item 0202,Toys,28,3.43,96.04,dormant
INV100927,2024-01-23,C00420,France,P0149,Toys Item 0149,Toys,27,5.75,155.25,dormant
INV100927,2024-01-23,C00420,France,P0209,Garden Item 0209,Garden,26,18.17,472.42,dormant
INV100927,2024-01-23,C00420,France,P0255,Electronics Item 0255,Electronics Accessories,24,2.48,59.52,dormant
INV100927,2024-01-23,C00420,France,P0098,Beauty Item 0098,Beauty,26,9.71,252.46,dormant
INV100927,2024-01-23,C00420,France,P0060,Garden Item 0060,Garden,26,4.89,127.14,dormant
INV100927,2024-01-23,C00420,France,P0247,Home Item 0247,Home & Kitchen,34,13.83,470.22,dormant
INV100927,2024-01-23,C00420,France,P0132,Apparel Item 0132,Apparel,16,29.94,479.04,dormant
INV100927,2024-01-23,C00420,France,P0081,Garden Item 0081,Garden,27,24.16,652.32,dormant
INV100927,2024-01-23,C00420,France,P0043,Electronics Item 0043,Electronics Accessories,28,17.57,491.96,dormant
INV100927,2024-01-23,C00420,France,P0200,Garden Item 0200,Garden,33,8.36,275.88,dormant
INV100927,2024-01-23,C00420,France,P0017,Toys Item 0017,Toys,31,12.07,374.17,dormant
INV100927,2024-01-23,C00420,France,P0263,Toys Item 0263,Toys,25,9.19,229.75,dormant
INV100994,2024-01-23,C00252,United Kingdom,P0159,Home Item 0159,Home & Kitchen,5,7.2,36.0,loyal
INV100994,2024-01-23,C00252,United Kingdom,P0226,Sports Item 0226,Sports,1,6.07,6.07,loyal
INV100994,2024-01-23,C00252,United Kingdom,P0214,Beauty Item 0214,Beauty,1,5.84,5.84,loyal
INV100994,2024-01-23,C00252,United Kingdom,P0043,Electronics Item 0043,Electronics Accessories,5,19.52,97.6,loyal
INV100994,2024-01-23,C00252,United Kingdom,P0284,Apparel Item 0284,Apparel,2,22.03,44.06,loyal
INV100994,2024-01-23,C00252,United Kingdom,P0045,Electronics Item 0045,Electronics Accessories,4,3.96,15.84,loyal
INV100994,2024-01-23,C00252,United Kingdom,P0085,Stationery Item 0085,Stationery,2,4.34,8.68,loyal
INV100994,2024-01-23,C00252,United Kingdom,P0070,Beauty Item 0070,Beauty,2,12.9,25.8,loyal
INV101255,2024-01-23,C00274,Ireland,P0003,Beauty Item 0003,Beauty,3,11.37,34.11,at_risk
INV101083,2024-01-24,C00044,United Kingdom,P0230,Apparel Item 0230,Apparel,1,13.03,13.03,regular
INV101083,2024-01-24,C00044,United Kingdom,P0107,Home Item 0107,Home & Kitchen,3,7.79,23.37,regular
INV101083,2024-01-24,C00044,United Kingdom,P0175,Garden Item 0175,Garden,3,15.65,46.95,regular
INV101083,2024-01-24,C00044,United Kingdom,P0100,Electronics Item 0100,Electronics Accessories,2,5.18,10.36,regular
INV101083,2024-01-24,C00044,United Kingdom,P0150,Garden Item 0150,Garden,2,11.59,23.18,regular
INV101083,2024-01-24,C00044,United Kingdom,P0255,Electronics Item 0255,Electronics Accessories,5,2.75,13.75,regular
INV100084,2024-01-25,C00328,United Kingdom,P0248,Apparel Item 0248,Apparel,1,18.11,18.11,loyal
INV100162,2024-01-25,C00334,United Kingdom,P0231,Toys Item 0231,Toys,2,10.98,21.96,loyal
INV100162,2024-01-25,C00334,United Kingdom,P0177,Apparel Item 0177,Apparel,5,7.91,39.55,loyal
INV100162,2024-01-25,C00334,United Kingdom,P0081,Garden Item 0081,Garden,4,26.84,107.36,loyal
INV100162,2024-01-25,C00334,United Kingdom,P0153,Home Item 0153,Home & Kitchen,1,2.62,2.62,loyal
INV100162,2024-01-25,C00334,United Kingdom,P0040,Toys Item 0040,Toys,3,25.32,75.96,loyal
INV100162,2024-01-25,C00334,United Kingdom,P0140,Apparel Item 0140,Apparel,2,15.06,30.12,loyal
INV100533,2024-01-25,C00088,United Kingdom,P0235,Sports Item 0235,Sports,1,4.95,4.95,regular
INV100533,2024-01-25,C00088,United Kingdom,P0079,Sports Item 0079,Sports,5,17.36,86.8,regular
INV100533,2024-01-25,C00088,United Kingdom,P0168,Sports Item 0168,Sports,1,25.71,25.71,regular
INV100598,2024-01-26,C00416,United Kingdom,P0059,Garden Item 0059,Garden,4,22.24,88.96,regular
INV100598,2024-01-26,C00416,United Kingdom,P0233,Apparel Item 0233,Apparel,1,25.83,25.83,regular
INV100598,2024-01-26,C00416,United Kingdom,P0192,Garden Item 0192,Garden,4,17.1,68.4,regular
INV100930,2024-01-26,C00390,United Kingdom,P0069,Electronics Item 0069,Electronics Accessories,3,8.37,25.11,loyal
INV100930,2024-01-26,C00390,United Kingdom,P0018,Beauty Item 0018,Beauty,5,19.88,99.4,loyal
INV100930,2024-01-26,C00390,United Kingdom,P0242,Stationery Item 0242,Stationery,1,7.66,7.66,loyal
INV100930,2024-01-26,C00390,United Kingdom,P0286,Toys Item 0286,Toys,5,17.4,87.0,loyal
INV101168,2024-01-26,C00104,Spain,P0113,Garden Item 0113,Garden,1,5.12,5.12,loyal
INV100287,2024-01-27,C00214,Germany,P0143,Home Item 0143,Home & Kitchen,1,7.7,7.7,champion
INV100287,2024-01-27,C00214,Germany,P0226,Sports Item 0226,Sports,4,6.07,24.28,champion
INV100287,2024-01-27,C00214,Germany,P0030,Toys Item 0030,Toys,5,8.54,42.7,champion
INV100287,2024-01-27,C00214,Germany,P0234,Beauty Item 0234,Beauty,3,14.59,43.77,champion
INV100287,2024-01-27,C00214,Germany,P0296,Electronics Item 0296,Electronics Accessories,3,13.81,41.43,champion
INV100287,2024-01-27,C00214,Germany,P0214,Beauty Item 0214,Beauty,1,5.84,5.84,champion
INV100287,2024-01-27,C00214,Germany,P0200,Garden Item 0200,Garden,5,9.29,46.45,champion
INV100287,2024-01-27,C00214,Germany,P0271,Garden Item 0271,Garden,5,4.37,21.85,champion
INV100287,2024-01-27,C00214,Germany,P0129,Sports Item 0129,Sports,5,7.01,35.05,champion
INV100287,2024-01-27,C00214,Germany,P0266,Beauty Item 0266,Beauty,2,9.2,18.4,champion
INV100287,2024-01-27,C00214,Germany,P0108,Garden Item 0108,Garden,4,12.75,51.0,champion
INV100287,2024-01-27,C00214,Germany,P0116,Stationery Item 0116,Stationery,3,8.27,24.81,champion
INV100287,2024-01-27,C00214,Germany,P0182,Toys Item 0182,Toys,2,14.77,29.54,champion
INV100287,2024-01-27,C00214,Germany,P0144,Apparel Item 0144,Apparel,2,13.41,26.82,champion
INV100457,2024-01-27,C00286,Spain,P0194,Garden Item 0194,Garden,1,48.13,48.13,regular
INV100457,2024-01-27,C00286,Spain,P0062,Stationery Item 0062,Stationery,1,32.4,32.4,regular
INV100536,2024-01-28,C00220,Ireland,P0017,Toys Item 0017,Toys,5,13.41,67.05,loyal
INV100536,2024-01-28,C00220,Ireland,P0163,Sports Item 0163,Sports,1,16.1,16.1,loyal
INV100536,2024-01-28,C00220,Ireland,P0225,Beauty Item 0225,Beauty,3,4.63,13.89,loyal
INV100536,2024-01-28,C00220,Ireland,P0250,Stationery Item 0250,Stationery,4,11.75,47.0,loyal
INV100445,2024-01-29,C00116,United Kingdom,P0270,Electronics Item 0270,Electronics Accessories,3,13.76,41.28,regular
INV100445,2024-01-29,C00116,United Kingdom,P0058,Garden Item 0058,Garden,4,7.47,29.88,regular
INV100445,2024-01-29,C00116,United Kingdom,P0259,Apparel Item 0259,Apparel,4,12.89,51.56,regular
INV100707,2024-01-29,C00101,Netherlands,P0053,Garden Item 0053,Garden,3,9.88,29.64,regular
INV101092,2024-01-29,C00405,Spain,P0201,Electronics Item 0201,Electronics Accessories,4,2.96,11.84,loyal
INV101273,2024-01-29,C00468,United Kingdom,P0190,Stationery Item 0190,Stationery,5,5.75,28.75,loyal
INV101273,2024-01-29,C00468,United Kingdom,P0087,Home Item 0087,Home & Kitchen,3,9.17,27.51,loyal
INV101273,2024-01-29,C00468,United Kingdom,P0114,Home Item 0114,Home & Kitchen,1,15.7,15.7,loyal
INV101273,2024-01-29,C00468,United Kingdom,P0186,Sports Item 0186,Sports,4,11.3,45.2,loyal
INV101273,2024-01-29,C00468,United Kingdom,P0100,Electronics Item 0100,Electronics Accessories,2,5.18,10.36,loyal
INV101273,2024-01-29,C00468,United Kingdom,P0146,Garden Item 0146,Garden,4,10.36,41.44,loyal
INV101273,2024-01-29,C00468,United Kingdom,P0189,Garden Item 0189,Garden,3,9.4,28.2,loyal
INV100941,2024-01-30,C00052,Spain,P0267,Electronics Item 0267,Electronics Accessories,1,11.36,11.36,champion
INV100941,2024-01-30,C00052,Spain,P0154,Home Item 0154,Home & Kitchen,2,12.36,24.72,champion
INV100941,2024-01-30,C00052,Spain,P0106,Garden Item 0106,Garden,3,9.58,28.74,champion
INV100941,2024-01-30,C00052,Spain,P0180,Stationery Item 0180,Stationery,3,9.07,27.21,champion
INV100941,2024-01-30,C00052,Spain,P0186,Sports Item 0186,Sports,4,11.3,45.2,champion
INV100941,2024-01-30,C00052,Spain,P0040,Toys Item 0040,Toys,4,25.32,101.28,champion
INV100941,2024-01-30,C00052,Spain,P0194,Garden Item 0194,Garden,4,48.13,192.52,champion
INV101089,2024-01-30,C00327,Spain,P0292,Beauty Item 0292,Beauty,2,5.92,11.84,champion
INV101089,2024-01-30,C00327,Spain,P0231,Toys Item 0231,Toys,3,10.98,32.94,champion
INV101089,2024-01-30,C00327,Spain,P0187,Garden Item 0187,Garden,4,6.33,25.32,champion
INV101089,2024-01-30,C00327,Spain,P0004,Garden Item 0004,Garden,4,18.82,75.28,champion
INV101089,2024-01-30,C00327,Spain,P0061,Stationery Item 0061,Stationery,3,8.19,24.57,champion
INV101089,2024-01-30,C00327,Spain,P0115,Home Item 0115,Home & Kitchen,4,20.54,82.16,champion
INV101089,2024-01-30,C00327,Spain,P0040,Toys Item 0040,Toys,5,25.32,126.6,champion
INV101089,2024-01-30,C00327,Spain,P0077,Home Item 0077,Home & Kitchen,5,8.82,44.1,champion
INV101183,2024-01-30,C00162,Netherlands,P0292,Beauty Item 0292,Beauty,2,5.92,11.84,loyal
INV101183,2024-01-30,C00162,Netherlands,P0177,Apparel Item 0177,Apparel,5,7.91,39.55,loyal
INV101183,2024-01-30,C00162,Netherlands,P0176,Toys Item 0176,Toys,3,20.55,61.65,loyal
INV101183,2024-01-30,C00162,Netherlands,P0200,Garden Item 0200,Garden,1,9.29,9.29,loyal
INV101183,2024-01-30,C00162,Netherlands,P0158,Garden Item 0158,Garden,4,8.27,33.08,loyal
INV101183,2024-01-30,C00162,Netherlands,P0254,Garden Item 0254,Garden,2,47.1,94.2,loyal
INV101183,2024-01-30,C00162,Netherlands,P0127,Toys Item 0127,Toys,3,32.0,96.0,loyal
INV101183,2024-01-30,C00162,Netherlands,P0003,Beauty Item 0003,Beauty,5,11.37,56.85,loyal
INV100620,2024-01-31,C00389,Ireland,P0235,Sports Item 0235,Sports,3,4.95,14.85,at_risk
INV100620,2024-01-31,C00389,Ireland,P0079,Sports Item 0079,Sports,2,17.36,34.72,at_risk
INV101231,2024-01-31,C00015,Germany,P0109,Apparel Item 0109,Apparel,4,11.92,47.68,at_risk
INV101231,2024-01-31,C00015,Germany,P0029,Sports Item 0029,Sports,4,15.87,63.48,at_risk
INV100196,2024-02-01,C00365,United Kingdom,P0139,Stationery Item 0139,Stationery,2,2.18,4.36,champion
INV100196,2024-02-01,C00365,United Kingdom,P0065,Stationery Item 0065,Stationery,5,38.71,193.55,champion
INV100799,2024-02-01,C00213,Netherlands,P0203,Sports Item 0203,Sports,4,20.16,80.64,loyal
INV100799,2024-02-01,C00213,Netherlands,P0202,Toys Item 0202,Toys,4,3.81,15.24,loyal
INV100799,2024-02-01,C00213,Netherlands,P0196,Stationery Item 0196,Stationery,5,11.07,55.35,loyal
INV100799,2024-02-01,C00213,Netherlands,P0164,Home Item 0164,Home & Kitchen,2,19.4,38.8,loyal
INV100644,2024-02-02,C00373,United Kingdom,P0227,Garden Item 0227,Garden,3,14.32,42.96,regular
INV100644,2024-02-02,C00373,United Kingdom,P0107,Home Item 0107,Home & Kitchen,3,7.79,23.37,regular
INV100644,2024-02-02,C00373,United Kingdom,P0240,Garden Item 0240,Garden,4,7.99,31.96,regular
INV100751,2024-02-03,C00049,United Kingdom,P0021,Sports Item 0021,Sports,5,9.22,46.1,loyal
INV100751,2024-02-03,C00049,United Kingdom,P0270,Electronics Item 0270,Electronics Accessories,1,13.76,13.76,loyal
INV100751,2024-02-03,C00049,United Kingdom,P0222,Beauty Item 0222,Beauty,1,16.46,16.46,loyal
INV100751,2024-02-03,C00049,United Kingdom,P0046,Toys Item 0046,Toys,5,13.41,67.05,loyal
INV101053,2024-02-05,C00078,Ireland,P0280,Beauty Item 0280,Beauty,5,6.37,31.85,loyal
INV101053,2024-02-05,C00078,Ireland,P0138,Stationery Item 0138,Stationery,4,23.38,93.52,loyal
INV101053,2024-02-05,C00078,Ireland,P0219,Stationery Item 0219,Stationery,5,10.17,50.85,loyal
INV101053,2024-02-05,C00078,Ireland,P0099,Toys Item 0099,Toys,4,3.9,15.6,loyal
INV101053,2024-02-05,C00078,Ireland,P0216,Stationery Item 0216,Stationery,5,7.88,39.4,loyal
INV101054,2024-02-06,C00410,United Kingdom,P0179,Toys Item 0179,Toys,1,14.27,14.27,loyal
INV101054,2024-02-06,C00410,United Kingdom,P0271,Garden Item 0271,Garden,2,4.37,8.74,loyal
INV101054,2024-02-06,C00410,United Kingdom,P0119,Stationery Item 0119,Stationery,5,27.78,138.9,loyal
INV101054,2024-02-06,C00410,United Kingdom,P0100,Electronics Item 0100,Electronics Accessories,5,5.18,25.9,loyal
INV101054,2024-02-06,C00410,United Kingdom,P0079,Sports Item 0079,Sports,2,17.36,34.72,loyal
INV100228,2024-02-08,C00196,United Kingdom,P0166,Electronics Item 0166,Electronics Accessories,4,7.11,28.44,loyal
INV100228,2024-02-08,C00196,United Kingdom,P0203,Sports Item 0203,Sports,1,20.16,20.16,loyal
INV100228,2024-02-08,C00196,United Kingdom,P0077,Home Item 0077,Home & Kitchen,1,8.82,8.82,loyal
INV100228,2024-02-08,C00196,United Kingdom,P0153,Home Item 0153,Home & Kitchen,3,2.62,7.86,loyal
INV100725,2024-02-08,C00231,Ireland,P0022,Garden Item 0022,Garden,4,9.52,38.08,regular
INV100725,2024-02-08,C00231,Ireland,P0183,Beauty Item 0183,Beauty,4,14.45,57.8,regular
INV100151,2024-02-09,C00037,United Kingdom,P0021,Sports Item 0021,Sports,5,9.22,46.1,champion
INV100151,2024-02-09,C00037,United Kingdom,P0030,Toys Item 0030,Toys,4,8.54,34.16,champion
INV100151,2024-02-09,C00037,United Kingdom,P0264,Home Item 0264,Home & Kitchen,2,16.77,33.54,champion
INV100151,2024-02-09,C00037,United Kingdom,P0061,Stationery Item 0061,Stationery,1,8.19,8.19,champion
INV100151,2024-02-09,C00037,United Kingdom,P0145,Electronics Item 0145,Electronics Accessories,4,13.74,54.96,champion
INV100151,2024-02-09,C00037,United Kingdom,P0202,Toys Item 0202,Toys,1,3.81,3.81,champion
INV100151,2024-02-09,C00037,United Kingdom,P0241,Sports Item 0241,Sports,3,13.49,40.47,champion
INV100526,2024-02-09,C00242,United Kingdom,P0268,Beauty Item 0268,Beauty,5,10.88,54.4,loyal
INV100526,2024-02-09,C00242,United Kingdom,P0002,Garden Item 0002,Garden,4,12.52,50.08,loyal
INV101004,2024-02-09,C00100,Ireland,P0152,Toys Item 0152,Toys,2,42.54,85.08,loyal
INV101319,2024-02-09,C00199,United Kingdom,P0260,Garden Item 0260,Garden,3,17.06,51.18,champion
INV101319,2024-02-09,C00199,United Kingdom,P0190,Stationery Item 0190,Stationery,1,5.75,5.75,champion
INV101319,2024-02-09,C00199,United Kingdom,P0071,Beauty Item 0071,Beauty,3,12.79,38.37,champion
INV101319,2024-02-09,C00199,United Kingdom,P0199,Sports Item 0199,Sports,1,14.62,14.62,champion
INV101319,2024-02-09,C00199,United Kingdom,P0113,Garden Item 0113,Garden,2,5.12,10.24,champion
INV101319,2024-02-09,C00199,United Kingdom,P0193,Apparel Item 0193,Apparel,1,22.21,22.21,champion
INV101319,2024-02-09,C00199,United Kingdom,P0141,Sports Item 0141,Sports,4,16.81,67.24,champion
INV101319,2024-02-09,C00199,United Kingdom,P0196,Stationery Item 0196,Stationery,1,11.07,11.07,champion
INV101319,2024-02-09,C00199,United Kingdom,P0218,Electronics Item 0218,Electronics Accessories,3,6.37,19.11,champion
INV101387,2024-02-09,C00134,United Kingdom,P0133,Home Item 0133,Home & Kitchen,2,3.6,7.2,champion
INV101387,2024-02-09,C00134,United Kingdom,P0094,Apparel Item 0094,Apparel,1,14.15,14.15,champion
INV101387,2024-02-09,C00134,United Kingdom,P0137,Beauty Item 0137,Beauty,4,7.15,28.6,champion
INV101387,2024-02-09,C00134,United Kingdom,P0228,Toys Item 0228,Toys,3,20.22,60.66,champion
INV101387,2024-02-09,C00134,United Kingdom,P0100,Electronics Item 0100,Electronics Accessories,2,5.18,10.36,champion
INV101387,2024-02-09,C00134,United Kingdom,P0207,Apparel Item 0207,Apparel,5,10.85,54.25,champion
INV101387,2024-02-09,C00134,United Kingdom,P0249,Apparel Item 0249,Apparel,4,7.46,29.84,champion
INV101387,2024-02-09,C00134,United Kingdom,P0266,Beauty Item 0266,Beauty,4,9.2,36.8,champion
INV101387,2024-02-09,C00134,United Kingdom,P0010,Sports Item 0010,Sports,2,16.22,32.44,champion
INV101387,2024-02-09,C00134,United Kingdom,P0121,Toys Item 0121,Toys,2,8.89,17.78,champion
INV100063,2024-02-10,C00272,United Kingdom,P0018,Beauty Item 0018,Beauty,1,19.88,19.88,loyal
INV100063,2024-02-10,C00272,United Kingdom,P0098,Beauty Item 0098,Beauty,1,10.79,10.79,loyal
INV100063,2024-02-10,C00272,United Kingdom,P0292,Beauty Item 0292,Beauty,1,5.92,5.92,loyal
INV100063,2024-02-10,C00272,United Kingdom,P0134,Beauty Item 0134,Beauty,2,8.0,16.0,loyal
INV100063,2024-02-10,C00272,United Kingdom,P0187,Garden Item 0187,Garden,5,6.33,31.65,loyal
INV100063,2024-02-10,C00272,United Kingdom,P0178,Garden Item 0178,Garden,2,15.19,30.38,loyal
INV100063,2024-02-10,C00272,United Kingdom,P0180,Stationery Item 0180,Stationery,4,9.07,36.28,loyal
INV100063,2024-02-10,C00272,United Kingdom,P0145,Electronics Item 0145,Electronics Accessories,3,13.74,41.22,loyal
INV100063,2024-02-10,C00272,United Kingdom,P0182,Toys Item 0182,Toys,1,14.77,14.77,loyal
INV100063,2024-02-10,C00272,United Kingdom,P0002,Garden Item 0002,Garden,3,12.52,37.56,loyal
INV100297,2024-02-11,C00125,Germany,P0262,Home Item 0262,Home & Kitchen,4,8.77,35.08,loyal
INV100297,2024-02-11,C00125,Germany,P0075,Home Item 0075,Home & Kitchen,5,4.7,23.5,loyal
INV100297,2024-02-11,C00125,Germany,P0141,Sports Item 0141,Sports,1,16.81,16.81,loyal
INV100297,2024-02-11,C00125,Germany,P0131,Stationery Item 0131,Stationery,2,12.06,24.12,loyal
INV100297,2024-02-11,C00125,Germany,P0194,Garden Item 0194,Garden,2,48.13,96.26,loyal
INV100350,2024-02-11,C00381,Netherlands,P0066,Toys Item 0066,Toys,1,6.01,6.01,regular
INV100350,2024-02-11,C00381,Netherlands,P0154,Home Item 0154,Home & Kitchen,5,12.36,61.8,regular
INV100350,2024-02-11,C00381,Netherlands,P0222,Beauty Item 0222,Beauty,4,16.46,65.84,regular
INV100350,2024-02-11,C00381,Netherlands,P0064,Beauty Item 0064,Beauty,3,5.73,17.19,regular
INV100396,2024-02-11,C00418,Spain,P0169,Apparel Item 0169,Apparel,4,6.65,26.6,loyal
INV100396,2024-02-11,C00418,Spain,P0165,Home Item 0165,Home & Kitchen,4,4.44,17.76,loyal
INV100396,2024-02-11,C00418,Spain,P0201,Electronics Item 0201,Electronics Accessories,4,2.96,11.84,loyal
INV100396,2024-02-11,C00418,Spain,P0101,Stationery Item 0101,Stationery,3,55.1,165.3,loyal
INV100396,2024-02-11,C00418,Spain,P0058,Garden Item 0058,Garden,5,7.47,37.35,loyal
INV100396,2024-02-11,C00418,Spain,P0116,Stationery Item 0116,Stationery,5,8.27,41.35,loyal
INV100396,2024-02-11,C00418,Spain,P0077,Home Item 0077,Home & Kitchen,2,8.82,17.64,loyal
INV100439,2024-02-11,C00162,Netherlands,P0221,Sports Item 0221,Sports,3,18.04,54.12,loyal
INV100439,2024-02-11,C00162,Netherlands,P0120,Sports Item 0120,Sports,4,12.93,51.72,loyal
INV100439,2024-02-11,C00162,Netherlands,P0088,Garden Item 0088,Garden,1,25.85,25.85,loyal
INV100439,2024-02-11,C00162,Netherlands,P0047,Apparel Item 0047,Apparel,1,29.75,29.75,loyal
INV100439,2024-02-11,C00162,Netherlands,P0283,Toys Item 0283,Toys,4,9.72,38.88,loyal
INV100439,2024-02-11,C00162,Netherlands,P0083,Apparel Item 0083,Apparel,2,6.29,12.58,loyal
INV100439,2024-02-11,C00162,Netherlands,P0052,Beauty Item 0052,Beauty,5,4.18,20.9,loyal
INV100687,2024-02-11,C00077,Ireland,P0203,Sports Item 0203,Sports,4,20.16,80.64,loyal
INV100687,2024-02-11,C00077,Ireland,P0285,Toys Item 0285,Toys,3,5.98,17.94,loyal
INV100687,2024-02-11,C00077,Ireland,P0082,Home Item 0082,Home & Kitchen,3,2.54,7.62,loyal
INV100687,2024-02-11,C00077,Ireland,P0208,Sports Item 0208,Sports,3,17.62,52.86,loyal
INV100687,2024-02-11,C00077,Ireland,P0099,Toys Item 0099,Toys,3,3.9,11.7,loyal
INV100687,2024-02-11,C00077,Ireland,P0216,Stationery Item 0216,Stationery,2,7.88,15.76,loyal
INV100687,2024-02-11,C00077,Ireland,P0192,Garden Item 0192,Garden,4,17.1,68.4,loyal
INV100687,2024-02-11,C00077,Ireland,P0235,Sports Item 0235,Sports,2,4.95,9.9,loyal
INV100687,2024-02-11,C00077,Ireland,P0145,Electronics Item 0145,Electronics Accessories,3,13.74,41.22,loyal
INV100687,2024-02-11,C00077,Ireland,P0041,Electronics Item 0041,Electronics Accessories,3,18.37,55.11,loyal
INV100687,2024-02-11,C00077,Ireland,P0217,Electronics Item 0217,Electronics Accessories,4,2.06,8.24,loyal
INV100687,2024-02-11,C00077,Ireland,P0079,Sports Item 0079,Sports,5,17.36,86.8,loyal
INV100687,2024-02-11,C00077,Ireland,P0241,Sports Item 0241,Sports,4,13.49,53.96,loyal
INV100937,2024-02-11,C00055,United Kingdom,P0171,Garden Item 0171,Garden,1,6.31,6.31,at_risk
INV100937,2024-02-11,C00055,United Kingdom,P0198,Garden Item 0198,Garden,1,17.59,17.59,at_risk
INV100937,2024-02-11,C00055,United Kingdom,P0214,Beauty Item 0214,Beauty,1,5.84,5.84,at_risk
INV100937,2024-02-11,C00055,United Kingdom,P0207,Apparel Item 0207,Apparel,2,10.85,21.7,at_risk
INV100937,2024-02-11,C00055,United Kingdom,P0078,Apparel Item 0078,Apparel,1,26.81,26.81,at_risk
INV100937,2024-02-11,C00055,United Kingdom,P0094,Apparel Item 0094,Apparel,4,14.15,56.6,at_risk
INV101394,2024-02-11,C00259,Germany,P0197,Beauty Item 0197,Beauty,3,6.6,19.8,regular
INV101394,2024-02-11,C00259,Germany,P0225,Beauty Item 0225,Beauty,2,4.63,9.26,regular
INV101394,2024-02-11,C00259,Germany,P0072,Home Item 0072,Home & Kitchen,1,25.41,25.41,regular
INV101394,2024-02-11,C00259,Germany,P0079,Sports Item 0079,Sports,1,17.36,17.36,regular
INV100441,2024-02-12,C00300,Ireland,P0242,Stationery Item 0242,Stationery,4,7.66,30.64,dormant
INV101188,2024-02-12,C00069,Germany,P0292,Beauty Item 0292,Beauty,3,5.92,17.76,regular
INV101188,2024-02-12,C00069,Germany,P0071,Beauty Item 0071,Beauty,2,12.79,25.58,regular
INV101188,2024-02-12,C00069,Germany,P0044,Apparel Item 0044,Apparel,4,13.46,53.84,regular
INV101299,2024-02-12,C00362,United Kingdom,P0035,Toys Item 0035,Toys,5,15.71,78.55,loyal
INV101299,2024-02-12,C00362,United Kingdom,P0234,Beauty Item 0234,Beauty,4,14.59,58.36,loyal
INV101299,2024-02-12,C00362,United Kingdom,P0093,Beauty Item 0093,Beauty,1,9.44,9.44,loyal
INV101299,2024-02-12,C00362,United Kingdom,P0175,Garden Item 0175,Garden,3,15.65,46.95,loyal
INV101299,2024-02-12,C00362,United Kingdom,P0173,Apparel Item 0173,Apparel,5,19.11,95.55,loyal
INV101299,2024-02-12,C00362,United Kingdom,P0079,Sports Item 0079,Sports,4,17.36,69.44,loyal
INV101299,2024-02-12,C00362,United Kingdom,P0235,Sports Item 0235,Sports,5,4.95,24.75,loyal
INV101299,2024-02-12,C00362,United Kingdom,P0217,Electronics Item 0217,Electronics Accessories,4,2.06,8.24,loyal
INV101299,2024-02-12,C00362,United Kingdom,P0046,Toys Item 0046,Toys,4,13.41,53.64,loyal
INV100006,2024-02-13,C00396,Spain,P0066,Toys Item 0066,Toys,1,6.01,6.01,champion
INV100006,2024-02-13,C00396,Spain,P0256,Home Item 0256,Home & Kitchen,1,10.1,10.1,champion
INV100006,2024-02-13,C00396,Spain,P0171,Garden Item 0171,Garden,5,6.31,31.55,champion
INV100006,2024-02-13,C00396,Spain,P0136,Beauty Item 0136,Beauty,3,11.76,35.28,champion
INV100437,2024-02-13,C00303,Ireland,P0030,Toys Item 0030,Toys,3,8.54,25.62,regular
INV100437,2024-02-13,C00303,Ireland,P0283,Toys Item 0283,Toys,4,9.72,38.88,regular
INV100437,2024-02-13,C00303,Ireland,P0080,Toys Item 0080,Toys,1,10.29,10.29,regular
INV100437,2024-02-13,C00303,Ireland,P0057,Beauty Item 0057,Beauty,4,13.72,54.88,regular
INV101174,2024-02-13,C00298,Germany,P0116,Stationery Item 0116,Stationery,4,8.27,33.08,regular
INV101174,2024-02-13,C00298,Germany,P0010,Sports Item 0010,Sports,4,16.22,64.88,regular
INV101174,2024-02-13,C00298,Germany,P0295,Home Item 0295,Home & Kitchen,3,11.96,35.88,regular
INV101174,2024-02-13,C00298,Germany,P0016,Beauty Item 0016,Beauty,1,16.32,16.32,regular
INV101370,2024-02-13,C00270,United Kingdom,P0053,Garden Item 0053,Garden,5,9.88,49.4,regular
INV101370,2024-02-13,C00270,United Kingdom,P0124,Toys Item 0124,Toys,4,5.36,21.44,regular
INV101370,2024-02-13,C00270,United Kingdom,P0061,Stationery Item 0061,Stationery,3,8.19,24.57,regular
INV101370,2024-02-13,C00270,United Kingdom,P0064,Beauty Item 0064,Beauty,5,5.73,28.65,regular
INV101432,2024-02-13,C00284,Germany,P0256,Home Item 0256,Home & Kitchen,4,10.1,40.4,loyal
INV101432,2024-02-13,C00284,Germany,P0050,Apparel Item 0050,Apparel,3,27.66,82.98,loyal
INV100198,2024-02-14,C00237,United Kingdom,P0188,Beauty Item 0188,Beauty,4,5.1,20.4,regular
INV100198,2024-02-14,C00237,United Kingdom,P0143,Home Item 0143,Home & Kitchen,5,7.7,38.5,regular
INV100198,2024-02-14,C00237,United Kingdom,P0193,Apparel Item 0193,Apparel,4,22.21,88.84,regular
INV100198,2024-02-14,C00237,United Kingdom,P0046,Toys Item 0046,Toys,3,13.41,40.23,regular
INV100575,2024-02-14,C00023,United Kingdom,P0281,Beauty Item 0281,Beauty,5,2.14,10.7,champion
INV100575,2024-02-14,C00023,United Kingdom,P0031,Apparel Item 0031,Apparel,2,17.17,34.34,champion
INV100575,2024-02-14,C00023,United Kingdom,P0035,Toys Item 0035,Toys,1,15.71,15.71,champion
INV100575,2024-02-14,C00023,United Kingdom,P0232,Stationery Item 0232,Stationery,3,13.04,39.12,champion
INV100575,2024-02-14,C00023,United Kingdom,P0099,Toys Item 0099,Toys,4,3.9,15.6,champion
INV100575,2024-02-14,C00023,United Kingdom,P0058,Garden Item 0058,Garden,5,7.47,37.35,champion
INV100575,2024-02-14,C00023,United Kingdom,P0145,Electronics Item 0145,Electronics Accessories,1,13.74,13.74,champion
INV100575,2024-02-14,C00023,United Kingdom,P0224,Toys Item 0224,Toys,2,6.73,13.46,champion
INV100575,2024-02-14,C00023,United Kingdom,P0009,Sports Item 0009,Sports,4,10.35,41.4,champion
INV101076,2024-02-15,C00466,Ireland,P0260,Garden Item 0260,Garden,1,17.06,17.06,loyal
INV101076,2024-02-15,C00466,Ireland,P0174,Apparel Item 0174,Apparel,4,14.86,59.44,loyal
INV101076,2024-02-15,C00466,Ireland,P0128,Stationery Item 0128,Stationery,2,9.37,18.74,loyal
INV101076,2024-02-15,C00466,Ireland,P0024,Sports Item 0024,Sports,4,9.12,36.48,loyal
INV101076,2024-02-15,C00466,Ireland,P0061,Stationery Item 0061,Stationery,5,8.19,40.95,loyal
INV101250,2024-02-15,C00379,United Kingdom,P0055,Toys Item 0055,Toys,4,36.31,145.24,champion
INV101250,2024-02-15,C00379,United Kingdom,P0292,Beauty Item 0292,Beauty,4,5.92,23.68,champion
INV101250,2024-02-15,C00379,United Kingdom,P0211,Garden Item 0211,Garden,2,10.09,20.18,champion
INV101250,2024-02-15,C00379,United Kingdom,P0031,Apparel Item 0031,Apparel,5,17.17,85.85,champion
INV101250,2024-02-15,C00379,United Kingdom,P0248,Apparel Item 0248,Apparel,4,18.11,72.44,champion
INV101250,2024-02-15,C00379,United Kingdom,P0071,Beauty Item 0071,Beauty,3,12.79,38.37,champion
INV101250,2024-02-15,C00379,United Kingdom,P0207,Apparel Item 0207,Apparel,3,10.85,32.55,champion
INV101250,2024-02-15,C00379,United Kingdom,P0147,Electronics Item 0147,Electronics Accessories,4,21.42,85.68,champion
INV101284,2024-02-15,C00200,Germany,P0041,Electronics Item 0041,Electronics Accessories,4,18.37,73.48,at_risk
INV101284,2024-02-15,C00200,Germany,P0145,Electronics Item 0145,Electronics Accessories,4,13.74,54.96,at_risk
INV101309,2024-02-15,C00030,United Kingdom,P0120,Sports Item 0120,Sports,2,12.93,25.86,regular
INV101309,2024-02-15,C00030,United Kingdom,P0261,Stationery Item 0261,Stationery,5,4.53,22.65,regular
INV101309,2024-02-15,C00030,United Kingdom,P0223,Sports Item 0223,Sports,5,37.0,185.0,regular
INV100805,2024-02-16,C00200,Germany,P0202,Toys Item 0202,Toys,5,3.81,19.05,at_risk
INV100805,2024-02-16,C00200,Germany,P0102,Toys Item 0102,Toys,2,14.39,28.78,at_risk
INV100805,2024-02-16,C00200,Germany,P0009,Sports Item 0009,Sports,4,10.35,41.4,at_risk
INV100805,2024-02-16,C00200,Germany,P0121,Toys Item 0121,Toys,1,8.89,8.89,at_risk
INV100890,2024-02-16,C00371,United Kingdom,P0263,Toys Item 0263,Toys,5,10.21,51.05,regular
INV101318,2024-02-16,C00016,Germany,P0030,Toys Item 0030,Toys,3,8.54,25.62,regular
INV101318,2024-02-16,C00016,Germany,P0288,Stationery Item 0288,Stationery,4,9.96,39.84,regular
INV101318,2024-02-16,C00016,Germany,P0140,Apparel Item 0140,Apparel,1,15.06,15.06,regular
INV101318,2024-02-16,C00016,Germany,P0207,Apparel Item 0207,Apparel,2,10.85,21.7,regular
INV101425,2024-02-16,C00081,Spain,P0243,Toys Item 0243,Toys,1,7.38,7.38,loyal
INV101425,2024-02-16,C00081,Spain,P0250,Stationery Item 0250,Stationery,1,11.75,11.75,loyal
INV101425,2024-02-16,C00081,Spain,P0213,Toys Item 0213,Toys,3,13.64,40.92,loyal
INV101425,2024-02-16,C00081,Spain,P0291,Sports Item 0291,Sports,5,23.03,115.15,loyal
INV101425,2024-02-16,C00081,Spain,P0005,Electronics Item 0005,Electronics Accessories,1,23.02,23.02,loyal
INV101425,2024-02-16,C00081,Spain,P0193,Apparel Item 0193,Apparel,1,22.21,22.21,loyal
INV101425,2024-02-16,C00081,Spain,P0245,Beauty Item 0245,Beauty,1,3.3,3.3,loyal
INV101425,2024-02-16,C00081,Spain,P0032,Toys Item 0032,Toys,1,7.2,7.2,loyal
INV100293,2024-02-17,C00014,United Kingdom,P0178,Garden Item 0178,Garden,4,15.19,60.76,loyal
INV100293,2024-02-17,C00014,United Kingdom,P0023,Garden Item 0023,Garden,2,6.18,12.36,loyal
INV100293,2024-02-17,C00014,United Kingdom,P0187,Garden Item 0187,Garden,1,6.33,6.33,loyal
INV100225,2024-02-18,C00078,Ireland,P0182,Toys Item 0182,Toys,1,14.77,14.77,loyal
INV100225,2024-02-18,C00078,Ireland,P0258,Toys Item 0258,Toys,4,17.95,71.8,loyal
INV100225,2024-02-18,C00078,Ireland,P0174,Apparel Item 0174,Apparel,4,14.86,59.44,loyal
INV100225,2024-02-18,C00078,Ireland,P0211,Garden Item 0211,Garden,4,10.09,40.36,loyal
INV100454,2024-02-18,C00347,United Kingdom,P0177,Apparel Item 0177,Apparel,3,7.91,23.73,regular
INV100454,2024-02-18,C00347,United Kingdom,P0009,Sports Item 0009,Sports,2,10.35,20.7,regular
INV100454,2024-02-18,C00347,United Kingdom,P0279,Apparel Item 0279,Apparel,5,9.71,48.55,regular
INV100454,2024-02-18,C00347,United Kingdom,P0222,Beauty Item 0222,Beauty,1,16.46,16.46,regular
INV100572,2024-02-18,C00176,United Kingdom,P0276,Apparel Item 0276,Apparel,1,8.49,8.49,loyal
INV100572,2024-02-18,C00176,United Kingdom,P0013,Apparel Item 0013,Apparel,4,6.43,25.72,loyal
INV100572,2024-02-18,C00176,United Kingdom,P0129,Sports Item 0129,Sports,4,7.01,28.04,loyal
INV100572,2024-02-18,C00176,United Kingdom,P0228,Toys Item 0228,Toys,2,20.22,40.44,loyal
INV100572,2024-02-18,C00176,United Kingdom,P0078,Apparel Item 0078,Apparel,1,26.81,26.81,loyal
INV100837,2024-02-18,C00004,United Kingdom,P0018,Beauty Item 0018,Beauty,3,19.88,59.64,loyal
INV100837,2024-02-18,C00004,United Kingdom,P0153,Home Item 0153,Home & Kitchen,1,2.62,2.62,loyal
INV101136,2024-02-18,C00034,France,P0292,Beauty Item 0292,Beauty,2,5.92,11.84,loyal
INV101136,2024-02-18,C00034,France,P0213,Toys Item 0213,Toys,4,13.64,54.56,loyal
INV101136,2024-02-18,C00034,France,P0053,Garden Item 0053,Garden,5,9.88,49.4,loyal
INV101136,2024-02-18,C00034,France,P0039,Home Item 0039,Home & Kitchen,1,14.93,14.93,loyal
INV101136,2024-02-18,C00034,France,P0130,Home Item 0130,Home & Kitchen,3,18.87,56.61,loyal
INV101136,2024-02-18,C00034,France,P0274,Apparel Item 0274,Apparel,2,17.17,34.34,loyal
INV101136,2024-02-18,C00034,France,P0297,Stationery Item 0297,Stationery,1,18.82,18.82,loyal
INV101136,2024-02-18,C00034,France,P0038,Beauty Item 0038,Beauty,1,4.36,4.36,loyal
INV101136,2024-02-18,C00034,France,P0121,Toys Item 0121,Toys,4,8.89,35.56,loyal
INV101189,2024-02-18,C00279,United Kingdom,P0025,Garden Item 0025,Garden,1,16.76,16.76,loyal
INV101189,2024-02-18,C00279,United Kingdom,P0267,Electronics Item 0267,Electronics Accessories,2,11.36,22.72,loyal
INV101189,2024-02-18,C00279,United Kingdom,P0299,Home Item 0299,Home & Kitchen,4,23.81,95.24,loyal
INV101189,2024-02-18,C00279,United Kingdom,P0060,Garden Item 0060,Garden,5,5.43,27.15,loyal
INV101323,2024-02-18,C00017,Germany,P0285,Toys Item 0285,Toys,1,5.98,5.98,loyal
INV101323,2024-02-18,C00017,Germany,P0178,Garden Item 0178,Garden,2,15.19,30.38,loyal
INV101323,2024-02-18,C00017,Germany,P0011,Stationery Item 0011,Stationery,2,15.05,30.1,loyal
INV101323,2024-02-18,C00017,Germany,P0126,Sports Item 0126,Sports,3,23.67,71.01,loyal
INV101323,2024-02-18,C00017,Germany,P0284,Apparel Item 0284,Apparel,3,22.03,66.09,loyal
INV101323,2024-02-18,C00017,Germany,P0130,Home Item 0130,Home & Kitchen,3,18.87,56.61,loyal
INV101323,2024-02-18,C00017,Germany,P0290,Garden Item 0290,Garden,1,5.49,5.49,loyal
INV101323,2024-02-18,C00017,Germany,P0127,Toys Item 0127,Toys,2,32.0,64.0,loyal
INV101323,2024-02-18,C00017,Germany,P0289,Home Item 0289,Home & Kitchen,3,3.62,10.86,loyal
INV101323,2024-02-18,C00017,Germany,P0136,Beauty Item 0136,Beauty,4,11.76,47.04,loyal
INV101323,2024-02-18,C00017,Germany,P0046,Toys Item 0046,Toys,4,13.41,53.64,loyal
INV100712,2024-02-19,C00199,United Kingdom,P0226,Sports Item 0226,Sports,3,6.07,18.21,champion
INV100712,2024-02-19,C00199,United Kingdom,P0260,Garden Item 0260,Garden,3,17.06,51.18,champion
INV100728,2024-02-19,C00294,United Kingdom,P0260,Garden Item 0260,Garden,1,17.06,17.06,regular
INV100728,2024-02-19,C00294,United Kingdom,P0293,Toys Item 0293,Toys,1,13.85,13.85,regular
INV100728,2024-02-19,C00294,United Kingdom,P0190,Stationery Item 0190,Stationery,4,5.75,23.0,regular
INV100534,2024-02-20,C00467,United Kingdom,P0171,Garden Item 0171,Garden,5,6.31,31.55,at_risk
INV100534,2024-02-20,C00467,United Kingdom,P0273,Stationery Item 0273,Stationery,1,14.81,14.81,at_risk
INV100534,2024-02-20,C00467,United Kingdom,P0231,Toys Item 0231,Toys,2,10.98,21.96,at_risk
INV100534,2024-02-20,C00467,United Kingdom,P0040,Toys Item 0040,Toys,5,25.32,126.6,at_risk
INV100971,2024-02-20,C00269,United Kingdom,P0262,Home Item 0262,Home & Kitchen,1,8.77,8.77,regular
INV100971,2024-02-20,C00269,United Kingdom,P0241,Sports Item 0241,Sports,3,13.49,40.47,regular
INV100976,2024-02-20,C00104,Spain,P0013,Apparel Item 0013,Apparel,2,6.43,12.86,loyal
INV100976,2024-02-20,C00104,Spain,P0120,Sports Item 0120,Sports,3,12.93,38.79,loyal
INV100976,2024-02-20,C00104,Spain,P0200,Garden Item 0200,Garden,2,9.29,18.58,loyal
INV100976,2024-02-20,C00104,Spain,P0284,Apparel Item 0284,Apparel,3,22.03,66.09,loyal
INV100976,2024-02-20,C00104,Spain,P0245,Beauty Item 0245,Beauty,2,3.3,6.6,loyal
INV100976,2024-02-20,C00104,Spain,P0148,Apparel Item 0148,Apparel,1,27.92,27.92,loyal
INV100976,2024-02-20,C00104,Spain,P0094,Apparel Item 0094,Apparel,4,14.15,56.6,loyal
INV100313,2024-02-21,C00267,Ireland,P0106,Garden Item 0106,Garden,5,9.58,47.9,champion
INV100313,2024-02-21,C00267,Ireland,P0262,Home Item 0262,Home & Kitchen,4,8.77,35.08,champion
INV100313,2024-02-21,C00267,Ireland,P0084,Toys Item 0084,Toys,2,9.13,18.26,champion
INV100313,2024-02-21,C00267,Ireland,P0086,Toys Item 0086,Toys,5,15.78,78.9,champion
INV100313,2024-02-21,C00267,Ireland,P0269,Electronics Item 0269,Electronics Accessories,4,3.48,13.92,champion
INV100313,2024-02-21,C00267,Ireland,P0235,Sports Item 0235,Sports,1,4.95,4.95,champion
INV100313,2024-02-21,C00267,Ireland,P0123,Toys Item 0123,Toys,5,19.79,98.95,champion
INV100792,2024-02-21,C00428,Netherlands,P0177,Apparel Item 0177,Apparel,3,7.91,23.73,regular
INV100792,2024-02-21,C00428,Netherlands,P0128,Stationery Item 0128,Stationery,5,9.37,46.85,regular
INV100792,2024-02-21,C00428,Netherlands,P0051,Stationery Item 0051,Stationery,1,7.32,7.32,regular
INV100792,2024-02-21,C00428,Netherlands,P0199,Sports Item 0199,Sports,3,14.62,43.86,regular
INV100792,2024-02-21,C00428,Netherlands,P0264,Home Item 0264,Home & Kitchen,3,16.77,50.31,regular
INV100792,2024-02-21,C00428,Netherlands,P0189,Garden Item 0189,Garden,2,9.4,18.8,regular
INV100792,2024-02-21,C00428,Netherlands,P0295,Home Item 0295,Home & Kitchen,1,11.96,11.96,regular
INV100792,2024-02-21,C00428,Netherlands,P0248,Apparel Item 0248,Apparel,3,18.11,54.33,regular
INV100792,2024-02-21,C00428,Netherlands,P0202,Toys Item 0202,Toys,2,3.81,7.62,regular
INV100792,2024-02-21,C00428,Netherlands,P0209,Garden Item 0209,Garden,2,20.19,40.38,regular
INV100819,2024-02-21,C00112,United Kingdom,P0065,Stationery Item 0065,Stationery,4,38.71,154.84,loyal
INV100819,2024-02-21,C00112,United Kingdom,P0105,Beauty Item 0105,Beauty,1,10.5,10.5,loyal
INV100819,2024-02-21,C00112,United Kingdom,P0222,Beauty Item 0222,Beauty,4,16.46,65.84,loyal
INV100819,2024-02-21,C00112,United Kingdom,P0228,Toys Item 0228,Toys,2,20.22,40.44,loyal
INV100888,2024-02-21,C00285,France,P0133,Home Item 0133,Home & Kitchen,1,3.6,3.6,regular
INV101344,2024-02-21,C00291,Ireland,P0093,Beauty Item 0093,Beauty,2,9.44,18.88,loyal
INV101344,2024-02-21,C00291,Ireland,P0233,Apparel Item 0233,Apparel,5,25.83,129.15,loyal
INV100541,2024-02-22,C00197,Netherlands,P0203,Sports Item 0203,Sports,4,20.16,80.64,loyal
INV100541,2024-02-22,C00197,Netherlands,P0226,Sports Item 0226,Sports,5,6.07,30.35,loyal
INV100541,2024-02-22,C00197,Netherlands,P0068,Beauty Item 0068,Beauty,4,7.24,28.96,loyal
INV100541,2024-02-22,C00197,Netherlands,P0140,Apparel Item 0140,Apparel,3,15.06,45.18,loyal
INV100541,2024-02-22,C00197,Netherlands,P0162,Sports Item 0162,Sports,5,19.3,96.5,loyal
INV100718,2024-02-22,C00173,Spain,P0199,Sports Item 0199,Sports,1,14.62,14.62,regular
INV100765,2024-02-22,C00431,Germany,P0212,Sports Item 0212,Sports,5,27.54,137.7,champion
INV100765,2024-02-22,C00431,Germany,P0165,Home Item 0165,Home & Kitchen,4,4.44,17.76,champion
INV100765,2024-02-22,C00431,Germany,P0007,Stationery Item 0007,Stationery,1,19.96,19.96,champion
INV100765,2024-02-22,C00431,Germany,P0268,Beauty Item 0268,Beauty,3,10.88,32.64,champion
INV100765,2024-02-22,C00431,Germany,P0285,Toys Item 0285,Toys,2,5.98,11.96,champion
INV100765,2024-02-22,C00431,Germany,P0187,Garden Item 0187,Garden,1,6.33,6.33,champion
INV100765,2024-02-22,C00431,Germany,P0106,Garden Item 0106,Garden,5,9.58,47.9,champion
INV100765,2024-02-22,C00431,Germany,P0287,Toys Item 0287,Toys,5,17.98,89.9,champion
INV100765,2024-02-22,C00431,Germany,P0175,Garden Item 0175,Garden,5,15.65,78.25,champion
INV100765,2024-02-22,C00431,Germany,P0158,Garden Item 0158,Garden,2,8.27,16.54,champion
INV100765,2024-02-22,C00431,Germany,P0272,Stationery Item 0272,Stationery,3,43.64,130.92,champion
INV100765,2024-02-22,C00431,Germany,P0186,Sports Item 0186,Sports,4,11.3,45.2,champion
INV100765,2024-02-22,C00431,Germany,P0183,Beauty Item 0183,Beauty,1,14.45,14.45,champion
INV100765,2024-02-22,C00431,Germany,P0254,Garden Item 0254,Garden,1,47.1,47.1,champion
INV100765,2024-02-22,C00431,Germany,P0149,Toys Item 0149,Toys,3,6.39,19.17,champion
INV100765,2024-02-22,C00431,Germany,P0103,Garden Item 0103,Garden,4,5.64,22.56,champion
INV100822,2024-02-22,C00280,United Kingdom,P0285,Toys Item 0285,Toys,4,5.98,23.92,loyal
INV100822,2024-02-22,C00280,United Kingdom,P0138,Stationery Item 0138,Stationery,1,23.38,23.38,loyal
INV100822,2024-02-22,C00280,United Kingdom,P0247,Home Item 0247,Home & Kitchen,1,15.37,15.37,loyal
INV100822,2024-02-22,C00280,United Kingdom,P0132,Apparel Item 0132,Apparel,4,33.27,133.08,loyal
INV100822,2024-02-22,C00280,United Kingdom,P0192,Garden Item 0192,Garden,4,17.1,68.4,loyal
INV100822,2024-02-22,C00280,United Kingdom,P0122,Stationery Item 0122,Stationery,2,31.73,63.46,loyal
INV100822,2024-02-22,C00280,United Kingdom,P0196,Stationery Item 0196,Stationery,4,11.07,44.28,loyal
INV100822,2024-02-22,C00280,United Kingdom,P0235,Sports Item 0235,Sports,5,4.95,24.75,loyal
INV100822,2024-02-22,C00280,United Kingdom,P0079,Sports Item 0079,Sports,3,17.36,52.08,loyal
INV100822,2024-02-22,C00280,United Kingdom,P0144,Apparel Item 0144,Apparel,2,13.41,26.82,loyal
INV101187,2024-02-22,C00209,Germany,P0092,Home Item 0092,Home & Kitchen,5,34.22,171.1,regular
INV101187,2024-02-22,C00209,Germany,P0105,Beauty Item 0105,Beauty,2,10.5,21.0,regular
INV101187,2024-02-22,C00209,Germany,P0230,Apparel Item 0230,Apparel,1,13.03,13.03,regular
INV101187,2024-02-22,C00209,Germany,P0139,Stationery Item 0139,Stationery,5,2.18,10.9,regular
INV101383,2024-02-22,C00022,United Kingdom,P0143,Home Item 0143,Home & Kitchen,2,7.7,15.4,loyal
INV101383,2024-02-22,C00022,United Kingdom,P0265,Home Item 0265,Home & Kitchen,5,6.17,30.85,loyal
INV101383,2024-02-22,C00022,United Kingdom,P0154,Home Item 0154,Home & Kitchen,1,12.36,12.36,loyal
INV101383,2024-02-22,C00022,United Kingdom,P0082,Home Item 0082,Home & Kitchen,3,2.54,7.62,loyal
INV101383,2024-02-22,C00022,United Kingdom,P0226,Sports Item 0226,Sports,3,6.07,18.21,loyal
INV101383,2024-02-22,C00022,United Kingdom,P0202,Toys Item 0202,Toys,4,3.81,15.24,loyal
INV101383,2024-02-22,C00022,United Kingdom,P0224,Toys Item 0224,Toys,2,6.73,13.46,loyal
INV100859,2024-02-23,C00343,United Kingdom,P0281,Beauty Item 0281,Beauty,4,2.14,8.56,loyal
INV100859,2024-02-23,C00343,United Kingdom,P0198,Garden Item 0198,Garden,1,17.59,17.59,loyal
INV100859,2024-02-23,C00343,United Kingdom,P0258,Toys Item 0258,Toys,2,17.95,35.9,loyal
INV100859,2024-02-23,C00343,United Kingdom,P0090,Garden Item 0090,Garden,2,12.93,25.86,loyal
INV100859,2024-02-23,C00343,United Kingdom,P0245,Beauty Item 0245,Beauty,3,3.3,9.9,loyal
INV100859,2024-02-23,C00343,United Kingdom,P0033,Sports Item 0033,Sports,5,8.82,44.1,loyal
INV100859,2024-02-23,C00343,United Kingdom,P0147,Electronics Item 0147,Electronics Accessories,5,21.42,107.1,loyal
INV100859,2024-02-23,C00343,United Kingdom,P0016,Beauty Item 0016,Beauty,2,16.32,32.64,loyal
INV100920,2024-02-23,C00376,Ireland,P0141,Sports Item 0141,Sports,4,16.81,67.24,at_risk
INV100000,2024-02-25,C00387,United Kingdom,P0148,Apparel Item 0148,Apparel,3,27.92,83.76,champion
INV100000,2024-02-25,C00387,United Kingdom,P0159,Home Item 0159,Home & Kitchen,2,7.2,14.4,champion
INV100000,2024-02-25,C00387,United Kingdom,P0152,Toys Item 0152,Toys,1,42.54,42.54,champion
INV100000,2024-02-25,C00387,United Kingdom,P0274,Apparel Item 0274,Apparel,1,17.17,17.17,champion
INV100000,2024-02-25,C00387,United Kingdom,P0151,Toys Item 0151,Toys,3,19.71,59.13,champion
INV100000,2024-02-25,C00387,United Kingdom,P0100,Electronics Item 0100,Electronics Accessories,1,5.18,5.18,champion
INV100000,2024-02-25,C00387,United Kingdom,P0120,Sports Item 0120,Sports,4,12.93,51.72,champion
INV100000,2024-02-25,C00387,United Kingdom,P0197,Beauty Item 0197,Beauty,3,6.6,19.8,champion
INV100000,2024-02-25,C00387,United Kingdom,P0142,Apparel Item 0142,Apparel,2,14.63,29.26,champion
INV100208,2024-02-25,C00418,Spain,P0007,Stationery Item 0007,Stationery,2,19.96,39.92,loyal
INV100208,2024-02-25,C00418,Spain,P0229,Stationery Item 0229,Stationery,2,10.31,20.62,loyal
INV100208,2024-02-25,C00418,Spain,P0187,Garden Item 0187,Garden,3,6.33,18.99,loyal
INV100208,2024-02-25,C00418,Spain,P0053,Garden Item 0053,Garden,4,9.88,39.52,loyal
INV100208,2024-02-25,C00418,Spain,P0178,Garden Item 0178,Garden,3,15.19,45.57,loyal
INV100208,2024-02-25,C00418,Spain,P0284,Apparel Item 0284,Apparel,3,22.03,66.09,loyal
INV100208,2024-02-25,C00418,Spain,P0273,Stationery Item 0273,Stationery,1,14.81,14.81,loyal
INV100208,2024-02-25,C00418,Spain,P0242,Stationery Item 0242,Stationery,4,7.66,30.64,loyal
INV100589,2024-02-25,C00354,United Kingdom,P0253,Toys Item 0253,Toys,5,5.41,27.05,regular
INV100993,2024-02-25,C00478,United Kingdom,P0267,Electronics Item 0267,Electronics Accessories,3,11.36,34.08,champion
INV100993,2024-02-25,C00478,United Kingdom,P0204,Apparel Item 0204,Apparel,1,44.41,44.41,champion
INV100993,2024-02-25,C00478,United Kingdom,P0125,Toys Item 0125,Toys,2,25.33,50.66,champion
INV100993,2024-02-25,C00478,United Kingdom,P0063,Apparel Item 0063,Apparel,2,21.21,42.42,champion
INV100993,2024-02-25,C00478,United Kingdom,P0176,Toys Item 0176,Toys,5,20.55,102.75,champion
INV100993,2024-02-25,C00478,United Kingdom,P0129,Sports Item 0129,Sports,5,7.01,35.05,champion
INV100993,2024-02-25,C00478,United Kingdom,P0133,Home Item 0133,Home & Kitchen,5,3.6,18.0,champion
INV100993,2024-02-25,C00478,United Kingdom,P0242,Stationery Item 0242,Stationery,3,7.66,22.98,champion
INV101248,2024-02-25,C00101,Netherlands,P0007,Stationery Item 0007,Stationery,5,19.96,99.8,regular
INV101269,2024-02-25,C00481,United Kingdom,P0104,Beauty Item 0104,Beauty,4,15.26,61.04,loyal
INV101269,2024-02-25,C00481,United Kingdom,P0005,Electronics Item 0005,Electronics Accessories,4,23.02,92.08,loyal
INV101269,2024-02-25,C00481,United Kingdom,P0008,Stationery Item 0008,Stationery,5,7.1,35.5,loyal
INV101269,2024-02-25,C00481,United Kingdom,P0088,Garden Item 0088,Garden,5,25.85,129.25,loyal
INV101412,2024-02-25,C00428,Netherlands,P0044,Apparel Item 0044,Apparel,5,13.46,67.3,regular
INV101412,2024-02-25,C00428,Netherlands,P0126,Sports Item 0126,Sports,3,23.67,71.01,regular
INV101412,2024-02-25,C00428,Netherlands,P0202,Toys Item 0202,Toys,4,3.81,15.24,regular
INV101412,2024-02-25,C00428,Netherlands,P0057,Beauty Item 0057,Beauty,4,13.72,54.88,regular
INV101412,2024-02-25,C00428,Netherlands,P0181,Beauty Item 0181,Beauty,5,22.25,111.25,regular
INV100169,2024-02-26,C00336,United Kingdom,P0083,Apparel Item 0083,Apparel,4,6.29,25.16,loyal
INV100169,2024-02-26,C00336,United Kingdom,P0232,Stationery Item 0232,Stationery,3,13.04,39.12,loyal
INV100169,2024-02-26,C00336,United Kingdom,P0146,Garden Item 0146,Garden,5,10.36,51.8,loyal
INV100169,2024-02-26,C00336,United Kingdom,P0097,Stationery Item 0097,Stationery,3,7.93,23.79,loyal
INV100169,2024-02-26,C00336,United Kingdom,P0182,Toys Item 0182,Toys,5,14.77,73.85,loyal
INV100616,2024-02-26,C00024,United Kingdom,P0157,Toys Item 0157,Toys,3,16.13,48.39,loyal
INV100616,2024-02-26,C00024,United Kingdom,P0180,Stationery Item 0180,Stationery,4,9.07,36.28,loyal
INV100827,2024-02-26,C00104,Spain,P0049,Home Item 0049,Home & Kitchen,4,26.16,104.64,loyal
INV100827,2024-02-26,C00104,Spain,P0204,Apparel Item 0204,Apparel,1,44.41,44.41,loyal
INV100827,2024-02-26,C00104,Spain,P0231,Toys Item 0231,Toys,3,10.98,32.94,loyal
INV100827,2024-02-26,C00104,Spain,P0063,Apparel Item 0063,Apparel,3,21.21,63.63,loyal
INV100827,2024-02-26,C00104,Spain,P0198,Garden Item 0198,Garden,4,17.59,70.36,loyal
INV100827,2024-02-26,C00104,Spain,P0072,Home Item 0072,Home & Kitchen,1,25.41,25.41,loyal
INV100827,2024-02-26,C00104,Spain,P0037,Toys Item 0037,Toys,3,10.9,32.7,loyal
INV100827,2024-02-26,C00104,Spain,P0040,Toys Item 0040,Toys,3,25.32,75.96,loyal
INV100827,2024-02-26,C00104,Spain,P0142,Apparel Item 0142,Apparel,2,14.63,29.26,loyal
INV101129,2024-02-27,C00319,Netherlands,P0215,Stationery Item 0215,Stationery,5,15.43,77.15,loyal
INV101129,2024-02-27,C00319,Netherlands,P0179,Toys Item 0179,Toys,4,14.27,57.08,loyal
INV101385,2024-02-27,C00178,France,P0055,Toys Item 0055,Toys,4,36.31,145.24,loyal
INV101385,2024-02-27,C00178,France,P0154,Home Item 0154,Home & Kitchen,2,12.36,24.72,loyal
INV101385,2024-02-27,C00178,France,P0092,Home Item 0092,Home & Kitchen,3,34.22,102.66,loyal
INV101385,2024-02-27,C00178,France,P0044,Apparel Item 0044,Apparel,1,13.46,13.46,loyal
INV101385,2024-02-27,C00178,France,P0001,Sports Item 0001,Sports,5,20.7,103.5,loyal
INV100770,2024-02-28,C00151,United Kingdom,P0203,Sports Item 0203,Sports,1,20.16,20.16,loyal
INV100770,2024-02-28,C00151,United Kingdom,P0237,Sports Item 0237,Sports,2,4.87,9.74,loyal
INV100770,2024-02-28,C00151,United Kingdom,P0295,Home Item 0295,Home & Kitchen,4,11.96,47.84,loyal
INV100770,2024-02-28,C00151,United Kingdom,P0272,Stationery Item 0272,Stationery,4,43.64,174.56,loyal
INV100770,2024-02-28,C00151,United Kingdom,P0069,Electronics Item 0069,Electronics Accessories,2,8.37,16.74,loyal
INV100770,2024-02-28,C00151,United Kingdom,P0010,Sports Item 0010,Sports,3,16.22,48.66,loyal
INV100770,2024-02-28,C00151,United Kingdom,P0297,Stationery Item 0297,Stationery,1,18.82,18.82,loyal
INV100770,2024-02-28,C00151,United Kingdom,P0002,Garden Item 0002,Garden,1,12.52,12.52,loyal
INV100876,2024-02-28,C00384,Ireland,P0187,Garden Item 0187,Garden,4,6.33,25.32,champion
INV100876,2024-02-28,C00384,Ireland,P0230,Apparel Item 0230,Apparel,5,13.03,65.15,champion
INV100876,2024-02-28,C00384,Ireland,P0226,Sports Item 0226,Sports,2,6.07,12.14,champion
INV100876,2024-02-28,C00384,Ireland,P0178,Garden Item 0178,Garden,4,15.19,60.76,champion
INV100876,2024-02-28,C00384,Ireland,P0219,Stationery Item 0219,Stationery,1,10.17,10.17,champion
INV100876,2024-02-28,C00384,Ireland,P0161,Home Item 0161,Home & Kitchen,2,6.97,13.94,champion
INV100876,2024-02-28,C00384,Ireland,P0186,Sports Item 0186,Sports,1,11.3,11.3,champion
INV100876,2024-02-28,C00384,Ireland,P0133,Home Item 0133,Home & Kitchen,3,3.6,10.8,champion
INV100876,2024-02-28,C00384,Ireland,P0194,Garden Item 0194,Garden,1,48.13,48.13,champion
INV101182,2024-02-28,C00100,Ireland,P0279,Apparel Item 0279,Apparel,4,9.71,38.84,loyal
INV100259,2024-02-29,C00026,United Kingdom,P0129,Sports Item 0129,Sports,4,7.01,28.04,regular
INV100259,2024-02-29,C00026,United Kingdom,P0157,Toys Item 0157,Toys,5,16.13,80.65,regular
INV100582,2024-02-29,C00211,France,P0173,Apparel Item 0173,Apparel,2,19.11,38.22,loyal
INV100582,2024-02-29,C00211,France,P0079,Sports Item 0079,Sports,3,17.36,52.08,loyal
INV100590,2024-02-29,C00445,France,P0263,Toys Item 0263,Toys,1,10.21,10.21,regular
INV100590,2024-02-29,C00445,France,P0010,Sports Item 0010,Sports,5,16.22,81.1,regular
INV100590,2024-02-29,C00445,France,P0041,Electronics Item 0041,Electronics Accessories,5,18.37,91.85,regular
INV100590,2024-02-29,C00445,France,P0218,Electronics Item 0218,Electronics Accessories,5,6.37,31.85,regular
INV100706,2024-02-29,C00120,United Kingdom,P0091,Garden Item 0091,Garden,5,12.22,61.1,champion
INV100706,2024-02-29,C00120,United Kingdom,P0102,Toys Item 0102,Toys,2,14.39,28.78,champion
INV100706,2024-02-29,C00120,United Kingdom,P0292,Beauty Item 0292,Beauty,3,5.92,17.76,champion
INV100706,2024-02-29,C00120,United Kingdom,P0060,Garden Item 0060,Garden,4,5.43,21.72,champion
INV100706,2024-02-29,C00120,United Kingdom,P0084,Toys Item 0084,Toys,5,9.13,45.65,champion
INV100706,2024-02-29,C00120,United Kingdom,P0278,Toys Item 0278,Toys,3,8.56,25.68,champion
INV100706,2024-02-29,C00120,United Kingdom,P0086,Toys Item 0086,Toys,1,15.78,15.78,champion
INV100706,2024-02-29,C00120,United Kingdom,P0269,Electronics Item 0269,Electronics Accessories,5,3.48,17.4,champion
INV100706,2024-02-29,C00120,United Kingdom,P0149,Toys Item 0149,Toys,3,6.39,19.17,champion
INV100733,2024-02-29,C00287,Netherlands,P0290,Garden Item 0290,Garden,5,5.49,27.45,dormant
INV100738,2024-02-29,C00381,Netherlands,P0131,Stationery Item 0131,Stationery,3,12.06,36.18,regular
INV100738,2024-02-29,C00381,Netherlands,P0216,Stationery Item 0216,Stationery,1,7.88,7.88,regular
INV100368,2024-03-01,C00391,Spain,P0276,Apparel Item 0276,Apparel,4,8.49,33.96,loyal
INV100368,2024-03-01,C00391,Spain,P0110,Sports Item 0110,Sports,5,14.16,70.8,loyal
INV100368,2024-03-01,C00391,Spain,P0180,Stationery Item 0180,Stationery,3,9.07,27.21,loyal
INV100368,2024-03-01,C00391,Spain,P0079,Sports Item 0079,Sports,1,17.36,17.36,loyal
INV100387,2024-03-01,C00479,Spain,P0169,Apparel Item 0169,Apparel,3,6.65,19.95,champion
INV100387,2024-03-01,C00479,Spain,P0058,Garden Item 0058,Garden,4,7.47,29.88,champion
INV100387,2024-03-01,C00479,Spain,P0193,Apparel Item 0193,Apparel,2,22.21,44.42,champion
INV100387,2024-03-01,C00479,Spain,P0184,Stationery Item 0184,Stationery,5,12.05,60.25,champion
INV100387,2024-03-01,C00479,Spain,P0078,Apparel Item 0078,Apparel,4,26.81,107.24,champion
INV100387,2024-03-01,C00479,Spain,P0083,Apparel Item 0083,Apparel,2,6.29,12.58,champion
INV100387,2024-03-01,C00479,Spain,P0172,Sports Item 0172,Sports,5,6.08,30.4,champion
INV100490,2024-03-01,C00345,Netherlands,P0158,Garden Item 0158,Garden,5,8.27,41.35,loyal
INV100490,2024-03-01,C00345,Netherlands,P0248,Apparel Item 0248,Apparel,5,18.11,90.55,loyal
INV100490,2024-03-01,C00345,Netherlands,P0022,Garden Item 0022,Garden,2,9.52,19.04,loyal
INV100490,2024-03-01,C00345,Netherlands,P0048,Apparel Item 0048,Apparel,5,12.95,64.75,loyal
INV100490,2024-03-01,C00345,Netherlands,P0121,Toys Item 0121,Toys,5,8.89,44.45,loyal
INV101005,2024-03-01,C00067,United Kingdom,P0145,Electronics Item 0145,Electronics Accessories,5,13.74,68.7,champion
INV101005,2024-03-01,C00067,United Kingdom,P0238,Beauty Item 0238,Beauty,2,13.56,27.12,champion
INV101005,2024-03-01,C00067,United Kingdom,P0157,Toys Item 0157,Toys,3,16.13,48.39,champion
INV101005,2024-03-01,C00067,United Kingdom,P0115,Home Item 0115,Home & Kitchen,5,20.54,102.7,champion
INV101005,2024-03-01,C00067,United Kingdom,P0130,Home Item 0130,Home & Kitchen,3,18.87,56.61,champion
INV101005,2024-03-01,C00067,United Kingdom,P0283,Toys Item 0283,Toys,1,9.72,9.72,champion
INV101005,2024-03-01,C00067,United Kingdom,P0078,Apparel Item 0078,Apparel,5,26.81,134.05,champion
INV101005,2024-03-01,C00067,United Kingdom,P0210,Beauty Item 0210,Beauty,4,6.08,24.32,champion
INV101005,2024-03-01,C00067,United Kingdom,P0094,Apparel Item 0094,Apparel,4,14.15,56.6,champion
INV100221,2024-03-02,C00444,France,P0292,Beauty Item 0292,Beauty,4,5.92,23.68,regular
INV100221,2024-03-02,C00444,France,P0053,Garden Item 0053,Garden,4,9.88,39.52,regular
INV100221,2024-03-02,C00444,France,P0284,Apparel Item 0284,Apparel,3,22.03,66.09,regular
INV100221,2024-03-02,C00444,France,P0113,Garden Item 0113,Garden,5,5.12,25.6,regular
INV100221,2024-03-02,C00444,France,P0286,Toys Item 0286,Toys,2,17.4,34.8,regular
INV101350,2024-03-02,C00034,France,P0020,Sports Item 0020,Sports,3,17.23,51.69,loyal
INV101350,2024-03-02,C00034,France,P0172,Sports Item 0172,Sports,2,6.08,12.16,loyal
INV101350,2024-03-02,C00034,France,P0071,Beauty Item 0071,Beauty,3,12.79,38.37,loyal
INV100061,2024-03-03,C00373,United Kingdom,P0021,Sports Item 0021,Sports,5,9.22,46.1,regular
INV100061,2024-03-03,C00373,United Kingdom,P0007,Stationery Item 0007,Stationery,5,19.96,99.8,regular
INV100061,2024-03-03,C00373,United Kingdom,P0177,Apparel Item 0177,Apparel,2,7.91,15.82,regular
INV100061,2024-03-03,C00373,United Kingdom,P0093,Beauty Item 0093,Beauty,1,9.44,9.44,regular
INV100061,2024-03-03,C00373,United Kingdom,P0173,Apparel Item 0173,Apparel,2,19.11,38.22,regular
INV100061,2024-03-03,C00373,United Kingdom,P0066,Toys Item 0066,Toys,4,6.01,24.04,regular
INV100167,2024-03-03,C00211,France,P0247,Home Item 0247,Home & Kitchen,2,15.37,30.74,loyal
INV101368,2024-03-03,C00235,United Kingdom,P0249,Apparel Item 0249,Apparel,3,7.46,22.38,regular
INV101368,2024-03-03,C00235,United Kingdom,P0039,Home Item 0039,Home & Kitchen,3,14.93,44.79,regular
INV100713,2024-03-04,C00196,United Kingdom,P0039,Home Item 0039,Home & Kitchen,3,14.93,44.79,loyal
INV101022,2024-03-04,C00302,United Kingdom,P0226,Sports Item 0226,Sports,2,6.07,12.14,loyal
INV101022,2024-03-04,C00302,United Kingdom,P0071,Beauty Item 0071,Beauty,2,12.79,25.58,loyal
INV101022,2024-03-04,C00302,United Kingdom,P0014,Sports Item 0014,Sports,3,10.64,31.92,loyal
INV101022,2024-03-04,C00302,United Kingdom,P0258,Toys Item 0258,Toys,4,17.95,71.8,loyal
INV101022,2024-03-04,C00302,United Kingdom,P0186,Sports Item 0186,Sports,5,11.3,56.5,loyal
INV101022,2024-03-04,C00302,United Kingdom,P0066,Toys Item 0066,Toys,3,6.01,18.03,loyal
INV101022,2024-03-04,C00302,United Kingdom,P0034,Apparel Item 0034,Apparel,2,8.29,16.58,loyal
INV101022,2024-03-04,C00302,United Kingdom,P0181,Beauty Item 0181,Beauty,5,22.25,111.25,loyal
INV100381,2024-03-05,C00477,France,P0268,Beauty Item 0268,Beauty,2,10.88,21.76,champion
INV100381,2024-03-05,C00477,France,P0273,Stationery Item 0273,Stationery,3,14.81,44.43,champion
INV100381,2024-03-05,C00477,France,P0234,Beauty Item 0234,Beauty,3,14.59,43.77,champion
INV100381,2024-03-05,C00477,France,P0258,Toys Item 0258,Toys,4,17.95,71.8,champion
INV100381,2024-03-05,C00477,France,P0294,Toys Item 0294,Toys,4,5.09,20.36,champion
INV100381,2024-03-05,C00477,France,P0127,Toys Item 0127,Toys,2,32.0,64.0,champion
INV100381,2024-03-05,C00477,France,P0194,Garden Item 0194,Garden,5,48.13,240.65,champion
INV100547,2024-03-05,C00038,Spain,P0250,Stationery Item 0250,Stationery,1,11.75,11.75,champion
INV100547,2024-03-05,C00038,Spain,P0051,Stationery Item 0051,Stationery,1,7.32,7.32,champion
INV100547,2024-03-05,C00038,Spain,P0156,Beauty Item 0156,Beauty,3,6.52,19.56,champion
INV100547,2024-03-05,C00038,Spain,P0249,Apparel Item 0249,Apparel,4,7.46,29.84,champion
INV100547,2024-03-05,C00038,Spain,P0273,Stationery Item 0273,Stationery,4,14.81,59.24,champion
INV100547,2024-03-05,C00038,Spain,P0118,Apparel Item 0118,Apparel,2,9.67,19.34,champion
INV100547,2024-03-05,C00038,Spain,P0121,Toys Item 0121,Toys,3,8.89,26.67,champion
INV100980,2024-03-05,C00059,Germany,P0195,Apparel Item 0195,Apparel,1,27.22,27.22,loyal
INV101015,2024-03-05,C00114,United Kingdom,P0190,Stationery Item 0190,Stationery,4,5.75,23.0,loyal
INV101015,2024-03-05,C00114,United Kingdom,P0078,Apparel Item 0078,Apparel,5,26.81,134.05,loyal
INV101379,2024-03-05,C00328,United Kingdom,P0028,Beauty Item 0028,Beauty,1,5.04,5.04,loyal
INV101379,2024-03-05,C00328,United Kingdom,P0081,Garden Item 0081,Garden,3,26.84,80.52,loyal
INV101379,2024-03-05,C00328,United Kingdom,P0043,Electronics Item 0043,Electronics Accessories,3,19.52,58.56,loyal
INV101379,2024-03-05,C00328,United Kingdom,P0079,Sports Item 0079,Sports,3,17.36,52.08,loyal
INV101379,2024-03-05,C00328,United Kingdom,P0286,Toys Item 0286,Toys,1,17.4,17.4,loyal
INV101397,2024-03-05,C00362,United Kingdom,P0227,Garden Item 0227,Garden,4,14.32,57.28,loyal
INV101397,2024-03-05,C00362,United Kingdom,P0065,Stationery Item 0065,Stationery,4,38.71,154.84,loyal
INV101397,2024-03-05,C00362,United Kingdom,P0251,Sports Item 0251,Sports,4,7.43,29.72,loyal
INV101397,2024-03-05,C00362,United Kingdom,P0241,Sports Item 0241,Sports,2,13.49,26.98,loyal
INV101475,2024-03-05,C00267,Ireland,P0165,Home Item 0165,Home & Kitchen,3,4.44,13.32,champion
INV101475,2024-03-05,C00267,Ireland,P0060,Garden Item 0060,Garden,4,5.43,21.72,champion
INV101475,2024-03-05,C00267,Ireland,P0110,Sports Item 0110,Sports,5,14.16,70.8,champion
INV101475,2024-03-05,C00267,Ireland,P0000,Home Item 0000,Home & Kitchen,1,5.41,5.41,champion
INV101475,2024-03-05,C00267,Ireland,P0161,Home Item 0161,Home & Kitchen,5,6.97,34.85,champion
INV101475,2024-03-05,C00267,Ireland,P0258,Toys Item 0258,Toys,2,17.95,35.9,champion
INV101475,2024-03-05,C00267,Ireland,P0266,Beauty Item 0266,Beauty,4,9.2,36.8,champion
INV101475,2024-03-05,C00267,Ireland,P0148,Apparel Item 0148,Apparel,2,27.92,55.84,champion
INV101475,2024-03-05,C00267,Ireland,P0147,Electronics Item 0147,Electronics Accessories,1,21.42,21.42,champion
INV100009,2024-03-06,C00086,United Kingdom,P0109,Apparel Item 0109,Apparel,1,11.92,11.92,regular
INV100009,2024-03-06,C00086,United Kingdom,P0143,Home Item 0143,Home & Kitchen,4,7.7,30.8,regular
INV100009,2024-03-06,C00086,United Kingdom,P0175,Garden Item 0175,Garden,4,15.65,62.6,regular
INV100009,2024-03-06,C00086,United Kingdom,P0184,Stationery Item 0184,Stationery,5,12.05,60.25,regular
INV100483,2024-03-06,C00487,United Kingdom,P0026,Sports Item 0026,Sports,3,9.03,27.09,champion
INV100483,2024-03-06,C00487,United Kingdom,P0055,Toys Item 0055,Toys,1,36.31,36.31,champion
INV100483,2024-03-06,C00487,United Kingdom,P0021,Sports Item 0021,Sports,3,9.22,27.66,champion
INV100483,2024-03-06,C00487,United Kingdom,P0031,Apparel Item 0031,Apparel,5,17.17,85.85,champion
INV100483,2024-03-06,C00487,United Kingdom,P0137,Beauty Item 0137,Beauty,5,7.15,35.75,champion
INV100483,2024-03-06,C00487,United Kingdom,P0204,Apparel Item 0204,Apparel,5,44.41,222.05,champion
INV100483,2024-03-06,C00487,United Kingdom,P0215,Stationery Item 0215,Stationery,3,15.43,46.29,champion
INV100152,2024-03-07,C00100,Ireland,P0076,Home Item 0076,Home & Kitchen,2,31.68,63.36,loyal
INV100152,2024-03-07,C00100,Ireland,P0133,Home Item 0133,Home & Kitchen,1,3.6,3.6,loyal
INV100152,2024-03-07,C00100,Ireland,P0291,Sports Item 0291,Sports,4,23.03,92.12,loyal
INV100152,2024-03-07,C00100,Ireland,P0057,Beauty Item 0057,Beauty,2,13.72,27.44,loyal
INV100285,2024-03-07,C00041,United Kingdom,P0206,Stationery Item 0206,Stationery,4,9.37,37.48,loyal
INV100285,2024-03-07,C00041,United Kingdom,P0151,Toys Item 0151,Toys,4,19.71,78.84,loyal
INV100285,2024-03-07,C00041,United Kingdom,P0145,Electronics Item 0145,Electronics Accessories,4,13.74,54.96,loyal
INV100285,2024-03-07,C00041,United Kingdom,P0041,Electronics Item 0041,Electronics Accessories,5,18.37,91.85,loyal
INV100285,2024-03-07,C00041,United Kingdom,P0003,Beauty Item 0003,Beauty,2,11.37,22.74,loyal
INV100813,2024-03-07,C00366,France,P0264,Home Item 0264,Home & Kitchen,4,16.77,67.08,regular
INV100813,2024-03-07,C00366,France,P0094,Apparel Item 0094,Apparel,3,14.15,42.45,regular
INV100813,2024-03-07,C00366,France,P0129,Sports Item 0129,Sports,4,7.01,28.04,regular
INV100813,2024-03-07,C00366,France,P0042,Apparel Item 0042,Apparel,3,5.8,17.4,regular
INV101062,2024-03-07,C00048,Germany,P0248,Apparel Item 0248,Apparel,5,18.11,90.55,regular
INV101062,2024-03-07,C00048,Germany,P0160,Garden Item 0160,Garden,3,13.38,40.14,regular
INV101062,2024-03-07,C00048,Germany,P0159,Home Item 0159,Home & Kitchen,3,7.2,21.6,regular
INV100087,2024-03-08,C00345,Netherlands,P0011,Stationery Item 0011,Stationery,3,15.05,45.15,loyal
INV100419,2024-03-08,C00010,France,P0001,Sports Item 0001,Sports,3,20.7,62.1,regular
INV100419,2024-03-08,C00010,France,P0073,Garden Item 0073,Garden,5,8.64,43.2,regular
INV100056,2024-03-09,C00199,United Kingdom,P0076,Home Item 0076,Home & Kitchen,5,31.68,158.4,champion
INV100056,2024-03-09,C00199,United Kingdom,P0229,Stationery Item 0229,Stationery,1,10.31,10.31,champion
INV100056,2024-03-09,C00199,United Kingdom,P0106,Garden Item 0106,Garden,1,9.58,9.58,champion
INV100056,2024-03-09,C00199,United Kingdom,P0051,Stationery Item 0051,Stationery,5,7.32,36.6,champion
INV100056,2024-03-09,C00199,United Kingdom,P0220,Sports Item 0220,Sports,5,13.16,65.8,champion
INV100056,2024-03-09,C00199,United Kingdom,P0200,Garden Item 0200,Garden,3,9.29,27.87,champion
INV100056,2024-03-09,C00199,United Kingdom,P0024,Sports Item 0024,Sports,1,9.12,9.12,champion
INV100056,2024-03-09,C00199,United Kingdom,P0193,Apparel Item 0193,Apparel,5,22.21,111.05,champion
INV100056,2024-03-09,C00199,United Kingdom,P0168,Sports Item 0168,Sports,2,25.71,51.42,champion
INV100056,2024-03-09,C00199,United Kingdom,P0083,Apparel Item 0083,Apparel,5,6.29,31.45,champion
INV100056,2024-03-09,C00199,United Kingdom,P0217,Electronics Item 0217,Electronics Accessories,5,2.06,10.3,champion
INV100056,2024-03-09,C00199,United Kingdom,P0070,Beauty Item 0070,Beauty,5,12.9,64.5,champion
INV100220,2024-03-09,C00444,France,P0076,Home Item 0076,Home & Kitchen,1,31.68,31.68,regular
INV100220,2024-03-09,C00444,France,P0223,Sports Item 0223,Sports,3,37.0,111.0,regular
INV100220,2024-03-09,C00444,France,P0219,Stationery Item 0219,Stationery,3,10.17,30.51,regular
INV100220,2024-03-09,C00444,France,P0014,Sports Item 0014,Sports,5,10.64,53.2,regular
INV100252,2024-03-09,C00498,Ireland,P0232,Stationery Item 0232,Stationery,5,13.04,65.2,loyal
INV100252,2024-03-09,C00498,Ireland,P0170,Apparel Item 0170,Apparel,4,26.08,104.32,loyal
INV100252,2024-03-09,C00498,Ireland,P0179,Toys Item 0179,Toys,3,14.27,42.81,loyal
INV100252,2024-03-09,C00498,Ireland,P0139,Stationery Item 0139,Stationery,2,2.18,4.36,loyal
INV100252,2024-03-09,C00498,Ireland,P0009,Sports Item 0009,Sports,2,10.35,20.7,loyal
INV100436,2024-03-09,C00434,United Kingdom,P0206,Stationery Item 0206,Stationery,1,9.37,9.37,regular
INV100436,2024-03-09,C00434,United Kingdom,P0060,Garden Item 0060,Garden,2,5.43,10.86,regular
INV100436,2024-03-09,C00434,United Kingdom,P0080,Toys Item 0080,Toys,2,10.29,20.58,regular
INV100838,2024-03-09,C00045,France,P0096,Toys Item 0096,Toys,5,10.29,51.45,regular
INV100838,2024-03-09,C00045,France,P0204,Apparel Item 0204,Apparel,5,44.41,222.05,regular
INV100838,2024-03-09,C00045,France,P0162,Sports Item 0162,Sports,3,19.3,57.9,regular
INV100838,2024-03-09,C00045,France,P0261,Stationery Item 0261,Stationery,1,4.53,4.53,regular
INV100838,2024-03-09,C00045,France,P0152,Toys Item 0152,Toys,5,42.54,212.7,regular
INV100838,2024-03-09,C00045,France,P0086,Toys Item 0086,Toys,3,15.78,47.34,regular
INV100838,2024-03-09,C00045,France,P0289,Home Item 0289,Home & Kitchen,4,3.62,14.48,regular
INV100838,2024-03-09,C00045,France,P0241,Sports Item 0241,Sports,1,13.49,13.49,regular
INV100874,2024-03-09,C00331,United Kingdom,P0243,Toys Item 0243,Toys,5,7.38,36.9,loyal
INV100874,2024-03-09,C00331,United Kingdom,P0144,Apparel Item 0144,Apparel,1,13.41,13.41,loyal
INV101050,2024-03-09,C00006,Germany,P0008,Stationery Item 0008,Stationery,2,7.1,14.2,at_risk
INV101050,2024-03-09,C00006,Germany,P0265,Home Item 0265,Home & Kitchen,2,6.17,12.34,at_risk
INV101050,2024-03-09,C00006,Germany,P0233,Apparel Item 0233,Apparel,4,25.83,103.32,at_risk
INV101050,2024-03-09,C00006,Germany,P0199,Sports Item 0199,Sports,3,14.62,43.86,at_risk
INV101423,2024-03-09,C00041,United Kingdom,P0265,Home Item 0265,Home & Kitchen,4,6.17,24.68,loyal
INV101423,2024-03-09,C00041,United Kingdom,P0230,Apparel Item 0230,Apparel,1,13.03,13.03,loyal
INV101423,2024-03-09,C00041,United Kingdom,P0238,Beauty Item 0238,Beauty,3,13.56,40.68,loyal
INV101423,2024-03-09,C00041,United Kingdom,P0262,Home Item 0262,Home & Kitchen,3,8.77,26.31,loyal
INV101423,2024-03-09,C00041,United Kingdom,P0088,Garden Item 0088,Garden,4,25.85,103.4,loyal
INV101423,2024-03-09,C00041,United Kingdom,P0283,Toys Item 0283,Toys,5,9.72,48.6,loyal
INV101423,2024-03-09,C00041,United Kingdom,P0022,Garden Item 0022,Garden,2,9.52,19.04,loyal
INV101423,2024-03-09,C00041,United Kingdom,P0185,Home Item 0185,Home & Kitchen,5,22.37,111.85,loyal
INV100416,2024-03-10,C00052,Spain,P0284,Apparel Item 0284,Apparel,4,22.03,88.12,champion
INV100416,2024-03-10,C00052,Spain,P0201,Electronics Item 0201,Electronics Accessories,3,2.96,8.88,champion
INV100416,2024-03-10,C00052,Spain,P0089,Apparel Item 0089,Apparel,1,7.02,7.02,champion
INV100416,2024-03-10,C00052,Spain,P0094,Apparel Item 0094,Apparel,5,14.15,70.75,champion
INV100440,2024-03-10,C00446,Ireland,P0281,Beauty Item 0281,Beauty,1,2.14,2.14,champion
INV100440,2024-03-10,C00446,Ireland,P0213,Toys Item 0213,Toys,1,13.64,13.64,champion
INV100440,2024-03-10,C00446,Ireland,P0166,Electronics Item 0166,Electronics Accessories,1,7.11,7.11,champion
INV100440,2024-03-10,C00446,Ireland,P0004,Garden Item 0004,Garden,2,18.82,37.64,champion
INV100440,2024-03-10,C00446,Ireland,P0013,Apparel Item 0013,Apparel,1,6.43,6.43,champion
INV100440,2024-03-10,C00446,Ireland,P0019,Electronics Item 0019,Electronics Accessories,2,17.73,35.46,champion
INV100440,2024-03-10,C00446,Ireland,P0252,Sports Item 0252,Sports,1,8.64,8.64,champion
INV100440,2024-03-10,C00446,Ireland,P0151,Toys Item 0151,Toys,5,19.71,98.55,champion
INV100440,2024-03-10,C00446,Ireland,P0279,Apparel Item 0279,Apparel,3,9.71,29.13,champion
INV100440,2024-03-10,C00446,Ireland,P0168,Sports Item 0168,Sports,2,25.71,51.42,champion
INV100440,2024-03-10,C00446,Ireland,P0197,Beauty Item 0197,Beauty,4,6.6,26.4,champion
INV100440,2024-03-10,C00446,Ireland,P0147,Electronics Item 0147,Electronics Accessories,1,21.42,21.42,champion
INV100440,2024-03-10,C00446,Ireland,P0052,Beauty Item 0052,Beauty,3,4.18,12.54,champion
INV100440,2024-03-10,C00446,Ireland,P0209,Garden Item 0209,Garden,4,20.19,80.76,champion
INV100796,2024-03-10,C00168,United Kingdom,P0265,Home Item 0265,Home & Kitchen,5,6.17,30.85,at_risk
INV100796,2024-03-10,C00168,United Kingdom,P0093,Beauty Item 0093,Beauty,2,9.44,18.88,at_risk
INV100957,2024-03-10,C00303,Ireland,P0092,Home Item 0092,Home & Kitchen,5,34.22,171.1,regular
INV100957,2024-03-10,C00303,Ireland,P0054,Toys Item 0054,Toys,1,14.13,14.13,regular
INV100957,2024-03-10,C00303,Ireland,P0011,Stationery Item 0011,Stationery,1,15.05,15.05,regular
INV100957,2024-03-10,C00303,Ireland,P0262,Home Item 0262,Home & Kitchen,1,8.77,8.77,regular
INV100957,2024-03-10,C00303,Ireland,P0180,Stationery Item 0180,Stationery,4,9.07,36.28,regular
INV100957,2024-03-10,C00303,Ireland,P0067,Sports Item 0067,Sports,3,14.79,44.37,regular
INV100957,2024-03-10,C00303,Ireland,P0145,Electronics Item 0145,Electronics Accessories,2,13.74,27.48,regular
INV100957,2024-03-10,C00303,Ireland,P0041,Electronics Item 0041,Electronics Accessories,4,18.37,73.48,regular
INV100070,2024-03-12,C00050,Ireland,P0185,Home Item 0185,Home & Kitchen,5,22.37,111.85,regular
INV100070,2024-03-12,C00050,Ireland,P0257,Electronics Item 0257,Electronics Accessories,2,16.69,33.38,regular
INV100070,2024-03-12,C00050,Ireland,P0126,Sports Item 0126,Sports,1,23.67,23.67,regular
INV100070,2024-03-12,C00050,Ireland,P0168,Sports Item 0168,Sports,3,25.71,77.13,regular
INV100145,2024-03-12,C00420,France,P0125,Toys Item 0125,Toys,5,25.33,126.65,dormant
INV100145,2024-03-12,C00420,France,P0095,Sports Item 0095,Sports,3,6.85,20.55,dormant
INV100145,2024-03-12,C00420,France,P0297,Stationery Item 0297,Stationery,3,18.82,56.46,dormant
INV100145,2024-03-12,C00420,France,P0183,Beauty Item 0183,Beauty,4,14.45,57.8,dormant
INV100271,2024-03-12,C00168,United Kingdom,P0206,Stationery Item 0206,Stationery,2,9.37,18.74,at_risk
INV100734,2024-03-12,C00337,United Kingdom,P0179,Toys Item 0179,Toys,3,14.27,42.81,loyal
INV100734,2024-03-12,C00337,United Kingdom,P0152,Toys Item 0152,Toys,4,42.54,170.16,loyal
INV100734,2024-03-12,C00337,United Kingdom,P0045,Electronics Item 0045,Electronics Accessories,3,3.96,11.88,loyal
INV100734,2024-03-12,C00337,United Kingdom,P0169,Apparel Item 0169,Apparel,1,6.65,6.65,loyal
INV100868,2024-03-12,C00209,Germany,P0294,Toys Item 0294,Toys,4,5.09,20.36,regular
INV100868,2024-03-12,C00209,Germany,P0286,Toys Item 0286,Toys,4,17.4,69.6,regular
INV101047,2024-03-12,C00028,Germany,P0169,Apparel Item 0169,Apparel,3,6.65,19.95,loyal
INV101047,2024-03-12,C00028,Germany,P0155,Apparel Item 0155,Apparel,4,3.52,14.08,loyal
INV101047,2024-03-12,C00028,Germany,P0090,Garden Item 0090,Garden,1,12.93,12.93,loyal
INV101047,2024-03-12,C00028,Germany,P0022,Garden Item 0022,Garden,3,9.52,28.56,loyal
INV101047,2024-03-12,C00028,Germany,P0224,Toys Item 0224,Toys,5,6.73,33.65,loyal
INV101047,2024-03-12,C00028,Germany,P0242,Stationery Item 0242,Stationery,2,7.66,15.32,loyal
INV101047,2024-03-12,C00028,Germany,P0246,Electronics Item 0246,Electronics Accessories,2,13.44,26.88,loyal
INV101047,2024-03-12,C00028,Germany,P0144,Apparel Item 0144,Apparel,1,13.41,13.41,loyal
INV101362,2024-03-12,C00075,United Kingdom,P0007,Stationery Item 0007,Stationery,4,19.96,79.84,loyal
INV101362,2024-03-12,C00075,United Kingdom,P0167,Sports Item 0167,Sports,5,9.45,47.25,loyal
INV101362,2024-03-12,C00075,United Kingdom,P0155,Apparel Item 0155,Apparel,2,3.52,7.04,loyal
INV101362,2024-03-12,C00075,United Kingdom,P0089,Apparel Item 0089,Apparel,4,7.02,28.08,loyal
INV101393,2024-03-13,C00483,United Kingdom,P0078,Apparel Item 0078,Apparel,5,26.81,134.05,at_risk
INV101393,2024-03-13,C00483,United Kingdom,P0036,Toys Item 0036,Toys,4,10.76,43.04,at_risk
INV100038,2024-03-14,C00495,United Kingdom,P0260,Garden Item 0260,Garden,3,17.06,51.18,regular
INV100038,2024-03-14,C00495,United Kingdom,P0098,Beauty Item 0098,Beauty,3,10.79,32.37,regular
INV100038,2024-03-14,C00495,United Kingdom,P0175,Garden Item 0175,Garden,1,15.65,15.65,regular
INV100038,2024-03-14,C00495,United Kingdom,P0220,Sports Item 0220,Sports,3,13.16,39.48,regular
INV100038,2024-03-14,C00495,United Kingdom,P0088,Garden Item 0088,Garden,5,25.85,129.25,regular
INV100038,2024-03-14,C00495,United Kingdom,P0160,Garden Item 0160,Garden,3,13.38,40.14,regular
INV100052,2024-03-14,C00317,United Kingdom,P0257,Electronics Item 0257,Electronics Accessories,2,16.69,33.38,loyal
INV100052,2024-03-14,C00317,United Kingdom,P0112,Apparel Item 0112,Apparel,5,14.8,74.0,loyal
INV100052,2024-03-14,C00317,United Kingdom,P0042,Apparel Item 0042,Apparel,5,5.8,29.0,loyal
INV100052,2024-03-14,C00317,United Kingdom,P0167,Sports Item 0167,Sports,5,9.45,47.25,loyal
INV100199,2024-03-14,C00435,Spain,P0055,Toys Item 0055,Toys,1,36.31,36.31,loyal
INV100199,2024-03-14,C00435,Spain,P0138,Stationery Item 0138,Stationery,2,23.38,46.76,loyal
INV100199,2024-03-14,C00435,Spain,P0219,Stationery Item 0219,Stationery,4,10.17,40.68,loyal
INV100199,2024-03-14,C00435,Spain,P0262,Home Item 0262,Home & Kitchen,4,8.77,35.08,loyal
INV100199,2024-03-14,C00435,Spain,P0183,Beauty Item 0183,Beauty,2,14.45,28.9,loyal
INV100199,2024-03-14,C00435,Spain,P0294,Toys Item 0294,Toys,1,5.09,5.09,loyal
INV100199,2024-03-14,C00435,Spain,P0083,Apparel Item 0083,Apparel,4,6.29,25.16,loyal
INV100199,2024-03-14,C00435,Spain,P0070,Beauty Item 0070,Beauty,1,12.9,12.9,loyal
INV100183,2024-03-15,C00316,United Kingdom,P0125,Toys Item 0125,Toys,3,25.33,75.99,regular
INV100183,2024-03-15,C00316,United Kingdom,P0134,Beauty Item 0134,Beauty,4,8.0,32.0,regular
INV100585,2024-03-15,C00345,Netherlands,P0018,Beauty Item 0018,Beauty,3,19.88,59.64,loyal
INV100585,2024-03-15,C00345,Netherlands,P0292,Beauty Item 0292,Beauty,4,5.92,23.68,loyal
INV100585,2024-03-15,C00345,Netherlands,P0128,Stationery Item 0128,Stationery,3,9.37,28.11,loyal
INV100585,2024-03-15,C00345,Netherlands,P0071,Beauty Item 0071,Beauty,2,12.79,25.58,loyal
INV100585,2024-03-15,C00345,Netherlands,P0234,Beauty Item 0234,Beauty,4,14.59,58.36,loyal
INV100585,2024-03-15,C00345,Netherlands,P0133,Home Item 0133,Home & Kitchen,1,3.6,3.6,loyal
INV100682,2024-03-15,C00079,United Kingdom,P0196,Stationery Item 0196,Stationery,2,11.07,22.14,at_risk
INV100682,2024-03-15,C00079,United Kingdom,P0061,Stationery Item 0061,Stationery,4,8.19,32.76,at_risk
INV101202,2024-03-15,C00492,United Kingdom,P0204,Apparel Item 0204,Apparel,5,44.41,222.05,at_risk
INV101202,2024-03-15,C00492,United Kingdom,P0063,Apparel Item 0063,Apparel,1,21.21,21.21,at_risk
INV101202,2024-03-15,C00492,United Kingdom,P0067,Sports Item 0067,Sports,5,14.79,73.95,at_risk
INV101202,2024-03-15,C00492,United Kingdom,P0253,Toys Item 0253,Toys,5,5.41,27.05,at_risk
INV101202,2024-03-15,C00492,United Kingdom,P0150,Garden Item 0150,Garden,2,11.59,23.18,at_risk
INV101202,2024-03-15,C00492,United Kingdom,P0249,Apparel Item 0249,Apparel,1,7.46,7.46,at_risk
INV100185,2024-03-16,C00062,Spain,P0067,Sports Item 0067,Sports,1,14.79,14.79,regular
INV100341,2024-03-16,C00023,United Kingdom,P0165,Home Item 0165,Home & Kitchen,5,4.44,22.2,champion
INV100341,2024-03-16,C00023,United Kingdom,P0098,Beauty Item 0098,Beauty,3,10.79,32.37,champion
INV100341,2024-03-16,C00023,United Kingdom,P0095,Sports Item 0095,Sports,5,6.85,34.25,champion
INV100341,2024-03-16,C00023,United Kingdom,P0222,Beauty Item 0222,Beauty,2,16.46,32.92,champion
INV100341,2024-03-16,C00023,United Kingdom,P0288,Stationery Item 0288,Stationery,1,9.96,9.96,champion
INV100341,2024-03-16,C00023,United Kingdom,P0045,Electronics Item 0045,Electronics Accessories,5,3.96,19.8,champion
INV100341,2024-03-16,C00023,United Kingdom,P0016,Beauty Item 0016,Beauty,2,16.32,32.64,champion
INV100605,2024-03-16,C00161,United Kingdom,P0054,Toys Item 0054,Toys,2,14.13,28.26,at_risk
INV101497,2024-03-16,C00004,United Kingdom,P0072,Home Item 0072,Home & Kitchen,5,25.41,127.05,loyal
INV100539,2024-03-17,C00096,United Kingdom,P0142,Apparel Item 0142,Apparel,1,14.63,14.63,loyal
INV100639,2024-03-17,C00183,United Kingdom,P0247,Home Item 0247,Home & Kitchen,2,15.37,30.74,at_risk
INV100639,2024-03-17,C00183,United Kingdom,P0214,Beauty Item 0214,Beauty,5,5.84,29.2,at_risk
INV100639,2024-03-17,C00183,United Kingdom,P0105,Beauty Item 0105,Beauty,1,10.5,10.5,at_risk
INV100639,2024-03-17,C00183,United Kingdom,P0172,Sports Item 0172,Sports,2,6.08,12.16,at_risk
INV100639,2024-03-17,C00183,United Kingdom,P0222,Beauty Item 0222,Beauty,4,16.46,65.84,at_risk
INV101465,2024-03-17,C00434,United Kingdom,P0043,Electronics Item 0043,Electronics Accessories,5,19.52,97.6,regular
INV101465,2024-03-17,C00434,United Kingdom,P0227,Garden Item 0227,Garden,1,14.32,14.32,regular
INV100218,2024-03-19,C00366,France,P0032,Toys Item 0032,Toys,5,7.2,36.0,regular
INV100218,2024-03-19,C00366,France,P0121,Toys Item 0121,Toys,2,8.89,17.78,regular
INV100243,2024-03-19,C00432,Netherlands,P0260,Garden Item 0260,Garden,4,17.06,68.24,champion
INV100243,2024-03-19,C00432,Netherlands,P0204,Apparel Item 0204,Apparel,2,44.41,88.82,champion
INV100243,2024-03-19,C00432,Netherlands,P0031,Apparel Item 0031,Apparel,1,17.17,17.17,champion
INV100243,2024-03-19,C00432,Netherlands,P0187,Garden Item 0187,Garden,4,6.33,25.32,champion
INV100243,2024-03-19,C00432,Netherlands,P0178,Garden Item 0178,Garden,5,15.19,75.95,champion
INV100243,2024-03-19,C00432,Netherlands,P0157,Toys Item 0157,Toys,5,16.13,80.65,champion
INV100243,2024-03-19,C00432,Netherlands,P0179,Toys Item 0179,Toys,5,14.27,71.35,champion
INV100243,2024-03-19,C00432,Netherlands,P0161,Home Item 0161,Home & Kitchen,4,6.97,27.88,champion
INV100243,2024-03-19,C00432,Netherlands,P0191,Stationery Item 0191,Stationery,5,8.67,43.35,champion
INV100243,2024-03-19,C00432,Netherlands,P0290,Garden Item 0290,Garden,4,5.49,21.96,champion
INV100243,2024-03-19,C00432,Netherlands,P0225,Beauty Item 0225,Beauty,4,4.63,18.52,champion
INV100243,2024-03-19,C00432,Netherlands,P0286,Toys Item 0286,Toys,5,17.4,87.0,champion
INV100243,2024-03-19,C00432,Netherlands,P0094,Apparel Item 0094,Apparel,2,14.15,28.3,champion
INV100717,2024-03-19,C00338,Ireland,P0281,Beauty Item 0281,Beauty,1,2.14,2.14,regular
INV100717,2024-03-19,C00338,Ireland,P0018,Beauty Item 0018,Beauty,1,19.88,19.88,regular
INV100717,2024-03-19,C00338,Ireland,P0186,Sports Item 0186,Sports,4,11.3,45.2,regular
INV100717,2024-03-19,C00338,Ireland,P0184,Stationery Item 0184,Stationery,5,12.05,60.25,regular
INV100717,2024-03-19,C00338,Ireland,P0083,Apparel Item 0083,Apparel,2,6.29,12.58,regular
INV100717,2024-03-19,C00338,Ireland,P0224,Toys Item 0224,Toys,5,6.73,33.65,regular
INV100781,2024-03-19,C00474,Germany,P0274,Apparel Item 0274,Apparel,1,17.17,17.17,loyal
INV100956,2024-03-19,C00081,Spain,P0234,Beauty Item 0234,Beauty,2,14.59,29.18,loyal
INV100956,2024-03-19,C00081,Spain,P0045,Electronics Item 0045,Electronics Accessories,1,3.96,3.96,loyal
INV100956,2024-03-19,C00081,Spain,P0268,Beauty Item 0268,Beauty,3,10.88,32.64,loyal
INV100956,2024-03-19,C00081,Spain,P0139,Stationery Item 0139,Stationery,1,2.18,2.18,loyal
INV100270,2024-03-20,C00388,France,P0123,Toys Item 0123,Toys,1,19.79,19.79,regular
INV100985,2024-03-20,C00378,United Kingdom,P0125,Toys Item 0125,Toys,2,25.33,50.66,at_risk
INV100985,2024-03-20,C00378,United Kingdom,P0009,Sports Item 0009,Sports,4,10.35,41.4,at_risk
INV100985,2024-03-20,C00378,United Kingdom,P0014,Sports Item 0014,Sports,1,10.64,10.64,at_risk
INV101070,2024-03-20,C00374,Ireland,P0020,Sports Item 0020,Sports,3,17.23,51.69,at_risk
INV101070,2024-03-20,C00374,Ireland,P0090,Garden Item 0090,Garden,1,12.93,12.93,at_risk
INV101277,2024-03-20,C00213,Netherlands,P0253,Toys Item 0253,Toys,5,5.41,27.05,loyal
INV101277,2024-03-20,C00213,Netherlands,P0126,Sports Item 0126,Sports,5,23.67,118.35,loyal
INV100578,2024-03-21,C00478,United Kingdom,P0177,Apparel Item 0177,Apparel,2,7.91,15.82,champion
INV100578,2024-03-21,C00478,United Kingdom,P0264,Home Item 0264,Home & Kitchen,4,16.77,67.08,champion
INV100578,2024-03-21,C00478,United Kingdom,P0087,Home Item 0087,Home & Kitchen,1,9.17,9.17,champion
INV100578,2024-03-21,C00478,United Kingdom,P0075,Home Item 0075,Home & Kitchen,2,4.7,9.4,champion
INV100578,2024-03-21,C00478,United Kingdom,P0242,Stationery Item 0242,Stationery,4,7.66,30.64,champion
INV100578,2024-03-21,C00478,United Kingdom,P0006,Toys Item 0006,Toys,5,14.64,73.2,champion
INV100578,2024-03-21,C00478,United Kingdom,P0038,Beauty Item 0038,Beauty,2,4.36,8.72,champion
INV100578,2024-03-21,C00478,United Kingdom,P0164,Home Item 0164,Home & Kitchen,2,19.4,38.8,champion
INV100578,2024-03-21,C00478,United Kingdom,P0272,Stationery Item 0272,Stationery,1,43.64,43.64,champion
INV100578,2024-03-21,C00478,United Kingdom,P0153,Home Item 0153,Home & Kitchen,3,2.62,7.86,champion
INV100578,2024-03-21,C00478,United Kingdom,P0120,Sports Item 0120,Sports,5,12.93,64.65,champion
INV100578,2024-03-21,C00478,United Kingdom,P0290,Garden Item 0290,Garden,2,5.49,10.98,champion
INV100578,2024-03-21,C00478,United Kingdom,P0149,Toys Item 0149,Toys,2,6.39,12.78,champion
INV100578,2024-03-21,C00478,United Kingdom,P0255,Electronics Item 0255,Electronics Accessories,2,2.75,5.5,champion
INV100578,2024-03-21,C00478,United Kingdom,P0276,Apparel Item 0276,Apparel,5,8.49,42.45,champion
INV100578,2024-03-21,C00478,United Kingdom,P0165,Home Item 0165,Home & Kitchen,3,4.44,13.32,champion
INV100578,2024-03-21,C00478,United Kingdom,P0262,Home Item 0262,Home & Kitchen,4,8.77,35.08,champion
INV100578,2024-03-21,C00478,United Kingdom,P0200,Garden Item 0200,Garden,4,9.29,37.16,champion
INV100578,2024-03-21,C00478,United Kingdom,P0119,Stationery Item 0119,Stationery,4,27.78,111.12,champion
INV100578,2024-03-21,C00478,United Kingdom,P0227,Garden Item 0227,Garden,3,14.32,42.96,champion
INV100578,2024-03-21,C00478,United Kingdom,P0196,Stationery Item 0196,Stationery,3,11.07,33.21,champion
INV100578,2024-03-21,C00478,United Kingdom,P0052,Beauty Item 0052,Beauty,3,4.18,12.54,champion
INV101179,2024-03-21,C00135,Spain,P0293,Toys Item 0293,Toys,1,13.85,13.85,loyal
INV101179,2024-03-21,C00135,Spain,P0007,Stationery Item 0007,Stationery,5,19.96,99.8,loyal
INV101179,2024-03-21,C00135,Spain,P0173,Apparel Item 0173,Apparel,3,19.11,57.33,loyal
INV101179,2024-03-21,C00135,Spain,P0086,Toys Item 0086,Toys,2,15.78,31.56,loyal
INV101179,2024-03-21,C00135,Spain,P0022,Garden Item 0022,Garden,4,9.52,38.08,loyal
INV100059,2024-03-22,C00001,United Kingdom,P0076,Home Item 0076,Home & Kitchen,5,31.68,158.4,champion
INV100059,2024-03-22,C00001,United Kingdom,P0172,Sports Item 0172,Sports,3,6.08,18.24,champion
INV100059,2024-03-22,C00001,United Kingdom,P0210,Beauty Item 0210,Beauty,1,6.08,6.08,champion
INV100059,2024-03-22,C00001,United Kingdom,P0027,Electronics Item 0027,Electronics Accessories,2,19.73,39.46,champion
INV100410,2024-03-22,C00350,United Kingdom,P0163,Sports Item 0163,Sports,1,16.1,16.1,loyal
INV100410,2024-03-22,C00350,United Kingdom,P0062,Stationery Item 0062,Stationery,1,32.4,32.4,loyal
INV100410,2024-03-22,C00350,United Kingdom,P0153,Home Item 0153,Home & Kitchen,1,2.62,2.62,loyal
INV100410,2024-03-22,C00350,United Kingdom,P0247,Home Item 0247,Home & Kitchen,1,15.37,15.37,loyal
INV100459,2024-03-22,C00347,United Kingdom,P0037,Toys Item 0037,Toys,2,10.9,21.8,regular
INV100899,2024-03-22,C00088,United Kingdom,P0103,Garden Item 0103,Garden,4,5.64,22.56,regular
INV100899,2024-03-22,C00088,United Kingdom,P0225,Beauty Item 0225,Beauty,4,4.63,18.52,regular
INV100899,2024-03-22,C00088,United Kingdom,P0037,Toys Item 0037,Toys,5,10.9,54.5,regular
INV101002,2024-03-22,C00412,United Kingdom,P0287,Toys Item 0287,Toys,5,17.98,89.9,at_risk
INV101002,2024-03-22,C00412,United Kingdom,P0043,Electronics Item 0043,Electronics Accessories,2,19.52,39.04,at_risk
INV101002,2024-03-22,C00412,United Kingdom,P0109,Apparel Item 0109,Apparel,3,11.92,35.76,at_risk
INV101002,2024-03-22,C00412,United Kingdom,P0189,Garden Item 0189,Garden,1,9.4,9.4,at_risk
INV101002,2024-03-22,C00412,United Kingdom,P0140,Apparel Item 0140,Apparel,5,15.06,75.3,at_risk
INV101002,2024-03-22,C00412,United Kingdom,P0057,Beauty Item 0057,Beauty,4,13.72,54.88,at_risk
INV100092,2024-03-23,C00147,France,P0091,Garden Item 0091,Garden,2,12.22,24.44,champion
INV100092,2024-03-23,C00147,France,P0012,Beauty Item 0012,Beauty,3,8.67,26.01,champion
INV100092,2024-03-23,C00147,France,P0080,Toys Item 0080,Toys,1,10.29,10.29,champion
INV100092,2024-03-23,C00147,France,P0025,Garden Item 0025,Garden,5,16.76,83.8,champion
INV100092,2024-03-23,C00147,France,P0234,Beauty Item 0234,Beauty,4,14.59,58.36,champion
INV100092,2024-03-23,C00147,France,P0029,Sports Item 0029,Sports,2,15.87,31.74,champion
INV100092,2024-03-23,C00147,France,P0238,Beauty Item 0238,Beauty,5,13.56,67.8,champion
INV100092,2024-03-23,C00147,France,P0081,Garden Item 0081,Garden,2,26.84,53.68,champion
INV100092,2024-03-23,C00147,France,P0058,Garden Item 0058,Garden,1,7.47,7.47,champion
INV100092,2024-03-23,C00147,France,P0195,Apparel Item 0195,Apparel,5,27.22,136.1,champion
INV100092,2024-03-23,C00147,France,P0168,Sports Item 0168,Sports,5,25.71,128.55,champion
INV100092,2024-03-23,C00147,France,P0010,Sports Item 0010,Sports,2,16.22,32.44,champion
INV101114,2024-03-23,C00217,United Kingdom,P0243,Toys Item 0243,Toys,1,7.38,7.38,regular
INV101114,2024-03-23,C00217,United Kingdom,P0101,Stationery Item 0101,Stationery,5,55.1,275.5,regular
INV101114,2024-03-23,C00217,United Kingdom,P0127,Toys Item 0127,Toys,5,32.0,160.0,regular
INV101114,2024-03-23,C00217,United Kingdom,P0289,Home Item 0289,Home & Kitchen,5,3.62,18.1,regular
INV101114,2024-03-23,C00217,United Kingdom,P0079,Sports Item 0079,Sports,2,17.36,34.72,regular
INV101418,2024-03-23,C00401,Ireland,P0250,Stationery Item 0250,Stationery,4,11.75,47.0,regular
INV101418,2024-03-23,C00401,Ireland,P0105,Beauty Item 0105,Beauty,1,10.5,10.5,regular
INV101418,2024-03-23,C00401,Ireland,P0073,Garden Item 0073,Garden,4,8.64,34.56,regular
INV101440,2024-03-23,C00266,United Kingdom,P0143,Home Item 0143,Home & Kitchen,5,7.7,38.5,loyal
INV101440,2024-03-23,C00266,United Kingdom,P0208,Sports Item 0208,Sports,5,17.62,88.1,loyal
INV101440,2024-03-23,C00266,United Kingdom,P0072,Home Item 0072,Home & Kitchen,3,25.41,76.23,loyal
INV101440,2024-03-23,C00266,United Kingdom,P0047,Apparel Item 0047,Apparel,2,29.75,59.5,loyal
INV101440,2024-03-23,C00266,United Kingdom,P0158,Garden Item 0158,Garden,2,8.27,16.54,loyal
INV101440,2024-03-23,C00266,United Kingdom,P0296,Electronics Item 0296,Electronics Accessories,3,13.81,41.43,loyal
INV101440,2024-03-23,C00266,United Kingdom,P0209,Garden Item 0209,Garden,5,20.19,100.95,loyal
INV101440,2024-03-23,C00266,United Kingdom,P0003,Beauty Item 0003,Beauty,2,11.37,22.74,loyal
INV100077,2024-03-24,C00396,Spain,P0074,Beauty Item 0074,Beauty,36,25.87,931.32,champion
INV100077,2024-03-24,C00396,Spain,P0292,Beauty Item 0292,Beauty,20,5.33,106.6,champion
INV100077,2024-03-24,C00396,Spain,P0211,Garden Item 0211,Garden,27,9.08,245.16,champion
INV100077,2024-03-24,C00396,Spain,P0106,Garden Item 0106,Garden,21,8.62,181.02,champion
INV100077,2024-03-24,C00396,Spain,P0171,Garden Item 0171,Garden,20,5.68,113.6,champion
INV100077,2024-03-24,C00396,Spain,P0291,Sports Item 0291,Sports,29,20.73,601.17,champion
INV100077,2024-03-24,C00396,Spain,P0062,Stationery Item 0062,Stationery,35,29.16,1020.6,champion
INV100077,2024-03-24,C00396,Spain,P0087,Home Item 0087,Home & Kitchen,26,8.25,214.5,champion
INV100077,2024-03-24,C00396,Spain,P0129,Sports Item 0129,Sports,18,6.31,113.58,champion
INV100077,2024-03-24,C00396,Spain,P0024,Sports Item 0024,Sports,21,8.21,172.41,champion
INV100077,2024-03-24,C00396,Spain,P0075,Home Item 0075,Home & Kitchen,19,4.23,80.37,champion
INV100077,2024-03-24,C00396,Spain,P0108,Garden Item 0108,Garden,37,11.47,424.39,champion
INV100077,2024-03-24,C00396,Spain,P0001,Sports Item 0001,Sports,22,18.63,409.86,champion
INV100077,2024-03-24,C00396,Spain,P0018,Beauty Item 0018,Beauty,24,17.89,429.36,champion
INV100077,2024-03-24,C00396,Spain,P0239,Apparel Item 0239,Apparel,16,3.05,48.8,champion
INV100077,2024-03-24,C00396,Spain,P0285,Toys Item 0285,Toys,26,5.38,139.88,champion
INV100077,2024-03-24,C00396,Spain,P0044,Apparel Item 0044,Apparel,37,12.11,448.07,champion
INV100077,2024-03-24,C00396,Spain,P0277,Beauty Item 0277,Beauty,25,17.06,426.5,champion
INV100077,2024-03-24,C00396,Spain,P0039,Home Item 0039,Home & Kitchen,31,13.44,416.64,champion
INV100077,2024-03-24,C00396,Spain,P0228,Toys Item 0228,Toys,19,18.2,345.8,champion
INV100077,2024-03-24,C00396,Spain,P0135,Beauty Item 0135,Beauty,18,15.57,280.26,champion
INV100077,2024-03-24,C00396,Spain,P0115,Home Item 0115,Home & Kitchen,33,18.49,610.17,champion
INV100077,2024-03-24,C00396,Spain,P0048,Apparel Item 0048,Apparel,16,11.65,186.4,champion
INV100077,2024-03-24,C00396,Spain,P0038,Beauty Item 0038,Beauty,26,3.92,101.92,champion
INV100077,2024-03-24,C00396,Spain,P0201,Electronics Item 0201,Electronics Accessories,22,2.66,58.52,champion
INV100077,2024-03-24,C00396,Spain,P0065,Stationery Item 0065,Stationery,15,34.84,522.6,champion
INV100077,2024-03-24,C00396,Spain,P0215,Stationery Item 0215,Stationery,28,13.89,388.92,champion
INV100077,2024-03-24,C00396,Spain,P0128,Stationery Item 0128,Stationery,39,8.43,328.77,champion
INV100077,2024-03-24,C00396,Spain,P0067,Sports Item 0067,Sports,16,13.31,212.96,champion
INV100077,2024-03-24,C00396,Spain,P0161,Home Item 0161,Home & Kitchen,35,6.27,219.45,champion
INV100077,2024-03-24,C00396,Spain,P0105,Beauty Item 0105,Beauty,28,9.45,264.6,champion
INV100077,2024-03-24,C00396,Spain,P0153,Home Item 0153,Home & Kitchen,33,2.36,77.88,champion
INV100077,2024-03-24,C00396,Spain,P0086,Toys Item 0086,Toys,17,14.2,241.4,champion
INV100077,2024-03-24,C00396,Spain,P0112,Apparel Item 0112,Apparel,36,13.32,479.52,champion
INV100077,2024-03-24,C00396,Spain,P0289,Home Item 0289,Home & Kitchen,15,3.26,48.9,champion
INV100077,2024-03-24,C00396,Spain,P0094,Apparel Item 0094,Apparel,37,12.74,471.38,champion
INV100077,2024-03-24,C00396,Spain,P0243,Toys Item 0243,Toys,31,6.64,205.84,champion
INV100077,2024-03-24,C00396,Spain,P0030,Toys Item 0030,Toys,23,7.69,176.87,champion
INV100077,2024-03-24,C00396,Spain,P0247,Home Item 0247,Home & Kitchen,15,13.83,207.45,champion
INV100077,2024-03-24,C00396,Spain,P0156,Beauty Item 0156,Beauty,30,5.87,176.1,champion
INV100077,2024-03-24,C00396,Spain,P0109,Apparel Item 0109,Apparel,17,10.73,182.41,champion
INV100077,2024-03-24,C00396,Spain,P0200,Garden Item 0200,Garden,30,8.36,250.8,champion
INV100077,2024-03-24,C00396,Spain,P0183,Beauty Item 0183,Beauty,34,13.0,442.0,champion
INV100726,2024-03-24,C00487,United Kingdom,P0084,Toys Item 0084,Toys,2,9.13,18.26,champion
INV100931,2024-03-24,C00035,United Kingdom,P0026,Sports Item 0026,Sports,4,9.03,36.12,regular
INV100931,2024-03-24,C00035,United Kingdom,P0252,Sports Item 0252,Sports,5,8.64,43.2,regular
INV101127,2024-03-24,C00145,Spain,P0090,Garden Item 0090,Garden,5,12.93,64.65,loyal
INV101127,2024-03-24,C00145,Spain,P0151,Toys Item 0151,Toys,2,19.71,39.42,loyal
INV100016,2024-03-25,C00091,Germany,P0012,Beauty Item 0012,Beauty,4,8.67,34.68,champion
INV100016,2024-03-25,C00091,Germany,P0166,Electronics Item 0166,Electronics Accessories,3,7.11,21.33,champion
INV100016,2024-03-25,C00091,Germany,P0261,Stationery Item 0261,Stationery,2,4.53,9.06,champion
INV100016,2024-03-25,C00091,Germany,P0011,Stationery Item 0011,Stationery,3,15.05,45.15,champion
INV100016,2024-03-25,C00091,Germany,P0071,Beauty Item 0071,Beauty,1,12.79,12.79,champion
INV100016,2024-03-25,C00091,Germany,P0284,Apparel Item 0284,Apparel,1,22.03,22.03,champion
INV100016,2024-03-25,C00091,Germany,P0100,Electronics Item 0100,Electronics Accessories,3,5.18,15.54,champion
INV100016,2024-03-25,C00091,Germany,P0146,Garden Item 0146,Garden,5,10.36,51.8,champion
INV100016,2024-03-25,C00091,Germany,P0036,Toys Item 0036,Toys,3,10.76,32.28,champion
INV100016,2024-03-25,C00091,Germany,P0217,Electronics Item 0217,Electronics Accessories,4,2.06,8.24,champion
INV100016,2024-03-25,C00091,Germany,P0164,Home Item 0164,Home & Kitchen,1,19.4,19.4,champion
INV100016,2024-03-25,C00091,Germany,P0124,Toys Item 0124,Toys,3,5.36,16.08,champion
INV100284,2024-03-25,C00282,Ireland,P0226,Sports Item 0226,Sports,3,6.07,18.21,regular
INV100284,2024-03-25,C00282,Ireland,P0082,Home Item 0082,Home & Kitchen,4,2.54,10.16,regular
INV100284,2024-03-25,C00282,Ireland,P0288,Stationery Item 0288,Stationery,1,9.96,9.96,regular
INV100284,2024-03-25,C00282,Ireland,P0129,Sports Item 0129,Sports,2,7.01,14.02,regular
INV100284,2024-03-25,C00282,Ireland,P0245,Beauty Item 0245,Beauty,4,3.3,13.2,regular
INV100288,2024-03-25,C00279,United Kingdom,P0153,Home Item 0153,Home & Kitchen,4,2.62,10.48,loyal
INV100288,2024-03-25,C00279,United Kingdom,P0211,Garden Item 0211,Garden,3,10.09,30.27,loyal
INV100288,2024-03-25,C00279,United Kingdom,P0243,Toys Item 0243,Toys,4,7.38,29.52,loyal
INV100288,2024-03-25,C00279,United Kingdom,P0137,Beauty Item 0137,Beauty,4,7.15,28.6,loyal
INV100886,2024-03-25,C00012,Netherlands,P0118,Apparel Item 0118,Apparel,2,9.67,19.34,loyal
INV101020,2024-03-25,C00250,Ireland,P0268,Beauty Item 0268,Beauty,22,9.79,215.38,regular
INV101020,2024-03-25,C00250,Ireland,P0204,Apparel Item 0204,Apparel,38,39.97,1518.86,regular
INV101020,2024-03-25,C00250,Ireland,P0177,Apparel Item 0177,Apparel,24,7.12,170.88,regular
INV101020,2024-03-25,C00250,Ireland,P0063,Apparel Item 0063,Apparel,24,19.09,458.16,regular
INV101020,2024-03-25,C00250,Ireland,P0062,Stationery Item 0062,Stationery,25,29.16,729.0,regular
INV101020,2024-03-25,C00250,Ireland,P0032,Toys Item 0032,Toys,37,6.48,239.76,regular
INV101020,2024-03-25,C00250,Ireland,P0046,Toys Item 0046,Toys,38,12.07,458.66,regular
INV101020,2024-03-25,C00250,Ireland,P0221,Sports Item 0221,Sports,25,16.24,406.0,regular
INV101020,2024-03-25,C00250,Ireland,P0095,Sports Item 0095,Sports,39,6.17,240.63,regular
INV101020,2024-03-25,C00250,Ireland,P0266,Beauty Item 0266,Beauty,33,8.28,273.24,regular
INV101020,2024-03-25,C00250,Ireland,P0037,Toys Item 0037,Toys,36,9.81,353.16,regular
INV101020,2024-03-25,C00250,Ireland,P0115,Home Item 0115,Home & Kitchen,37,18.49,684.13,regular
INV101020,2024-03-25,C00250,Ireland,P0248,Apparel Item 0248,Apparel,23,16.3,374.9,regular
INV101020,2024-03-25,C00250,Ireland,P0222,Beauty Item 0222,Beauty,28,14.81,414.68,regular
INV101020,2024-03-25,C00250,Ireland,P0164,Home Item 0164,Home & Kitchen,22,17.46,384.12,regular
INV101020,2024-03-25,C00250,Ireland,P0102,Toys Item 0102,Toys,22,12.95,284.9,regular
INV101020,2024-03-25,C00250,Ireland,P0215,Stationery Item 0215,Stationery,26,13.89,361.14,regular
INV101020,2024-03-25,C00250,Ireland,P0138,Stationery Item 0138,Stationery,16,21.04,336.64,regular
INV101020,2024-03-25,C00250,Ireland,P0128,Stationery Item 0128,Stationery,20,8.43,168.6,regular
INV101020,2024-03-25,C00250,Ireland,P0175,Garden Item 0175,Garden,35,14.09,493.15,regular
INV101020,2024-03-25,C00250,Ireland,P0067,Sports Item 0067,Sports,19,13.31,252.89,regular
INV101020,2024-03-25,C00250,Ireland,P0153,Home Item 0153,Home & Kitchen,30,2.36,70.8,regular
INV101020,2024-03-25,C00250,Ireland,P0003,Beauty Item 0003,Beauty,34,10.23,347.82,regular
INV101020,2024-03-25,C00250,Ireland,P0109,Apparel Item 0109,Apparel,21,10.73,225.33,regular
INV101020,2024-03-25,C00250,Ireland,P0111,Sports Item 0111,Sports,26,47.67,1239.42,regular
INV101020,2024-03-25,C00250,Ireland,P0183,Beauty Item 0183,Beauty,36,13.0,468.0,regular
INV101020,2024-03-25,C00250,Ireland,P0066,Toys Item 0066,Toys,35,5.41,189.35,regular
INV101280,2024-03-25,C00071,Netherlands,P0021,Sports Item 0021,Sports,2,9.22,18.44,champion
INV101280,2024-03-25,C00071,Netherlands,P0008,Stationery Item 0008,Stationery,2,7.1,14.2,champion
INV101280,2024-03-25,C00071,Netherlands,P0138,Stationery Item 0138,Stationery,1,23.38,23.38,champion
INV101280,2024-03-25,C00071,Netherlands,P0234,Beauty Item 0234,Beauty,3,14.59,43.77,champion
INV101280,2024-03-25,C00071,Netherlands,P0261,Stationery Item 0261,Stationery,5,4.53,22.65,champion
INV101280,2024-03-25,C00071,Netherlands,P0238,Beauty Item 0238,Beauty,2,13.56,27.12,champion
INV101280,2024-03-25,C00071,Netherlands,P0013,Apparel Item 0013,Apparel,5,6.43,32.15,champion
INV101280,2024-03-25,C00071,Netherlands,P0109,Apparel Item 0109,Apparel,4,11.92,47.68,champion
INV101280,2024-03-25,C00071,Netherlands,P0129,Sports Item 0129,Sports,2,7.01,14.02,champion
INV101280,2024-03-25,C00071,Netherlands,P0038,Beauty Item 0038,Beauty,4,4.36,17.44,champion
INV101280,2024-03-25,C00071,Netherlands,P0193,Apparel Item 0193,Apparel,2,22.21,44.42,champion
INV101280,2024-03-25,C00071,Netherlands,P0145,Electronics Item 0145,Electronics Accessories,2,13.74,27.48,champion
INV101280,2024-03-25,C00071,Netherlands,P0041,Electronics Item 0041,Electronics Accessories,2,18.37,36.74,champion
INV101280,2024-03-25,C00071,Netherlands,P0009,Sports Item 0009,Sports,1,10.35,10.35,champion
INV101280,2024-03-25,C00071,Netherlands,P0286,Toys Item 0286,Toys,4,17.4,69.6,champion
INV100117,2024-03-26,C00289,Spain,P0096,Toys Item 0096,Toys,3,10.29,30.87,loyal
INV100117,2024-03-26,C00289,Spain,P0228,Toys Item 0228,Toys,2,20.22,40.44,loyal
INV100988,2024-03-26,C00155,Ireland,P0138,Stationery Item 0138,Stationery,1,23.38,23.38,regular
INV100988,2024-03-26,C00155,Ireland,P0096,Toys Item 0096,Toys,4,10.29,41.16,regular
INV100988,2024-03-26,C00155,Ireland,P0043,Electronics Item 0043,Electronics Accessories,2,19.52,39.04,regular
INV100991,2024-03-26,C00234,Germany,P0185,Home Item 0185,Home & Kitchen,2,22.37,44.74,loyal
INV101142,2024-03-26,C00077,Ireland,P0102,Toys Item 0102,Toys,2,14.39,28.78,loyal
INV101142,2024-03-26,C00077,Ireland,P0107,Home Item 0107,Home & Kitchen,1,7.79,7.79,loyal
INV101142,2024-03-26,C00077,Ireland,P0043,Electronics Item 0043,Electronics Accessories,4,19.52,78.08,loyal
INV101142,2024-03-26,C00077,Ireland,P0289,Home Item 0289,Home & Kitchen,5,3.62,18.1,loyal
INV101142,2024-03-26,C00077,Ireland,P0259,Apparel Item 0259,Apparel,5,12.89,64.45,loyal
INV101212,2024-03-26,C00463,Spain,P0284,Apparel Item 0284,Apparel,1,22.03,22.03,loyal
INV100309,2024-03-27,C00372,Germany,P0174,Apparel Item 0174,Apparel,1,14.86,14.86,loyal
INV100309,2024-03-27,C00372,Germany,P0181,Beauty Item 0181,Beauty,1,22.25,22.25,loyal
INV100684,2024-03-27,C00204,Netherlands,P0278,Toys Item 0278,Toys,2,8.56,17.12,regular
INV100684,2024-03-27,C00204,Netherlands,P0158,Garden Item 0158,Garden,5,8.27,41.35,regular
INV100684,2024-03-27,C00204,Netherlands,P0014,Sports Item 0014,Sports,5,10.64,53.2,regular
INV100684,2024-03-27,C00204,Netherlands,P0058,Garden Item 0058,Garden,3,7.47,22.41,regular
INV100936,2024-03-27,C00363,United Kingdom,P0082,Home Item 0082,Home & Kitchen,2,2.54,5.08,regular
INV100936,2024-03-27,C00363,United Kingdom,P0007,Stationery Item 0007,Stationery,1,19.96,19.96,regular
INV100936,2024-03-27,C00363,United Kingdom,P0060,Garden Item 0060,Garden,2,5.43,10.86,regular
INV101181,2024-03-27,C00430,France,P0148,Apparel Item 0148,Apparel,1,27.92,27.92,regular
INV101181,2024-03-27,C00430,France,P0158,Garden Item 0158,Garden,1,8.27,8.27,regular
INV101210,2024-03-27,C00223,Spain,P0233,Apparel Item 0233,Apparel,2,25.83,51.66,regular
INV101256,2024-03-27,C00379,United Kingdom,P0229,Stationery Item 0229,Stationery,1,10.31,10.31,champion
INV101256,2024-03-27,C00379,United Kingdom,P0178,Garden Item 0178,Garden,1,15.19,15.19,champion
INV101256,2024-03-27,C00379,United Kingdom,P0151,Toys Item 0151,Toys,1,19.71,19.71,champion
INV101256,2024-03-27,C00379,United Kingdom,P0158,Garden Item 0158,Garden,3,8.27,24.81,champion
INV101256,2024-03-27,C00379,United Kingdom,P0191,Stationery Item 0191,Stationery,3,8.67,26.01,champion
INV101256,2024-03-27,C00379,United Kingdom,P0141,Sports Item 0141,Sports,2,16.81,33.62,champion
INV101256,2024-03-27,C00379,United Kingdom,P0046,Toys Item 0046,Toys,1,13.41,13.41,champion
INV101307,2024-03-27,C00238,United Kingdom,P0289,Home Item 0289,Home & Kitchen,2,3.62,7.24,regular
INV101307,2024-03-27,C00238,United Kingdom,P0070,Beauty Item 0070,Beauty,2,12.9,25.8,regular
INV101496,2024-03-27,C00307,Spain,P0201,Electronics Item 0201,Electronics Accessories,2,2.96,5.92,loyal
INV101496,2024-03-27,C00307,Spain,P0213,Toys Item 0213,Toys,1,13.64,13.64,loyal
INV101496,2024-03-27,C00307,Spain,P0184,Stationery Item 0184,Stationery,2,12.05,24.1,loyal
INV101496,2024-03-27,C00307,Spain,P0112,Apparel Item 0112,Apparel,1,14.8,14.8,loyal
INV101496,2024-03-27,C00307,Spain,P0022,Garden Item 0022,Garden,3,9.52,28.56,loyal
INV100554,2024-03-28,C00159,United Kingdom,P0232,Stationery Item 0232,Stationery,1,13.04,13.04,regular
INV100554,2024-03-28,C00159,United Kingdom,P0025,Garden Item 0025,Garden,3,16.76,50.28,regular
INV100554,2024-03-28,C00159,United Kingdom,P0138,Stationery Item 0138,Stationery,2,23.38,46.76,regular
INV100554,2024-03-28,C00159,United Kingdom,P0219,Stationery Item 0219,Stationery,4,10.17,40.68,regular
INV100554,2024-03-28,C00159,United Kingdom,P0066,Toys Item 0066,Toys,1,6.01,6.01,regular
INV100554,2024-03-28,C00159,United Kingdom,P0246,Electronics Item 0246,Electronics Accessories,4,13.44,53.76,regular
INV101150,2024-03-28,C00327,Spain,P0025,Garden Item 0025,Garden,3,16.76,50.28,champion
INV101150,2024-03-28,C00327,Spain,P0095,Sports Item 0095,Sports,3,6.85,20.55,champion
INV101150,2024-03-28,C00327,Spain,P0011,Stationery Item 0011,Stationery,2,15.05,30.1,champion
INV101150,2024-03-28,C00327,Spain,P0107,Home Item 0107,Home & Kitchen,3,7.79,23.37,champion
INV101150,2024-03-28,C00327,Spain,P0220,Sports Item 0220,Sports,4,13.16,52.64,champion
INV101150,2024-03-28,C00327,Spain,P0118,Apparel Item 0118,Apparel,5,9.67,48.35,champion
INV101150,2024-03-28,C00327,Spain,P0109,Apparel Item 0109,Apparel,5,11.92,59.6,champion
INV101150,2024-03-28,C00327,Spain,P0113,Garden Item 0113,Garden,1,5.12,5.12,champion
INV101150,2024-03-28,C00327,Spain,P0116,Stationery Item 0116,Stationery,4,8.27,33.08,champion
INV101150,2024-03-28,C00327,Spain,P0255,Electronics Item 0255,Electronics Accessories,1,2.75,2.75,champion
INV101150,2024-03-28,C00327,Spain,P0016,Beauty Item 0016,Beauty,3,16.32,48.96,champion
INV101150,2024-03-28,C00327,Spain,P0124,Toys Item 0124,Toys,4,5.36,21.44,champion
INV100473,2024-03-29,C00023,United Kingdom,P0213,Toys Item 0213,Toys,4,13.64,54.56,champion
INV100473,2024-03-29,C00023,United Kingdom,P0015,Stationery Item 0015,Stationery,3,6.38,19.14,champion
INV100473,2024-03-29,C00023,United Kingdom,P0104,Beauty Item 0104,Beauty,3,15.26,45.78,champion
INV100473,2024-03-29,C00023,United Kingdom,P0247,Home Item 0247,Home & Kitchen,4,15.37,61.48,champion
INV100473,2024-03-29,C00023,United Kingdom,P0090,Garden Item 0090,Garden,2,12.93,25.86,champion
INV100473,2024-03-29,C00023,United Kingdom,P0295,Home Item 0295,Home & Kitchen,4,11.96,47.84,champion
INV100473,2024-03-29,C00023,United Kingdom,P0001,Sports Item 0001,Sports,4,20.7,82.8,champion
INV100473,2024-03-29,C00023,United Kingdom,P0172,Sports Item 0172,Sports,2,6.08,12.16,champion
INV100473,2024-03-29,C00023,United Kingdom,P0186,Sports Item 0186,Sports,4,11.3,45.2,champion
INV100473,2024-03-29,C00023,United Kingdom,P0189,Garden Item 0189,Garden,1,9.4,9.4,champion
INV100473,2024-03-29,C00023,United Kingdom,P0059,Garden Item 0059,Garden,2,22.24,44.48,champion
INV100473,2024-03-29,C00023,United Kingdom,P0052,Beauty Item 0052,Beauty,4,4.18,16.72,champion
INV100586,2024-03-29,C00081,Spain,P0148,Apparel Item 0148,Apparel,3,27.92,83.76,loyal
INV100586,2024-03-29,C00081,Spain,P0047,Apparel Item 0047,Apparel,2,29.75,59.5,loyal
INV100828,2024-03-29,C00279,United Kingdom,P0200,Garden Item 0200,Garden,3,9.29,27.87,loyal
INV100828,2024-03-29,C00279,United Kingdom,P0229,Stationery Item 0229,Stationery,1,10.31,10.31,loyal
INV100828,2024-03-29,C00279,United Kingdom,P0079,Sports Item 0079,Sports,1,17.36,17.36,loyal
INV100828,2024-03-29,C00279,United Kingdom,P0088,Garden Item 0088,Garden,1,25.85,25.85,loyal
INV100935,2024-03-29,C00410,United Kingdom,P0117,Beauty Item 0117,Beauty,5,11.91,59.55,loyal
INV100935,2024-03-29,C00410,United Kingdom,P0123,Toys Item 0123,Toys,1,19.79,19.79,loyal
INV100935,2024-03-29,C00410,United Kingdom,P0153,Home Item 0153,Home & Kitchen,2,2.62,5.24,loyal
INV100935,2024-03-29,C00410,United Kingdom,P0003,Beauty Item 0003,Beauty,5,11.37,56.85,loyal
INV101282,2024-03-29,C00093,United Kingdom,P0252,Sports Item 0252,Sports,4,8.64,34.56,at_risk
INV100074,2024-03-30,C00481,United Kingdom,P0076,Home Item 0076,Home & Kitchen,2,31.68,63.36,loyal
INV100074,2024-03-30,C00481,United Kingdom,P0236,Toys Item 0236,Toys,5,18.12,90.6,loyal
INV100074,2024-03-30,C00481,United Kingdom,P0059,Garden Item 0059,Garden,5,22.24,111.2,loyal
INV100074,2024-03-30,C00481,United Kingdom,P0140,Apparel Item 0140,Apparel,3,15.06,45.18,loyal
INV100724,2024-03-30,C00495,United Kingdom,P0068,Beauty Item 0068,Beauty,5,7.24,36.2,regular
INV100724,2024-03-30,C00495,United Kingdom,P0077,Home Item 0077,Home & Kitchen,5,8.82,44.1,regular
INV100750,2024-03-30,C00291,Ireland,P0180,Stationery Item 0180,Stationery,4,9.07,36.28,loyal
INV100788,2024-03-30,C00037,United Kingdom,P0270,Electronics Item 0270,Electronics Accessories,2,13.76,27.52,champion
INV100788,2024-03-30,C00037,United Kingdom,P0134,Beauty Item 0134,Beauty,3,8.0,24.0,champion
INV100788,2024-03-30,C00037,United Kingdom,P0213,Toys Item 0213,Toys,3,13.64,40.92,champion
INV100788,2024-03-30,C00037,United Kingdom,P0232,Stationery Item 0232,Stationery,3,13.04,39.12,champion
INV100788,2024-03-30,C00037,United Kingdom,P0044,Apparel Item 0044,Apparel,4,13.46,53.84,champion
INV100788,2024-03-30,C00037,United Kingdom,P0151,Toys Item 0151,Toys,5,19.71,98.55,champion
INV100788,2024-03-30,C00037,United Kingdom,P0266,Beauty Item 0266,Beauty,5,9.2,46.0,champion
INV100788,2024-03-30,C00037,United Kingdom,P0100,Electronics Item 0100,Electronics Accessories,5,5.18,25.9,champion
INV100788,2024-03-30,C00037,United Kingdom,P0135,Beauty Item 0135,Beauty,3,17.3,51.9,champion
INV100795,2024-03-30,C00317,United Kingdom,P0096,Toys Item 0096,Toys,5,10.29,51.45,loyal
INV100795,2024-03-30,C00317,United Kingdom,P0231,Toys Item 0231,Toys,1,10.98,10.98,loyal
INV100795,2024-03-30,C00317,United Kingdom,P0287,Toys Item 0287,Toys,3,17.98,53.94,loyal
INV100795,2024-03-30,C00317,United Kingdom,P0058,Garden Item 0058,Garden,1,7.47,7.47,loyal
INV100795,2024-03-30,C00317,United Kingdom,P0288,Stationery Item 0288,Stationery,3,9.96,29.88,loyal
INV100795,2024-03-30,C00317,United Kingdom,P0024,Sports Item 0024,Sports,3,9.12,27.36,loyal
INV100795,2024-03-30,C00317,United Kingdom,P0040,Toys Item 0040,Toys,3,25.32,75.96,loyal
INV100795,2024-03-30,C00317,United Kingdom,P0052,Beauty Item 0052,Beauty,5,4.18,20.9,loyal
INV100406,2024-03-31,C00207,United Kingdom,P0228,Toys Item 0228,Toys,4,20.22,80.88,dormant
INV101308,2024-03-31,C00195,France,P0287,Toys Item 0287,Toys,4,17.98,71.92,regular
INV101308,2024-03-31,C00195,France,P0047,Apparel Item 0047,Apparel,3,29.75,89.25,regular
INV101308,2024-03-31,C00195,France,P0133,Home Item 0133,Home & Kitchen,3,3.6,10.8,regular
INV101308,2024-03-31,C00195,France,P0255,Electronics Item 0255,Electronics Accessories,5,2.75,13.75,regular
INV101308,2024-03-31,C00195,France,P0241,Sports Item 0241,Sports,4,13.49,53.96,regular
INV100153,2024-04-01,C00074,United Kingdom,P0119,Stationery Item 0119,Stationery,1,27.78,27.78,regular
INV100153,2024-04-01,C00074,United Kingdom,P0139,Stationery Item 0139,Stationery,3,2.18,6.54,regular
INV100153,2024-04-01,C00074,United Kingdom,P0218,Electronics Item 0218,Electronics Accessories,1,6.37,6.37,regular
INV100176,2024-04-01,C00049,United Kingdom,P0040,Toys Item 0040,Toys,3,25.32,75.96,loyal
INV100176,2024-04-01,C00049,United Kingdom,P0174,Apparel Item 0174,Apparel,3,14.86,44.58,loyal
INV100289,2024-04-01,C00445,France,P0059,Garden Item 0059,Garden,2,22.24,44.48,regular
INV100289,2024-04-01,C00445,France,P0051,Stationery Item 0051,Stationery,4,7.32,29.28,regular
INV100509,2024-04-01,C00336,United Kingdom,P0001,Sports Item 0001,Sports,3,20.7,62.1,loyal
INV100509,2024-04-01,C00336,United Kingdom,P0211,Garden Item 0211,Garden,2,10.09,20.18,loyal
INV100509,2024-04-01,C00336,United Kingdom,P0245,Beauty Item 0245,Beauty,5,3.3,16.5,loyal
INV100509,2024-04-01,C00336,United Kingdom,P0006,Toys Item 0006,Toys,5,14.64,73.2,loyal
INV100512,2024-04-01,C00364,Spain,P0230,Apparel Item 0230,Apparel,4,13.03,52.12,regular
INV100112,2024-04-02,C00336,United Kingdom,P0096,Toys Item 0096,Toys,5,10.29,51.45,loyal
INV100112,2024-04-02,C00336,United Kingdom,P0251,Sports Item 0251,Sports,3,7.43,22.29,loyal
INV100365,2024-04-02,C00460,United Kingdom,P0013,Apparel Item 0013,Apparel,5,6.43,32.15,regular
INV100365,2024-04-02,C00460,United Kingdom,P0024,Sports Item 0024,Sports,2,9.12,18.24,regular
INV100365,2024-04-02,C00460,United Kingdom,P0009,Sports Item 0009,Sports,2,10.35,20.7,regular
INV100365,2024-04-02,C00460,United Kingdom,P0286,Toys Item 0286,Toys,2,17.4,34.8,regular
INV101024,2024-04-02,C00045,France,P0280,Beauty Item 0280,Beauty,3,6.37,19.11,regular
INV100460,2024-04-03,C00172,Germany,P0086,Toys Item 0086,Toys,2,15.78,31.56,loyal
INV100652,2024-04-03,C00463,Spain,P0131,Stationery Item 0131,Stationery,2,12.06,24.12,loyal
INV100652,2024-04-03,C00463,Spain,P0067,Sports Item 0067,Sports,4,14.79,59.16,loyal
INV100984,2024-04-03,C00271,Germany,P0060,Garden Item 0060,Garden,2,5.43,10.86,champion
INV100984,2024-04-03,C00271,Germany,P0230,Apparel Item 0230,Apparel,3,13.03,39.09,champion
INV100984,2024-04-03,C00271,Germany,P0034,Apparel Item 0034,Apparel,2,8.29,16.58,champion
INV100984,2024-04-03,C00271,Germany,P0013,Apparel Item 0013,Apparel,3,6.43,19.29,champion
INV100984,2024-04-03,C00271,Germany,P0118,Apparel Item 0118,Apparel,5,9.67,48.35,champion
INV100984,2024-04-03,C00271,Germany,P0158,Garden Item 0158,Garden,4,8.27,33.08,champion
INV100984,2024-04-03,C00271,Germany,P0033,Sports Item 0033,Sports,5,8.82,44.1,champion
INV100984,2024-04-03,C00271,Germany,P0160,Garden Item 0160,Garden,3,13.38,40.14,champion
INV100984,2024-04-03,C00271,Germany,P0282,Beauty Item 0282,Beauty,4,10.02,40.08,champion
INV101310,2024-04-03,C00298,Germany,P0202,Toys Item 0202,Toys,2,3.81,7.62,regular
INV101310,2024-04-03,C00298,Germany,P0117,Beauty Item 0117,Beauty,3,11.91,35.73,regular
INV101462,2024-04-03,C00403,France,P0187,Garden Item 0187,Garden,5,6.33,31.65,regular
INV101462,2024-04-03,C00403,France,P0178,Garden Item 0178,Garden,3,15.19,45.57,regular
INV101462,2024-04-03,C00403,France,P0291,Sports Item 0291,Sports,4,23.03,92.12,regular
INV101462,2024-04-03,C00403,France,P0240,Garden Item 0240,Garden,5,7.99,39.95,regular
INV101462,2024-04-03,C00403,France,P0061,Stationery Item 0061,Stationery,3,8.19,24.57,regular
INV101462,2024-04-03,C00403,France,P0009,Sports Item 0009,Sports,2,10.35,20.7,regular
INV100068,2024-04-04,C00055,United Kingdom,P0037,Toys Item 0037,Toys,1,10.9,10.9,at_risk
INV100141,2024-04-04,C00369,Germany,P0175,Garden Item 0175,Garden,2,15.65,31.3,at_risk
INV100141,2024-04-04,C00369,Germany,P0062,Stationery Item 0062,Stationery,4,32.4,129.6,at_risk
INV100141,2024-04-04,C00369,Germany,P0047,Apparel Item 0047,Apparel,4,29.75,119.0,at_risk
INV100141,2024-04-04,C00369,Germany,P0133,Home Item 0133,Home & Kitchen,5,3.6,18.0,at_risk
INV100141,2024-04-04,C00369,Germany,P0222,Beauty Item 0222,Beauty,5,16.46,82.3,at_risk
INV101145,2024-04-04,C00368,United Kingdom,P0019,Electronics Item 0019,Electronics Accessories,3,17.73,53.19,at_risk
INV101468,2024-04-04,C00212,United Kingdom,P0104,Beauty Item 0104,Beauty,2,15.26,30.52,at_risk
INV100029,2024-04-05,C00020,United Kingdom,P0258,Toys Item 0258,Toys,3,17.95,53.85,champion
INV100029,2024-04-05,C00020,United Kingdom,P0210,Beauty Item 0210,Beauty,5,6.08,30.4,champion
INV100029,2024-04-05,C00020,United Kingdom,P0092,Home Item 0092,Home & Kitchen,4,34.22,136.88,champion
INV100029,2024-04-05,C00020,United Kingdom,P0209,Garden Item 0209,Garden,4,20.19,80.76,champion
INV100150,2024-04-05,C00145,Spain,P0275,Toys Item 0275,Toys,5,7.98,39.9,loyal
INV100150,2024-04-05,C00145,Spain,P0146,Garden Item 0146,Garden,1,10.36,10.36,loyal
INV100150,2024-04-05,C00145,Spain,P0294,Toys Item 0294,Toys,1,5.09,5.09,loyal
INV100150,2024-04-05,C00145,Spain,P0103,Garden Item 0103,Garden,1,5.64,5.64,loyal
INV100150,2024-04-05,C00145,Spain,P0144,Apparel Item 0144,Apparel,5,13.41,67.05,loyal
INV100907,2024-04-05,C00103,France,P0043,Electronics Item 0043,Electronics Accessories,2,19.52,39.04,loyal
INV100907,2024-04-05,C00103,France,P0194,Garden Item 0194,Garden,4,48.13,192.52,loyal
INV101086,2024-04-05,C00275,United Kingdom,P0032,Toys Item 0032,Toys,1,7.2,7.2,at_risk
INV100147,2024-04-06,C00433,United Kingdom,P0015,Stationery Item 0015,Stationery,2,6.38,12.76,regular
INV100763,2024-04-06,C00052,Spain,P0260,Garden Item 0260,Garden,4,17.06,68.24,champion
INV100763,2024-04-06,C00052,Spain,P0015,Stationery Item 0015,Stationery,3,6.38,19.14,champion
INV100763,2024-04-06,C00052,Spain,P0204,Apparel Item 0204,Apparel,4,44.41,177.64,champion
INV100763,2024-04-06,C00052,Spain,P0079,Sports Item 0079,Sports,1,17.36,17.36,champion
INV100839,2024-04-06,C00448,United Kingdom,P0109,Apparel Item 0109,Apparel,4,11.92,47.68,loyal
INV100839,2024-04-06,C00448,United Kingdom,P0236,Toys Item 0236,Toys,4,18.12,72.48,loyal
INV100839,2024-04-06,C00448,United Kingdom,P0163,Sports Item 0163,Sports,2,16.1,32.2,loyal
INV100839,2024-04-06,C00448,United Kingdom,P0299,Home Item 0299,Home & Kitchen,2,23.81,47.62,loyal
INV101361,2024-04-06,C00456,United Kingdom,P0299,Home Item 0299,Home & Kitchen,3,23.81,71.43,champion
INV101361,2024-04-06,C00456,United Kingdom,P0270,Electronics Item 0270,Electronics Accessories,3,13.76,41.28,champion
INV101361,2024-04-06,C00456,United Kingdom,P0074,Beauty Item 0074,Beauty,3,28.74,86.22,champion
INV101361,2024-04-06,C00456,United Kingdom,P0031,Apparel Item 0031,Apparel,4,17.17,68.68,champion
INV101361,2024-04-06,C00456,United Kingdom,P0187,Garden Item 0187,Garden,2,6.33,12.66,champion
INV101361,2024-04-06,C00456,United Kingdom,P0060,Garden Item 0060,Garden,1,5.43,5.43,champion
INV101361,2024-04-06,C00456,United Kingdom,P0025,Garden Item 0025,Garden,4,16.76,67.04,champion
INV101361,2024-04-06,C00456,United Kingdom,P0287,Toys Item 0287,Toys,5,17.98,89.9,champion
INV101361,2024-04-06,C00456,United Kingdom,P0050,Apparel Item 0050,Apparel,3,27.66,82.98,champion
INV101361,2024-04-06,C00456,United Kingdom,P0192,Garden Item 0192,Garden,1,17.1,17.1,champion
INV101361,2024-04-06,C00456,United Kingdom,P0023,Garden Item 0023,Garden,1,6.18,6.18,champion
INV101361,2024-04-06,C00456,United Kingdom,P0193,Apparel Item 0193,Apparel,3,22.21,66.63,champion
INV101361,2024-04-06,C00456,United Kingdom,P0040,Toys Item 0040,Toys,5,25.32,126.6,champion
INV101361,2024-04-06,C00456,United Kingdom,P0246,Electronics Item 0246,Electronics Accessories,4,13.44,53.76,champion
INV100156,2024-04-07,C00434,United Kingdom,P0120,Sports Item 0120,Sports,3,12.93,38.79,regular
INV100156,2024-04-07,C00434,United Kingdom,P0270,Electronics Item 0270,Electronics Accessories,5,13.76,68.8,regular
INV100156,2024-04-07,C00434,United Kingdom,P0272,Stationery Item 0272,Stationery,5,43.64,218.2,regular
INV100389,2024-04-07,C00214,Germany,P0163,Sports Item 0163,Sports,5,16.1,80.5,champion
INV100389,2024-04-07,C00214,Germany,P0270,Electronics Item 0270,Electronics Accessories,1,13.76,13.76,champion
INV100389,2024-04-07,C00214,Germany,P0198,Garden Item 0198,Garden,3,17.59,52.77,champion
INV100389,2024-04-07,C00214,Germany,P0206,Stationery Item 0206,Stationery,1,9.37,9.37,champion
INV100389,2024-04-07,C00214,Germany,P0087,Home Item 0087,Home & Kitchen,3,9.17,27.51,champion
INV100389,2024-04-07,C00214,Germany,P0288,Stationery Item 0288,Stationery,2,9.96,19.92,champion
INV100389,2024-04-07,C00214,Germany,P0147,Electronics Item 0147,Electronics Accessories,2,21.42,42.84,champion
INV100389,2024-04-07,C00214,Germany,P0068,Beauty Item 0068,Beauty,5,7.24,36.2,champion
INV100389,2024-04-07,C00214,Germany,P0209,Garden Item 0209,Garden,4,20.19,80.76,champion
INV100866,2024-04-07,C00060,Netherlands,P0098,Beauty Item 0098,Beauty,5,10.79,53.95,regular
INV100866,2024-04-07,C00060,Netherlands,P0012,Beauty Item 0012,Beauty,1,8.67,8.67,regular
INV100866,2024-04-07,C00060,Netherlands,P0089,Apparel Item 0089,Apparel,1,7.02,7.02,regular
INV100866,2024-04-07,C00060,Netherlands,P0029,Sports Item 0029,Sports,1,15.87,15.87,regular
INV100866,2024-04-07,C00060,Netherlands,P0192,Garden Item 0192,Garden,3,17.1,51.3,regular
INV100898,2024-04-07,C00037,United Kingdom,P0074,Beauty Item 0074,Beauty,2,28.74,57.48,champion
INV100898,2024-04-07,C00037,United Kingdom,P0221,Sports Item 0221,Sports,3,18.04,54.12,champion
INV100898,2024-04-07,C00037,United Kingdom,P0190,Stationery Item 0190,Stationery,2,5.75,11.5,champion
INV100898,2024-04-07,C00037,United Kingdom,P0222,Beauty Item 0222,Beauty,3,16.46,49.38,champion
INV100898,2024-04-07,C00037,United Kingdom,P0284,Apparel Item 0284,Apparel,4,22.03,88.12,champion
INV100898,2024-04-07,C00037,United Kingdom,P0209,Garden Item 0209,Garden,1,20.19,20.19,champion
INV100898,2024-04-07,C00037,United Kingdom,P0003,Beauty Item 0003,Beauty,3,11.37,34.11,champion
INV101017,2024-04-07,C00241,Spain,P0112,Apparel Item 0112,Apparel,1,14.8,14.8,loyal
INV101017,2024-04-07,C00241,Spain,P0052,Beauty Item 0052,Beauty,1,4.18,4.18,loyal
INV101017,2024-04-07,C00241,Spain,P0230,Apparel Item 0230,Apparel,1,13.03,13.03,loyal
INV101017,2024-04-07,C00241,Spain,P0149,Toys Item 0149,Toys,4,6.39,25.56,loyal
INV101227,2024-04-07,C00188,Germany,P0049,Home Item 0049,Home & Kitchen,1,26.16,26.16,regular
INV101227,2024-04-07,C00188,Germany,P0132,Apparel Item 0132,Apparel,2,33.27,66.54,regular
INV100491,2024-04-08,C00135,Spain,P0138,Stationery Item 0138,Stationery,1,23.38,23.38,loyal
INV100491,2024-04-08,C00135,Spain,P0260,Garden Item 0260,Garden,3,17.06,51.18,loyal
INV101058,2024-04-08,C00094,United Kingdom,P0243,Toys Item 0243,Toys,2,7.38,14.76,at_risk
INV100366,2024-04-09,C00295,Germany,P0274,Apparel Item 0274,Apparel,1,17.17,17.17,champion
INV100366,2024-04-09,C00295,Germany,P0128,Stationery Item 0128,Stationery,4,9.37,37.48,champion
INV100366,2024-04-09,C00295,Germany,P0009,Sports Item 0009,Sports,3,10.35,31.05,champion
INV100366,2024-04-09,C00295,Germany,P0191,Stationery Item 0191,Stationery,3,8.67,26.01,champion
INV100844,2024-04-09,C00478,United Kingdom,P0267,Electronics Item 0267,Electronics Accessories,1,11.36,11.36,champion
INV100844,2024-04-09,C00478,United Kingdom,P0035,Toys Item 0035,Toys,2,15.71,31.42,champion
INV100844,2024-04-09,C00478,United Kingdom,P0072,Home Item 0072,Home & Kitchen,1,25.41,25.41,champion
INV100844,2024-04-09,C00478,United Kingdom,P0237,Sports Item 0237,Sports,1,4.87,4.87,champion
INV100844,2024-04-09,C00478,United Kingdom,P0043,Electronics Item 0043,Electronics Accessories,4,19.52,78.08,champion
INV100844,2024-04-09,C00478,United Kingdom,P0274,Apparel Item 0274,Apparel,3,17.17,51.51,champion
INV100844,2024-04-09,C00478,United Kingdom,P0185,Home Item 0185,Home & Kitchen,1,22.37,22.37,champion
INV100844,2024-04-09,C00478,United Kingdom,P0103,Garden Item 0103,Garden,2,5.64,11.28,champion
INV100844,2024-04-09,C00478,United Kingdom,P0057,Beauty Item 0057,Beauty,4,13.72,54.88,champion
INV101016,2024-04-09,C00004,United Kingdom,P0299,Home Item 0299,Home & Kitchen,3,23.81,71.43,loyal
INV101016,2024-04-09,C00004,United Kingdom,P0187,Garden Item 0187,Garden,3,6.33,18.99,loyal
INV101016,2024-04-09,C00004,United Kingdom,P0053,Garden Item 0053,Garden,2,9.88,19.76,loyal
INV101016,2024-04-09,C00004,United Kingdom,P0178,Garden Item 0178,Garden,5,15.19,75.95,loyal
INV101016,2024-04-09,C00004,United Kingdom,P0028,Beauty Item 0028,Beauty,3,5.04,15.12,loyal
INV101016,2024-04-09,C00004,United Kingdom,P0030,Toys Item 0030,Toys,2,8.54,17.08,loyal
INV101016,2024-04-09,C00004,United Kingdom,P0193,Apparel Item 0193,Apparel,1,22.21,22.21,loyal
INV101016,2024-04-09,C00004,United Kingdom,P0184,Stationery Item 0184,Stationery,4,12.05,48.2,loyal
INV101333,2024-04-09,C00330,Ireland,P0187,Garden Item 0187,Garden,5,6.33,31.65,at_risk
INV100180,2024-04-10,C00351,United Kingdom,P0047,Apparel Item 0047,Apparel,5,29.75,148.75,regular
INV100180,2024-04-10,C00351,United Kingdom,P0204,Apparel Item 0204,Apparel,2,44.41,88.82,regular
INV100180,2024-04-10,C00351,United Kingdom,P0134,Beauty Item 0134,Beauty,1,8.0,8.0,regular
INV100180,2024-04-10,C00351,United Kingdom,P0046,Toys Item 0046,Toys,4,13.41,53.64,regular
INV100374,2024-04-11,C00351,United Kingdom,P0165,Home Item 0165,Home & Kitchen,3,4.44,13.32,regular
INV100374,2024-04-11,C00351,United Kingdom,P0240,Garden Item 0240,Garden,2,7.99,15.98,regular
INV100374,2024-04-11,C00351,United Kingdom,P0163,Sports Item 0163,Sports,5,16.1,80.5,regular
INV100683,2024-04-11,C00158,France,P0109,Apparel Item 0109,Apparel,4,11.92,47.68,loyal
INV100683,2024-04-11,C00158,France,P0116,Stationery Item 0116,Stationery,3,8.27,24.81,loyal
INV100683,2024-04-11,C00158,France,P0160,Garden Item 0160,Garden,3,13.38,40.14,loyal
INV100683,2024-04-11,C00158,France,P0199,Sports Item 0199,Sports,3,14.62,43.86,loyal
INV101193,2024-04-11,C00257,United Kingdom,P0148,Apparel Item 0148,Apparel,4,27.92,111.68,regular
INV101193,2024-04-11,C00257,United Kingdom,P0093,Beauty Item 0093,Beauty,1,9.44,9.44,regular
INV101193,2024-04-11,C00257,United Kingdom,P0049,Home Item 0049,Home & Kitchen,3,26.16,78.48,regular
INV101193,2024-04-11,C00257,United Kingdom,P0230,Apparel Item 0230,Apparel,3,13.03,39.09,regular
INV100200,2024-04-12,C00245,United Kingdom,P0186,Sports Item 0186,Sports,4,11.3,45.2,champion
INV100200,2024-04-12,C00245,United Kingdom,P0184,Stationery Item 0184,Stationery,5,12.05,60.25,champion
INV100562,2024-04-12,C00396,Spain,P0054,Toys Item 0054,Toys,1,14.13,14.13,champion
INV100562,2024-04-12,C00396,Spain,P0215,Stationery Item 0215,Stationery,5,15.43,77.15,champion
INV100562,2024-04-12,C00396,Spain,P0198,Garden Item 0198,Garden,5,17.59,87.95,champion
INV100562,2024-04-12,C00396,Spain,P0100,Electronics Item 0100,Electronics Accessories,3,5.18,15.54,champion
INV100562,2024-04-12,C00396,Spain,P0168,Sports Item 0168,Sports,3,25.71,77.13,champion
INV100562,2024-04-12,C00396,Spain,P0066,Toys Item 0066,Toys,3,6.01,18.03,champion
INV100562,2024-04-12,C00396,Spain,P0003,Beauty Item 0003,Beauty,5,11.37,56.85,champion
INV100664,2024-04-12,C00085,France,P0028,Beauty Item 0028,Beauty,3,5.04,15.12,loyal
INV100664,2024-04-12,C00085,France,P0082,Home Item 0082,Home & Kitchen,3,2.54,7.62,loyal
INV100664,2024-04-12,C00085,France,P0152,Toys Item 0152,Toys,4,42.54,170.16,loyal
INV100664,2024-04-12,C00085,France,P0245,Beauty Item 0245,Beauty,3,3.3,9.9,loyal
INV100664,2024-04-12,C00085,France,P0249,Apparel Item 0249,Apparel,3,7.46,22.38,loyal
INV100693,2024-04-12,C00262,Germany,P0028,Beauty Item 0028,Beauty,1,5.04,5.04,regular
INV100693,2024-04-12,C00262,Germany,P0064,Beauty Item 0064,Beauty,5,5.73,28.65,regular
INV100896,2024-04-12,C00081,Spain,P0096,Toys Item 0096,Toys,5,10.29,51.45,loyal
INV100896,2024-04-12,C00081,Spain,P0111,Sports Item 0111,Sports,2,52.97,105.94,loyal
INV100896,2024-04-12,C00081,Spain,P0243,Toys Item 0243,Toys,1,7.38,7.38,loyal
INV100896,2024-04-12,C00081,Spain,P0065,Stationery Item 0065,Stationery,3,38.71,116.13,loyal
INV101321,2024-04-12,C00252,United Kingdom,P0015,Stationery Item 0015,Stationery,2,6.38,12.76,loyal
INV100033,2024-04-13,C00214,Germany,P0041,Electronics Item 0041,Electronics Accessories,5,18.37,91.85,champion
INV100033,2024-04-13,C00214,Germany,P0209,Garden Item 0209,Garden,2,20.19,40.38,champion
INV100194,2024-04-13,C00280,United Kingdom,P0256,Home Item 0256,Home & Kitchen,4,10.1,40.4,loyal
INV100194,2024-04-13,C00280,United Kingdom,P0253,Toys Item 0253,Toys,5,5.41,27.05,loyal
INV100194,2024-04-13,C00280,United Kingdom,P0208,Sports Item 0208,Sports,2,17.62,35.24,loyal
INV100194,2024-04-13,C00280,United Kingdom,P0038,Beauty Item 0038,Beauty,4,4.36,17.44,loyal
INV100316,2024-04-13,C00395,United Kingdom,P0023,Garden Item 0023,Garden,2,6.18,12.36,at_risk
INV100358,2024-04-13,C00130,United Kingdom,P0033,Sports Item 0033,Sports,2,8.82,17.64,regular
INV100358,2024-04-13,C00130,United Kingdom,P0038,Beauty Item 0038,Beauty,5,4.36,21.8,regular
INV100358,2024-04-13,C00130,United Kingdom,P0084,Toys Item 0084,Toys,3,9.13,27.39,regular
INV100376,2024-04-14,C00382,United Kingdom,P0274,Apparel Item 0274,Apparel,4,17.17,68.68,champion
INV100376,2024-04-14,C00382,United Kingdom,P0085,Stationery Item 0085,Stationery,2,4.34,8.68,champion
INV100376,2024-04-14,C00382,United Kingdom,P0151,Toys Item 0151,Toys,3,19.71,59.13,champion
INV100376,2024-04-14,C00382,United Kingdom,P0035,Toys Item 0035,Toys,4,15.71,62.84,champion
INV100444,2024-04-14,C00023,United Kingdom,P0293,Toys Item 0293,Toys,5,13.85,69.25,champion
INV100444,2024-04-14,C00023,United Kingdom,P0165,Home Item 0165,Home & Kitchen,4,4.44,17.76,champion
INV100444,2024-04-14,C00023,United Kingdom,P0025,Garden Item 0025,Garden,2,16.76,33.52,champion
INV100444,2024-04-14,C00023,United Kingdom,P0089,Apparel Item 0089,Apparel,5,7.02,35.1,champion
INV100444,2024-04-14,C00023,United Kingdom,P0259,Apparel Item 0259,Apparel,3,12.89,38.67,champion
INV100444,2024-04-14,C00023,United Kingdom,P0069,Electronics Item 0069,Electronics Accessories,1,8.37,8.37,champion
INV100444,2024-04-14,C00023,United Kingdom,P0052,Beauty Item 0052,Beauty,5,4.18,20.9,champion
INV100444,2024-04-14,C00023,United Kingdom,P0282,Beauty Item 0282,Beauty,5,10.02,50.1,champion
INV100444,2024-04-14,C00023,United Kingdom,P0094,Apparel Item 0094,Apparel,3,14.15,42.45,champion
INV101112,2024-04-14,C00226,France,P0271,Garden Item 0271,Garden,1,4.37,4.37,loyal
INV101211,2024-04-14,C00314,Germany,P0079,Sports Item 0079,Sports,2,17.36,34.72,at_risk
INV100010,2024-04-15,C00073,United Kingdom,P0007,Stationery Item 0007,Stationery,3,19.96,59.88,loyal
INV100010,2024-04-15,C00073,United Kingdom,P0252,Sports Item 0252,Sports,5,8.64,43.2,loyal
INV100010,2024-04-15,C00073,United Kingdom,P0156,Beauty Item 0156,Beauty,5,6.52,32.6,loyal
INV100010,2024-04-15,C00073,United Kingdom,P0218,Electronics Item 0218,Electronics Accessories,2,6.37,12.74,loyal
INV100696,2024-04-15,C00201,Germany,P0092,Home Item 0092,Home & Kitchen,5,34.22,171.1,loyal
INV100696,2024-04-15,C00201,Germany,P0156,Beauty Item 0156,Beauty,5,6.52,32.6,loyal
INV100696,2024-04-15,C00201,Germany,P0088,Garden Item 0088,Garden,3,25.85,77.55,loyal
INV100696,2024-04-15,C00201,Germany,P0114,Home Item 0114,Home & Kitchen,5,15.7,78.5,loyal
INV100696,2024-04-15,C00201,Germany,P0266,Beauty Item 0266,Beauty,4,9.2,36.8,loyal
INV101294,2024-04-15,C00270,United Kingdom,P0012,Beauty Item 0012,Beauty,1,8.67,8.67,regular
INV101294,2024-04-15,C00270,United Kingdom,P0215,Stationery Item 0215,Stationery,3,15.43,46.29,regular
INV101294,2024-04-15,C00270,United Kingdom,P0177,Apparel Item 0177,Apparel,4,7.91,31.64,regular
INV101294,2024-04-15,C00270,United Kingdom,P0128,Stationery Item 0128,Stationery,3,9.37,28.11,regular
INV101294,2024-04-15,C00270,United Kingdom,P0288,Stationery Item 0288,Stationery,4,9.96,39.84,regular
INV100262,2024-04-16,C00419,United Kingdom,P0161,Home Item 0161,Home & Kitchen,4,6.97,27.88,at_risk
INV100262,2024-04-16,C00419,United Kingdom,P0144,Apparel Item 0144,Apparel,5,13.41,67.05,at_risk
INV100658,2024-04-16,C00454,Spain,P0004,Garden Item 0004,Garden,2,18.82,37.64,regular
INV100658,2024-04-16,C00454,Spain,P0010,Sports Item 0010,Sports,1,16.22,16.22,regular
INV100658,2024-04-16,C00454,Spain,P0187,Garden Item 0187,Garden,3,6.33,18.99,regular
INV100658,2024-04-16,C00454,Spain,P0277,Beauty Item 0277,Beauty,1,18.96,18.96,regular
INV100798,2024-04-16,C00127,United Kingdom,P0063,Apparel Item 0063,Apparel,4,21.21,84.84,regular
INV100798,2024-04-16,C00127,United Kingdom,P0159,Home Item 0159,Home & Kitchen,1,7.2,7.2,regular
INV100798,2024-04-16,C00127,United Kingdom,P0050,Apparel Item 0050,Apparel,3,27.66,82.98,regular
INV100798,2024-04-16,C00127,United Kingdom,P0130,Home Item 0130,Home & Kitchen,5,18.87,94.35,regular
INV100998,2024-04-16,C00433,United Kingdom,P0273,Stationery Item 0273,Stationery,2,14.81,29.62,regular
INV100998,2024-04-16,C00433,United Kingdom,P0224,Toys Item 0224,Toys,5,6.73,33.65,regular
INV100939,2024-04-17,C00424,Ireland,P0205,Home Item 0205,Home & Kitchen,4,7.76,31.04,regular
INV101096,2024-04-17,C00487,United Kingdom,P0091,Garden Item 0091,Garden,4,12.22,48.88,champion
INV101096,2024-04-17,C00487,United Kingdom,P0102,Toys Item 0102,Toys,5,14.39,71.95,champion
INV101096,2024-04-17,C00487,United Kingdom,P0187,Garden Item 0187,Garden,4,6.33,25.32,champion
INV101096,2024-04-17,C00487,United Kingdom,P0082,Home Item 0082,Home & Kitchen,1,2.54,2.54,champion
INV101096,2024-04-17,C00487,United Kingdom,P0178,Garden Item 0178,Garden,4,15.19,60.76,champion
INV101096,2024-04-17,C00487,United Kingdom,P0001,Sports Item 0001,Sports,5,20.7,103.5,champion
INV101096,2024-04-17,C00487,United Kingdom,P0263,Toys Item 0263,Toys,3,10.21,30.63,champion
INV101096,2024-04-17,C00487,United Kingdom,P0144,Apparel Item 0144,Apparel,5,13.41,67.05,champion
INV101220,2024-04-17,C00274,Ireland,P0124,Toys Item 0124,Toys,1,5.36,5.36,at_risk
INV100335,2024-04-18,C00365,United Kingdom,P0091,Garden Item 0091,Garden,3,12.22,36.66,champion
INV100335,2024-04-18,C00365,United Kingdom,P0102,Toys Item 0102,Toys,5,14.39,71.95,champion
INV100335,2024-04-18,C00365,United Kingdom,P0104,Beauty Item 0104,Beauty,5,15.26,76.3,champion
INV100335,2024-04-18,C00365,United Kingdom,P0062,Stationery Item 0062,Stationery,1,32.4,32.4,champion
INV100335,2024-04-18,C00365,United Kingdom,P0216,Stationery Item 0216,Stationery,4,7.88,31.52,champion
INV100335,2024-04-18,C00365,United Kingdom,P0179,Toys Item 0179,Toys,2,14.27,28.54,champion
INV100335,2024-04-18,C00365,United Kingdom,P0225,Beauty Item 0225,Beauty,5,4.63,23.15,champion
INV100666,2024-04-18,C00001,United Kingdom,P0096,Toys Item 0096,Toys,2,10.29,20.58,champion
INV100666,2024-04-18,C00001,United Kingdom,P0015,Stationery Item 0015,Stationery,2,6.38,12.76,champion
INV100666,2024-04-18,C00001,United Kingdom,P0053,Garden Item 0053,Garden,4,9.88,39.52,champion
INV100666,2024-04-18,C00001,United Kingdom,P0013,Apparel Item 0013,Apparel,2,6.43,12.86,champion
INV100666,2024-04-18,C00001,United Kingdom,P0050,Apparel Item 0050,Apparel,3,27.66,82.98,champion
INV100666,2024-04-18,C00001,United Kingdom,P0207,Apparel Item 0207,Apparel,2,10.85,21.7,champion
INV100666,2024-04-18,C00001,United Kingdom,P0149,Toys Item 0149,Toys,5,6.39,31.95,champion
INV100666,2024-04-18,C00001,United Kingdom,P0094,Apparel Item 0094,Apparel,4,14.15,56.6,champion
INV101088,2024-04-18,C00335,United Kingdom,P0006,Toys Item 0006,Toys,2,14.64,29.28,dormant
INV100190,2024-04-19,C00377,United Kingdom,P0148,Apparel Item 0148,Apparel,4,27.92,111.68,loyal
INV100190,2024-04-19,C00377,United Kingdom,P0270,Electronics Item 0270,Electronics Accessories,2,13.76,27.52,loyal
INV100190,2024-04-19,C00377,United Kingdom,P0213,Toys Item 0213,Toys,4,13.64,54.56,loyal
INV100190,2024-04-19,C00377,United Kingdom,P0065,Stationery Item 0065,Stationery,5,38.71,193.55,loyal
INV100190,2024-04-19,C00377,United Kingdom,P0161,Home Item 0161,Home & Kitchen,3,6.97,20.91,loyal
INV100190,2024-04-19,C00377,United Kingdom,P0069,Electronics Item 0069,Electronics Accessories,2,8.37,16.74,loyal
INV100190,2024-04-19,C00377,United Kingdom,P0297,Stationery Item 0297,Stationery,3,18.82,56.46,loyal
INV100298,2024-04-19,C00445,France,P0053,Garden Item 0053,Garden,2,9.88,19.76,regular
INV100298,2024-04-19,C00445,France,P0172,Sports Item 0172,Sports,1,6.08,6.08,regular
INV100298,2024-04-19,C00445,France,P0233,Apparel Item 0233,Apparel,1,25.83,25.83,regular
INV100395,2024-04-19,C00471,France,P0257,Electronics Item 0257,Electronics Accessories,2,16.69,33.38,loyal
INV100395,2024-04-19,C00471,France,P0089,Apparel Item 0089,Apparel,4,7.02,28.08,loyal
INV100395,2024-04-19,C00471,France,P0013,Apparel Item 0013,Apparel,4,6.43,25.72,loyal
INV100395,2024-04-19,C00471,France,P0262,Home Item 0262,Home & Kitchen,4,8.77,35.08,loyal
INV100395,2024-04-19,C00471,France,P0123,Toys Item 0123,Toys,3,19.79,59.37,loyal
INV100395,2024-04-19,C00471,France,P0019,Electronics Item 0019,Electronics Accessories,5,17.73,88.65,loyal
INV100395,2024-04-19,C00471,France,P0024,Sports Item 0024,Sports,2,9.12,18.24,loyal
INV100395,2024-04-19,C00471,France,P0131,Stationery Item 0131,Stationery,5,12.06,60.3,loyal
INV100395,2024-04-19,C00471,France,P0164,Home Item 0164,Home & Kitchen,2,19.4,38.8,loyal
INV100081,2024-04-20,C00326,United Kingdom,P0237,Sports Item 0237,Sports,1,4.87,4.87,loyal
INV100081,2024-04-20,C00326,United Kingdom,P0134,Beauty Item 0134,Beauty,1,8.0,8.0,loyal
INV100735,2024-04-20,C00396,Spain,P0022,Garden Item 0022,Garden,1,9.52,9.52,champion
INV100735,2024-04-20,C00396,Spain,P0058,Garden Item 0058,Garden,1,7.47,7.47,champion
INV100891,2024-04-20,C00062,Spain,P0138,Stationery Item 0138,Stationery,1,23.38,23.38,regular
INV100891,2024-04-20,C00062,Spain,P0178,Garden Item 0178,Garden,1,15.19,15.19,regular
INV100891,2024-04-20,C00062,Spain,P0219,Stationery Item 0219,Stationery,1,10.17,10.17,regular
INV100891,2024-04-20,C00062,Spain,P0187,Garden Item 0187,Garden,5,6.33,31.65,regular
INV101074,2024-04-20,C00416,United Kingdom,P0119,Stationery Item 0119,Stationery,4,27.78,111.12,regular
INV101111,2024-04-20,C00396,Spain,P0187,Garden Item 0187,Garden,1,6.33,6.33,champion
INV101111,2024-04-20,C00396,Spain,P0278,Toys Item 0278,Toys,4,8.56,34.24,champion
INV101111,2024-04-20,C00396,Spain,P0298,Stationery Item 0298,Stationery,5,2.24,11.2,champion
INV101111,2024-04-20,C00396,Spain,P0024,Sports Item 0024,Sports,4,9.12,36.48,champion
INV101111,2024-04-20,C00396,Spain,P0173,Apparel Item 0173,Apparel,3,19.11,57.33,champion
INV101111,2024-04-20,C00396,Spain,P0112,Apparel Item 0112,Apparel,1,14.8,14.8,champion
INV101111,2024-04-20,C00396,Spain,P0233,Apparel Item 0233,Apparel,3,25.83,77.49,champion
INV101230,2024-04-20,C00197,Netherlands,P0028,Beauty Item 0028,Beauty,4,5.04,20.16,loyal
INV100241,2024-04-21,C00061,Netherlands,P0267,Electronics Item 0267,Electronics Accessories,5,11.36,56.8,regular
INV100241,2024-04-21,C00061,Netherlands,P0049,Home Item 0049,Home & Kitchen,3,26.16,78.48,regular
INV100241,2024-04-21,C00061,Netherlands,P0295,Home Item 0295,Home & Kitchen,2,11.96,23.92,regular
INV100241,2024-04-21,C00061,Netherlands,P0173,Apparel Item 0173,Apparel,5,19.11,95.55,regular
INV100241,2024-04-21,C00061,Netherlands,P0183,Beauty Item 0183,Beauty,1,14.45,14.45,regular
INV100241,2024-04-21,C00061,Netherlands,P0172,Sports Item 0172,Sports,4,6.08,24.32,regular
INV100593,2024-04-21,C00315,United Kingdom,P0107,Home Item 0107,Home & Kitchen,1,7.79,7.79,regular
INV100593,2024-04-21,C00315,United Kingdom,P0193,Apparel Item 0193,Apparel,3,22.21,66.63,regular
INV100593,2024-04-21,C00315,United Kingdom,P0035,Toys Item 0035,Toys,5,15.71,78.55,regular
INV101240,2024-04-21,C00343,United Kingdom,P0076,Home Item 0076,Home & Kitchen,5,31.68,158.4,loyal
INV101240,2024-04-21,C00343,United Kingdom,P0035,Toys Item 0035,Toys,3,15.71,47.13,loyal
INV101240,2024-04-21,C00343,United Kingdom,P0226,Sports Item 0226,Sports,1,6.07,6.07,loyal
INV101240,2024-04-21,C00343,United Kingdom,P0200,Garden Item 0200,Garden,5,9.29,46.45,loyal
INV101240,2024-04-21,C00343,United Kingdom,P0279,Apparel Item 0279,Apparel,1,9.71,9.71,loyal
INV101240,2024-04-21,C00343,United Kingdom,P0254,Garden Item 0254,Garden,5,47.1,235.5,loyal
INV101240,2024-04-21,C00343,United Kingdom,P0083,Apparel Item 0083,Apparel,2,6.29,12.58,loyal
INV101240,2024-04-21,C00343,United Kingdom,P0036,Toys Item 0036,Toys,3,10.76,32.28,loyal
INV101240,2024-04-21,C00343,United Kingdom,P0225,Beauty Item 0225,Beauty,2,4.63,9.26,loyal
INV101283,2024-04-21,C00326,United Kingdom,P0107,Home Item 0107,Home & Kitchen,5,7.79,38.95,loyal
INV101283,2024-04-21,C00326,United Kingdom,P0088,Garden Item 0088,Garden,4,25.85,103.4,loyal
INV100100,2024-04-22,C00079,United Kingdom,P0253,Toys Item 0253,Toys,3,5.41,16.23,at_risk
INV100100,2024-04-22,C00079,United Kingdom,P0167,Sports Item 0167,Sports,3,9.45,28.35,at_risk
INV100100,2024-04-22,C00079,United Kingdom,P0289,Home Item 0289,Home & Kitchen,1,3.62,3.62,at_risk
INV100100,2024-04-22,C00079,United Kingdom,P0204,Apparel Item 0204,Apparel,2,44.41,88.82,at_risk
INV100549,2024-04-22,C00332,United Kingdom,P0236,Toys Item 0236,Toys,2,18.12,36.24,at_risk
INV100549,2024-04-22,C00332,United Kingdom,P0269,Electronics Item 0269,Electronics Accessories,4,3.48,13.92,at_risk
INV100549,2024-04-22,C00332,United Kingdom,P0242,Stationery Item 0242,Stationery,5,7.66,38.3,at_risk
INV100549,2024-04-22,C00332,United Kingdom,P0234,Beauty Item 0234,Beauty,4,14.59,58.36,at_risk
INV100702,2024-04-22,C00133,Netherlands,P0053,Garden Item 0053,Garden,4,9.88,39.52,regular
INV100702,2024-04-22,C00133,Netherlands,P0160,Garden Item 0160,Garden,3,13.38,40.14,regular
INV100702,2024-04-22,C00133,Netherlands,P0151,Toys Item 0151,Toys,1,19.71,19.71,regular
INV100702,2024-04-22,C00133,Netherlands,P0141,Sports Item 0141,Sports,4,16.81,67.24,regular
INV100849,2024-04-22,C00000,Germany,P0040,Toys Item 0040,Toys,2,25.32,50.64,at_risk
INV100849,2024-04-22,C00000,Germany,P0224,Toys Item 0224,Toys,4,6.73,26.92,at_risk
INV100849,2024-04-22,C00000,Germany,P0231,Toys Item 0231,Toys,3,10.98,32.94,at_risk
INV100867,2024-04-22,C00055,United Kingdom,P0105,Beauty Item 0105,Beauty,5,10.5,52.5,at_risk
INV100867,2024-04-22,C00055,United Kingdom,P0246,Electronics Item 0246,Electronics Accessories,3,13.44,40.32,at_risk
INV100867,2024-04-22,C00055,United Kingdom,P0144,Apparel Item 0144,Apparel,2,13.41,26.82,at_risk
INV101369,2024-04-22,C00098,Netherlands,P0160,Garden Item 0160,Garden,5,13.38,66.9,champion
INV101369,2024-04-22,C00098,Netherlands,P0275,Toys Item 0275,Toys,4,7.98,31.92,champion
INV100023,2024-04-23,C00027,United Kingdom,P0281,Beauty Item 0281,Beauty,5,2.14,10.7,regular
INV100023,2024-04-23,C00027,United Kingdom,P0119,Stationery Item 0119,Stationery,2,27.78,55.56,regular
INV100524,2024-04-23,C00004,United Kingdom,P0258,Toys Item 0258,Toys,3,17.95,53.85,loyal
INV101177,2024-04-23,C00238,United Kingdom,P0211,Garden Item 0211,Garden,3,10.09,30.27,regular
INV101177,2024-04-23,C00238,United Kingdom,P0009,Sports Item 0009,Sports,2,10.35,20.7,regular
INV101386,2024-04-23,C00456,United Kingdom,P0223,Sports Item 0223,Sports,4,37.0,148.0,champion
INV101386,2024-04-23,C00456,United Kingdom,P0176,Toys Item 0176,Toys,3,20.55,61.65,champion
INV101386,2024-04-23,C00456,United Kingdom,P0294,Toys Item 0294,Toys,2,5.09,10.18,champion
INV101386,2024-04-23,C00456,United Kingdom,P0248,Apparel Item 0248,Apparel,3,18.11,54.33,champion
INV101386,2024-04-23,C00456,United Kingdom,P0112,Apparel Item 0112,Apparel,2,14.8,29.6,champion
INV101386,2024-04-23,C00456,United Kingdom,P0297,Stationery Item 0297,Stationery,4,18.82,75.28,champion
INV101386,2024-04-23,C00456,United Kingdom,P0070,Beauty Item 0070,Beauty,5,12.9,64.5,champion
INV100492,2024-04-24,C00290,Spain,P0141,Sports Item 0141,Sports,5,16.81,84.05,regular
INV100610,2024-04-24,C00095,United Kingdom,P0076,Home Item 0076,Home & Kitchen,2,31.68,63.36,champion
INV100610,2024-04-24,C00095,United Kingdom,P0265,Home Item 0265,Home & Kitchen,2,6.17,12.34,champion
INV100610,2024-04-24,C00095,United Kingdom,P0232,Stationery Item 0232,Stationery,4,13.04,52.16,champion
INV100610,2024-04-24,C00095,United Kingdom,P0104,Beauty Item 0104,Beauty,5,15.26,76.3,champion
INV100610,2024-04-24,C00095,United Kingdom,P0022,Garden Item 0022,Garden,5,9.52,47.6,champion
INV100610,2024-04-24,C00095,United Kingdom,P0047,Apparel Item 0047,Apparel,2,29.75,59.5,champion
INV100610,2024-04-24,C00095,United Kingdom,P0266,Beauty Item 0266,Beauty,2,9.2,18.4,champion
INV100610,2024-04-24,C00095,United Kingdom,P0153,Home Item 0153,Home & Kitchen,1,2.62,2.62,champion
INV100610,2024-04-24,C00095,United Kingdom,P0212,Sports Item 0212,Sports,2,27.54,55.08,champion
INV100610,2024-04-24,C00095,United Kingdom,P0274,Apparel Item 0274,Apparel,3,17.17,51.51,champion
INV100610,2024-04-24,C00095,United Kingdom,P0085,Stationery Item 0085,Stationery,2,4.34,8.68,champion
INV100610,2024-04-24,C00095,United Kingdom,P0202,Toys Item 0202,Toys,4,3.81,15.24,champion
INV100610,2024-04-24,C00095,United Kingdom,P0297,Stationery Item 0297,Stationery,1,18.82,18.82,champion
INV100610,2024-04-24,C00095,United Kingdom,P0186,Sports Item 0186,Sports,3,11.3,33.9,champion
INV100610,2024-04-24,C00095,United Kingdom,P0034,Apparel Item 0034,Apparel,2,8.29,16.58,champion
INV100610,2024-04-24,C00095,United Kingdom,P0245,Beauty Item 0245,Beauty,3,3.3,9.9,champion
INV100737,2024-04-24,C00227,France,P0076,Home Item 0076,Home & Kitchen,4,31.68,126.72,champion
INV100737,2024-04-24,C00227,France,P0018,Beauty Item 0018,Beauty,5,19.88,99.4,champion
INV100737,2024-04-24,C00227,France,P0042,Apparel Item 0042,Apparel,2,5.8,11.6,champion
INV100737,2024-04-24,C00227,France,P0028,Beauty Item 0028,Beauty,4,5.04,20.16,champion
INV100737,2024-04-24,C00227,France,P0088,Garden Item 0088,Garden,2,25.85,51.7,champion
INV100737,2024-04-24,C00227,France,P0253,Toys Item 0253,Toys,4,5.41,21.64,champion
INV100737,2024-04-24,C00227,France,P0034,Apparel Item 0034,Apparel,5,8.29,41.45,champion
INV100916,2024-04-24,C00446,Ireland,P0116,Stationery Item 0116,Stationery,5,8.27,41.35,champion
INV100916,2024-04-24,C00446,Ireland,P0165,Home Item 0165,Home & Kitchen,5,4.44,22.2,champion
INV100987,2024-04-24,C00120,United Kingdom,P0008,Stationery Item 0008,Stationery,4,7.1,28.4,champion
INV100987,2024-04-24,C00120,United Kingdom,P0292,Beauty Item 0292,Beauty,3,5.92,17.76,champion
INV100987,2024-04-24,C00120,United Kingdom,P0204,Apparel Item 0204,Apparel,5,44.41,222.05,champion
INV100987,2024-04-24,C00120,United Kingdom,P0063,Apparel Item 0063,Apparel,1,21.21,21.21,champion
INV100987,2024-04-24,C00120,United Kingdom,P0071,Beauty Item 0071,Beauty,5,12.79,63.95,champion
INV100987,2024-04-24,C00120,United Kingdom,P0157,Toys Item 0157,Toys,1,16.13,16.13,champion
INV100987,2024-04-24,C00120,United Kingdom,P0130,Home Item 0130,Home & Kitchen,3,18.87,56.61,champion
INV100987,2024-04-24,C00120,United Kingdom,P0033,Sports Item 0033,Sports,1,8.82,8.82,champion
INV100987,2024-04-24,C00120,United Kingdom,P0194,Garden Item 0194,Garden,1,48.13,48.13,champion
INV100987,2024-04-24,C00120,United Kingdom,P0016,Beauty Item 0016,Beauty,2,16.32,32.64,champion
INV100987,2024-04-24,C00120,United Kingdom,P0181,Beauty Item 0181,Beauty,3,22.25,66.75,champion
INV101422,2024-04-24,C00373,United Kingdom,P0225,Beauty Item 0225,Beauty,2,4.63,9.26,regular
INV100133,2024-04-25,C00463,Spain,P0069,Electronics Item 0069,Electronics Accessories,2,8.37,16.74,loyal
INV100133,2024-04-25,C00463,Spain,P0010,Sports Item 0010,Sports,3,16.22,48.66,loyal
INV100133,2024-04-25,C00463,Spain,P0152,Toys Item 0152,Toys,2,42.54,85.08,loyal
INV100133,2024-04-25,C00463,Spain,P0210,Beauty Item 0210,Beauty,2,6.08,12.16,loyal
INV100173,2024-04-25,C00033,Germany,P0109,Apparel Item 0109,Apparel,5,11.92,59.6,regular
INV100173,2024-04-25,C00033,Germany,P0211,Garden Item 0211,Garden,2,10.09,20.18,regular
INV100173,2024-04-25,C00033,Germany,P0084,Toys Item 0084,Toys,1,9.13,9.13,regular
INV100552,2024-04-25,C00369,Germany,P0203,Sports Item 0203,Sports,5,20.16,100.8,at_risk
INV100552,2024-04-25,C00369,Germany,P0276,Apparel Item 0276,Apparel,1,8.49,8.49,at_risk
INV100552,2024-04-25,C00369,Germany,P0040,Toys Item 0040,Toys,2,25.32,50.64,at_risk
INV100552,2024-04-25,C00369,Germany,P0231,Toys Item 0231,Toys,1,10.98,10.98,at_risk
INV100811,2024-04-25,C00135,Spain,P0201,Electronics Item 0201,Electronics Accessories,2,2.96,5.92,loyal
INV100811,2024-04-25,C00135,Spain,P0134,Beauty Item 0134,Beauty,5,8.0,40.0,loyal
INV100811,2024-04-25,C00135,Spain,P0030,Toys Item 0030,Toys,2,8.54,17.08,loyal
INV100811,2024-04-25,C00135,Spain,P0277,Beauty Item 0277,Beauty,1,18.96,18.96,loyal
INV100811,2024-04-25,C00135,Spain,P0038,Beauty Item 0038,Beauty,1,4.36,4.36,loyal
INV101311,2024-04-25,C00350,United Kingdom,P0265,Home Item 0265,Home & Kitchen,1,6.17,6.17,loyal
INV101311,2024-04-25,C00350,United Kingdom,P0211,Garden Item 0211,Garden,1,10.09,10.09,loyal
INV101311,2024-04-25,C00350,United Kingdom,P0031,Apparel Item 0031,Apparel,4,17.17,68.68,loyal
INV101311,2024-04-25,C00350,United Kingdom,P0003,Beauty Item 0003,Beauty,3,11.37,34.11,loyal
INV101311,2024-04-25,C00350,United Kingdom,P0218,Electronics Item 0218,Electronics Accessories,3,6.37,19.11,loyal
INV100075,2024-04-26,C00415,Germany,P0214,Beauty Item 0214,Beauty,1,5.84,5.84,loyal
INV100075,2024-04-26,C00415,Germany,P0181,Beauty Item 0181,Beauty,4,22.25,89.0,loyal
INV100530,2024-04-27,C00293,United Kingdom,P0026,Sports Item 0026,Sports,2,9.03,18.06,loyal
INV100641,2024-04-27,C00319,Netherlands,P0237,Sports Item 0237,Sports,1,4.87,4.87,loyal
INV100641,2024-04-27,C00319,Netherlands,P0036,Toys Item 0036,Toys,2,10.76,21.52,loyal
INV100641,2024-04-27,C00319,Netherlands,P0061,Stationery Item 0061,Stationery,3,8.19,24.57,loyal
INV100641,2024-04-27,C00319,Netherlands,P0003,Beauty Item 0003,Beauty,3,11.37,34.11,loyal
INV100740,2024-04-27,C00260,France,P0008,Stationery Item 0008,Stationery,4,7.1,28.4,at_risk
INV100740,2024-04-27,C00260,France,P0103,Garden Item 0103,Garden,1,5.64,5.64,at_risk
INV100740,2024-04-27,C00260,France,P0135,Beauty Item 0135,Beauty,2,17.3,34.6,at_risk
INV101137,2024-04-27,C00345,Netherlands,P0260,Garden Item 0260,Garden,5,17.06,85.3,loyal
INV101137,2024-04-27,C00345,Netherlands,P0212,Sports Item 0212,Sports,2,27.54,55.08,loyal
INV101137,2024-04-27,C00345,Netherlands,P0020,Sports Item 0020,Sports,3,17.23,51.69,loyal
INV101137,2024-04-27,C00345,Netherlands,P0062,Stationery Item 0062,Stationery,4,32.4,129.6,loyal
INV101137,2024-04-27,C00345,Netherlands,P0191,Stationery Item 0191,Stationery,4,8.67,34.68,loyal
INV101137,2024-04-27,C00345,Netherlands,P0108,Garden Item 0108,Garden,4,12.75,51.0,loyal
INV101137,2024-04-27,C00345,Netherlands,P0009,Sports Item 0009,Sports,3,10.35,31.05,loyal
INV101153,2024-04-27,C00147,France,P0293,Toys Item 0293,Toys,3,13.85,41.55,champion
INV101153,2024-04-27,C00147,France,P0007,Stationery Item 0007,Stationery,4,19.96,79.84,champion
INV101153,2024-04-27,C00147,France,P0035,Toys Item 0035,Toys,1,15.71,15.71,champion
INV101153,2024-04-27,C00147,France,P0215,Stationery Item 0215,Stationery,2,15.43,30.86,champion
INV101153,2024-04-27,C00147,France,P0236,Toys Item 0236,Toys,2,18.12,36.24,champion
INV101153,2024-04-27,C00147,France,P0198,Garden Item 0198,Garden,3,17.59,52.77,champion
INV101153,2024-04-27,C00147,France,P0220,Sports Item 0220,Sports,5,13.16,65.8,champion
INV101153,2024-04-27,C00147,France,P0077,Home Item 0077,Home & Kitchen,1,8.82,8.82,champion
INV101153,2024-04-27,C00147,France,P0118,Apparel Item 0118,Apparel,4,9.67,38.68,champion
INV101153,2024-04-27,C00147,France,P0017,Toys Item 0017,Toys,5,13.41,67.05,champion
INV101153,2024-04-27,C00147,France,P0216,Stationery Item 0216,Stationery,4,7.88,31.52,champion
INV101153,2024-04-27,C00147,France,P0266,Beauty Item 0266,Beauty,4,9.2,36.8,champion
INV101153,2024-04-27,C00147,France,P0207,Apparel Item 0207,Apparel,1,10.85,10.85,champion
INV101153,2024-04-27,C00147,France,P0242,Stationery Item 0242,Stationery,4,7.66,30.64,champion
INV101253,2024-04-27,C00242,United Kingdom,P0035,Toys Item 0035,Toys,2,15.71,31.42,loyal
INV101253,2024-04-27,C00242,United Kingdom,P0234,Beauty Item 0234,Beauty,3,14.59,43.77,loyal
INV101253,2024-04-27,C00242,United Kingdom,P0195,Apparel Item 0195,Apparel,4,27.22,108.88,loyal
INV101253,2024-04-27,C00242,United Kingdom,P0248,Apparel Item 0248,Apparel,5,18.11,90.55,loyal
INV101253,2024-04-27,C00242,United Kingdom,P0273,Stationery Item 0273,Stationery,1,14.81,14.81,loyal
INV100149,2024-04-28,C00226,France,P0120,Sports Item 0120,Sports,5,12.93,64.65,loyal
INV100149,2024-04-28,C00226,France,P0293,Toys Item 0293,Toys,2,13.85,27.7,loyal
INV100149,2024-04-28,C00226,France,P0160,Garden Item 0160,Garden,4,13.38,53.52,loyal
INV100149,2024-04-28,C00226,France,P0119,Stationery Item 0119,Stationery,2,27.78,55.56,loyal
INV100307,2024-04-28,C00218,Ireland,P0030,Toys Item 0030,Toys,3,8.54,25.62,at_risk
INV100414,2024-04-28,C00387,United Kingdom,P0026,Sports Item 0026,Sports,4,9.03,36.12,champion
INV100414,2024-04-28,C00387,United Kingdom,P0187,Garden Item 0187,Garden,1,6.33,6.33,champion
INV100414,2024-04-28,C00387,United Kingdom,P0248,Apparel Item 0248,Apparel,2,18.11,36.22,champion
INV100414,2024-04-28,C00387,United Kingdom,P0287,Toys Item 0287,Toys,2,17.98,35.96,champion
INV100414,2024-04-28,C00387,United Kingdom,P0089,Apparel Item 0089,Apparel,3,7.02,21.06,champion
INV100414,2024-04-28,C00387,United Kingdom,P0198,Garden Item 0198,Garden,3,17.59,52.77,champion
INV100414,2024-04-28,C00387,United Kingdom,P0275,Toys Item 0275,Toys,4,7.98,31.92,champion
INV100414,2024-04-28,C00387,United Kingdom,P0087,Home Item 0087,Home & Kitchen,3,9.17,27.51,champion
INV100414,2024-04-28,C00387,United Kingdom,P0105,Beauty Item 0105,Beauty,2,10.5,21.0,champion
INV100414,2024-04-28,C00387,United Kingdom,P0146,Garden Item 0146,Garden,3,10.36,31.08,champion
INV100414,2024-04-28,C00387,United Kingdom,P0298,Stationery Item 0298,Stationery,5,2.24,11.2,champion
INV100414,2024-04-28,C00387,United Kingdom,P0294,Toys Item 0294,Toys,3,5.09,15.27,champion
INV100414,2024-04-28,C00387,United Kingdom,P0196,Stationery Item 0196,Stationery,3,11.07,33.21,champion
INV100414,2024-04-28,C00387,United Kingdom,P0041,Electronics Item 0041,Electronics Accessories,1,18.37,18.37,champion
INV100485,2024-04-28,C00258,United Kingdom,P0026,Sports Item 0026,Sports,1,9.03,9.03,regular
INV100485,2024-04-28,C00258,United Kingdom,P0169,Apparel Item 0169,Apparel,3,6.65,19.95,regular
INV100485,2024-04-28,C00258,United Kingdom,P0049,Home Item 0049,Home & Kitchen,1,26.16,26.16,regular
INV100485,2024-04-28,C00258,United Kingdom,P0292,Beauty Item 0292,Beauty,2,5.92,11.84,regular
INV100485,2024-04-28,C00258,United Kingdom,P0071,Beauty Item 0071,Beauty,2,12.79,25.58,regular
INV100485,2024-04-28,C00258,United Kingdom,P0062,Stationery Item 0062,Stationery,4,32.4,129.6,regular
INV100485,2024-04-28,C00258,United Kingdom,P0210,Beauty Item 0210,Beauty,5,6.08,30.4,regular
INV100507,2024-04-28,C00081,Spain,P0248,Apparel Item 0248,Apparel,5,18.11,90.55,loyal
INV100507,2024-04-28,C00081,Spain,P0044,Apparel Item 0044,Apparel,3,13.46,40.38,loyal
INV100689,2024-04-28,C00378,United Kingdom,P0066,Toys Item 0066,Toys,4,6.01,24.04,at_risk
INV100689,2024-04-28,C00378,United Kingdom,P0020,Sports Item 0020,Sports,2,17.23,34.46,at_risk
INV100689,2024-04-28,C00378,United Kingdom,P0172,Sports Item 0172,Sports,5,6.08,30.4,at_risk
INV101371,2024-04-28,C00111,Netherlands,P0092,Home Item 0092,Home & Kitchen,5,34.22,171.1,loyal
INV101371,2024-04-28,C00111,Netherlands,P0082,Home Item 0082,Home & Kitchen,5,2.54,12.7,loyal
INV101371,2024-04-28,C00111,Netherlands,P0114,Home Item 0114,Home & Kitchen,1,15.7,15.7,loyal
INV101371,2024-04-28,C00111,Netherlands,P0023,Garden Item 0023,Garden,4,6.18,24.72,loyal
INV101371,2024-04-28,C00111,Netherlands,P0146,Garden Item 0146,Garden,2,10.36,20.72,loyal
INV101371,2024-04-28,C00111,Netherlands,P0046,Toys Item 0046,Toys,5,13.41,67.05,loyal
INV100583,2024-04-29,C00111,Netherlands,P0036,Toys Item 0036,Toys,3,10.76,32.28,loyal
INV100583,2024-04-29,C00111,Netherlands,P0084,Toys Item 0084,Toys,2,9.13,18.26,loyal
INV100715,2024-04-29,C00046,Spain,P0018,Beauty Item 0018,Beauty,4,19.88,79.52,loyal
INV100715,2024-04-29,C00046,Spain,P0044,Apparel Item 0044,Apparel,2,13.46,26.92,loyal
INV100715,2024-04-29,C00046,Spain,P0089,Apparel Item 0089,Apparel,3,7.02,21.06,loyal
INV100715,2024-04-29,C00046,Spain,P0183,Beauty Item 0183,Beauty,2,14.45,28.9,loyal
INV100715,2024-04-29,C00046,Spain,P0249,Apparel Item 0249,Apparel,5,7.46,37.3,loyal
INV101032,2024-04-29,C00480,Ireland,P0004,Garden Item 0004,Garden,1,18.82,18.82,regular
INV101032,2024-04-29,C00480,Ireland,P0011,Stationery Item 0011,Stationery,5,15.05,75.25,regular
INV101032,2024-04-29,C00480,Ireland,P0230,Apparel Item 0230,Apparel,2,13.03,26.06,regular
INV101032,2024-04-29,C00480,Ireland,P0006,Toys Item 0006,Toys,3,14.64,43.92,regular
INV101448,2024-04-29,C00045,France,P0051,Stationery Item 0051,Stationery,3,7.32,21.96,regular
INV101448,2024-04-29,C00045,France,P0159,Home Item 0159,Home & Kitchen,5,7.2,36.0,regular
INV100035,2024-04-30,C00432,Netherlands,P0029,Sports Item 0029,Sports,2,15.87,31.74,champion
INV100035,2024-04-30,C00432,Netherlands,P0198,Garden Item 0198,Garden,2,17.59,35.18,champion
INV100035,2024-04-30,C00432,Netherlands,P0275,Toys Item 0275,Toys,3,7.98,23.94,champion
INV100035,2024-04-30,C00432,Netherlands,P0263,Toys Item 0263,Toys,2,10.21,20.42,champion
INV100035,2024-04-30,C00432,Netherlands,P0033,Sports Item 0033,Sports,3,8.82,26.46,champion
INV100035,2024-04-30,C00432,Netherlands,P0085,Stationery Item 0085,Stationery,3,4.34,13.02,champion
INV100035,2024-04-30,C00432,Netherlands,P0140,Apparel Item 0140,Apparel,2,15.06,30.12,champion
INV100251,2024-04-30,C00165,Netherlands,P0113,Garden Item 0113,Garden,5,5.12,25.6,at_risk
INV100373,2024-04-30,C00366,France,P0288,Stationery Item 0288,Stationery,4,9.96,39.84,regular
INV100373,2024-04-30,C00366,France,P0070,Beauty Item 0070,Beauty,3,12.9,38.7,regular
INV100373,2024-04-30,C00366,France,P0192,Garden Item 0192,Garden,1,17.1,17.1,regular
INV100373,2024-04-30,C00366,France,P0058,Garden Item 0058,Garden,2,7.47,14.94,regular
INV100261,2024-05-01,C00022,United Kingdom,P0199,Sports Item 0199,Sports,3,14.62,43.86,loyal
INV100261,2024-05-01,C00022,United Kingdom,P0003,Beauty Item 0003,Beauty,1,11.37,11.37,loyal
INV100842,2024-05-01,C00211,France,P0208,Sports Item 0208,Sports,1,17.62,17.62,loyal
INV100842,2024-05-01,C00211,France,P0052,Beauty Item 0052,Beauty,4,4.18,16.72,loyal
INV100959,2024-05-01,C00021,United Kingdom,P0146,Garden Item 0146,Garden,1,10.36,10.36,champion
INV100959,2024-05-01,C00021,United Kingdom,P0161,Home Item 0161,Home & Kitchen,5,6.97,34.85,champion
INV101205,2024-05-01,C00371,United Kingdom,P0280,Beauty Item 0280,Beauty,4,6.37,25.48,regular
INV101205,2024-05-01,C00371,United Kingdom,P0240,Garden Item 0240,Garden,2,7.99,15.98,regular
INV101205,2024-05-01,C00371,United Kingdom,P0048,Apparel Item 0048,Apparel,1,12.95,12.95,regular
INV100340,2024-05-02,C00098,Netherlands,P0008,Stationery Item 0008,Stationery,3,7.1,21.3,champion
INV100340,2024-05-02,C00098,Netherlands,P0042,Apparel Item 0042,Apparel,3,5.8,17.4,champion
INV100340,2024-05-02,C00098,Netherlands,P0138,Stationery Item 0138,Stationery,3,23.38,70.14,champion
INV100340,2024-05-02,C00098,Netherlands,P0208,Sports Item 0208,Sports,2,17.62,35.24,champion
INV100340,2024-05-02,C00098,Netherlands,P0206,Stationery Item 0206,Stationery,5,9.37,46.85,champion
INV100340,2024-05-02,C00098,Netherlands,P0295,Home Item 0295,Home & Kitchen,2,11.96,23.92,champion
INV100340,2024-05-02,C00098,Netherlands,P0135,Beauty Item 0135,Beauty,4,17.3,69.2,champion
INV100340,2024-05-02,C00098,Netherlands,P0196,Stationery Item 0196,Stationery,4,11.07,44.28,champion
INV100340,2024-05-02,C00098,Netherlands,P0241,Sports Item 0241,Sports,3,13.49,40.47,champion
INV100394,2024-05-02,C00427,Spain,P0292,Beauty Item 0292,Beauty,2,5.92,11.84,regular
INV100394,2024-05-02,C00427,Spain,P0236,Toys Item 0236,Toys,5,18.12,90.6,regular
INV100394,2024-05-02,C00427,Spain,P0071,Beauty Item 0071,Beauty,4,12.79,51.16,regular
INV100394,2024-05-02,C00427,Spain,P0099,Toys Item 0099,Toys,5,3.9,19.5,regular
INV100394,2024-05-02,C00427,Spain,P0119,Stationery Item 0119,Stationery,1,27.78,27.78,regular
INV100489,2024-05-02,C00451,Germany,P0254,Garden Item 0254,Garden,5,47.1,235.5,loyal
INV100489,2024-05-02,C00451,Germany,P0014,Sports Item 0014,Sports,2,10.64,21.28,loyal
INV100785,2024-05-02,C00111,Netherlands,P0262,Home Item 0262,Home & Kitchen,5,8.77,43.85,loyal
INV100785,2024-05-02,C00111,Netherlands,P0119,Stationery Item 0119,Stationery,1,27.78,27.78,loyal
INV100785,2024-05-02,C00111,Netherlands,P0103,Garden Item 0103,Garden,3,5.64,16.92,loyal
INV100785,2024-05-02,C00111,Netherlands,P0078,Apparel Item 0078,Apparel,2,26.81,53.62,loyal
INV100785,2024-05-02,C00111,Netherlands,P0164,Home Item 0164,Home & Kitchen,5,19.4,97.0,loyal
INV101268,2024-05-02,C00481,United Kingdom,P0017,Toys Item 0017,Toys,1,13.41,13.41,loyal
INV101268,2024-05-02,C00481,United Kingdom,P0231,Toys Item 0231,Toys,2,10.98,21.96,loyal
INV100144,2024-05-03,C00158,France,P0093,Beauty Item 0093,Beauty,4,9.44,37.76,loyal
INV100144,2024-05-03,C00158,France,P0028,Beauty Item 0028,Beauty,3,5.04,15.12,loyal
INV100144,2024-05-03,C00158,France,P0270,Electronics Item 0270,Electronics Accessories,3,13.76,41.28,loyal
INV100144,2024-05-03,C00158,France,P0201,Electronics Item 0201,Electronics Accessories,2,2.96,5.92,loyal
INV100853,2024-05-03,C00405,Spain,P0055,Toys Item 0055,Toys,3,36.31,108.93,loyal
INV101476,2024-05-03,C00171,United Kingdom,P0194,Garden Item 0194,Garden,2,48.13,96.26,regular
INV101476,2024-05-03,C00171,United Kingdom,P0151,Toys Item 0151,Toys,1,19.71,19.71,regular
INV101476,2024-05-03,C00171,United Kingdom,P0263,Toys Item 0263,Toys,1,10.21,10.21,regular
INV100775,2024-05-04,C00499,France,P0281,Beauty Item 0281,Beauty,3,2.14,6.42,loyal
INV100775,2024-05-04,C00499,France,P0056,Toys Item 0056,Toys,3,5.63,16.89,loyal
INV100775,2024-05-04,C00499,France,P0174,Apparel Item 0174,Apparel,2,14.86,29.72,loyal
INV100775,2024-05-04,C00499,France,P0092,Home Item 0092,Home & Kitchen,3,34.22,102.66,loyal
INV100775,2024-05-04,C00499,France,P0208,Sports Item 0208,Sports,4,17.62,70.48,loyal
INV100775,2024-05-04,C00499,France,P0095,Sports Item 0095,Sports,5,6.85,34.25,loyal
INV100775,2024-05-04,C00499,France,P0176,Toys Item 0176,Toys,5,20.55,102.75,loyal
INV100775,2024-05-04,C00499,France,P0253,Toys Item 0253,Toys,4,5.41,21.64,loyal
INV100775,2024-05-04,C00499,France,P0160,Garden Item 0160,Garden,4,13.38,53.52,loyal
INV101093,2024-05-04,C00247,United Kingdom,P0208,Sports Item 0208,Sports,2,17.62,35.24,at_risk
INV101093,2024-05-04,C00247,United Kingdom,P0278,Toys Item 0278,Toys,2,8.56,17.12,at_risk
INV101219,2024-05-04,C00166,Netherlands,P0260,Garden Item 0260,Garden,2,17.06,34.12,champion
INV101219,2024-05-04,C00166,Netherlands,P0096,Toys Item 0096,Toys,3,10.29,30.87,champion
INV101219,2024-05-04,C00166,Netherlands,P0094,Apparel Item 0094,Apparel,2,14.15,28.3,champion
INV101219,2024-05-04,C00166,Netherlands,P0247,Home Item 0247,Home & Kitchen,5,15.37,76.85,champion
INV101219,2024-05-04,C00166,Netherlands,P0051,Stationery Item 0051,Stationery,4,7.32,29.28,champion
INV101219,2024-05-04,C00166,Netherlands,P0264,Home Item 0264,Home & Kitchen,1,16.77,16.77,champion
INV101219,2024-05-04,C00166,Netherlands,P0278,Toys Item 0278,Toys,3,8.56,25.68,champion
INV101219,2024-05-04,C00166,Netherlands,P0228,Toys Item 0228,Toys,4,20.22,80.88,champion
INV101219,2024-05-04,C00166,Netherlands,P0097,Stationery Item 0097,Stationery,3,7.93,23.79,champion
INV101219,2024-05-04,C00166,Netherlands,P0118,Apparel Item 0118,Apparel,1,9.67,9.67,champion
INV101219,2024-05-04,C00166,Netherlands,P0103,Garden Item 0103,Garden,1,5.64,5.64,champion
INV101219,2024-05-04,C00166,Netherlands,P0064,Beauty Item 0064,Beauty,4,5.73,22.92,champion
INV101447,2024-05-04,C00465,Germany,P0278,Toys Item 0278,Toys,1,8.56,8.56,loyal
INV101447,2024-05-04,C00465,Germany,P0038,Beauty Item 0038,Beauty,2,4.36,8.72,loyal
INV100022,2024-05-05,C00206,Germany,P0174,Apparel Item 0174,Apparel,1,14.86,14.86,loyal
INV100022,2024-05-05,C00206,Germany,P0243,Toys Item 0243,Toys,2,7.38,14.76,loyal
INV100022,2024-05-05,C00206,Germany,P0067,Sports Item 0067,Sports,3,14.79,44.37,loyal
INV100022,2024-05-05,C00206,Germany,P0090,Garden Item 0090,Garden,2,12.93,25.86,loyal
INV100022,2024-05-05,C00206,Germany,P0094,Apparel Item 0094,Apparel,4,14.15,56.6,loyal
INV100172,2024-05-05,C00147,France,P0223,Sports Item 0223,Sports,5,37.0,185.0,champion
INV100172,2024-05-05,C00147,France,P0092,Home Item 0092,Home & Kitchen,4,34.22,136.88,champion
INV100172,2024-05-05,C00147,France,P0285,Toys Item 0285,Toys,3,5.98,17.94,champion
INV100172,2024-05-05,C00147,France,P0194,Garden Item 0194,Garden,1,48.13,48.13,champion
INV100172,2024-05-05,C00147,France,P0027,Electronics Item 0027,Electronics Accessories,2,19.73,39.46,champion
INV100172,2024-05-05,C00147,France,P0192,Garden Item 0192,Garden,3,17.1,51.3,champion
INV100172,2024-05-05,C00147,France,P0142,Apparel Item 0142,Apparel,2,14.63,29.26,champion
INV100172,2024-05-05,C00147,France,P0179,Toys Item 0179,Toys,4,14.27,57.08,champion
INV100172,2024-05-05,C00147,France,P0252,Sports Item 0252,Sports,5,8.64,43.2,champion
INV100172,2024-05-05,C00147,France,P0158,Garden Item 0158,Garden,2,8.27,16.54,champion
INV100172,2024-05-05,C00147,France,P0186,Sports Item 0186,Sports,2,11.3,22.6,champion
INV100172,2024-05-05,C00147,France,P0297,Stationery Item 0297,Stationery,1,18.82,18.82,champion
INV100172,2024-05-05,C00147,France,P0149,Toys Item 0149,Toys,4,6.39,25.56,champion
INV100172,2024-05-05,C00147,France,P0034,Apparel Item 0034,Apparel,3,8.29,24.87,champion
INV100346,2024-05-05,C00063,United Kingdom,P0146,Garden Item 0146,Garden,4,10.36,41.44,at_risk
INV100686,2024-05-05,C00442,Ireland,P0276,Apparel Item 0276,Apparel,3,8.49,25.47,regular
INV100686,2024-05-05,C00442,Ireland,P0060,Garden Item 0060,Garden,4,5.43,21.72,regular
INV100686,2024-05-05,C00442,Ireland,P0188,Beauty Item 0188,Beauty,5,5.1,25.5,regular
INV100686,2024-05-05,C00442,Ireland,P0001,Sports Item 0001,Sports,1,20.7,20.7,regular
INV100686,2024-05-05,C00442,Ireland,P0189,Garden Item 0189,Garden,5,9.4,47.0,regular
INV100686,2024-05-05,C00442,Ireland,P0172,Sports Item 0172,Sports,1,6.08,6.08,regular
INV100686,2024-05-05,C00442,Ireland,P0224,Toys Item 0224,Toys,4,6.73,26.92,regular
INV100863,2024-05-05,C00164,Germany,P0140,Apparel Item 0140,Apparel,3,15.06,45.18,loyal
INV101257,2024-05-05,C00203,United Kingdom,P0281,Beauty Item 0281,Beauty,4,2.14,8.56,regular
INV101257,2024-05-05,C00203,United Kingdom,P0011,Stationery Item 0011,Stationery,2,15.05,30.1,regular
INV101322,2024-05-05,C00119,United Kingdom,P0281,Beauty Item 0281,Beauty,4,2.14,8.56,loyal
INV101322,2024-05-05,C00119,United Kingdom,P0098,Beauty Item 0098,Beauty,2,10.79,21.58,loyal
INV101322,2024-05-05,C00119,United Kingdom,P0201,Electronics Item 0201,Electronics Accessories,1,2.96,2.96,loyal
INV101322,2024-05-05,C00119,United Kingdom,P0155,Apparel Item 0155,Apparel,5,3.52,17.6,loyal
INV101322,2024-05-05,C00119,United Kingdom,P0129,Sports Item 0129,Sports,1,7.01,7.01,loyal
INV101322,2024-05-05,C00119,United Kingdom,P0085,Stationery Item 0085,Stationery,5,4.34,21.7,loyal
INV101322,2024-05-05,C00119,United Kingdom,P0038,Beauty Item 0038,Beauty,4,4.36,17.44,loyal
INV101322,2024-05-05,C00119,United Kingdom,P0124,Toys Item 0124,Toys,5,5.36,26.8,loyal
INV101384,2024-05-05,C00001,United Kingdom,P0212,Sports Item 0212,Sports,5,27.54,137.7,champion
INV101384,2024-05-05,C00001,United Kingdom,P0169,Apparel Item 0169,Apparel,4,6.65,26.6,champion
INV101384,2024-05-05,C00001,United Kingdom,P0092,Home Item 0092,Home & Kitchen,3,34.22,102.66,champion
INV101384,2024-05-05,C00001,United Kingdom,P0204,Apparel Item 0204,Apparel,2,44.41,88.82,champion
INV101384,2024-05-05,C00001,United Kingdom,P0187,Garden Item 0187,Garden,5,6.33,31.65,champion
INV101384,2024-05-05,C00001,United Kingdom,P0250,Stationery Item 0250,Stationery,2,11.75,23.5,champion
INV101384,2024-05-05,C00001,United Kingdom,P0291,Sports Item 0291,Sports,5,23.03,115.15,champion
INV101384,2024-05-05,C00001,United Kingdom,P0027,Electronics Item 0027,Electronics Accessories,4,19.73,78.92,champion
INV101384,2024-05-05,C00001,United Kingdom,P0114,Home Item 0114,Home & Kitchen,5,15.7,78.5,champion
INV101384,2024-05-05,C00001,United Kingdom,P0183,Beauty Item 0183,Beauty,4,14.45,57.8,champion
INV101384,2024-05-05,C00001,United Kingdom,P0185,Home Item 0185,Home & Kitchen,4,22.37,89.48,champion
INV101384,2024-05-05,C00001,United Kingdom,P0224,Toys Item 0224,Toys,1,6.73,6.73,champion
INV101384,2024-05-05,C00001,United Kingdom,P0217,Electronics Item 0217,Electronics Accessories,5,2.06,10.3,champion
INV100109,2024-05-06,C00289,Spain,P0270,Electronics Item 0270,Electronics Accessories,5,13.76,68.8,loyal
INV100109,2024-05-06,C00289,Spain,P0223,Sports Item 0223,Sports,1,37.0,37.0,loyal
INV100109,2024-05-06,C00289,Spain,P0263,Toys Item 0263,Toys,3,10.21,30.63,loyal
INV100109,2024-05-06,C00289,Spain,P0051,Stationery Item 0051,Stationery,2,7.32,14.64,loyal
INV100109,2024-05-06,C00289,Spain,P0253,Toys Item 0253,Toys,4,5.41,21.64,loyal
INV100109,2024-05-06,C00289,Spain,P0272,Stationery Item 0272,Stationery,3,43.64,130.92,loyal
INV100109,2024-05-06,C00289,Spain,P0130,Home Item 0130,Home & Kitchen,5,18.87,94.35,loyal
INV100109,2024-05-06,C00289,Spain,P0120,Sports Item 0120,Sports,3,12.93,38.79,loyal
INV100109,2024-05-06,C00289,Spain,P0181,Beauty Item 0181,Beauty,4,22.25,89.0,loyal
INV100233,2024-05-06,C00052,Spain,P0025,Garden Item 0025,Garden,1,16.76,16.76,champion
INV100233,2024-05-06,C00052,Spain,P0107,Home Item 0107,Home & Kitchen,3,7.79,23.37,champion
INV100233,2024-05-06,C00052,Spain,P0139,Stationery Item 0139,Stationery,1,2.18,2.18,champion
INV100233,2024-05-06,C00052,Spain,P0158,Garden Item 0158,Garden,4,8.27,33.08,champion
INV100233,2024-05-06,C00052,Spain,P0195,Apparel Item 0195,Apparel,3,27.22,81.66,champion
INV100233,2024-05-06,C00052,Spain,P0097,Stationery Item 0097,Stationery,4,7.93,31.72,champion
INV100233,2024-05-06,C00052,Spain,P0218,Electronics Item 0218,Electronics Accessories,3,6.37,19.11,champion
INV100234,2024-05-06,C00123,Germany,P0252,Sports Item 0252,Sports,2,8.64,17.28,loyal
INV100234,2024-05-06,C00123,Germany,P0102,Toys Item 0102,Toys,3,14.39,43.17,loyal
INV100234,2024-05-06,C00123,Germany,P0142,Apparel Item 0142,Apparel,5,14.63,73.15,loyal
INV100234,2024-05-06,C00123,Germany,P0216,Stationery Item 0216,Stationery,2,7.88,15.76,loyal
INV100412,2024-05-06,C00373,United Kingdom,P0178,Garden Item 0178,Garden,1,15.19,15.19,regular
INV100412,2024-05-06,C00373,United Kingdom,P0172,Sports Item 0172,Sports,5,6.08,30.4,regular
INV100412,2024-05-06,C00373,United Kingdom,P0187,Garden Item 0187,Garden,2,6.33,12.66,regular
INV100823,2024-05-06,C00292,Germany,P0001,Sports Item 0001,Sports,1,20.7,20.7,dormant
INV100090,2024-05-07,C00173,Spain,P0028,Beauty Item 0028,Beauty,1,5.04,5.04,regular
INV100090,2024-05-07,C00173,Spain,P0245,Beauty Item 0245,Beauty,2,3.3,6.6,regular
INV100275,2024-05-07,C00493,Netherlands,P0292,Beauty Item 0292,Beauty,3,5.92,17.76,loyal
INV100375,2024-05-07,C00227,France,P0055,Toys Item 0055,Toys,4,36.31,145.24,champion
INV100375,2024-05-07,C00227,France,P0134,Beauty Item 0134,Beauty,3,8.0,24.0,champion
INV100375,2024-05-07,C00227,France,P0170,Apparel Item 0170,Apparel,2,26.08,52.16,champion
INV100375,2024-05-07,C00227,France,P0237,Sports Item 0237,Sports,2,4.87,9.74,champion
INV100375,2024-05-07,C00227,France,P0047,Apparel Item 0047,Apparel,2,29.75,59.5,champion
INV100375,2024-05-07,C00227,France,P0289,Home Item 0289,Home & Kitchen,2,3.62,7.24,champion
INV100375,2024-05-07,C00227,France,P0118,Apparel Item 0118,Apparel,4,9.67,38.68,champion
INV101392,2024-05-07,C00280,United Kingdom,P0051,Stationery Item 0051,Stationery,5,7.32,36.6,loyal
INV101392,2024-05-07,C00280,United Kingdom,P0126,Sports Item 0126,Sports,4,23.67,94.68,loyal
INV101392,2024-05-07,C00280,United Kingdom,P0090,Garden Item 0090,Garden,2,12.93,25.86,loyal
INV101392,2024-05-07,C00280,United Kingdom,P0130,Home Item 0130,Home & Kitchen,5,18.87,94.35,loyal
INV101392,2024-05-07,C00280,United Kingdom,P0274,Apparel Item 0274,Apparel,5,17.17,85.85,loyal
INV101395,2024-05-07,C00410,United Kingdom,P0020,Sports Item 0020,Sports,2,17.23,34.46,loyal
INV101395,2024-05-07,C00410,United Kingdom,P0171,Garden Item 0171,Garden,2,6.31,12.62,loyal
INV101395,2024-05-07,C00410,United Kingdom,P0290,Garden Item 0290,Garden,5,5.49,27.45,loyal
INV101395,2024-05-07,C00410,United Kingdom,P0172,Sports Item 0172,Sports,1,6.08,6.08,loyal
INV101395,2024-05-07,C00410,United Kingdom,P0057,Beauty Item 0057,Beauty,3,13.72,41.16,loyal
INV101411,2024-05-07,C00270,United Kingdom,P0053,Garden Item 0053,Garden,5,9.88,49.4,regular
INV101411,2024-05-07,C00270,United Kingdom,P0189,Garden Item 0189,Garden,1,9.4,9.4,regular
INV101411,2024-05-07,C00270,United Kingdom,P0092,Home Item 0092,Home & Kitchen,2,34.22,68.44,regular
INV101411,2024-05-07,C00270,United Kingdom,P0173,Apparel Item 0173,Apparel,4,19.11,76.44,regular
INV101467,2024-05-07,C00333,Netherlands,P0188,Beauty Item 0188,Beauty,3,5.1,15.3,champion
INV101467,2024-05-07,C00333,Netherlands,P0011,Stationery Item 0011,Stationery,4,15.05,60.2,champion
INV101467,2024-05-07,C00333,Netherlands,P0132,Apparel Item 0132,Apparel,4,33.27,133.08,champion
INV101467,2024-05-07,C00333,Netherlands,P0232,Stationery Item 0232,Stationery,4,13.04,52.16,champion
INV100315,2024-05-08,C00028,Germany,P0165,Home Item 0165,Home & Kitchen,2,4.44,8.88,loyal
INV100315,2024-05-08,C00028,Germany,P0042,Apparel Item 0042,Apparel,4,5.8,23.2,loyal
INV100315,2024-05-08,C00028,Germany,P0187,Garden Item 0187,Garden,2,6.33,12.66,loyal
INV100315,2024-05-08,C00028,Germany,P0231,Toys Item 0231,Toys,3,10.98,32.94,loyal
INV100315,2024-05-08,C00028,Germany,P0058,Garden Item 0058,Garden,5,7.47,37.35,loyal
INV100315,2024-05-08,C00028,Germany,P0151,Toys Item 0151,Toys,2,19.71,39.42,loyal
INV100315,2024-05-08,C00028,Germany,P0040,Toys Item 0040,Toys,1,25.32,25.32,loyal
INV100315,2024-05-08,C00028,Germany,P0181,Beauty Item 0181,Beauty,5,22.25,111.25,loyal
INV100320,2024-05-08,C00286,Spain,P0204,Apparel Item 0204,Apparel,5,44.41,222.05,regular
INV100448,2024-05-08,C00163,United Kingdom,P0191,Stationery Item 0191,Stationery,4,8.67,34.68,dormant
INV101234,2024-05-08,C00383,United Kingdom,P0213,Toys Item 0213,Toys,3,13.64,40.92,champion
INV101234,2024-05-08,C00383,United Kingdom,P0132,Apparel Item 0132,Apparel,1,33.27,33.27,champion
INV101234,2024-05-08,C00383,United Kingdom,P0005,Electronics Item 0005,Electronics Accessories,5,23.02,115.1,champion
INV101234,2024-05-08,C00383,United Kingdom,P0047,Apparel Item 0047,Apparel,3,29.75,89.25,champion
INV101234,2024-05-08,C00383,United Kingdom,P0173,Apparel Item 0173,Apparel,5,19.11,95.55,champion
INV101234,2024-05-08,C00383,United Kingdom,P0185,Home Item 0185,Home & Kitchen,1,22.37,22.37,champion
INV101234,2024-05-08,C00383,United Kingdom,P0162,Sports Item 0162,Sports,1,19.3,19.3,champion
INV100205,2024-05-09,C00278,United Kingdom,P0164,Home Item 0164,Home & Kitchen,2,19.4,38.8,loyal
INV100260,2024-05-09,C00035,United Kingdom,P0040,Toys Item 0040,Toys,4,25.32,101.28,regular
INV100260,2024-05-09,C00035,United Kingdom,P0022,Garden Item 0022,Garden,4,9.52,38.08,regular
INV100260,2024-05-09,C00035,United Kingdom,P0231,Toys Item 0231,Toys,2,10.98,21.96,regular
INV100260,2024-05-09,C00035,United Kingdom,P0162,Sports Item 0162,Sports,2,19.3,38.6,regular
INV100685,2024-05-09,C00348,Germany,P0020,Sports Item 0020,Sports,2,17.23,34.46,champion
INV100685,2024-05-09,C00348,Germany,P0028,Beauty Item 0028,Beauty,3,5.04,15.12,champion
INV100685,2024-05-09,C00348,Germany,P0053,Garden Item 0053,Garden,3,9.88,29.64,champion
INV100685,2024-05-09,C00348,Germany,P0138,Stationery Item 0138,Stationery,3,23.38,70.14,champion
INV100685,2024-05-09,C00348,Germany,P0291,Sports Item 0291,Sports,3,23.03,69.09,champion
INV100685,2024-05-09,C00348,Germany,P0072,Home Item 0072,Home & Kitchen,4,25.41,101.64,champion
INV100685,2024-05-09,C00348,Germany,P0047,Apparel Item 0047,Apparel,4,29.75,119.0,champion
INV100685,2024-05-09,C00348,Germany,P0172,Sports Item 0172,Sports,1,6.08,6.08,champion
INV101380,2024-05-09,C00172,Germany,P0178,Garden Item 0178,Garden,3,15.19,45.57,loyal
INV101380,2024-05-09,C00172,Germany,P0106,Garden Item 0106,Garden,2,9.58,19.16,loyal
INV101380,2024-05-09,C00172,Germany,P0187,Garden Item 0187,Garden,2,6.33,12.66,loyal
INV100764,2024-05-10,C00396,Spain,P0055,Toys Item 0055,Toys,3,36.31,108.93,champion
INV100764,2024-05-10,C00396,Spain,P0276,Apparel Item 0276,Apparel,1,8.49,8.49,champion
INV100764,2024-05-10,C00396,Spain,P0035,Toys Item 0035,Toys,2,15.71,31.42,champion
INV100764,2024-05-10,C00396,Spain,P0045,Electronics Item 0045,Electronics Accessories,1,3.96,3.96,champion
INV100764,2024-05-10,C00396,Spain,P0298,Stationery Item 0298,Stationery,4,2.24,8.96,champion
INV100764,2024-05-10,C00396,Spain,P0191,Stationery Item 0191,Stationery,4,8.67,34.68,champion
INV100764,2024-05-10,C00396,Spain,P0079,Sports Item 0079,Sports,4,17.36,69.44,champion
INV101025,2024-05-10,C00322,France,P0158,Garden Item 0158,Garden,1,8.27,8.27,regular
INV101144,2024-05-10,C00021,United Kingdom,P0229,Stationery Item 0229,Stationery,2,10.31,20.62,champion
INV101144,2024-05-10,C00021,United Kingdom,P0234,Beauty Item 0234,Beauty,2,14.59,29.18,champion
INV101144,2024-05-10,C00021,United Kingdom,P0128,Stationery Item 0128,Stationery,3,9.37,28.11,champion
INV101144,2024-05-10,C00021,United Kingdom,P0295,Home Item 0295,Home & Kitchen,4,11.96,47.84,champion
INV101144,2024-05-10,C00021,United Kingdom,P0066,Toys Item 0066,Toys,4,6.01,24.04,champion
INV101144,2024-05-10,C00021,United Kingdom,P0103,Garden Item 0103,Garden,1,5.64,5.64,champion
INV101144,2024-05-10,C00021,United Kingdom,P0241,Sports Item 0241,Sports,4,13.49,53.96,champion
INV101167,2024-05-10,C00438,United Kingdom,P0147,Electronics Item 0147,Electronics Accessories,5,21.42,107.1,at_risk
INV101167,2024-05-10,C00438,United Kingdom,P0150,Garden Item 0150,Garden,1,11.59,11.59,at_risk
INV100273,2024-05-11,C00316,United Kingdom,P0125,Toys Item 0125,Toys,1,25.33,25.33,regular
INV100273,2024-05-11,C00316,United Kingdom,P0029,Sports Item 0029,Sports,2,15.87,31.74,regular
INV100273,2024-05-11,C00316,United Kingdom,P0062,Stationery Item 0062,Stationery,1,32.4,32.4,regular
INV100273,2024-05-11,C00316,United Kingdom,P0250,Stationery Item 0250,Stationery,2,11.75,23.5,regular
INV101225,2024-05-11,C00020,United Kingdom,P0185,Home Item 0185,Home & Kitchen,2,22.37,44.74,champion
INV101225,2024-05-11,C00020,United Kingdom,P0264,Home Item 0264,Home & Kitchen,4,16.77,67.08,champion
INV100120,2024-05-12,C00220,Ireland,P0231,Toys Item 0231,Toys,4,10.98,43.92,loyal
INV100120,2024-05-12,C00220,Ireland,P0194,Garden Item 0194,Garden,3,48.13,144.39,loyal
INV100120,2024-05-12,C00220,Ireland,P0213,Toys Item 0213,Toys,5,13.64,68.2,loyal
INV100120,2024-05-12,C00220,Ireland,P0248,Apparel Item 0248,Apparel,1,18.11,18.11,loyal
INV100120,2024-05-12,C00220,Ireland,P0238,Beauty Item 0238,Beauty,4,13.56,54.24,loyal
INV100120,2024-05-12,C00220,Ireland,P0126,Sports Item 0126,Sports,5,23.67,118.35,loyal
INV100120,2024-05-12,C00220,Ireland,P0043,Electronics Item 0043,Electronics Accessories,2,19.52,39.04,loyal
INV100120,2024-05-12,C00220,Ireland,P0288,Stationery Item 0288,Stationery,2,9.96,19.92,loyal
INV100120,2024-05-12,C00220,Ireland,P0196,Stationery Item 0196,Stationery,3,11.07,33.21,loyal
INV100120,2024-05-12,C00220,Ireland,P0040,Toys Item 0040,Toys,4,25.32,101.28,loyal
INV100120,2024-05-12,C00220,Ireland,P0255,Electronics Item 0255,Electronics Accessories,5,2.75,13.75,loyal
INV100120,2024-05-12,C00220,Ireland,P0242,Stationery Item 0242,Stationery,4,7.66,30.64,loyal
INV100831,2024-05-12,C00048,Germany,P0280,Beauty Item 0280,Beauty,4,6.37,25.48,regular
INV100831,2024-05-12,C00048,Germany,P0194,Garden Item 0194,Garden,4,48.13,192.52,regular
INV100060,2024-05-13,C00179,Spain,P0229,Stationery Item 0229,Stationery,5,10.31,51.55,loyal
INV100355,2024-05-13,C00001,United Kingdom,P0280,Beauty Item 0280,Beauty,2,6.37,12.74,champion
INV100355,2024-05-13,C00001,United Kingdom,P0092,Home Item 0092,Home & Kitchen,5,34.22,171.1,champion
INV100355,2024-05-13,C00001,United Kingdom,P0011,Stationery Item 0011,Stationery,1,15.05,15.05,champion
INV100355,2024-05-13,C00001,United Kingdom,P0155,Apparel Item 0155,Apparel,3,3.52,10.56,champion
INV100355,2024-05-13,C00001,United Kingdom,P0132,Apparel Item 0132,Apparel,1,33.27,33.27,champion
INV100355,2024-05-13,C00001,United Kingdom,P0114,Home Item 0114,Home & Kitchen,4,15.7,62.8,champion
INV100355,2024-05-13,C00001,United Kingdom,P0111,Sports Item 0111,Sports,2,52.97,105.94,champion
INV100355,2024-05-13,C00001,United Kingdom,P0144,Apparel Item 0144,Apparel,2,13.41,26.82,champion
INV100411,2024-05-13,C00456,United Kingdom,P0094,Apparel Item 0094,Apparel,2,14.15,28.3,champion
INV100411,2024-05-13,C00456,United Kingdom,P0128,Stationery Item 0128,Stationery,3,9.37,28.11,champion
INV100411,2024-05-13,C00456,United Kingdom,P0050,Apparel Item 0050,Apparel,3,27.66,82.98,champion
INV100411,2024-05-13,C00456,United Kingdom,P0014,Sports Item 0014,Sports,3,10.64,31.92,champion
INV100411,2024-05-13,C00456,United Kingdom,P0111,Sports Item 0111,Sports,2,52.97,105.94,champion
INV100411,2024-05-13,C00456,United Kingdom,P0266,Beauty Item 0266,Beauty,2,9.2,18.4,champion
INV100411,2024-05-13,C00456,United Kingdom,P0207,Apparel Item 0207,Apparel,5,10.85,54.25,champion
INV100411,2024-05-13,C00456,United Kingdom,P0148,Apparel Item 0148,Apparel,3,27.92,83.76,champion
INV100411,2024-05-13,C00456,United Kingdom,P0235,Sports Item 0235,Sports,2,4.95,9.9,champion
INV100411,2024-05-13,C00456,United Kingdom,P0079,Sports Item 0079,Sports,4,17.36,69.44,champion
INV100411,2024-05-13,C00456,United Kingdom,P0144,Apparel Item 0144,Apparel,3,13.41,40.23,champion
INV100546,2024-05-13,C00214,Germany,P0270,Electronics Item 0270,Electronics Accessories,2,13.76,27.52,champion
INV100546,2024-05-13,C00214,Germany,P0069,Electronics Item 0069,Electronics Accessories,4,8.37,33.48,champion
INV100546,2024-05-13,C00214,Germany,P0230,Apparel Item 0230,Apparel,5,13.03,65.15,champion
INV100546,2024-05-13,C00214,Germany,P0157,Toys Item 0157,Toys,3,16.13,48.39,champion
INV100546,2024-05-13,C00214,Germany,P0126,Sports Item 0126,Sports,4,23.67,94.68,champion
INV100546,2024-05-13,C00214,Germany,P0283,Toys Item 0283,Toys,1,9.72,9.72,champion
INV100546,2024-05-13,C00214,Germany,P0273,Stationery Item 0273,Stationery,4,14.81,59.24,champion
INV100574,2024-05-13,C00256,United Kingdom,P0236,Toys Item 0236,Toys,3,18.12,54.36,regular
INV100574,2024-05-13,C00256,United Kingdom,P0139,Stationery Item 0139,Stationery,3,2.18,6.54,regular
INV100574,2024-05-13,C00256,United Kingdom,P0158,Garden Item 0158,Garden,4,8.27,33.08,regular
INV100574,2024-05-13,C00256,United Kingdom,P0228,Toys Item 0228,Toys,2,20.22,40.44,regular
INV100574,2024-05-13,C00256,United Kingdom,P0116,Stationery Item 0116,Stationery,2,8.27,16.54,regular
INV100249,2024-05-14,C00405,Spain,P0154,Home Item 0154,Home & Kitchen,3,12.36,37.08,loyal
INV100249,2024-05-14,C00405,Spain,P0206,Stationery Item 0206,Stationery,4,9.37,37.48,loyal
INV100249,2024-05-14,C00405,Spain,P0047,Apparel Item 0047,Apparel,2,29.75,59.5,loyal
INV100249,2024-05-14,C00405,Spain,P0141,Sports Item 0141,Sports,4,16.81,67.24,loyal
INV100249,2024-05-14,C00405,Spain,P0147,Electronics Item 0147,Electronics Accessories,5,21.42,107.1,loyal
INV100430,2024-05-14,C00172,Germany,P0257,Electronics Item 0257,Electronics Accessories,3,16.69,50.07,loyal
INV100430,2024-05-14,C00172,Germany,P0019,Electronics Item 0019,Electronics Accessories,4,17.73,70.92,loyal
INV100430,2024-05-14,C00172,Germany,P0113,Garden Item 0113,Garden,4,5.12,20.48,loyal
INV100430,2024-05-14,C00172,Germany,P0184,Stationery Item 0184,Stationery,2,12.05,24.1,loyal
INV100430,2024-05-14,C00172,Germany,P0233,Apparel Item 0233,Apparel,1,25.83,25.83,loyal
INV100430,2024-05-14,C00172,Germany,P0181,Beauty Item 0181,Beauty,1,22.25,22.25,loyal
INV100727,2024-05-14,C00421,France,P0147,Electronics Item 0147,Electronics Accessories,2,21.42,42.84,at_risk
INV100727,2024-05-14,C00421,France,P0197,Beauty Item 0197,Beauty,1,6.6,6.6,at_risk
INV100727,2024-05-14,C00421,France,P0222,Beauty Item 0222,Beauty,5,16.46,82.3,at_risk
INV100727,2024-05-14,C00421,France,P0121,Toys Item 0121,Toys,5,8.89,44.45,at_risk
INV101285,2024-05-14,C00411,United Kingdom,P0012,Beauty Item 0012,Beauty,5,8.67,43.35,loyal
INV101285,2024-05-14,C00411,United Kingdom,P0060,Garden Item 0060,Garden,4,5.43,21.72,loyal
INV101285,2024-05-14,C00411,United Kingdom,P0065,Stationery Item 0065,Stationery,1,38.71,38.71,loyal
INV101285,2024-05-14,C00411,United Kingdom,P0031,Apparel Item 0031,Apparel,2,17.17,34.34,loyal
INV101285,2024-05-14,C00411,United Kingdom,P0240,Garden Item 0240,Garden,4,7.99,31.96,loyal
INV101285,2024-05-14,C00411,United Kingdom,P0037,Toys Item 0037,Toys,3,10.9,32.7,loyal
INV101285,2024-05-14,C00411,United Kingdom,P0153,Home Item 0153,Home & Kitchen,3,2.62,7.86,loyal
INV101285,2024-05-14,C00411,United Kingdom,P0282,Beauty Item 0282,Beauty,3,10.02,30.06,loyal
INV101410,2024-05-14,C00345,Netherlands,P0276,Apparel Item 0276,Apparel,2,8.49,16.98,loyal
INV101488,2024-05-14,C00275,United Kingdom,P0107,Home Item 0107,Home & Kitchen,5,7.79,38.95,at_risk
INV100040,2024-05-15,C00046,Spain,P0281,Beauty Item 0281,Beauty,2,2.14,4.28,loyal
INV100040,2024-05-15,C00046,Spain,P0055,Toys Item 0055,Toys,2,36.31,72.62,loyal
INV100040,2024-05-15,C00046,Spain,P0056,Toys Item 0056,Toys,3,5.63,16.89,loyal
INV100040,2024-05-15,C00046,Spain,P0017,Toys Item 0017,Toys,5,13.41,67.05,loyal
INV100040,2024-05-15,C00046,Spain,P0197,Beauty Item 0197,Beauty,3,6.6,19.8,loyal
INV100040,2024-05-15,C00046,Spain,P0258,Toys Item 0258,Toys,1,17.95,17.95,loyal
INV100040,2024-05-15,C00046,Spain,P0173,Apparel Item 0173,Apparel,1,19.11,19.11,loyal
INV100040,2024-05-15,C00046,Spain,P0131,Stationery Item 0131,Stationery,3,12.06,36.18,loyal
INV100040,2024-05-15,C00046,Spain,P0123,Toys Item 0123,Toys,3,19.79,59.37,loyal
INV100676,2024-05-15,C00268,United Kingdom,P0258,Toys Item 0258,Toys,5,17.95,89.75,regular
INV100676,2024-05-15,C00268,United Kingdom,P0211,Garden Item 0211,Garden,1,10.09,10.09,regular
INV100807,2024-05-15,C00032,Spain,P0026,Sports Item 0026,Sports,1,9.03,9.03,loyal
INV100807,2024-05-15,C00032,Spain,P0184,Stationery Item 0184,Stationery,5,12.05,60.25,loyal
INV100807,2024-05-15,C00032,Spain,P0188,Beauty Item 0188,Beauty,3,5.1,15.3,loyal
INV100807,2024-05-15,C00032,Spain,P0227,Garden Item 0227,Garden,4,14.32,57.28,loyal
INV100807,2024-05-15,C00032,Spain,P0263,Toys Item 0263,Toys,4,10.21,40.84,loyal
INV100807,2024-05-15,C00032,Spain,P0097,Stationery Item 0097,Stationery,5,7.93,39.65,loyal
INV100807,2024-05-15,C00032,Spain,P0094,Apparel Item 0094,Apparel,4,14.15,56.6,loyal
INV101265,2024-05-15,C00007,United Kingdom,P0044,Apparel Item 0044,Apparel,4,13.46,53.84,loyal
INV101265,2024-05-15,C00007,United Kingdom,P0237,Sports Item 0237,Sports,5,4.87,24.35,loyal
INV101265,2024-05-15,C00007,United Kingdom,P0047,Apparel Item 0047,Apparel,5,29.75,148.75,loyal
INV101265,2024-05-15,C00007,United Kingdom,P0111,Sports Item 0111,Sports,1,52.97,52.97,loyal
INV101265,2024-05-15,C00007,United Kingdom,P0045,Electronics Item 0045,Electronics Accessories,1,3.96,3.96,loyal
INV100036,2024-05-16,C00150,United Kingdom,P0292,Beauty Item 0292,Beauty,1,5.92,5.92,regular
INV100036,2024-05-16,C00150,United Kingdom,P0131,Stationery Item 0131,Stationery,2,12.06,24.12,regular
INV100036,2024-05-16,C00150,United Kingdom,P0071,Beauty Item 0071,Beauty,4,12.79,51.16,regular
INV100036,2024-05-16,C00150,United Kingdom,P0029,Sports Item 0029,Sports,1,15.87,15.87,regular
INV100213,2024-05-16,C00268,United Kingdom,P0098,Beauty Item 0098,Beauty,1,10.79,10.79,regular
INV101479,2024-05-16,C00318,United Kingdom,P0104,Beauty Item 0104,Beauty,1,15.26,15.26,regular
INV101479,2024-05-16,C00318,United Kingdom,P0107,Home Item 0107,Home & Kitchen,4,7.79,31.16,regular
INV100165,2024-05-17,C00456,United Kingdom,P0012,Beauty Item 0012,Beauty,2,8.67,17.34,champion
INV100165,2024-05-17,C00456,United Kingdom,P0134,Beauty Item 0134,Beauty,2,8.0,16.0,champion
INV100165,2024-05-17,C00456,United Kingdom,P0093,Beauty Item 0093,Beauty,3,9.44,28.32,champion
INV100165,2024-05-17,C00456,United Kingdom,P0262,Home Item 0262,Home & Kitchen,4,8.77,35.08,champion
INV100165,2024-05-17,C00456,United Kingdom,P0156,Beauty Item 0156,Beauty,1,6.52,6.52,champion
INV100165,2024-05-17,C00456,United Kingdom,P0081,Garden Item 0081,Garden,1,26.84,26.84,champion
INV100165,2024-05-17,C00456,United Kingdom,P0045,Electronics Item 0045,Electronics Accessories,5,3.96,19.8,champion
INV100165,2024-05-17,C00456,United Kingdom,P0202,Toys Item 0202,Toys,3,3.81,11.43,champion
INV100310,2024-05-17,C00434,United Kingdom,P0021,Sports Item 0021,Sports,2,9.22,18.44,regular
INV100310,2024-05-17,C00434,United Kingdom,P0045,Electronics Item 0045,Electronics Accessories,1,3.96,3.96,regular
INV100310,2024-05-17,C00434,United Kingdom,P0116,Stationery Item 0116,Stationery,2,8.27,16.54,regular
INV100310,2024-05-17,C00434,United Kingdom,P0038,Beauty Item 0038,Beauty,2,4.36,8.72,regular
INV100310,2024-05-17,C00434,United Kingdom,P0124,Toys Item 0124,Toys,1,5.36,5.36,regular
INV100429,2024-05-17,C00487,United Kingdom,P0102,Toys Item 0102,Toys,3,14.39,43.17,champion
INV100429,2024-05-17,C00487,United Kingdom,P0082,Home Item 0082,Home & Kitchen,4,2.54,10.16,champion
INV100429,2024-05-17,C00487,United Kingdom,P0277,Beauty Item 0277,Beauty,2,18.96,37.92,champion
INV100429,2024-05-17,C00487,United Kingdom,P0111,Sports Item 0111,Sports,3,52.97,158.91,champion
INV100429,2024-05-17,C00487,United Kingdom,P0295,Home Item 0295,Home & Kitchen,2,11.96,23.92,champion
INV100429,2024-05-17,C00487,United Kingdom,P0278,Toys Item 0278,Toys,5,8.56,42.8,champion
INV100429,2024-05-17,C00487,United Kingdom,P0274,Apparel Item 0274,Apparel,1,17.17,17.17,champion
INV100954,2024-05-17,C00498,Ireland,P0066,Toys Item 0066,Toys,2,6.01,12.02,loyal
INV100954,2024-05-17,C00498,Ireland,P0131,Stationery Item 0131,Stationery,3,12.06,36.18,loyal
INV100954,2024-05-17,C00498,Ireland,P0297,Stationery Item 0297,Stationery,3,18.82,56.46,loyal
INV100954,2024-05-17,C00498,Ireland,P0235,Sports Item 0235,Sports,2,4.95,9.9,loyal
INV101048,2024-05-17,C00433,United Kingdom,P0065,Stationery Item 0065,Stationery,2,38.71,77.42,regular
INV101048,2024-05-17,C00433,United Kingdom,P0034,Apparel Item 0034,Apparel,3,8.29,24.87,regular
INV101048,2024-05-17,C00433,United Kingdom,P0213,Toys Item 0213,Toys,3,13.64,40.92,regular
INV101048,2024-05-17,C00433,United Kingdom,P0214,Beauty Item 0214,Beauty,3,5.84,17.52,regular
INV101223,2024-05-17,C00310,United Kingdom,P0148,Apparel Item 0148,Apparel,3,27.92,83.76,at_risk
INV101223,2024-05-17,C00310,United Kingdom,P0235,Sports Item 0235,Sports,2,4.95,9.9,at_risk
INV101223,2024-05-17,C00310,United Kingdom,P0158,Garden Item 0158,Garden,5,8.27,41.35,at_risk
INV101223,2024-05-17,C00310,United Kingdom,P0165,Home Item 0165,Home & Kitchen,5,4.44,22.2,at_risk
INV101489,2024-05-17,C00227,France,P0012,Beauty Item 0012,Beauty,5,8.67,43.35,champion
INV101489,2024-05-17,C00227,France,P0262,Home Item 0262,Home & Kitchen,4,8.77,35.08,champion
INV101489,2024-05-17,C00227,France,P0216,Stationery Item 0216,Stationery,2,7.88,15.76,champion
INV101489,2024-05-17,C00227,France,P0132,Apparel Item 0132,Apparel,2,33.27,66.54,champion
INV101489,2024-05-17,C00227,France,P0279,Apparel Item 0279,Apparel,1,9.71,9.71,champion
INV101489,2024-05-17,C00227,France,P0048,Apparel Item 0048,Apparel,4,12.95,51.8,champion
INV101489,2024-05-17,C00227,France,P0218,Electronics Item 0218,Electronics Accessories,2,6.37,12.74,champion
INV100386,2024-05-18,C00397,United Kingdom,P0102,Toys Item 0102,Toys,2,14.39,28.78,loyal
INV100386,2024-05-18,C00397,United Kingdom,P0154,Home Item 0154,Home & Kitchen,5,12.36,61.8,loyal
INV100386,2024-05-18,C00397,United Kingdom,P0040,Toys Item 0040,Toys,4,25.32,101.28,loyal
INV100386,2024-05-18,C00397,United Kingdom,P0035,Toys Item 0035,Toys,1,15.71,15.71,loyal
INV100386,2024-05-18,C00397,United Kingdom,P0101,Stationery Item 0101,Stationery,4,55.1,220.4,loyal
INV100386,2024-05-18,C00397,United Kingdom,P0027,Electronics Item 0027,Electronics Accessories,3,19.73,59.19,loyal
INV100386,2024-05-18,C00397,United Kingdom,P0077,Home Item 0077,Home & Kitchen,3,8.82,26.46,loyal
INV100386,2024-05-18,C00397,United Kingdom,P0254,Garden Item 0254,Garden,2,47.1,94.2,loyal
INV100386,2024-05-18,C00397,United Kingdom,P0097,Stationery Item 0097,Stationery,5,7.93,39.65,loyal
INV100386,2024-05-18,C00397,United Kingdom,P0273,Stationery Item 0273,Stationery,3,14.81,44.43,loyal
INV100386,2024-05-18,C00397,United Kingdom,P0235,Sports Item 0235,Sports,5,4.95,24.75,loyal
INV100386,2024-05-18,C00397,United Kingdom,P0016,Beauty Item 0016,Beauty,1,16.32,16.32,loyal
INV100386,2024-05-18,C00397,United Kingdom,P0079,Sports Item 0079,Sports,3,17.36,52.08,loyal
INV100911,2024-05-18,C00100,Ireland,P0091,Garden Item 0091,Garden,37,11.0,407.0,loyal
INV100911,2024-05-18,C00100,Ireland,P0268,Beauty Item 0268,Beauty,38,9.79,372.02,loyal
INV100911,2024-05-18,C00100,Ireland,P0265,Home Item 0265,Home & Kitchen,39,5.55,216.45,loyal
INV100911,2024-05-18,C00100,Ireland,P0211,Garden Item 0211,Garden,34,9.08,308.72,loyal
INV100911,2024-05-18,C00100,Ireland,P0292,Beauty Item 0292,Beauty,34,5.33,181.22,loyal
INV100911,2024-05-18,C00100,Ireland,P0004,Garden Item 0004,Garden,16,16.94,271.04,loyal
INV100911,2024-05-18,C00100,Ireland,P0291,Sports Item 0291,Sports,29,20.73,601.17,loyal
INV100911,2024-05-18,C00100,Ireland,P0220,Sports Item 0220,Sports,25,11.84,296.0,loyal
INV100911,2024-05-18,C00100,Ireland,P0087,Home Item 0087,Home & Kitchen,21,8.25,173.25,loyal
INV100911,2024-05-18,C00100,Ireland,P0242,Stationery Item 0242,Stationery,16,6.89,110.24,loyal
INV100911,2024-05-18,C00100,Ireland,P0103,Garden Item 0103,Garden,20,5.08,101.6,loyal
INV100911,2024-05-18,C00100,Ireland,P0057,Beauty Item 0057,Beauty,37,12.35,456.95,loyal
INV100911,2024-05-18,C00100,Ireland,P0064,Beauty Item 0064,Beauty,37,5.16,190.92,loyal
INV100911,2024-05-18,C00100,Ireland,P0079,Sports Item 0079,Sports,33,15.62,515.46,loyal
INV100911,2024-05-18,C00100,Ireland,P0007,Stationery Item 0007,Stationery,17,17.96,305.32,loyal
INV100911,2024-05-18,C00100,Ireland,P0020,Sports Item 0020,Sports,32,15.51,496.32,loyal
INV100911,2024-05-18,C00100,Ireland,P0027,Electronics Item 0027,Electronics Accessories,18,17.76,319.68,loyal
INV100911,2024-05-18,C00100,Ireland,P0188,Beauty Item 0188,Beauty,32,4.59,146.88,loyal
INV100911,2024-05-18,C00100,Ireland,P0172,Sports Item 0172,Sports,15,5.47,82.05,loyal
INV100911,2024-05-18,C00100,Ireland,P0048,Apparel Item 0048,Apparel,22,11.65,256.3,loyal
INV100911,2024-05-18,C00100,Ireland,P0162,Sports Item 0162,Sports,18,17.37,312.66,loyal
INV100911,2024-05-18,C00100,Ireland,P0102,Toys Item 0102,Toys,38,12.95,492.1,loyal
INV100911,2024-05-18,C00100,Ireland,P0054,Toys Item 0054,Toys,29,12.72,368.88,loyal
INV100911,2024-05-18,C00100,Ireland,P0157,Toys Item 0157,Toys,38,14.52,551.76,loyal
INV100911,2024-05-18,C00100,Ireland,P0254,Garden Item 0254,Garden,15,42.39,635.85,loyal
INV100911,2024-05-18,C00100,Ireland,P0105,Beauty Item 0105,Beauty,33,9.45,311.85,loyal
INV100911,2024-05-18,C00100,Ireland,P0120,Sports Item 0120,Sports,26,11.64,302.64,loyal
INV100911,2024-05-18,C00100,Ireland,P0290,Garden Item 0290,Garden,26,4.94,128.44,loyal
INV100911,2024-05-18,C00100,Ireland,P0112,Apparel Item 0112,Apparel,36,13.32,479.52,loyal
INV100911,2024-05-18,C00100,Ireland,P0202,Toys Item 0202,Toys,16,3.43,54.88,loyal
INV100911,2024-05-18,C00100,Ireland,P0059,Garden Item 0059,Garden,38,20.02,760.76,loyal
INV100911,2024-05-18,C00100,Ireland,P0276,Apparel Item 0276,Apparel,15,7.64,114.6,loyal
INV100911,2024-05-18,C00100,Ireland,P0257,Electronics Item 0257,Electronics Accessories,24,15.02,360.48,loyal
INV100911,2024-05-18,C00100,Ireland,P0060,Garden Item 0060,Garden,18,4.89,88.02,loyal
INV100911,2024-05-18,C00100,Ireland,P0250,Stationery Item 0250,Stationery,28,10.58,296.24,loyal
INV100911,2024-05-18,C00100,Ireland,P0231,Toys Item 0231,Toys,29,9.88,286.52,loyal
INV100911,2024-05-18,C00100,Ireland,P0119,Stationery Item 0119,Stationery,31,25.0,775.0,loyal
INV100911,2024-05-18,C00100,Ireland,P0183,Beauty Item 0183,Beauty,34,13.0,442.0,loyal
INV100911,2024-05-18,C00100,Ireland,P0196,Stationery Item 0196,Stationery,33,9.96,328.68,loyal
INV101315,2024-05-18,C00390,United Kingdom,P0133,Home Item 0133,Home & Kitchen,3,3.6,10.8,loyal
INV101315,2024-05-18,C00390,United Kingdom,P0267,Electronics Item 0267,Electronics Accessories,2,11.36,22.72,loyal
INV101315,2024-05-18,C00390,United Kingdom,P0097,Stationery Item 0097,Stationery,2,7.93,15.86,loyal
INV101315,2024-05-18,C00390,United Kingdom,P0233,Apparel Item 0233,Apparel,4,25.83,103.32,loyal
INV100140,2024-05-19,C00041,United Kingdom,P0018,Beauty Item 0018,Beauty,4,19.88,79.52,loyal
INV100140,2024-05-19,C00041,United Kingdom,P0117,Beauty Item 0117,Beauty,5,11.91,59.55,loyal
INV100140,2024-05-19,C00041,United Kingdom,P0239,Apparel Item 0239,Apparel,4,3.39,13.56,loyal
INV100140,2024-05-19,C00041,United Kingdom,P0196,Stationery Item 0196,Stationery,3,11.07,33.21,loyal
INV100140,2024-05-19,C00041,United Kingdom,P0093,Beauty Item 0093,Beauty,3,9.44,28.32,loyal
INV100140,2024-05-19,C00041,United Kingdom,P0156,Beauty Item 0156,Beauty,2,6.52,13.04,loyal
INV100140,2024-05-19,C00041,United Kingdom,P0186,Sports Item 0186,Sports,4,11.3,45.2,loyal
INV100140,2024-05-19,C00041,United Kingdom,P0061,Stationery Item 0061,Stationery,2,8.19,16.38,loyal
INV100140,2024-05-19,C00041,United Kingdom,P0131,Stationery Item 0131,Stationery,2,12.06,24.12,loyal
INV100140,2024-05-19,C00041,United Kingdom,P0160,Garden Item 0160,Garden,2,13.38,26.76,loyal
INV100140,2024-05-19,C00041,United Kingdom,P0036,Toys Item 0036,Toys,2,10.76,21.52,loyal
INV100140,2024-05-19,C00041,United Kingdom,P0224,Toys Item 0224,Toys,2,6.73,13.46,loyal
INV100214,2024-05-19,C00269,United Kingdom,P0102,Toys Item 0102,Toys,2,14.39,28.78,regular
INV100214,2024-05-19,C00269,United Kingdom,P0223,Sports Item 0223,Sports,4,37.0,148.0,regular
INV100214,2024-05-19,C00269,United Kingdom,P0225,Beauty Item 0225,Beauty,1,4.63,4.63,regular
INV100214,2024-05-19,C00269,United Kingdom,P0079,Sports Item 0079,Sports,5,17.36,86.8,regular
INV100522,2024-05-19,C00422,Germany,P0206,Stationery Item 0206,Stationery,3,9.37,28.11,loyal
INV100522,2024-05-19,C00422,Germany,P0256,Home Item 0256,Home & Kitchen,5,10.1,50.5,loyal
INV100522,2024-05-19,C00422,Germany,P0041,Electronics Item 0041,Electronics Accessories,5,18.37,91.85,loyal
INV100522,2024-05-19,C00422,Germany,P0289,Home Item 0289,Home & Kitchen,5,3.62,18.1,loyal
INV100522,2024-05-19,C00422,Germany,P0286,Toys Item 0286,Toys,5,17.4,87.0,loyal
INV100670,2024-05-19,C00270,United Kingdom,P0226,Sports Item 0226,Sports,1,6.07,6.07,regular
INV100670,2024-05-19,C00270,United Kingdom,P0268,Beauty Item 0268,Beauty,3,10.88,32.64,regular
INV100670,2024-05-19,C00270,United Kingdom,P0077,Home Item 0077,Home & Kitchen,1,8.82,8.82,regular
INV100709,2024-05-19,C00238,United Kingdom,P0160,Garden Item 0160,Garden,5,13.38,66.9,regular
INV100709,2024-05-19,C00238,United Kingdom,P0245,Beauty Item 0245,Beauty,5,3.3,16.5,regular
INV101034,2024-05-19,C00114,United Kingdom,P0260,Garden Item 0260,Garden,21,15.35,322.35,loyal
INV101034,2024-05-19,C00114,United Kingdom,P0004,Garden Item 0004,Garden,19,16.94,321.86,loyal
INV101034,2024-05-19,C00114,United Kingdom,P0190,Stationery Item 0190,Stationery,28,5.17,144.76,loyal
INV101034,2024-05-19,C00114,United Kingdom,P0170,Apparel Item 0170,Apparel,32,23.47,751.04,loyal
INV101034,2024-05-19,C00114,United Kingdom,P0051,Stationery Item 0051,Stationery,20,6.59,131.8,loyal
INV101034,2024-05-19,C00114,United Kingdom,P0220,Sports Item 0220,Sports,36,11.84,426.24,loyal
INV101034,2024-05-19,C00114,United Kingdom,P0206,Stationery Item 0206,Stationery,36,8.43,303.48,loyal
INV101034,2024-05-19,C00114,United Kingdom,P0273,Stationery Item 0273,Stationery,17,13.33,226.61,loyal
INV101034,2024-05-19,C00114,United Kingdom,P0022,Garden Item 0022,Garden,22,8.57,188.54,loyal
INV101034,2024-05-19,C00114,United Kingdom,P0046,Toys Item 0046,Toys,28,12.07,337.96,loyal
INV101034,2024-05-19,C00114,United Kingdom,P0221,Sports Item 0221,Sports,27,16.24,438.48,loyal
INV101034,2024-05-19,C00114,United Kingdom,P0014,Sports Item 0014,Sports,21,9.58,201.18,loyal
INV101034,2024-05-19,C00114,United Kingdom,P0135,Beauty Item 0135,Beauty,28,15.57,435.96,loyal
INV101034,2024-05-19,C00114,United Kingdom,P0010,Sports Item 0010,Sports,39,14.6,569.4,loyal
INV101034,2024-05-19,C00114,United Kingdom,P0224,Toys Item 0224,Toys,22,6.06,133.32,loyal
INV101034,2024-05-19,C00114,United Kingdom,P0225,Beauty Item 0225,Beauty,20,4.17,83.4,loyal
INV101034,2024-05-19,C00114,United Kingdom,P0038,Beauty Item 0038,Beauty,33,3.92,129.36,loyal
INV101034,2024-05-19,C00114,United Kingdom,P0026,Sports Item 0026,Sports,29,8.13,235.77,loyal
INV101034,2024-05-19,C00114,United Kingdom,P0293,Toys Item 0293,Toys,32,12.46,398.72,loyal
INV101034,2024-05-19,C00114,United Kingdom,P0102,Toys Item 0102,Toys,31,12.95,401.45,loyal
INV101034,2024-05-19,C00114,United Kingdom,P0229,Stationery Item 0229,Stationery,34,9.28,315.52,loyal
INV101034,2024-05-19,C00114,United Kingdom,P0054,Toys Item 0054,Toys,33,12.72,419.76,loyal
INV101034,2024-05-19,C00114,United Kingdom,P0128,Stationery Item 0128,Stationery,30,8.43,252.9,loyal
INV101034,2024-05-19,C00114,United Kingdom,P0161,Home Item 0161,Home & Kitchen,26,6.27,163.02,loyal
INV101034,2024-05-19,C00114,United Kingdom,P0139,Stationery Item 0139,Stationery,26,1.96,50.96,loyal
INV101034,2024-05-19,C00114,United Kingdom,P0246,Electronics Item 0246,Electronics Accessories,21,12.1,254.1,loyal
INV101034,2024-05-19,C00114,United Kingdom,P0094,Apparel Item 0094,Apparel,26,12.74,331.24,loyal
INV101034,2024-05-19,C00114,United Kingdom,P0098,Beauty Item 0098,Beauty,30,9.71,291.3,loyal
INV101034,2024-05-19,C00114,United Kingdom,P0207,Apparel Item 0207,Apparel,32,9.77,312.64,loyal
INV101034,2024-05-19,C00114,United Kingdom,P0196,Stationery Item 0196,Stationery,34,9.96,338.64,loyal
INV100045,2024-05-20,C00056,United Kingdom,P0125,Toys Item 0125,Toys,2,25.33,50.66,loyal
INV100045,2024-05-20,C00056,United Kingdom,P0105,Beauty Item 0105,Beauty,3,10.5,31.5,loyal
INV100600,2024-05-20,C00350,United Kingdom,P0268,Beauty Item 0268,Beauty,1,10.88,10.88,loyal
INV100600,2024-05-20,C00350,United Kingdom,P0105,Beauty Item 0105,Beauty,3,10.5,31.5,loyal
INV100719,2024-05-20,C00398,France,P0223,Sports Item 0223,Sports,1,37.0,37.0,regular
INV100719,2024-05-20,C00398,France,P0104,Beauty Item 0104,Beauty,3,15.26,45.78,regular
INV100719,2024-05-20,C00398,France,P0037,Toys Item 0037,Toys,1,10.9,10.9,regular
INV100719,2024-05-20,C00398,France,P0196,Stationery Item 0196,Stationery,3,11.07,33.21,regular
INV100719,2024-05-20,C00398,France,P0124,Toys Item 0124,Toys,5,5.36,26.8,regular
INV101482,2024-05-20,C00102,United Kingdom,P0075,Home Item 0075,Home & Kitchen,2,4.7,9.4,at_risk
INV101482,2024-05-20,C00102,United Kingdom,P0245,Beauty Item 0245,Beauty,1,3.3,3.3,at_risk
INV101482,2024-05-20,C00102,United Kingdom,P0214,Beauty Item 0214,Beauty,5,5.84,29.2,at_risk
INV100318,2024-05-21,C00248,Germany,P0060,Garden Item 0060,Garden,3,5.43,16.29,regular
INV100318,2024-05-21,C00248,Germany,P0065,Stationery Item 0065,Stationery,2,38.71,77.42,regular
INV100318,2024-05-21,C00248,Germany,P0022,Garden Item 0022,Garden,1,9.52,9.52,regular
INV100318,2024-05-21,C00248,Germany,P0176,Toys Item 0176,Toys,1,20.55,20.55,regular
INV100318,2024-05-21,C00248,Germany,P0123,Toys Item 0123,Toys,2,19.79,39.58,regular
INV100318,2024-05-21,C00248,Germany,P0116,Stationery Item 0116,Stationery,4,8.27,33.08,regular
INV100318,2024-05-21,C00248,Germany,P0172,Sports Item 0172,Sports,2,6.08,12.16,regular
INV100318,2024-05-21,C00248,Germany,P0286,Toys Item 0286,Toys,1,17.4,17.4,regular
INV100495,2024-05-21,C00136,France,P0143,Home Item 0143,Home & Kitchen,3,7.7,23.1,loyal
INV100495,2024-05-21,C00136,France,P0025,Garden Item 0025,Garden,1,16.76,16.76,loyal
INV100495,2024-05-21,C00136,France,P0190,Stationery Item 0190,Stationery,2,5.75,11.5,loyal
INV100495,2024-05-21,C00136,France,P0253,Toys Item 0253,Toys,2,5.41,10.82,loyal
INV100495,2024-05-21,C00136,France,P0078,Apparel Item 0078,Apparel,4,26.81,107.24,loyal
INV100495,2024-05-21,C00136,France,P0189,Garden Item 0189,Garden,5,9.4,47.0,loyal
INV100495,2024-05-21,C00136,France,P0070,Beauty Item 0070,Beauty,5,12.9,64.5,loyal
INV100495,2024-05-21,C00136,France,P0181,Beauty Item 0181,Beauty,1,22.25,22.25,loyal
INV100588,2024-05-21,C00369,Germany,P0069,Electronics Item 0069,Electronics Accessories,1,8.37,8.37,at_risk
INV100655,2024-05-21,C00440,Spain,P0236,Toys Item 0236,Toys,4,18.12,72.48,loyal
INV100655,2024-05-21,C00440,Spain,P0084,Toys Item 0084,Toys,2,9.13,18.26,loyal
INV100655,2024-05-21,C00440,Spain,P0005,Electronics Item 0005,Electronics Accessories,1,23.02,23.02,loyal
INV100655,2024-05-21,C00440,Spain,P0090,Garden Item 0090,Garden,5,12.93,64.65,loyal
INV100655,2024-05-21,C00440,Spain,P0001,Sports Item 0001,Sports,4,20.7,82.8,loyal
INV101108,2024-05-21,C00246,United Kingdom,P0102,Toys Item 0102,Toys,1,14.39,14.39,regular
INV101108,2024-05-21,C00246,United Kingdom,P0257,Electronics Item 0257,Electronics Accessories,4,16.69,66.76,regular
INV101108,2024-05-21,C00246,United Kingdom,P0282,Beauty Item 0282,Beauty,1,10.02,10.02,regular
INV101108,2024-05-21,C00246,United Kingdom,P0239,Apparel Item 0239,Apparel,2,3.39,6.78,regular
INV101117,2024-05-21,C00306,Spain,P0132,Apparel Item 0132,Apparel,5,33.27,166.35,loyal
INV101156,2024-05-21,C00468,United Kingdom,P0026,Sports Item 0026,Sports,4,9.03,36.12,loyal
INV101156,2024-05-21,C00468,United Kingdom,P0022,Garden Item 0022,Garden,1,9.52,9.52,loyal
INV101156,2024-05-21,C00468,United Kingdom,P0100,Electronics Item 0100,Electronics Accessories,1,5.18,5.18,loyal
INV101156,2024-05-21,C00468,United Kingdom,P0181,Beauty Item 0181,Beauty,2,22.25,44.5,loyal
INV100203,2024-05-22,C00022,United Kingdom,P0052,Beauty Item 0052,Beauty,3,4.18,12.54,loyal
INV100203,2024-05-22,C00022,United Kingdom,P0252,Sports Item 0252,Sports,2,8.64,17.28,loyal
INV100203,2024-05-22,C00022,United Kingdom,P0045,Electronics Item 0045,Electronics Accessories,1,3.96,3.96,loyal
INV100203,2024-05-22,C00022,United Kingdom,P0065,Stationery Item 0065,Stationery,5,38.71,193.55,loyal
INV100295,2024-05-22,C00259,Germany,P0215,Stationery Item 0215,Stationery,4,15.43,61.72,regular
INV100295,2024-05-22,C00259,Germany,P0257,Electronics Item 0257,Electronics Accessories,3,16.69,50.07,regular
INV100295,2024-05-22,C00259,Germany,P0220,Sports Item 0220,Sports,1,13.16,13.16,regular
INV100345,2024-05-22,C00162,Netherlands,P0174,Apparel Item 0174,Apparel,4,14.86,59.44,loyal
INV100345,2024-05-22,C00162,Netherlands,P0204,Apparel Item 0204,Apparel,5,44.41,222.05,loyal
INV100345,2024-05-22,C00162,Netherlands,P0187,Garden Item 0187,Garden,5,6.33,31.65,loyal
INV100345,2024-05-22,C00162,Netherlands,P0063,Apparel Item 0063,Apparel,1,21.21,21.21,loyal
INV100345,2024-05-22,C00162,Netherlands,P0126,Sports Item 0126,Sports,4,23.67,94.68,loyal
INV100345,2024-05-22,C00162,Netherlands,P0024,Sports Item 0024,Sports,5,9.12,45.6,loyal
INV100635,2024-05-22,C00367,Ireland,P0146,Garden Item 0146,Garden,4,10.36,41.44,loyal
INV100635,2024-05-22,C00367,Ireland,P0086,Toys Item 0086,Toys,5,15.78,78.9,loyal
INV100635,2024-05-22,C00367,Ireland,P0143,Home Item 0143,Home & Kitchen,4,7.7,30.8,loyal
INV100635,2024-05-22,C00367,Ireland,P0229,Stationery Item 0229,Stationery,3,10.31,30.93,loyal
INV100714,2024-05-22,C00120,United Kingdom,P0208,Sports Item 0208,Sports,5,17.62,88.1,champion
INV100714,2024-05-22,C00120,United Kingdom,P0245,Beauty Item 0245,Beauty,5,3.3,16.5,champion
INV100723,2024-05-22,C00073,United Kingdom,P0006,Toys Item 0006,Toys,2,14.64,29.28,loyal
INV100723,2024-05-22,C00073,United Kingdom,P0208,Sports Item 0208,Sports,4,17.62,70.48,loyal
INV100723,2024-05-22,C00073,United Kingdom,P0261,Stationery Item 0261,Stationery,1,4.53,4.53,loyal
INV100723,2024-05-22,C00073,United Kingdom,P0017,Toys Item 0017,Toys,3,13.41,40.23,loyal
INV100723,2024-05-22,C00073,United Kingdom,P0207,Apparel Item 0207,Apparel,2,10.85,21.7,loyal
INV100723,2024-05-22,C00073,United Kingdom,P0010,Sports Item 0010,Sports,1,16.22,16.22,loyal
INV100723,2024-05-22,C00073,United Kingdom,P0140,Apparel Item 0140,Apparel,3,15.06,45.18,loyal
INV100723,2024-05-22,C00073,United Kingdom,P0094,Apparel Item 0094,Apparel,4,14.15,56.6,loyal
INV100947,2024-05-22,C00001,United Kingdom,P0257,Electronics Item 0257,Electronics Accessories,4,16.69,66.76,champion
INV101477,2024-05-22,C00018,France,P0260,Garden Item 0260,Garden,4,17.06,68.24,regular
INV101477,2024-05-22,C00018,France,P0126,Sports Item 0126,Sports,5,23.67,118.35,regular
INV101477,2024-05-22,C00018,France,P0232,Stationery Item 0232,Stationery,4,13.04,52.16,regular
INV100083,2024-05-23,C00429,United Kingdom,P0228,Toys Item 0228,Toys,2,20.22,40.44,at_risk
INV100540,2024-05-23,C00468,United Kingdom,P0296,Electronics Item 0296,Electronics Accessories,5,13.81,69.05,loyal
INV100579,2024-05-23,C00431,Germany,P0053,Garden Item 0053,Garden,2,9.88,19.76,champion
INV100579,2024-05-23,C00431,Germany,P0066,Toys Item 0066,Toys,1,6.01,6.01,champion
INV100579,2024-05-23,C00431,Germany,P0262,Home Item 0262,Home & Kitchen,3,8.77,26.31,champion
INV100579,2024-05-23,C00431,Germany,P0214,Beauty Item 0214,Beauty,5,5.84,29.2,champion
INV100814,2024-05-23,C00071,Netherlands,P0215,Stationery Item 0215,Stationery,1,15.43,15.43,champion
INV100814,2024-05-23,C00071,Netherlands,P0128,Stationery Item 0128,Stationery,1,9.37,9.37,champion
INV100814,2024-05-23,C00071,Netherlands,P0253,Toys Item 0253,Toys,5,5.41,27.05,champion
INV100071,2024-05-24,C00190,United Kingdom,P0296,Electronics Item 0296,Electronics Accessories,5,13.81,69.05,loyal
INV100071,2024-05-24,C00190,United Kingdom,P0045,Electronics Item 0045,Electronics Accessories,2,3.96,7.92,loyal
INV100071,2024-05-24,C00190,United Kingdom,P0201,Electronics Item 0201,Electronics Accessories,2,2.96,5.92,loyal
INV100071,2024-05-24,C00190,United Kingdom,P0035,Toys Item 0035,Toys,5,15.71,78.55,loyal
INV101166,2024-05-24,C00229,United Kingdom,P0273,Stationery Item 0273,Stationery,5,14.81,74.05,loyal
INV101166,2024-05-24,C00229,United Kingdom,P0247,Home Item 0247,Home & Kitchen,3,15.37,46.11,loyal
INV101166,2024-05-24,C00229,United Kingdom,P0238,Beauty Item 0238,Beauty,4,13.56,54.24,loyal
INV101166,2024-05-24,C00229,United Kingdom,P0072,Home Item 0072,Home & Kitchen,1,25.41,25.41,loyal
INV101166,2024-05-24,C00229,United Kingdom,P0192,Garden Item 0192,Garden,5,17.1,85.5,loyal
INV101166,2024-05-24,C00229,United Kingdom,P0256,Home Item 0256,Home & Kitchen,4,10.1,40.4,loyal
INV101166,2024-05-24,C00229,United Kingdom,P0297,Stationery Item 0297,Stationery,2,18.82,37.64,loyal
INV101166,2024-05-24,C00229,United Kingdom,P0059,Garden Item 0059,Garden,1,22.24,22.24,loyal
INV101185,2024-05-24,C00481,United Kingdom,P0166,Electronics Item 0166,Electronics Accessories,4,7.11,28.44,loyal
INV101185,2024-05-24,C00481,United Kingdom,P0152,Toys Item 0152,Toys,4,42.54,170.16,loyal
INV101185,2024-05-24,C00481,United Kingdom,P0127,Toys Item 0127,Toys,4,32.0,128.0,loyal
INV101185,2024-05-24,C00481,United Kingdom,P0259,Apparel Item 0259,Apparel,3,12.89,38.67,loyal
INV101281,2024-05-24,C00000,Germany,P0032,Toys Item 0032,Toys,1,7.2,7.2,at_risk
INV101281,2024-05-24,C00000,Germany,P0262,Home Item 0262,Home & Kitchen,4,8.77,35.08,at_risk
INV101281,2024-05-24,C00000,Germany,P0237,Sports Item 0237,Sports,5,4.87,24.35,at_risk
INV101281,2024-05-24,C00000,Germany,P0022,Garden Item 0022,Garden,2,9.52,19.04,at_risk
INV101281,2024-05-24,C00000,Germany,P0164,Home Item 0164,Home & Kitchen,4,19.4,77.6,at_risk
INV100311,2024-05-25,C00293,United Kingdom,P0274,Apparel Item 0274,Apparel,2,17.17,34.34,loyal
INV100311,2024-05-25,C00293,United Kingdom,P0224,Toys Item 0224,Toys,4,6.73,26.92,loyal
INV100504,2024-05-25,C00235,United Kingdom,P0170,Apparel Item 0170,Apparel,5,26.08,130.4,regular
INV100504,2024-05-25,C00235,United Kingdom,P0050,Apparel Item 0050,Apparel,5,27.66,138.3,regular
INV100232,2024-05-26,C00435,Spain,P0190,Stationery Item 0190,Stationery,3,5.75,17.25,loyal
INV100964,2024-05-26,C00439,Netherlands,P0028,Beauty Item 0028,Beauty,4,5.04,20.16,regular
INV100964,2024-05-26,C00439,Netherlands,P0248,Apparel Item 0248,Apparel,3,18.11,54.33,regular
INV100964,2024-05-26,C00439,Netherlands,P0166,Electronics Item 0166,Electronics Accessories,4,7.11,28.44,regular
INV101152,2024-05-26,C00338,Ireland,P0205,Home Item 0205,Home & Kitchen,5,7.76,38.8,regular
INV100277,2024-05-27,C00493,Netherlands,P0086,Toys Item 0086,Toys,1,15.78,15.78,loyal
INV100277,2024-05-27,C00493,Netherlands,P0023,Garden Item 0023,Garden,1,6.18,6.18,loyal
INV101085,2024-05-27,C00411,United Kingdom,P0219,Stationery Item 0219,Stationery,2,10.17,20.34,loyal
INV101085,2024-05-27,C00411,United Kingdom,P0088,Garden Item 0088,Garden,2,25.85,51.7,loyal
INV101085,2024-05-27,C00411,United Kingdom,P0179,Toys Item 0179,Toys,1,14.27,14.27,loyal
INV101085,2024-05-27,C00411,United Kingdom,P0129,Sports Item 0129,Sports,5,7.01,35.05,loyal
INV101085,2024-05-27,C00411,United Kingdom,P0001,Sports Item 0001,Sports,2,20.7,41.4,loyal
INV101085,2024-05-27,C00411,United Kingdom,P0130,Home Item 0130,Home & Kitchen,2,18.87,37.74,loyal
INV101085,2024-05-27,C00411,United Kingdom,P0141,Sports Item 0141,Sports,2,16.81,33.62,loyal
INV101085,2024-05-27,C00411,United Kingdom,P0246,Electronics Item 0246,Electronics Accessories,3,13.44,40.32,loyal
INV101130,2024-05-27,C00041,United Kingdom,P0246,Electronics Item 0246,Electronics Accessories,1,13.44,13.44,loyal
INV101130,2024-05-27,C00041,United Kingdom,P0052,Beauty Item 0052,Beauty,2,4.18,8.36,loyal
INV101130,2024-05-27,C00041,United Kingdom,P0086,Toys Item 0086,Toys,2,15.78,31.56,loyal
INV101130,2024-05-27,C00041,United Kingdom,P0289,Home Item 0289,Home & Kitchen,4,3.62,14.48,loyal
INV101130,2024-05-27,C00041,United Kingdom,P0136,Beauty Item 0136,Beauty,5,11.76,58.8,loyal
INV101272,2024-05-27,C00441,United Kingdom,P0159,Home Item 0159,Home & Kitchen,2,7.2,14.4,loyal
INV101272,2024-05-27,C00441,United Kingdom,P0006,Toys Item 0006,Toys,3,14.64,43.92,loyal
INV101272,2024-05-27,C00441,United Kingdom,P0128,Stationery Item 0128,Stationery,2,9.37,18.74,loyal
INV101272,2024-05-27,C00441,United Kingdom,P0087,Home Item 0087,Home & Kitchen,2,9.17,18.34,loyal
INV101272,2024-05-27,C00441,United Kingdom,P0077,Home Item 0077,Home & Kitchen,4,8.82,35.28,loyal
INV101329,2024-05-27,C00108,United Kingdom,P0056,Toys Item 0056,Toys,3,5.63,16.89,regular
INV101329,2024-05-27,C00108,United Kingdom,P0012,Beauty Item 0012,Beauty,4,8.67,34.68,regular
INV101329,2024-05-27,C00108,United Kingdom,P0258,Toys Item 0258,Toys,4,17.95,71.8,regular
INV101329,2024-05-27,C00108,United Kingdom,P0186,Sports Item 0186,Sports,1,11.3,11.3,regular
INV101329,2024-05-27,C00108,United Kingdom,P0217,Electronics Item 0217,Electronics Accessories,4,2.06,8.24,regular
INV101329,2024-05-27,C00108,United Kingdom,P0118,Apparel Item 0118,Apparel,4,9.67,38.68,regular
INV101391,2024-05-27,C00126,United Kingdom,P0226,Sports Item 0226,Sports,4,6.07,24.28,regular
INV101391,2024-05-27,C00126,United Kingdom,P0116,Stationery Item 0116,Stationery,3,8.27,24.81,regular
INV101391,2024-05-27,C00126,United Kingdom,P0224,Toys Item 0224,Toys,5,6.73,33.65,regular
INV101490,2024-05-27,C00245,United Kingdom,P0268,Beauty Item 0268,Beauty,2,10.88,21.76,champion
INV101490,2024-05-27,C00245,United Kingdom,P0222,Beauty Item 0222,Beauty,3,16.46,49.38,champion
INV100500,2024-05-28,C00311,France,P0014,Sports Item 0014,Sports,1,10.64,10.64,dormant
INV100766,2024-05-28,C00265,Ireland,P0269,Electronics Item 0269,Electronics Accessories,2,3.48,6.96,regular
INV100766,2024-05-28,C00265,Ireland,P0285,Toys Item 0285,Toys,4,5.98,23.92,regular
INV100766,2024-05-28,C00265,Ireland,P0135,Beauty Item 0135,Beauty,5,17.3,86.5,regular
INV100353,2024-05-29,C00462,France,P0221,Sports Item 0221,Sports,4,18.04,72.16,champion
INV100354,2024-05-29,C00330,Ireland,P0162,Sports Item 0162,Sports,1,19.3,19.3,at_risk
INV100354,2024-05-29,C00330,Ireland,P0105,Beauty Item 0105,Beauty,3,10.5,31.5,at_risk
INV100354,2024-05-29,C00330,Ireland,P0194,Garden Item 0194,Garden,5,48.13,240.65,at_risk
INV100354,2024-05-29,C00330,Ireland,P0144,Apparel Item 0144,Apparel,3,13.41,40.23,at_risk
INV101326,2024-05-29,C00031,Ireland,P0211,Garden Item 0211,Garden,4,10.09,40.36,loyal
INV101326,2024-05-29,C00031,Ireland,P0125,Toys Item 0125,Toys,3,25.33,75.99,loyal
INV101326,2024-05-29,C00031,Ireland,P0027,Electronics Item 0027,Electronics Accessories,3,19.73,59.19,loyal
INV101326,2024-05-29,C00031,Ireland,P0119,Stationery Item 0119,Stationery,4,27.78,111.12,loyal
INV101326,2024-05-29,C00031,Ireland,P0252,Sports Item 0252,Sports,3,8.64,25.92,loyal
INV101326,2024-05-29,C00031,Ireland,P0147,Electronics Item 0147,Electronics Accessories,4,21.42,85.68,loyal
INV101326,2024-05-29,C00031,Ireland,P0118,Apparel Item 0118,Apparel,2,9.67,19.34,loyal
INV101340,2024-05-29,C00351,United Kingdom,P0207,Apparel Item 0207,Apparel,3,10.85,32.55,regular
INV100003,2024-05-30,C00267,Ireland,P0203,Sports Item 0203,Sports,5,20.16,100.8,champion
INV100003,2024-05-30,C00267,Ireland,P0159,Home Item 0159,Home & Kitchen,3,7.2,21.6,champion
INV100003,2024-05-30,C00267,Ireland,P0092,Home Item 0092,Home & Kitchen,1,34.22,34.22,champion
INV100003,2024-05-30,C00267,Ireland,P0170,Apparel Item 0170,Apparel,1,26.08,26.08,champion
INV100003,2024-05-30,C00267,Ireland,P0051,Stationery Item 0051,Stationery,5,7.32,36.6,champion
INV100003,2024-05-30,C00267,Ireland,P0077,Home Item 0077,Home & Kitchen,2,8.82,17.64,champion
INV100003,2024-05-30,C00267,Ireland,P0274,Apparel Item 0274,Apparel,1,17.17,17.17,champion
INV100003,2024-05-30,C00267,Ireland,P0023,Garden Item 0023,Garden,1,6.18,6.18,champion
INV100003,2024-05-30,C00267,Ireland,P0298,Stationery Item 0298,Stationery,2,2.24,4.48,champion
INV100003,2024-05-30,C00267,Ireland,P0184,Stationery Item 0184,Stationery,4,12.05,48.2,champion
INV100003,2024-05-30,C00267,Ireland,P0122,Stationery Item 0122,Stationery,5,31.73,158.65,champion
INV100003,2024-05-30,C00267,Ireland,P0189,Garden Item 0189,Garden,2,9.4,18.8,champion
INV100003,2024-05-30,C00267,Ireland,P0010,Sports Item 0010,Sports,4,16.22,64.88,champion
INV100003,2024-05-30,C00267,Ireland,P0149,Toys Item 0149,Toys,1,6.39,6.39,champion
INV100003,2024-05-30,C00267,Ireland,P0282,Beauty Item 0282,Beauty,1,10.02,10.02,champion
INV100003,2024-05-30,C00267,Ireland,P0164,Home Item 0164,Home & Kitchen,1,19.4,19.4,champion
INV100390,2024-05-30,C00446,Ireland,P0132,Apparel Item 0132,Apparel,3,33.27,99.81,champion
INV100390,2024-05-30,C00446,Ireland,P0255,Electronics Item 0255,Electronics Accessories,1,2.75,2.75,champion
INV100390,2024-05-30,C00446,Ireland,P0037,Toys Item 0037,Toys,3,10.9,32.7,champion
INV100390,2024-05-30,C00446,Ireland,P0123,Toys Item 0123,Toys,5,19.79,98.95,champion
INV100391,2024-05-30,C00226,France,P0231,Toys Item 0231,Toys,3,10.98,32.94,loyal
INV100391,2024-05-30,C00226,France,P0067,Sports Item 0067,Sports,3,14.79,44.37,loyal
INV100391,2024-05-30,C00226,France,P0192,Garden Item 0192,Garden,2,17.1,34.2,loyal
INV100391,2024-05-30,C00226,France,P0037,Toys Item 0037,Toys,1,10.9,10.9,loyal
INV100391,2024-05-30,C00226,France,P0040,Toys Item 0040,Toys,1,25.32,25.32,loyal
INV100391,2024-05-30,C00226,France,P0172,Sports Item 0172,Sports,2,6.08,12.16,loyal
INV101091,2024-05-30,C00471,France,P0220,Sports Item 0220,Sports,5,13.16,65.8,loyal
INV101091,2024-05-30,C00471,France,P0108,Garden Item 0108,Garden,5,12.75,63.75,loyal
INV101091,2024-05-30,C00471,France,P0145,Electronics Item 0145,Electronics Accessories,5,13.74,68.7,loyal
INV101091,2024-05-30,C00471,France,P0041,Electronics Item 0041,Electronics Accessories,5,18.37,91.85,loyal
INV101091,2024-05-30,C00471,France,P0209,Garden Item 0209,Garden,4,20.19,80.76,loyal
INV101382,2024-05-30,C00379,United Kingdom,P0133,Home Item 0133,Home & Kitchen,1,3.6,3.6,champion
INV101382,2024-05-30,C00379,United Kingdom,P0008,Stationery Item 0008,Stationery,3,7.1,21.3,champion
INV101382,2024-05-30,C00379,United Kingdom,P0272,Stationery Item 0272,Stationery,5,43.64,218.2,champion
INV101382,2024-05-30,C00379,United Kingdom,P0064,Beauty Item 0064,Beauty,2,5.73,11.46,champion
INV101493,2024-05-30,C00231,Ireland,P0021,Sports Item 0021,Sports,3,9.22,27.66,regular
INV101493,2024-05-30,C00231,Ireland,P0140,Apparel Item 0140,Apparel,2,15.06,30.12,regular
INV101493,2024-05-30,C00231,Ireland,P0039,Home Item 0039,Home & Kitchen,3,14.93,44.79,regular
INV100428,2024-05-31,C00271,Germany,P0188,Beauty Item 0188,Beauty,4,5.1,20.4,champion
INV100428,2024-05-31,C00271,Germany,P0074,Beauty Item 0074,Beauty,2,28.74,57.48,champion
INV100428,2024-05-31,C00271,Germany,P0204,Apparel Item 0204,Apparel,2,44.41,88.82,champion
INV100428,2024-05-31,C00271,Germany,P0038,Beauty Item 0038,Beauty,4,4.36,17.44,champion
INV101125,2024-06-01,C00353,United Kingdom,P0177,Apparel Item 0177,Apparel,22,7.12,156.64,regular
INV101125,2024-06-01,C00353,United Kingdom,P0171,Garden Item 0171,Garden,31,5.68,176.08,regular
INV101125,2024-06-01,C00353,United Kingdom,P0093,Beauty Item 0093,Beauty,18,8.5,153.0,regular
INV101125,2024-06-01,C00353,United Kingdom,P0087,Home Item 0087,Home & Kitchen,32,8.25,264.0,regular
INV101125,2024-06-01,C00353,United Kingdom,P0279,Apparel Item 0279,Apparel,20,8.74,174.8,regular
INV101125,2024-06-01,C00353,United Kingdom,P0273,Stationery Item 0273,Stationery,28,13.33,373.24,regular
INV101125,2024-06-01,C00353,United Kingdom,P0070,Beauty Item 0070,Beauty,20,11.61,232.2,regular
INV101125,2024-06-01,C00353,United Kingdom,P0034,Apparel Item 0034,Apparel,16,7.46,119.36,regular
INV101125,2024-06-01,C00353,United Kingdom,P0123,Toys Item 0123,Toys,30,17.81,534.3,regular
INV101125,2024-06-01,C00353,United Kingdom,P0055,Toys Item 0055,Toys,26,32.68,849.68,regular
INV101125,2024-06-01,C00353,United Kingdom,P0082,Home Item 0082,Home & Kitchen,31,2.29,70.99,regular
INV101125,2024-06-01,C00353,United Kingdom,P0234,Beauty Item 0234,Beauty,27,13.13,354.51,regular
INV101125,2024-06-01,C00353,United Kingdom,P0135,Beauty Item 0135,Beauty,24,15.57,373.68,regular
INV101125,2024-06-01,C00353,United Kingdom,P0167,Sports Item 0167,Sports,15,8.5,127.5,regular
INV101125,2024-06-01,C00353,United Kingdom,P0217,Electronics Item 0217,Electronics Accessories,21,1.85,38.85,regular
INV101125,2024-06-01,C00353,United Kingdom,P0283,Toys Item 0283,Toys,37,8.75,323.75,regular
INV101125,2024-06-01,C00353,United Kingdom,P0131,Stationery Item 0131,Stationery,33,10.85,358.05,regular
INV101125,2024-06-01,C00353,United Kingdom,P0144,Apparel Item 0144,Apparel,26,12.07,313.82,regular
INV101125,2024-06-01,C00353,United Kingdom,P0092,Home Item 0092,Home & Kitchen,15,30.8,462.0,regular
INV101125,2024-06-01,C00353,United Kingdom,P0072,Home Item 0072,Home & Kitchen,39,22.87,891.93,regular
INV101125,2024-06-01,C00353,United Kingdom,P0275,Toys Item 0275,Toys,33,7.18,236.94,regular
INV101125,2024-06-01,C00353,United Kingdom,P0132,Apparel Item 0132,Apparel,15,29.94,449.1,regular
INV101125,2024-06-01,C00353,United Kingdom,P0114,Home Item 0114,Home & Kitchen,20,14.13,282.6,regular
INV101125,2024-06-01,C00353,United Kingdom,P0045,Electronics Item 0045,Electronics Accessories,19,3.56,67.64,regular
INV101125,2024-06-01,C00353,United Kingdom,P0183,Beauty Item 0183,Beauty,37,13.0,481.0,regular
INV101125,2024-06-01,C00353,United Kingdom,P0066,Toys Item 0066,Toys,38,5.41,205.58,regular
INV101125,2024-06-01,C00353,United Kingdom,P0233,Apparel Item 0233,Apparel,25,23.25,581.25,regular
INV101125,2024-06-01,C00353,United Kingdom,P0259,Apparel Item 0259,Apparel,19,11.6,220.4,regular
INV101399,2024-06-01,C00165,Netherlands,P0212,Sports Item 0212,Sports,2,27.54,55.08,at_risk
INV101399,2024-06-01,C00165,Netherlands,P0145,Electronics Item 0145,Electronics Accessories,5,13.74,68.7,at_risk
INV101399,2024-06-01,C00165,Netherlands,P0274,Apparel Item 0274,Apparel,3,17.17,51.51,at_risk
INV101399,2024-06-01,C00165,Netherlands,P0041,Electronics Item 0041,Electronics Accessories,2,18.37,36.74,at_risk
INV101399,2024-06-01,C00165,Netherlands,P0224,Toys Item 0224,Toys,4,6.73,26.92,at_risk
INV100279,2024-06-02,C00244,Netherlands,P0028,Beauty Item 0028,Beauty,3,5.04,15.12,at_risk
INV100279,2024-06-02,C00244,Netherlands,P0022,Garden Item 0022,Garden,5,9.52,47.6,at_risk
INV100674,2024-06-02,C00226,France,P0238,Beauty Item 0238,Beauty,5,13.56,67.8,loyal
INV100674,2024-06-02,C00226,France,P0298,Stationery Item 0298,Stationery,3,2.24,6.72,loyal
INV100870,2024-06-02,C00327,Spain,P0280,Beauty Item 0280,Beauty,3,6.37,19.11,champion
INV100870,2024-06-02,C00327,Spain,P0265,Home Item 0265,Home & Kitchen,2,6.17,12.34,champion
INV100870,2024-06-02,C00327,Spain,P0031,Apparel Item 0031,Apparel,3,17.17,51.51,champion
INV100870,2024-06-02,C00327,Spain,P0231,Toys Item 0231,Toys,3,10.98,32.94,champion
INV100870,2024-06-02,C00327,Spain,P0266,Beauty Item 0266,Beauty,4,9.2,36.8,champion
INV100870,2024-06-02,C00327,Spain,P0037,Toys Item 0037,Toys,2,10.9,21.8,champion
INV100870,2024-06-02,C00327,Spain,P0147,Electronics Item 0147,Electronics Accessories,2,21.42,42.84,champion
INV100880,2024-06-02,C00459,France,P0177,Apparel Item 0177,Apparel,3,7.91,23.73,loyal
INV100880,2024-06-02,C00459,France,P0293,Toys Item 0293,Toys,5,13.85,69.25,loyal
INV100880,2024-06-02,C00459,France,P0071,Beauty Item 0071,Beauty,4,12.79,51.16,loyal
INV100880,2024-06-02,C00459,France,P0000,Home Item 0000,Home & Kitchen,4,5.41,21.64,loyal
INV100934,2024-06-02,C00077,Ireland,P0015,Stationery Item 0015,Stationery,2,6.38,12.76,loyal
INV100934,2024-06-02,C00077,Ireland,P0200,Garden Item 0200,Garden,4,9.29,37.16,loyal
INV100934,2024-06-02,C00077,Ireland,P0087,Home Item 0087,Home & Kitchen,2,9.17,18.34,loyal
INV100934,2024-06-02,C00077,Ireland,P0024,Sports Item 0024,Sports,5,9.12,45.6,loyal
INV100934,2024-06-02,C00077,Ireland,P0282,Beauty Item 0282,Beauty,2,10.02,20.04,loyal
INV100974,2024-06-02,C00161,United Kingdom,P0262,Home Item 0262,Home & Kitchen,2,8.77,17.54,at_risk
INV100974,2024-06-02,C00161,United Kingdom,P0164,Home Item 0164,Home & Kitchen,5,19.4,97.0,at_risk
INV101291,2024-06-02,C00425,Netherlands,P0264,Home Item 0264,Home & Kitchen,5,16.77,83.85,loyal
INV101291,2024-06-02,C00425,Netherlands,P0020,Sports Item 0020,Sports,2,17.23,34.46,loyal
INV101291,2024-06-02,C00425,Netherlands,P0199,Sports Item 0199,Sports,1,14.62,14.62,loyal
INV101291,2024-06-02,C00425,Netherlands,P0181,Beauty Item 0181,Beauty,4,22.25,89.0,loyal
INV100066,2024-06-03,C00333,Netherlands,P0226,Sports Item 0226,Sports,3,6.07,18.21,champion
INV100066,2024-06-03,C00333,Netherlands,P0111,Sports Item 0111,Sports,1,52.97,52.97,champion
INV100066,2024-06-03,C00333,Netherlands,P0062,Stationery Item 0062,Stationery,1,32.4,32.4,champion
INV100066,2024-06-03,C00333,Netherlands,P0191,Stationery Item 0191,Stationery,4,8.67,34.68,champion
INV100263,2024-06-03,C00458,United Kingdom,P0166,Electronics Item 0166,Electronics Accessories,1,7.11,7.11,regular
INV100263,2024-06-03,C00458,United Kingdom,P0177,Apparel Item 0177,Apparel,1,7.91,7.91,regular
INV100263,2024-06-03,C00458,United Kingdom,P0170,Apparel Item 0170,Apparel,3,26.08,78.24,regular
INV100848,2024-06-03,C00321,Ireland,P0010,Sports Item 0010,Sports,3,16.22,48.66,regular
INV100848,2024-06-03,C00321,Ireland,P0202,Toys Item 0202,Toys,5,3.81,19.05,regular
INV100848,2024-06-03,C00321,Ireland,P0245,Beauty Item 0245,Beauty,3,3.3,9.9,regular
INV100848,2024-06-03,C00321,Ireland,P0185,Home Item 0185,Home & Kitchen,2,22.37,44.74,regular
INV101126,2024-06-03,C00056,United Kingdom,P0232,Stationery Item 0232,Stationery,2,13.04,26.08,loyal
INV101126,2024-06-03,C00056,United Kingdom,P0216,Stationery Item 0216,Stationery,4,7.88,31.52,loyal
INV101126,2024-06-03,C00056,United Kingdom,P0188,Beauty Item 0188,Beauty,1,5.1,5.1,loyal
INV101126,2024-06-03,C00056,United Kingdom,P0119,Stationery Item 0119,Stationery,1,27.78,27.78,loyal
INV101126,2024-06-03,C00056,United Kingdom,P0066,Toys Item 0066,Toys,3,6.01,18.03,loyal
INV101126,2024-06-03,C00056,United Kingdom,P0097,Stationery Item 0097,Stationery,1,7.93,7.93,loyal
INV101126,2024-06-03,C00056,United Kingdom,P0003,Beauty Item 0003,Beauty,5,11.37,56.85,loyal
INV101132,2024-06-03,C00134,United Kingdom,P0260,Garden Item 0260,Garden,2,17.06,34.12,champion
INV101132,2024-06-03,C00134,United Kingdom,P0117,Beauty Item 0117,Beauty,3,11.91,35.73,champion
INV101132,2024-06-03,C00134,United Kingdom,P0292,Beauty Item 0292,Beauty,1,5.92,5.92,champion
INV101132,2024-06-03,C00134,United Kingdom,P0080,Toys Item 0080,Toys,2,10.29,20.58,champion
INV101132,2024-06-03,C00134,United Kingdom,P0231,Toys Item 0231,Toys,3,10.98,32.94,champion
INV101132,2024-06-03,C00134,United Kingdom,P0030,Toys Item 0030,Toys,1,8.54,8.54,champion
INV101132,2024-06-03,C00134,United Kingdom,P0004,Garden Item 0004,Garden,5,18.82,94.1,champion
INV101132,2024-06-03,C00134,United Kingdom,P0170,Apparel Item 0170,Apparel,2,26.08,52.16,champion
INV101132,2024-06-03,C00134,United Kingdom,P0071,Beauty Item 0071,Beauty,4,12.79,51.16,champion
INV101132,2024-06-03,C00134,United Kingdom,P0051,Stationery Item 0051,Stationery,4,7.32,29.28,champion
INV101132,2024-06-03,C00134,United Kingdom,P0113,Garden Item 0113,Garden,4,5.12,20.48,champion
INV101132,2024-06-03,C00134,United Kingdom,P0115,Home Item 0115,Home & Kitchen,2,20.54,41.08,champion
INV101132,2024-06-03,C00134,United Kingdom,P0040,Toys Item 0040,Toys,1,25.32,25.32,champion
INV101132,2024-06-03,C00134,United Kingdom,P0079,Sports Item 0079,Sports,1,17.36,17.36,champion
INV101405,2024-06-03,C00479,Spain,P0018,Beauty Item 0018,Beauty,5,19.88,99.4,champion
INV101405,2024-06-03,C00479,Spain,P0031,Apparel Item 0031,Apparel,4,17.17,68.68,champion
INV101405,2024-06-03,C00479,Spain,P0095,Sports Item 0095,Sports,3,6.85,20.55,champion
INV101405,2024-06-03,C00479,Spain,P0084,Toys Item 0084,Toys,2,9.13,18.26,champion
INV101405,2024-06-03,C00479,Spain,P0086,Toys Item 0086,Toys,5,15.78,78.9,champion
INV101405,2024-06-03,C00479,Spain,P0224,Toys Item 0224,Toys,3,6.73,20.19,champion
INV101405,2024-06-03,C00479,Spain,P0016,Beauty Item 0016,Beauty,3,16.32,48.96,champion
INV100229,2024-06-04,C00377,United Kingdom,P0208,Sports Item 0208,Sports,5,17.62,88.1,loyal
INV100229,2024-06-04,C00377,United Kingdom,P0216,Stationery Item 0216,Stationery,3,7.88,23.64,loyal
INV100229,2024-06-04,C00377,United Kingdom,P0089,Apparel Item 0089,Apparel,1,7.02,7.02,loyal
INV100229,2024-06-04,C00377,United Kingdom,P0140,Apparel Item 0140,Apparel,1,15.06,15.06,loyal
INV100264,2024-06-04,C00336,United Kingdom,P0051,Stationery Item 0051,Stationery,4,7.32,29.28,loyal
INV100446,2024-06-04,C00003,United Kingdom,P0004,Garden Item 0004,Garden,5,18.82,94.1,regular
INV100446,2024-06-04,C00003,United Kingdom,P0288,Stationery Item 0288,Stationery,5,9.96,49.8,regular
INV100446,2024-06-04,C00003,United Kingdom,P0042,Apparel Item 0042,Apparel,2,5.8,11.6,regular
INV100446,2024-06-04,C00003,United Kingdom,P0158,Garden Item 0158,Garden,5,8.27,41.35,regular
INV100732,2024-06-04,C00320,United Kingdom,P0007,Stationery Item 0007,Stationery,4,19.96,79.84,loyal
INV100732,2024-06-04,C00320,United Kingdom,P0299,Home Item 0299,Home & Kitchen,4,23.81,95.24,loyal
INV100732,2024-06-04,C00320,United Kingdom,P0134,Beauty Item 0134,Beauty,1,8.0,8.0,loyal
INV100732,2024-06-04,C00320,United Kingdom,P0089,Apparel Item 0089,Apparel,5,7.02,35.1,loyal
INV100732,2024-06-04,C00320,United Kingdom,P0001,Sports Item 0001,Sports,1,20.7,20.7,loyal
INV100900,2024-06-04,C00172,Germany,P0159,Home Item 0159,Home & Kitchen,1,7.2,7.2,loyal
INV100900,2024-06-04,C00172,Germany,P0187,Garden Item 0187,Garden,4,6.33,25.32,loyal
INV100900,2024-06-04,C00172,Germany,P0028,Beauty Item 0028,Beauty,5,5.04,25.2,loyal
INV100900,2024-06-04,C00172,Germany,P0109,Apparel Item 0109,Apparel,3,11.92,35.76,loyal
INV100900,2024-06-04,C00172,Germany,P0146,Garden Item 0146,Garden,1,10.36,10.36,loyal
INV100938,2024-06-04,C00281,United Kingdom,P0030,Toys Item 0030,Toys,4,8.54,34.16,loyal
INV100938,2024-06-04,C00281,United Kingdom,P0033,Sports Item 0033,Sports,4,8.82,35.28,loyal
INV100938,2024-06-04,C00281,United Kingdom,P0200,Garden Item 0200,Garden,5,9.29,46.45,loyal
INV100938,2024-06-04,C00281,United Kingdom,P0039,Home Item 0039,Home & Kitchen,2,14.93,29.86,loyal
INV101206,2024-06-04,C00432,Netherlands,P0280,Beauty Item 0280,Beauty,5,6.37,31.85,champion
INV101206,2024-06-04,C00432,Netherlands,P0122,Stationery Item 0122,Stationery,1,31.73,31.73,champion
INV101206,2024-06-04,C00432,Netherlands,P0240,Garden Item 0240,Garden,2,7.99,15.98,champion
INV101206,2024-06-04,C00432,Netherlands,P0217,Electronics Item 0217,Electronics Accessories,5,2.06,10.3,champion
INV100091,2024-06-05,C00134,United Kingdom,P0049,Home Item 0049,Home & Kitchen,2,26.16,52.32,champion
INV100091,2024-06-05,C00134,United Kingdom,P0154,Home Item 0154,Home & Kitchen,4,12.36,49.44,champion
INV100091,2024-06-05,C00134,United Kingdom,P0069,Electronics Item 0069,Electronics Accessories,2,8.37,16.74,champion
INV100091,2024-06-05,C00134,United Kingdom,P0128,Stationery Item 0128,Stationery,4,9.37,37.48,champion
INV100091,2024-06-05,C00134,United Kingdom,P0029,Sports Item 0029,Sports,5,15.87,79.35,champion
INV100091,2024-06-05,C00134,United Kingdom,P0039,Home Item 0039,Home & Kitchen,5,14.93,74.65,champion
INV100091,2024-06-05,C00134,United Kingdom,P0109,Apparel Item 0109,Apparel,3,11.92,35.76,champion
INV100091,2024-06-05,C00134,United Kingdom,P0153,Home Item 0153,Home & Kitchen,4,2.62,10.48,champion
INV100091,2024-06-05,C00134,United Kingdom,P0033,Sports Item 0033,Sports,5,8.82,44.1,champion
INV100128,2024-06-05,C00334,United Kingdom,P0281,Beauty Item 0281,Beauty,5,2.14,10.7,loyal
INV100128,2024-06-05,C00334,United Kingdom,P0192,Garden Item 0192,Garden,2,17.1,34.2,loyal
INV100304,2024-06-05,C00111,Netherlands,P0122,Stationery Item 0122,Stationery,2,31.73,63.46,loyal
INV100304,2024-06-05,C00111,Netherlands,P0089,Apparel Item 0089,Apparel,3,7.02,21.06,loyal
INV100304,2024-06-05,C00111,Netherlands,P0255,Electronics Item 0255,Electronics Accessories,5,2.75,13.75,loyal
INV100304,2024-06-05,C00111,Netherlands,P0054,Toys Item 0054,Toys,2,14.13,28.26,loyal
INV100398,2024-06-05,C00199,United Kingdom,P0265,Home Item 0265,Home & Kitchen,5,6.17,30.85,champion
INV100398,2024-06-05,C00199,United Kingdom,P0204,Apparel Item 0204,Apparel,2,44.41,88.82,champion
INV100398,2024-06-05,C00199,United Kingdom,P0232,Stationery Item 0232,Stationery,5,13.04,65.2,champion
INV100398,2024-06-05,C00199,United Kingdom,P0063,Apparel Item 0063,Apparel,2,21.21,42.42,champion
INV100398,2024-06-05,C00199,United Kingdom,P0215,Stationery Item 0215,Stationery,4,15.43,61.72,champion
INV100398,2024-06-05,C00199,United Kingdom,P0247,Home Item 0247,Home & Kitchen,2,15.37,30.74,champion
INV100398,2024-06-05,C00199,United Kingdom,P0044,Apparel Item 0044,Apparel,4,13.46,53.84,champion
INV100398,2024-06-05,C00199,United Kingdom,P0128,Stationery Item 0128,Stationery,2,9.37,18.74,champion
INV100398,2024-06-05,C00199,United Kingdom,P0186,Sports Item 0186,Sports,5,11.3,56.5,champion
INV100398,2024-06-05,C00199,United Kingdom,P0153,Home Item 0153,Home & Kitchen,4,2.62,10.48,champion
INV100398,2024-06-05,C00199,United Kingdom,P0009,Sports Item 0009,Sports,2,10.35,20.7,champion
INV101209,2024-06-05,C00151,United Kingdom,P0021,Sports Item 0021,Sports,4,9.22,36.88,loyal
INV101209,2024-06-05,C00151,United Kingdom,P0159,Home Item 0159,Home & Kitchen,1,7.2,7.2,loyal
INV101209,2024-06-05,C00151,United Kingdom,P0128,Stationery Item 0128,Stationery,1,9.37,9.37,loyal
INV101209,2024-06-05,C00151,United Kingdom,P0106,Garden Item 0106,Garden,5,9.58,47.9,loyal
INV101209,2024-06-05,C00151,United Kingdom,P0101,Stationery Item 0101,Stationery,4,55.1,220.4,loyal
INV101209,2024-06-05,C00151,United Kingdom,P0244,Electronics Item 0244,Electronics Accessories,1,18.65,18.65,loyal
INV101209,2024-06-05,C00151,United Kingdom,P0135,Beauty Item 0135,Beauty,3,17.3,51.9,loyal
INV101209,2024-06-05,C00151,United Kingdom,P0010,Sports Item 0010,Sports,5,16.22,81.1,loyal
INV101374,2024-06-05,C00436,United Kingdom,P0171,Garden Item 0171,Garden,4,6.31,25.24,regular
INV101374,2024-06-05,C00436,United Kingdom,P0198,Garden Item 0198,Garden,2,17.59,35.18,regular
INV101374,2024-06-05,C00436,United Kingdom,P0197,Beauty Item 0197,Beauty,4,6.6,26.4,regular
INV101374,2024-06-05,C00436,United Kingdom,P0160,Garden Item 0160,Garden,2,13.38,26.76,regular
INV101374,2024-06-05,C00436,United Kingdom,P0002,Garden Item 0002,Garden,4,12.52,50.08,regular
INV100116,2024-06-06,C00446,Ireland,P0098,Beauty Item 0098,Beauty,1,10.79,10.79,champion
INV100116,2024-06-06,C00446,Ireland,P0287,Toys Item 0287,Toys,2,17.98,35.96,champion
INV100116,2024-06-06,C00446,Ireland,P0113,Garden Item 0113,Garden,5,5.12,25.6,champion
INV100116,2024-06-06,C00446,Ireland,P0172,Sports Item 0172,Sports,4,6.08,24.32,champion
INV100116,2024-06-06,C00446,Ireland,P0122,Stationery Item 0122,Stationery,4,31.73,126.92,champion
INV100116,2024-06-06,C00446,Ireland,P0032,Toys Item 0032,Toys,5,7.2,36.0,champion
INV100116,2024-06-06,C00446,Ireland,P0038,Beauty Item 0038,Beauty,2,4.36,8.72,champion
INV100135,2024-06-06,C00478,United Kingdom,P0125,Toys Item 0125,Toys,4,25.33,101.32,champion
INV100135,2024-06-06,C00478,United Kingdom,P0208,Sports Item 0208,Sports,1,17.62,17.62,champion
INV100135,2024-06-06,C00478,United Kingdom,P0093,Beauty Item 0093,Beauty,1,9.44,9.44,champion
INV100135,2024-06-06,C00478,United Kingdom,P0099,Toys Item 0099,Toys,3,3.9,11.7,champion
INV100135,2024-06-06,C00478,United Kingdom,P0156,Beauty Item 0156,Beauty,1,6.52,6.52,champion
INV100135,2024-06-06,C00478,United Kingdom,P0298,Stationery Item 0298,Stationery,1,2.24,2.24,champion
INV100135,2024-06-06,C00478,United Kingdom,P0038,Beauty Item 0038,Beauty,4,4.36,17.44,champion
INV100426,2024-06-06,C00111,Netherlands,P0186,Sports Item 0186,Sports,1,11.3,11.3,loyal
INV100776,2024-06-06,C00169,United Kingdom,P0265,Home Item 0265,Home & Kitchen,5,6.17,30.85,loyal
INV100906,2024-06-06,C00164,Germany,P0212,Sports Item 0212,Sports,3,27.54,82.62,loyal
INV100906,2024-06-06,C00164,Germany,P0055,Toys Item 0055,Toys,1,36.31,36.31,loyal
INV100906,2024-06-06,C00164,Germany,P0174,Apparel Item 0174,Apparel,4,14.86,59.44,loyal
INV100906,2024-06-06,C00164,Germany,P0231,Toys Item 0231,Toys,5,10.98,54.9,loyal
INV100906,2024-06-06,C00164,Germany,P0134,Beauty Item 0134,Beauty,3,8.0,24.0,loyal
INV100906,2024-06-06,C00164,Germany,P0132,Apparel Item 0132,Apparel,1,33.27,33.27,loyal
INV100906,2024-06-06,C00164,Germany,P0109,Apparel Item 0109,Apparel,1,11.92,11.92,loyal
INV100906,2024-06-06,C00164,Germany,P0207,Apparel Item 0207,Apparel,5,10.85,54.25,loyal
INV100906,2024-06-06,C00164,Germany,P0283,Toys Item 0283,Toys,2,9.72,19.44,loyal
INV100906,2024-06-06,C00164,Germany,P0040,Toys Item 0040,Toys,2,25.32,50.64,loyal
INV100906,2024-06-06,C00164,Germany,P0009,Sports Item 0009,Sports,1,10.35,10.35,loyal
INV100906,2024-06-06,C00164,Germany,P0103,Garden Item 0103,Garden,4,5.64,22.56,loyal
INV100906,2024-06-06,C00164,Germany,P0094,Apparel Item 0094,Apparel,1,14.15,14.15,loyal
INV101415,2024-06-06,C00456,United Kingdom,P0076,Home Item 0076,Home & Kitchen,2,31.68,63.36,champion
INV101415,2024-06-06,C00456,United Kingdom,P0074,Beauty Item 0074,Beauty,2,28.74,57.48,champion
INV101415,2024-06-06,C00456,United Kingdom,P0285,Toys Item 0285,Toys,4,5.98,23.92,champion
INV101415,2024-06-06,C00456,United Kingdom,P0044,Apparel Item 0044,Apparel,4,13.46,53.84,champion
INV101415,2024-06-06,C00456,United Kingdom,P0101,Stationery Item 0101,Stationery,1,55.1,55.1,champion
INV101415,2024-06-06,C00456,United Kingdom,P0186,Sports Item 0186,Sports,1,11.3,11.3,champion
INV101415,2024-06-06,C00456,United Kingdom,P0210,Beauty Item 0210,Beauty,5,6.08,30.4,champion
INV100047,2024-06-07,C00123,Germany,P0227,Garden Item 0227,Garden,3,14.32,42.96,loyal
INV100047,2024-06-07,C00123,Germany,P0032,Toys Item 0032,Toys,4,7.2,28.8,loyal
INV100047,2024-06-07,C00123,Germany,P0100,Electronics Item 0100,Electronics Accessories,5,5.18,25.9,loyal
INV100047,2024-06-07,C00123,Germany,P0192,Garden Item 0192,Garden,1,17.1,17.1,loyal
INV100423,2024-06-07,C00121,Ireland,P0187,Garden Item 0187,Garden,2,6.33,12.66,at_risk
INV100423,2024-06-07,C00121,Ireland,P0185,Home Item 0185,Home & Kitchen,3,22.37,67.11,at_risk
INV100423,2024-06-07,C00121,Ireland,P0083,Apparel Item 0083,Apparel,2,6.29,12.58,at_risk
INV100423,2024-06-07,C00121,Ireland,P0255,Electronics Item 0255,Electronics Accessories,1,2.75,2.75,at_risk
INV100423,2024-06-07,C00121,Ireland,P0077,Home Item 0077,Home & Kitchen,3,8.82,26.46,at_risk
INV100423,2024-06-07,C00121,Ireland,P0002,Garden Item 0002,Garden,5,12.52,62.6,at_risk
INV100510,2024-06-07,C00050,Ireland,P0147,Electronics Item 0147,Electronics Accessories,3,21.42,64.26,regular
INV100510,2024-06-07,C00050,Ireland,P0266,Beauty Item 0266,Beauty,3,9.2,27.6,regular
INV100510,2024-06-07,C00050,Ireland,P0234,Beauty Item 0234,Beauty,3,14.59,43.77,regular
INV100543,2024-06-07,C00266,United Kingdom,P0155,Apparel Item 0155,Apparel,3,3.52,10.56,loyal
INV100543,2024-06-07,C00266,United Kingdom,P0179,Toys Item 0179,Toys,1,14.27,14.27,loyal
INV100543,2024-06-07,C00266,United Kingdom,P0279,Apparel Item 0279,Apparel,1,9.71,9.71,loyal
INV100543,2024-06-07,C00266,United Kingdom,P0274,Apparel Item 0274,Apparel,3,17.17,51.51,loyal
INV100543,2024-06-07,C00266,United Kingdom,P0202,Toys Item 0202,Toys,2,3.81,7.62,loyal
INV100543,2024-06-07,C00266,United Kingdom,P0255,Electronics Item 0255,Electronics Accessories,4,2.75,11.0,loyal
INV100543,2024-06-07,C00266,United Kingdom,P0057,Beauty Item 0057,Beauty,5,13.72,68.6,loyal
INV100949,2024-06-07,C00462,France,P0194,Garden Item 0194,Garden,3,48.13,144.39,champion
INV100949,2024-06-07,C00462,France,P0082,Home Item 0082,Home & Kitchen,1,2.54,2.54,champion
INV100949,2024-06-07,C00462,France,P0160,Garden Item 0160,Garden,3,13.38,40.14,champion
INV100949,2024-06-07,C00462,France,P0004,Garden Item 0004,Garden,4,18.82,75.28,champion
INV100949,2024-06-07,C00462,France,P0208,Sports Item 0208,Sports,2,17.62,35.24,champion
INV100949,2024-06-07,C00462,France,P0168,Sports Item 0168,Sports,3,25.71,77.13,champion
INV100949,2024-06-07,C00462,France,P0205,Home Item 0205,Home & Kitchen,5,7.76,38.8,champion
INV100949,2024-06-07,C00462,France,P0150,Garden Item 0150,Garden,3,11.59,34.77,champion
INV100949,2024-06-07,C00462,France,P0131,Stationery Item 0131,Stationery,2,12.06,24.12,champion
INV100949,2024-06-07,C00462,France,P0097,Stationery Item 0097,Stationery,1,7.93,7.93,champion
INV100949,2024-06-07,C00462,France,P0048,Apparel Item 0048,Apparel,3,12.95,38.85,champion
INV100949,2024-06-07,C00462,France,P0225,Beauty Item 0225,Beauty,4,4.63,18.52,champion
INV101041,2024-06-07,C00159,United Kingdom,P0123,Toys Item 0123,Toys,1,19.79,19.79,regular
INV101068,2024-06-07,C00359,France,P0007,Stationery Item 0007,Stationery,4,19.96,79.84,champion
INV101068,2024-06-07,C00359,France,P0102,Toys Item 0102,Toys,5,14.39,71.95,champion
INV101068,2024-06-07,C00359,France,P0236,Toys Item 0236,Toys,5,18.12,90.6,champion
INV101068,2024-06-07,C00359,France,P0062,Stationery Item 0062,Stationery,3,32.4,97.2,champion
INV101068,2024-06-07,C00359,France,P0109,Apparel Item 0109,Apparel,3,11.92,35.76,champion
INV101068,2024-06-07,C00359,France,P0161,Home Item 0161,Home & Kitchen,4,6.97,27.88,champion
INV101068,2024-06-07,C00359,France,P0017,Toys Item 0017,Toys,4,13.41,53.64,champion
INV101068,2024-06-07,C00359,France,P0045,Electronics Item 0045,Electronics Accessories,4,3.96,15.84,champion
INV101068,2024-06-07,C00359,France,P0279,Apparel Item 0279,Apparel,2,9.71,19.42,champion
INV101068,2024-06-07,C00359,France,P0274,Apparel Item 0274,Apparel,5,17.17,85.85,champion
INV101068,2024-06-07,C00359,France,P0068,Beauty Item 0068,Beauty,1,7.24,7.24,champion
INV101068,2024-06-07,C00359,France,P0064,Beauty Item 0064,Beauty,1,5.73,5.73,champion
INV101099,2024-06-07,C00004,United Kingdom,P0256,Home Item 0256,Home & Kitchen,3,10.1,30.3,loyal
INV101099,2024-06-07,C00004,United Kingdom,P0007,Stationery Item 0007,Stationery,5,19.96,99.8,loyal
INV101099,2024-06-07,C00004,United Kingdom,P0070,Beauty Item 0070,Beauty,2,12.9,25.8,loyal
INV101099,2024-06-07,C00004,United Kingdom,P0232,Stationery Item 0232,Stationery,2,13.04,26.08,loyal
INV101485,2024-06-07,C00242,United Kingdom,P0104,Beauty Item 0104,Beauty,5,15.26,76.3,loyal
INV101485,2024-06-07,C00242,United Kingdom,P0043,Electronics Item 0043,Electronics Accessories,5,19.52,97.6,loyal
INV101485,2024-06-07,C00242,United Kingdom,P0087,Home Item 0087,Home & Kitchen,4,9.17,36.68,loyal
INV101485,2024-06-07,C00242,United Kingdom,P0183,Beauty Item 0183,Beauty,3,14.45,43.35,loyal
INV101485,2024-06-07,C00242,United Kingdom,P0217,Electronics Item 0217,Electronics Accessories,5,2.06,10.3,loyal
INV100161,2024-06-08,C00097,United Kingdom,P0152,Toys Item 0152,Toys,2,42.54,85.08,regular
INV100161,2024-06-08,C00097,United Kingdom,P0045,Electronics Item 0045,Electronics Accessories,1,3.96,3.96,regular
INV100161,2024-06-08,C00097,United Kingdom,P0216,Stationery Item 0216,Stationery,4,7.88,31.52,regular
INV100161,2024-06-08,C00097,United Kingdom,P0246,Electronics Item 0246,Electronics Accessories,2,13.44,26.88,regular
INV100178,2024-06-08,C00160,United Kingdom,P0134,Beauty Item 0134,Beauty,3,8.0,24.0,at_risk
INV100305,2024-06-08,C00001,United Kingdom,P0135,Beauty Item 0135,Beauty,4,17.3,69.2,champion
INV100305,2024-06-08,C00001,United Kingdom,P0236,Toys Item 0236,Toys,1,18.12,18.12,champion
INV100305,2024-06-08,C00001,United Kingdom,P0171,Garden Item 0171,Garden,4,6.31,25.24,champion
INV100305,2024-06-08,C00001,United Kingdom,P0258,Toys Item 0258,Toys,5,17.95,89.75,champion
INV100305,2024-06-08,C00001,United Kingdom,P0191,Stationery Item 0191,Stationery,3,8.67,26.01,champion
INV100305,2024-06-08,C00001,United Kingdom,P0183,Beauty Item 0183,Beauty,2,14.45,28.9,champion
INV100305,2024-06-08,C00001,United Kingdom,P0066,Toys Item 0066,Toys,4,6.01,24.04,champion
INV100305,2024-06-08,C00001,United Kingdom,P0078,Apparel Item 0078,Apparel,2,26.81,53.62,champion
INV100305,2024-06-08,C00001,United Kingdom,P0079,Sports Item 0079,Sports,4,17.36,69.44,champion
INV100332,2024-06-08,C00116,United Kingdom,P0107,Home Item 0107,Home & Kitchen,1,7.79,7.79,regular
INV100479,2024-06-08,C00473,France,P0281,Beauty Item 0281,Beauty,5,2.14,10.7,regular
INV100479,2024-06-08,C00473,France,P0098,Beauty Item 0098,Beauty,3,10.79,32.37,regular
INV100479,2024-06-08,C00473,France,P0060,Garden Item 0060,Garden,4,5.43,21.72,regular
INV100339,2024-06-09,C00134,United Kingdom,P0218,Electronics Item 0218,Electronics Accessories,5,6.37,31.85,champion
INV100339,2024-06-09,C00134,United Kingdom,P0071,Beauty Item 0071,Beauty,2,12.79,25.58,champion
INV100339,2024-06-09,C00134,United Kingdom,P0008,Stationery Item 0008,Stationery,1,7.1,7.1,champion
INV100339,2024-06-09,C00134,United Kingdom,P0212,Sports Item 0212,Sports,2,27.54,55.08,champion
INV101313,2024-06-09,C00319,Netherlands,P0096,Toys Item 0096,Toys,2,10.29,20.58,loyal
INV101313,2024-06-09,C00319,Netherlands,P0257,Electronics Item 0257,Electronics Accessories,1,16.69,16.69,loyal
INV101313,2024-06-09,C00319,Netherlands,P0079,Sports Item 0079,Sports,1,17.36,17.36,loyal
INV101313,2024-06-09,C00319,Netherlands,P0144,Apparel Item 0144,Apparel,3,13.41,40.23,loyal
INV101498,2024-06-09,C00194,United Kingdom,P0164,Home Item 0164,Home & Kitchen,1,19.4,19.4,loyal
INV101498,2024-06-09,C00194,United Kingdom,P0174,Apparel Item 0174,Apparel,1,14.86,14.86,loyal
INV101498,2024-06-09,C00194,United Kingdom,P0224,Toys Item 0224,Toys,3,6.73,20.19,loyal
INV101498,2024-06-09,C00194,United Kingdom,P0035,Toys Item 0035,Toys,3,15.71,47.13,loyal
INV100749,2024-06-10,C00065,Spain,P0254,Garden Item 0254,Garden,1,47.1,47.1,regular
INV100749,2024-06-10,C00065,Spain,P0089,Apparel Item 0089,Apparel,1,7.02,7.02,regular
INV100749,2024-06-10,C00065,Spain,P0038,Beauty Item 0038,Beauty,3,4.36,13.08,regular
INV100858,2024-06-10,C00293,United Kingdom,P0048,Apparel Item 0048,Apparel,3,12.95,38.85,loyal
INV101056,2024-06-10,C00033,Germany,P0239,Apparel Item 0239,Apparel,3,3.39,10.17,regular
INV101056,2024-06-10,C00033,Germany,P0199,Sports Item 0199,Sports,3,14.62,43.86,regular
INV101360,2024-06-10,C00488,United Kingdom,P0056,Toys Item 0056,Toys,2,5.63,11.26,regular
INV101360,2024-06-10,C00488,United Kingdom,P0234,Beauty Item 0234,Beauty,5,14.59,72.95,regular
INV101360,2024-06-10,C00488,United Kingdom,P0013,Apparel Item 0013,Apparel,4,6.43,25.72,regular
INV101360,2024-06-10,C00488,United Kingdom,P0237,Sports Item 0237,Sports,2,4.87,9.74,regular
INV101360,2024-06-10,C00488,United Kingdom,P0258,Toys Item 0258,Toys,1,17.95,17.95,regular
INV100825,2024-06-11,C00190,United Kingdom,P0175,Garden Item 0175,Garden,1,15.65,15.65,loyal
INV100879,2024-06-11,C00472,France,P0182,Toys Item 0182,Toys,2,14.77,29.54,loyal
INV100879,2024-06-11,C00472,France,P0083,Apparel Item 0083,Apparel,4,6.29,25.16,loyal
INV100879,2024-06-11,C00472,France,P0271,Garden Item 0271,Garden,1,4.37,4.37,loyal
INV100879,2024-06-11,C00472,France,P0225,Beauty Item 0225,Beauty,1,4.63,4.63,loyal
INV101001,2024-06-11,C00308,United Kingdom,P0221,Sports Item 0221,Sports,1,18.04,18.04,at_risk
INV101090,2024-06-11,C00270,United Kingdom,P0224,Toys Item 0224,Toys,2,6.73,13.46,regular
INV100188,2024-06-12,C00151,United Kingdom,P0082,Home Item 0082,Home & Kitchen,2,2.54,5.08,loyal
INV100188,2024-06-12,C00151,United Kingdom,P0005,Electronics Item 0005,Electronics Accessories,2,23.02,46.04,loyal
INV100188,2024-06-12,C00151,United Kingdom,P0225,Beauty Item 0225,Beauty,1,4.63,4.63,loyal
INV100188,2024-06-12,C00151,United Kingdom,P0242,Stationery Item 0242,Stationery,5,7.66,38.3,loyal
INV100633,2024-06-12,C00112,United Kingdom,P0265,Home Item 0265,Home & Kitchen,1,6.17,6.17,loyal
INV100786,2024-06-12,C00143,Germany,P0169,Apparel Item 0169,Apparel,3,6.65,19.95,champion
INV100786,2024-06-12,C00143,Germany,P0007,Stationery Item 0007,Stationery,2,19.96,39.92,champion
INV100786,2024-06-12,C00143,Germany,P0276,Apparel Item 0276,Apparel,5,8.49,42.45,champion
INV100786,2024-06-12,C00143,Germany,P0234,Beauty Item 0234,Beauty,5,14.59,72.95,champion
INV100786,2024-06-12,C00143,Germany,P0011,Stationery Item 0011,Stationery,1,15.05,15.05,champion
INV100786,2024-06-12,C00143,Germany,P0051,Stationery Item 0051,Stationery,5,7.32,36.6,champion
INV100786,2024-06-12,C00143,Germany,P0251,Sports Item 0251,Sports,3,7.43,22.29,champion
INV100786,2024-06-12,C00143,Germany,P0119,Stationery Item 0119,Stationery,4,27.78,111.12,champion
INV100786,2024-06-12,C00143,Germany,P0100,Electronics Item 0100,Electronics Accessories,4,5.18,20.72,champion
INV100786,2024-06-12,C00143,Germany,P0256,Home Item 0256,Home & Kitchen,3,10.1,30.3,champion
INV100786,2024-06-12,C00143,Germany,P0146,Garden Item 0146,Garden,4,10.36,41.44,champion
INV100786,2024-06-12,C00143,Germany,P0189,Garden Item 0189,Garden,4,9.4,37.6,champion
INV101146,2024-06-12,C00245,United Kingdom,P0223,Sports Item 0223,Sports,2,37.0,74.0,champion
INV101146,2024-06-12,C00245,United Kingdom,P0009,Sports Item 0009,Sports,1,10.35,10.35,champion
INV101435,2024-06-12,C00432,Netherlands,P0092,Home Item 0092,Home & Kitchen,1,34.22,34.22,champion
INV101435,2024-06-12,C00432,Netherlands,P0250,Stationery Item 0250,Stationery,1,11.75,11.75,champion
INV101435,2024-06-12,C00432,Netherlands,P0214,Beauty Item 0214,Beauty,3,5.84,17.52,champion
INV101435,2024-06-12,C00432,Netherlands,P0114,Home Item 0114,Home & Kitchen,1,15.7,15.7,champion
INV101435,2024-06-12,C00432,Netherlands,P0075,Home Item 0075,Home & Kitchen,5,4.7,23.5,champion
INV101435,2024-06-12,C00432,Netherlands,P0130,Home Item 0130,Home & Kitchen,4,18.87,75.48,champion
INV101435,2024-06-12,C00432,Netherlands,P0263,Toys Item 0263,Toys,5,10.21,51.05,champion
INV100619,2024-06-13,C00228,Netherlands,P0128,Stationery Item 0128,Stationery,3,9.37,28.11,regular
INV100619,2024-06-13,C00228,Netherlands,P0203,Sports Item 0203,Sports,3,20.16,60.48,regular
INV100619,2024-06-13,C00228,Netherlands,P0099,Toys Item 0099,Toys,2,3.9,7.8,regular
INV100619,2024-06-13,C00228,Netherlands,P0272,Stationery Item 0272,Stationery,3,43.64,130.92,regular
INV100761,2024-06-13,C00280,United Kingdom,P0057,Beauty Item 0057,Beauty,1,13.72,13.72,loyal
INV100761,2024-06-13,C00280,United Kingdom,P0257,Electronics Item 0257,Electronics Accessories,2,16.69,33.38,loyal
INV100761,2024-06-13,C00280,United Kingdom,P0089,Apparel Item 0089,Apparel,1,7.02,7.02,loyal
INV100761,2024-06-13,C00280,United Kingdom,P0046,Toys Item 0046,Toys,1,13.41,13.41,loyal
INV100761,2024-06-13,C00280,United Kingdom,P0147,Electronics Item 0147,Electronics Accessories,1,21.42,21.42,loyal
INV100761,2024-06-13,C00280,United Kingdom,P0202,Toys Item 0202,Toys,2,3.81,7.62,loyal
INV100761,2024-06-13,C00280,United Kingdom,P0296,Electronics Item 0296,Electronics Accessories,4,13.81,55.24,loyal
INV100761,2024-06-13,C00280,United Kingdom,P0162,Sports Item 0162,Sports,1,19.3,19.3,loyal
INV100990,2024-06-13,C00293,United Kingdom,P0234,Beauty Item 0234,Beauty,3,14.59,43.77,loyal
INV100990,2024-06-13,C00293,United Kingdom,P0179,Toys Item 0179,Toys,2,14.27,28.54,loyal
INV100990,2024-06-13,C00293,United Kingdom,P0108,Garden Item 0108,Garden,1,12.75,12.75,loyal
INV100990,2024-06-13,C00293,United Kingdom,P0061,Stationery Item 0061,Stationery,4,8.19,32.76,loyal
INV100990,2024-06-13,C00293,United Kingdom,P0217,Electronics Item 0217,Electronics Accessories,4,2.06,8.24,loyal
INV100028,2024-06-14,C00359,France,P0260,Garden Item 0260,Garden,4,17.06,68.24,champion
INV100028,2024-06-14,C00359,France,P0249,Apparel Item 0249,Apparel,3,7.46,22.38,champion
INV100028,2024-06-14,C00359,France,P0215,Stationery Item 0215,Stationery,5,15.43,77.15,champion
INV100028,2024-06-14,C00359,France,P0024,Sports Item 0024,Sports,3,9.12,27.36,champion
INV100484,2024-06-14,C00150,United Kingdom,P0108,Garden Item 0108,Garden,5,12.75,63.75,regular
INV100730,2024-06-14,C00117,Netherlands,P0226,Sports Item 0226,Sports,4,6.07,24.28,loyal
INV100730,2024-06-14,C00117,Netherlands,P0150,Garden Item 0150,Garden,1,11.59,11.59,loyal
INV100730,2024-06-14,C00117,Netherlands,P0167,Sports Item 0167,Sports,1,9.45,9.45,loyal
INV100730,2024-06-14,C00117,Netherlands,P0073,Garden Item 0073,Garden,2,8.64,17.28,loyal
INV100730,2024-06-14,C00117,Netherlands,P0003,Beauty Item 0003,Beauty,3,11.37,34.11,loyal
INV101078,2024-06-14,C00398,France,P0016,Beauty Item 0016,Beauty,4,16.32,65.28,regular
INV100708,2024-06-15,C00290,Spain,P0203,Sports Item 0203,Sports,1,20.16,20.16,regular
INV100708,2024-06-15,C00290,Spain,P0262,Home Item 0262,Home & Kitchen,5,8.77,43.85,regular
INV100708,2024-06-15,C00290,Spain,P0077,Home Item 0077,Home & Kitchen,2,8.82,17.64,regular
INV100708,2024-06-15,C00290,Spain,P0164,Home Item 0164,Home & Kitchen,3,19.4,58.2,regular
INV100748,2024-06-15,C00046,Spain,P0052,Beauty Item 0052,Beauty,4,4.18,16.72,loyal
INV100082,2024-06-16,C00096,United Kingdom,P0206,Stationery Item 0206,Stationery,4,9.37,37.48,loyal
INV100082,2024-06-16,C00096,United Kingdom,P0012,Beauty Item 0012,Beauty,3,8.67,26.01,loyal
INV100369,2024-06-16,C00119,United Kingdom,P0100,Electronics Item 0100,Electronics Accessories,3,5.18,15.54,loyal
INV100544,2024-06-16,C00409,France,P0028,Beauty Item 0028,Beauty,4,5.04,20.16,champion
INV100544,2024-06-16,C00409,France,P0234,Beauty Item 0234,Beauty,5,14.59,72.95,champion
INV100654,2024-06-16,C00493,Netherlands,P0182,Toys Item 0182,Toys,3,14.77,44.31,loyal
INV100654,2024-06-16,C00493,Netherlands,P0021,Sports Item 0021,Sports,2,9.22,18.44,loyal
INV100654,2024-06-16,C00493,Netherlands,P0035,Toys Item 0035,Toys,2,15.71,31.42,loyal
INV100654,2024-06-16,C00493,Netherlands,P0238,Beauty Item 0238,Beauty,4,13.56,54.24,loyal
INV100654,2024-06-16,C00493,Netherlands,P0032,Toys Item 0032,Toys,2,7.2,14.4,loyal
INV100654,2024-06-16,C00493,Netherlands,P0149,Toys Item 0149,Toys,4,6.39,25.56,loyal
INV100654,2024-06-16,C00493,Netherlands,P0209,Garden Item 0209,Garden,1,20.19,20.19,loyal
INV100197,2024-06-17,C00159,United Kingdom,P0281,Beauty Item 0281,Beauty,3,2.14,6.42,regular
INV100197,2024-06-17,C00159,United Kingdom,P0218,Electronics Item 0218,Electronics Accessories,5,6.37,31.85,regular
INV100351,2024-06-17,C00298,Germany,P0031,Apparel Item 0031,Apparel,3,17.17,51.51,regular
INV100351,2024-06-17,C00298,Germany,P0028,Beauty Item 0028,Beauty,1,5.04,5.04,regular
INV100351,2024-06-17,C00298,Germany,P0158,Garden Item 0158,Garden,4,8.27,33.08,regular
INV100351,2024-06-17,C00298,Germany,P0045,Electronics Item 0045,Electronics Accessories,3,3.96,11.88,regular
INV100351,2024-06-17,C00298,Germany,P0061,Stationery Item 0061,Stationery,1,8.19,8.19,regular
INV100914,2024-06-17,C00103,France,P0299,Home Item 0299,Home & Kitchen,3,23.81,71.43,loyal
INV100914,2024-06-17,C00103,France,P0154,Home Item 0154,Home & Kitchen,5,12.36,61.8,loyal
INV100914,2024-06-17,C00103,France,P0192,Garden Item 0192,Garden,3,17.1,51.3,loyal
INV100914,2024-06-17,C00103,France,P0094,Apparel Item 0094,Apparel,1,14.15,14.15,loyal
INV100929,2024-06-17,C00405,Spain,P0277,Beauty Item 0277,Beauty,2,18.96,37.92,loyal
INV101081,2024-06-17,C00066,United Kingdom,P0179,Toys Item 0179,Toys,3,14.27,42.81,regular
INV101081,2024-06-17,C00066,United Kingdom,P0292,Beauty Item 0292,Beauty,4,5.92,23.68,regular
INV101081,2024-06-17,C00066,United Kingdom,P0282,Beauty Item 0282,Beauty,4,10.02,40.08,regular
INV101081,2024-06-17,C00066,United Kingdom,P0191,Stationery Item 0191,Stationery,3,8.67,26.01,regular
INV101356,2024-06-17,C00272,United Kingdom,P0082,Home Item 0082,Home & Kitchen,4,2.54,10.16,loyal
INV101356,2024-06-17,C00272,United Kingdom,P0204,Apparel Item 0204,Apparel,2,44.41,88.82,loyal
INV100037,2024-06-18,C00022,United Kingdom,P0296,Electronics Item 0296,Electronics Accessories,2,13.81,27.62,loyal
INV100136,2024-06-18,C00071,Netherlands,P0206,Stationery Item 0206,Stationery,5,9.37,46.85,champion
INV100136,2024-06-18,C00071,Netherlands,P0285,Toys Item 0285,Toys,4,5.98,23.92,champion
INV100348,2024-06-18,C00453,United Kingdom,P0018,Beauty Item 0018,Beauty,4,19.88,79.52,regular
INV100348,2024-06-18,C00453,United Kingdom,P0226,Sports Item 0226,Sports,2,6.07,12.14,regular
INV100348,2024-06-18,C00453,United Kingdom,P0287,Toys Item 0287,Toys,4,17.98,71.92,regular
INV100348,2024-06-18,C00453,United Kingdom,P0043,Electronics Item 0043,Electronics Accessories,5,19.52,97.6,regular
INV100348,2024-06-18,C00453,United Kingdom,P0023,Garden Item 0023,Garden,2,6.18,12.36,regular
INV100348,2024-06-18,C00453,United Kingdom,P0194,Garden Item 0194,Garden,1,48.13,48.13,regular
INV100348,2024-06-18,C00453,United Kingdom,P0286,Toys Item 0286,Toys,3,17.4,52.2,regular
INV100215,2024-06-19,C00229,United Kingdom,P0051,Stationery Item 0051,Stationery,5,7.32,36.6,loyal
INV100272,2024-06-19,C00375,Spain,P0234,Beauty Item 0234,Beauty,3,14.59,43.77,regular
INV100272,2024-06-19,C00375,Spain,P0191,Stationery Item 0191,Stationery,4,8.67,34.68,regular
INV100325,2024-06-19,C00415,Germany,P0056,Toys Item 0056,Toys,1,5.63,5.63,loyal
INV100325,2024-06-19,C00415,Germany,P0177,Apparel Item 0177,Apparel,4,7.91,31.64,loyal
INV100325,2024-06-19,C00415,Germany,P0238,Beauty Item 0238,Beauty,5,13.56,67.8,loyal
INV100325,2024-06-19,C00415,Germany,P0023,Garden Item 0023,Garden,2,6.18,12.36,loyal
INV100325,2024-06-19,C00415,Germany,P0258,Toys Item 0258,Toys,3,17.95,53.85,loyal
INV100325,2024-06-19,C00415,Germany,P0016,Beauty Item 0016,Beauty,4,16.32,65.28,loyal
INV100621,2024-06-19,C00343,United Kingdom,P0293,Toys Item 0293,Toys,4,13.85,55.4,loyal
INV100621,2024-06-19,C00343,United Kingdom,P0078,Apparel Item 0078,Apparel,1,26.81,26.81,loyal
INV100621,2024-06-19,C00343,United Kingdom,P0267,Electronics Item 0267,Electronics Accessories,2,11.36,22.72,loyal
INV100621,2024-06-19,C00343,United Kingdom,P0269,Electronics Item 0269,Electronics Accessories,4,3.48,13.92,loyal
INV100640,2024-06-19,C00353,United Kingdom,P0054,Toys Item 0054,Toys,1,14.13,14.13,regular
INV100777,2024-06-19,C00224,France,P0060,Garden Item 0060,Garden,4,5.43,21.72,champion
INV100777,2024-06-19,C00224,France,P0095,Sports Item 0095,Sports,1,6.85,6.85,champion
INV100777,2024-06-19,C00224,France,P0261,Stationery Item 0261,Stationery,2,4.53,9.06,champion
INV100777,2024-06-19,C00224,France,P0176,Toys Item 0176,Toys,2,20.55,41.1,champion
INV100777,2024-06-19,C00224,France,P0179,Toys Item 0179,Toys,5,14.27,71.35,champion
INV100777,2024-06-19,C00224,France,P0045,Electronics Item 0045,Electronics Accessories,5,3.96,19.8,champion
INV100777,2024-06-19,C00224,France,P0274,Apparel Item 0274,Apparel,5,17.17,85.85,champion
INV100777,2024-06-19,C00224,France,P0112,Apparel Item 0112,Apparel,1,14.8,14.8,champion
INV100777,2024-06-19,C00224,France,P0273,Stationery Item 0273,Stationery,2,14.81,29.62,champion
INV100861,2024-06-19,C00125,Germany,P0018,Beauty Item 0018,Beauty,4,19.88,79.52,loyal
INV100861,2024-06-19,C00125,Germany,P0049,Home Item 0049,Home & Kitchen,5,26.16,130.8,loyal
INV100861,2024-06-19,C00125,Germany,P0139,Stationery Item 0139,Stationery,3,2.18,6.54,loyal
INV100861,2024-06-19,C00125,Germany,P0115,Home Item 0115,Home & Kitchen,2,20.54,41.08,loyal
INV100861,2024-06-19,C00125,Germany,P0057,Beauty Item 0057,Beauty,4,13.72,54.88,loyal
INV101026,2024-06-19,C00092,Germany,P0260,Garden Item 0260,Garden,5,17.06,85.3,at_risk
INV100126,2024-06-20,C00214,Germany,P0117,Beauty Item 0117,Beauty,3,11.91,35.73,champion
INV100186,2024-06-20,C00224,France,P0096,Toys Item 0096,Toys,3,10.29,30.87,champion
INV100186,2024-06-20,C00224,France,P0257,Electronics Item 0257,Electronics Accessories,3,16.69,50.07,champion
INV100186,2024-06-20,C00224,France,P0138,Stationery Item 0138,Stationery,4,23.38,93.52,champion
INV100186,2024-06-20,C00224,France,P0291,Sports Item 0291,Sports,1,23.03,23.03,champion
INV100186,2024-06-20,C00224,France,P0019,Electronics Item 0019,Electronics Accessories,3,17.73,53.19,champion
INV100186,2024-06-20,C00224,France,P0278,Toys Item 0278,Toys,4,8.56,34.24,champion
INV100186,2024-06-20,C00224,France,P0119,Stationery Item 0119,Stationery,2,27.78,55.56,champion
INV100186,2024-06-20,C00224,France,P0186,Sports Item 0186,Sports,3,11.3,33.9,champion
INV100186,2024-06-20,C00224,France,P0272,Stationery Item 0272,Stationery,4,43.64,174.56,champion
INV100186,2024-06-20,C00224,France,P0121,Toys Item 0121,Toys,1,8.89,8.89,champion
INV100443,2024-06-20,C00149,Germany,P0043,Electronics Item 0043,Electronics Accessories,4,19.52,78.08,regular
INV100443,2024-06-20,C00149,Germany,P0006,Toys Item 0006,Toys,1,14.64,14.64,regular
INV100745,2024-06-20,C00028,Germany,P0264,Home Item 0264,Home & Kitchen,5,16.77,83.85,loyal
INV100745,2024-06-20,C00028,Germany,P0021,Sports Item 0021,Sports,3,9.22,27.66,loyal
INV100069,2024-06-21,C00045,France,P0147,Electronics Item 0147,Electronics Accessories,5,21.42,107.1,regular
INV100157,2024-06-21,C00038,Spain,P0055,Toys Item 0055,Toys,1,36.31,36.31,champion
INV100157,2024-06-21,C00038,Spain,P0211,Garden Item 0211,Garden,4,10.09,40.36,champion
INV100157,2024-06-21,C00038,Spain,P0138,Stationery Item 0138,Stationery,1,23.38,23.38,champion
INV100157,2024-06-21,C00038,Spain,P0095,Sports Item 0095,Sports,3,6.85,20.55,champion
INV100157,2024-06-21,C00038,Spain,P0176,Toys Item 0176,Toys,5,20.55,102.75,champion
INV100157,2024-06-21,C00038,Spain,P0240,Garden Item 0240,Garden,4,7.99,31.96,champion
INV100157,2024-06-21,C00038,Spain,P0105,Beauty Item 0105,Beauty,2,10.5,21.0,champion
INV100157,2024-06-21,C00038,Spain,P0297,Stationery Item 0297,Stationery,2,18.82,37.64,champion
INV100157,2024-06-21,C00038,Spain,P0073,Garden Item 0073,Garden,4,8.64,34.56,champion
INV101339,2024-06-21,C00179,Spain,P0281,Beauty Item 0281,Beauty,5,2.14,10.7,loyal
INV101339,2024-06-21,C00179,Spain,P0223,Sports Item 0223,Sports,5,37.0,185.0,loyal
INV101339,2024-06-21,C00179,Spain,P0123,Toys Item 0123,Toys,4,19.79,79.16,loyal
INV101339,2024-06-21,C00179,Spain,P0080,Toys Item 0080,Toys,4,10.29,41.16,loyal
INV101449,2024-06-21,C00232,Germany,P0230,Apparel Item 0230,Apparel,2,13.03,26.06,loyal
INV101449,2024-06-21,C00232,Germany,P0184,Stationery Item 0184,Stationery,5,12.05,60.25,loyal
INV101486,2024-06-21,C00219,France,P0258,Toys Item 0258,Toys,1,17.95,17.95,at_risk
INV101486,2024-06-21,C00219,France,P0151,Toys Item 0151,Toys,3,19.71,59.13,at_risk
INV101486,2024-06-21,C00219,France,P0220,Sports Item 0220,Sports,2,13.16,26.32,at_risk
INV101486,2024-06-21,C00219,France,P0100,Electronics Item 0100,Electronics Accessories,4,5.18,20.72,at_risk
INV100051,2024-06-22,C00474,Germany,P0282,Beauty Item 0282,Beauty,1,10.02,10.02,loyal
INV100344,2024-06-22,C00227,France,P0215,Stationery Item 0215,Stationery,1,15.43,15.43,champion
INV100344,2024-06-22,C00227,France,P0096,Toys Item 0096,Toys,5,10.29,51.45,champion
INV100344,2024-06-22,C00227,France,P0157,Toys Item 0157,Toys,1,16.13,16.13,champion
INV100344,2024-06-22,C00227,France,P0184,Stationery Item 0184,Stationery,3,12.05,36.15,champion
INV100349,2024-06-22,C00404,United Kingdom,P0035,Toys Item 0035,Toys,1,15.71,15.71,loyal
INV100455,2024-06-22,C00103,France,P0281,Beauty Item 0281,Beauty,2,2.14,4.28,loyal
INV100455,2024-06-22,C00103,France,P0298,Stationery Item 0298,Stationery,1,2.24,2.24,loyal
INV100455,2024-06-22,C00103,France,P0024,Sports Item 0024,Sports,3,9.12,27.36,loyal
INV100455,2024-06-22,C00103,France,P0066,Toys Item 0066,Toys,2,6.01,12.02,loyal
INV100455,2024-06-22,C00103,France,P0246,Electronics Item 0246,Electronics Accessories,5,13.44,67.2,loyal
INV100612,2024-06-22,C00112,United Kingdom,P0057,Beauty Item 0057,Beauty,1,13.72,13.72,loyal
INV100612,2024-06-22,C00112,United Kingdom,P0092,Home Item 0092,Home & Kitchen,2,34.22,68.44,loyal
INV100612,2024-06-22,C00112,United Kingdom,P0226,Sports Item 0226,Sports,1,6.07,6.07,loyal
INV100612,2024-06-22,C00112,United Kingdom,P0105,Beauty Item 0105,Beauty,2,10.5,21.0,loyal
INV100612,2024-06-22,C00112,United Kingdom,P0225,Beauty Item 0225,Beauty,1,4.63,4.63,loyal
INV100612,2024-06-22,C00112,United Kingdom,P0242,Stationery Item 0242,Stationery,4,7.66,30.64,loyal
INV100612,2024-06-22,C00112,United Kingdom,P0094,Apparel Item 0094,Apparel,1,14.15,14.15,loyal
INV100829,2024-06-22,C00398,France,P0269,Electronics Item 0269,Electronics Accessories,5,3.48,17.4,regular
INV100829,2024-06-22,C00398,France,P0252,Sports Item 0252,Sports,2,8.64,17.28,regular
INV100829,2024-06-22,C00398,France,P0115,Home Item 0115,Home & Kitchen,1,20.54,20.54,regular
INV100668,2024-06-23,C00470,Netherlands,P0042,Apparel Item 0042,Apparel,2,5.8,11.6,champion
INV100668,2024-06-23,C00470,Netherlands,P0297,Stationery Item 0297,Stationery,1,18.82,18.82,champion
INV100668,2024-06-23,C00470,Netherlands,P0132,Apparel Item 0132,Apparel,5,33.27,166.35,champion
INV100668,2024-06-23,C00470,Netherlands,P0045,Electronics Item 0045,Electronics Accessories,5,3.96,19.8,champion
INV100668,2024-06-23,C00470,Netherlands,P0158,Garden Item 0158,Garden,4,8.27,33.08,champion
INV100668,2024-06-23,C00470,Netherlands,P0135,Beauty Item 0135,Beauty,4,17.3,69.2,champion
INV100668,2024-06-23,C00470,Netherlands,P0120,Sports Item 0120,Sports,2,12.93,25.86,champion
INV100668,2024-06-23,C00470,Netherlands,P0059,Garden Item 0059,Garden,2,22.24,44.48,champion
INV100668,2024-06-23,C00470,Netherlands,P0185,Home Item 0185,Home & Kitchen,5,22.37,111.85,champion
INV100834,2024-06-23,C00397,United Kingdom,P0134,Beauty Item 0134,Beauty,4,8.0,32.0,loyal
INV100834,2024-06-23,C00397,United Kingdom,P0243,Toys Item 0243,Toys,3,7.38,22.14,loyal
INV100834,2024-06-23,C00397,United Kingdom,P0103,Garden Item 0103,Garden,4,5.64,22.56,loyal
INV100834,2024-06-23,C00397,United Kingdom,P0145,Electronics Item 0145,Electronics Accessories,1,13.74,13.74,loyal
INV100895,2024-06-23,C00396,Spain,P0202,Toys Item 0202,Toys,3,3.81,11.43,champion
INV100895,2024-06-23,C00396,Spain,P0251,Sports Item 0251,Sports,1,7.43,7.43,champion
INV100895,2024-06-23,C00396,Spain,P0225,Beauty Item 0225,Beauty,5,4.63,23.15,champion
INV100895,2024-06-23,C00396,Spain,P0009,Sports Item 0009,Sports,3,10.35,31.05,champion
INV101216,2024-06-23,C00388,France,P0082,Home Item 0082,Home & Kitchen,2,2.54,5.08,regular
INV101216,2024-06-23,C00388,France,P0213,Toys Item 0213,Toys,2,13.64,27.28,regular
INV101216,2024-06-23,C00388,France,P0079,Sports Item 0079,Sports,1,17.36,17.36,regular
INV101316,2024-06-23,C00268,United Kingdom,P0265,Home Item 0265,Home & Kitchen,3,6.17,18.51,regular
INV101316,2024-06-23,C00268,United Kingdom,P0199,Sports Item 0199,Sports,1,14.62,14.62,regular
INV101316,2024-06-23,C00268,United Kingdom,P0087,Home Item 0087,Home & Kitchen,5,9.17,45.85,regular
INV101316,2024-06-23,C00268,United Kingdom,P0003,Beauty Item 0003,Beauty,3,11.37,34.11,regular
INV101316,2024-06-23,C00268,United Kingdom,P0259,Apparel Item 0259,Apparel,5,12.89,64.45,regular
INV101464,2024-06-23,C00004,United Kingdom,P0150,Garden Item 0150,Garden,3,11.59,34.77,loyal
INV101495,2024-06-23,C00194,United Kingdom,P0078,Apparel Item 0078,Apparel,2,26.81,53.62,loyal
INV101495,2024-06-23,C00194,United Kingdom,P0021,Sports Item 0021,Sports,4,9.22,36.88,loyal
INV101495,2024-06-23,C00194,United Kingdom,P0132,Apparel Item 0132,Apparel,5,33.27,166.35,loyal
INV101495,2024-06-23,C00194,United Kingdom,P0181,Beauty Item 0181,Beauty,1,22.25,22.25,loyal
INV100103,2024-06-24,C00401,Ireland,P0105,Beauty Item 0105,Beauty,1,10.5,10.5,regular
INV100103,2024-06-24,C00401,Ireland,P0158,Garden Item 0158,Garden,5,8.27,41.35,regular
INV100274,2024-06-24,C00353,United Kingdom,P0197,Beauty Item 0197,Beauty,4,6.6,26.4,regular
INV100274,2024-06-24,C00353,United Kingdom,P0293,Toys Item 0293,Toys,3,13.85,41.55,regular
INV100274,2024-06-24,C00353,United Kingdom,P0276,Apparel Item 0276,Apparel,4,8.49,33.96,regular
INV100274,2024-06-24,C00353,United Kingdom,P0118,Apparel Item 0118,Apparel,3,9.67,29.01,regular
INV100327,2024-06-24,C00487,United Kingdom,P0179,Toys Item 0179,Toys,3,14.27,42.81,champion
INV100327,2024-06-24,C00487,United Kingdom,P0293,Toys Item 0293,Toys,1,13.85,13.85,champion
INV100327,2024-06-24,C00487,United Kingdom,P0068,Beauty Item 0068,Beauty,3,7.24,21.72,champion
INV100327,2024-06-24,C00487,United Kingdom,P0080,Toys Item 0080,Toys,4,10.29,41.16,champion
INV100334,2024-06-24,C00144,Germany,P0293,Toys Item 0293,Toys,3,13.85,41.55,loyal
INV100334,2024-06-24,C00144,Germany,P0007,Stationery Item 0007,Stationery,1,19.96,19.96,loyal
INV100334,2024-06-24,C00144,Germany,P0257,Electronics Item 0257,Electronics Accessories,3,16.69,50.07,loyal
INV100334,2024-06-24,C00144,Germany,P0126,Sports Item 0126,Sports,2,23.67,47.34,loyal
INV100506,2024-06-24,C00264,France,P0172,Sports Item 0172,Sports,2,6.08,12.16,regular
INV100506,2024-06-24,C00264,France,P0183,Beauty Item 0183,Beauty,4,14.45,57.8,regular
INV100773,2024-06-24,C00174,Germany,P0116,Stationery Item 0116,Stationery,3,8.27,24.81,at_risk
INV100773,2024-06-24,C00174,Germany,P0142,Apparel Item 0142,Apparel,3,14.63,43.89,at_risk
INV100773,2024-06-24,C00174,Germany,P0140,Apparel Item 0140,Apparel,4,15.06,60.24,at_risk
INV100773,2024-06-24,C00174,Germany,P0139,Stationery Item 0139,Stationery,2,2.18,4.36,at_risk
INV101044,2024-06-24,C00151,United Kingdom,P0270,Electronics Item 0270,Electronics Accessories,3,13.76,41.28,loyal
INV101044,2024-06-24,C00151,United Kingdom,P0110,Sports Item 0110,Sports,1,14.16,14.16,loyal
INV101044,2024-06-24,C00151,United Kingdom,P0198,Garden Item 0198,Garden,1,17.59,17.59,loyal
INV101044,2024-06-24,C00151,United Kingdom,P0272,Stationery Item 0272,Stationery,5,43.64,218.2,loyal
INV101044,2024-06-24,C00151,United Kingdom,P0135,Beauty Item 0135,Beauty,1,17.3,17.3,loyal
INV101122,2024-06-24,C00241,Spain,P0265,Home Item 0265,Home & Kitchen,5,6.17,30.85,loyal
INV101122,2024-06-24,C00241,Spain,P0067,Sports Item 0067,Sports,2,14.79,29.58,loyal
INV100138,2024-06-25,C00493,Netherlands,P0200,Garden Item 0200,Garden,1,9.29,9.29,loyal
INV100548,2024-06-25,C00194,United Kingdom,P0130,Home Item 0130,Home & Kitchen,1,18.87,18.87,loyal
INV100548,2024-06-25,C00194,United Kingdom,P0145,Electronics Item 0145,Electronics Accessories,5,13.74,68.7,loyal
INV100548,2024-06-25,C00194,United Kingdom,P0133,Home Item 0133,Home & Kitchen,2,3.6,7.2,loyal
INV100548,2024-06-25,C00194,United Kingdom,P0255,Electronics Item 0255,Electronics Accessories,1,2.75,2.75,loyal
INV100548,2024-06-25,C00194,United Kingdom,P0144,Apparel Item 0144,Apparel,2,13.41,26.82,loyal
INV100810,2024-06-25,C00071,Netherlands,P0096,Toys Item 0096,Toys,1,10.29,10.29,champion
INV100810,2024-06-25,C00071,Netherlands,P0291,Sports Item 0291,Sports,2,23.03,46.06,champion
INV100810,2024-06-25,C00071,Netherlands,P0175,Garden Item 0175,Garden,2,15.65,31.3,champion
INV100810,2024-06-25,C00071,Netherlands,P0023,Garden Item 0023,Garden,4,6.18,24.72,champion
INV100810,2024-06-25,C00071,Netherlands,P0283,Toys Item 0283,Toys,5,9.72,48.6,champion
INV100810,2024-06-25,C00071,Netherlands,P0297,Stationery Item 0297,Stationery,1,18.82,18.82,champion
INV100810,2024-06-25,C00071,Netherlands,P0246,Electronics Item 0246,Electronics Accessories,4,13.44,53.76,champion
INV101376,2024-06-25,C00468,United Kingdom,P0091,Garden Item 0091,Garden,39,11.0,429.0,loyal
INV101376,2024-06-25,C00468,United Kingdom,P0292,Beauty Item 0292,Beauty,31,5.33,165.23,loyal
INV101376,2024-06-25,C00468,United Kingdom,P0232,Stationery Item 0232,Stationery,38,11.74,446.12,loyal
INV101376,2024-06-25,C00468,United Kingdom,P0104,Beauty Item 0104,Beauty,24,13.73,329.52,loyal
INV101376,2024-06-25,C00468,United Kingdom,P0062,Stationery Item 0062,Stationery,20,29.16,583.2,loyal
INV101376,2024-06-25,C00468,United Kingdom,P0087,Home Item 0087,Home & Kitchen,15,8.25,123.75,loyal
INV101376,2024-06-25,C00468,United Kingdom,P0284,Apparel Item 0284,Apparel,29,19.83,575.07,loyal
INV101376,2024-06-25,C00468,United Kingdom,P0184,Stationery Item 0184,Stationery,39,10.85,423.15,loyal
INV101376,2024-06-25,C00468,United Kingdom,P0145,Electronics Item 0145,Electronics Accessories,16,12.37,197.92,loyal
INV101376,2024-06-25,C00468,United Kingdom,P0189,Garden Item 0189,Garden,39,8.46,329.94,loyal
INV101376,2024-06-25,C00468,United Kingdom,P0160,Garden Item 0160,Garden,21,12.04,252.84,loyal
INV101376,2024-06-25,C00468,United Kingdom,P0033,Sports Item 0033,Sports,37,7.94,293.78,loyal
INV101376,2024-06-25,C00468,United Kingdom,P0285,Toys Item 0285,Toys,16,5.38,86.08,loyal
INV101376,2024-06-25,C00468,United Kingdom,P0035,Toys Item 0035,Toys,37,14.14,523.18,loyal
INV101376,2024-06-25,C00468,United Kingdom,P0058,Garden Item 0058,Garden,23,6.72,154.56,loyal
INV101376,2024-06-25,C00468,United Kingdom,P0277,Beauty Item 0277,Beauty,21,17.06,358.26,loyal
INV101376,2024-06-25,C00468,United Kingdom,P0193,Apparel Item 0193,Apparel,20,19.99,399.8,loyal
INV101376,2024-06-25,C00468,United Kingdom,P0037,Toys Item 0037,Toys,18,9.81,176.58,loyal
INV101376,2024-06-25,C00468,United Kingdom,P0212,Sports Item 0212,Sports,34,24.79,842.86,loyal
INV101376,2024-06-25,C00468,United Kingdom,P0167,Sports Item 0167,Sports,16,8.5,136.0,loyal
INV101376,2024-06-25,C00468,United Kingdom,P0229,Stationery Item 0229,Stationery,26,9.28,241.28,loyal
INV101376,2024-06-25,C00468,United Kingdom,P0157,Toys Item 0157,Toys,38,14.52,551.76,loyal
INV101376,2024-06-25,C00468,United Kingdom,P0161,Home Item 0161,Home & Kitchen,25,6.27,156.75,loyal
INV101376,2024-06-25,C00468,United Kingdom,P0149,Toys Item 0149,Toys,35,5.75,201.25,loyal
INV101376,2024-06-25,C00468,United Kingdom,P0094,Apparel Item 0094,Apparel,32,12.74,407.68,loyal
INV101376,2024-06-25,C00468,United Kingdom,P0098,Beauty Item 0098,Beauty,34,9.71,330.14,loyal
INV101376,2024-06-25,C00468,United Kingdom,P0250,Stationery Item 0250,Stationery,38,10.58,402.04,loyal
INV101376,2024-06-25,C00468,United Kingdom,P0071,Beauty Item 0071,Beauty,17,11.51,195.67,loyal
INV101376,2024-06-25,C00468,United Kingdom,P0262,Home Item 0262,Home & Kitchen,22,7.89,173.58,loyal
INV101376,2024-06-25,C00468,United Kingdom,P0072,Home Item 0072,Home & Kitchen,23,22.87,526.01,loyal
INV101376,2024-06-25,C00468,United Kingdom,P0207,Apparel Item 0207,Apparel,16,9.77,156.32,loyal
INV100204,2024-06-26,C00114,United Kingdom,P0161,Home Item 0161,Home & Kitchen,2,6.97,13.94,loyal
INV100204,2024-06-26,C00114,United Kingdom,P0245,Beauty Item 0245,Beauty,1,3.3,3.3,loyal
INV100254,2024-06-26,C00239,France,P0113,Garden Item 0113,Garden,4,5.12,20.48,regular
INV100254,2024-06-26,C00239,France,P0116,Stationery Item 0116,Stationery,5,8.27,41.35,regular
INV100254,2024-06-26,C00239,France,P0049,Home Item 0049,Home & Kitchen,5,26.16,130.8,regular
INV100254,2024-06-26,C00239,France,P0012,Beauty Item 0012,Beauty,1,8.67,8.67,regular
INV100606,2024-06-26,C00024,United Kingdom,P0234,Beauty Item 0234,Beauty,4,14.59,58.36,loyal
INV100606,2024-06-26,C00024,United Kingdom,P0287,Toys Item 0287,Toys,5,17.98,89.9,loyal
INV100606,2024-06-26,C00024,United Kingdom,P0032,Toys Item 0032,Toys,1,7.2,7.2,loyal
INV100606,2024-06-26,C00024,United Kingdom,P0261,Stationery Item 0261,Stationery,2,4.53,9.06,loyal
INV100982,2024-06-26,C00134,United Kingdom,P0093,Beauty Item 0093,Beauty,3,9.44,28.32,champion
INV100982,2024-06-26,C00134,United Kingdom,P0062,Stationery Item 0062,Stationery,2,32.4,64.8,champion
INV100982,2024-06-26,C00134,United Kingdom,P0001,Sports Item 0001,Sports,3,20.7,62.1,champion
INV100982,2024-06-26,C00134,United Kingdom,P0034,Apparel Item 0034,Apparel,2,8.29,16.58,champion
INV100982,2024-06-26,C00134,United Kingdom,P0055,Toys Item 0055,Toys,2,36.31,72.62,champion
INV100982,2024-06-26,C00134,United Kingdom,P0208,Sports Item 0208,Sports,5,17.62,88.1,champion
INV100982,2024-06-26,C00134,United Kingdom,P0005,Electronics Item 0005,Electronics Accessories,3,23.02,69.06,champion
INV100982,2024-06-26,C00134,United Kingdom,P0110,Sports Item 0110,Sports,1,14.16,14.16,champion
INV100982,2024-06-26,C00134,United Kingdom,P0258,Toys Item 0258,Toys,2,17.95,35.9,champion
INV100982,2024-06-26,C00134,United Kingdom,P0113,Garden Item 0113,Garden,5,5.12,25.6,champion
INV100982,2024-06-26,C00134,United Kingdom,P0290,Garden Item 0290,Garden,1,5.49,5.49,champion
INV100982,2024-06-26,C00134,United Kingdom,P0112,Apparel Item 0112,Apparel,5,14.8,74.0,champion
INV100982,2024-06-26,C00134,United Kingdom,P0210,Beauty Item 0210,Beauty,2,6.08,12.16,champion
INV100982,2024-06-26,C00134,United Kingdom,P0257,Electronics Item 0257,Electronics Accessories,4,16.69,66.76,champion
INV100982,2024-06-26,C00134,United Kingdom,P0156,Beauty Item 0156,Beauty,3,6.52,19.56,champion
INV100982,2024-06-26,C00134,United Kingdom,P0288,Stationery Item 0288,Stationery,4,9.96,39.84,champion
INV100982,2024-06-26,C00134,United Kingdom,P0227,Garden Item 0227,Garden,4,14.32,57.28,champion
INV100982,2024-06-26,C00134,United Kingdom,P0298,Stationery Item 0298,Stationery,1,2.24,2.24,champion
INV100982,2024-06-26,C00134,United Kingdom,P0146,Garden Item 0146,Garden,2,10.36,20.72,champion
INV100982,2024-06-26,C00134,United Kingdom,P0259,Apparel Item 0259,Apparel,3,12.89,38.67,champion
INV101134,2024-06-26,C00495,United Kingdom,P0162,Sports Item 0162,Sports,5,19.3,96.5,regular
INV101148,2024-06-26,C00433,United Kingdom,P0166,Electronics Item 0166,Electronics Accessories,4,7.11,28.44,regular
INV101148,2024-06-26,C00433,United Kingdom,P0030,Toys Item 0030,Toys,4,8.54,34.16,regular
INV101148,2024-06-26,C00433,United Kingdom,P0122,Stationery Item 0122,Stationery,5,31.73,158.65,regular
INV101244,2024-06-26,C00396,Spain,P0092,Home Item 0092,Home & Kitchen,5,34.22,171.1,champion
INV101244,2024-06-26,C00396,Spain,P0159,Home Item 0159,Home & Kitchen,4,7.2,28.8,champion
INV101244,2024-06-26,C00396,Spain,P0232,Stationery Item 0232,Stationery,2,13.04,26.08,champion
INV101244,2024-06-26,C00396,Spain,P0099,Toys Item 0099,Toys,5,3.9,19.5,champion
INV101244,2024-06-26,C00396,Spain,P0180,Stationery Item 0180,Stationery,2,9.07,18.14,champion
INV101244,2024-06-26,C00396,Spain,P0141,Sports Item 0141,Sports,3,16.81,50.43,champion
INV101244,2024-06-26,C00396,Spain,P0038,Beauty Item 0038,Beauty,4,4.36,17.44,champion
INV101287,2024-06-26,C00215,Spain,P0107,Home Item 0107,Home & Kitchen,2,7.79,15.58,loyal
INV101287,2024-06-26,C00215,Spain,P0201,Electronics Item 0201,Electronics Accessories,2,2.96,5.92,loyal
INV100400,2024-06-27,C00463,Spain,P0091,Garden Item 0091,Garden,1,12.22,12.22,loyal
INV100400,2024-06-27,C00463,Spain,P0299,Home Item 0299,Home & Kitchen,5,23.81,119.05,loyal
INV100400,2024-06-27,C00463,Spain,P0182,Toys Item 0182,Toys,5,14.77,73.85,loyal
INV100400,2024-06-27,C00463,Spain,P0275,Toys Item 0275,Toys,2,7.98,15.96,loyal
INV100434,2024-06-27,C00247,United Kingdom,P0033,Sports Item 0033,Sports,2,8.82,17.64,at_risk
INV100601,2024-06-27,C00202,Germany,P0105,Beauty Item 0105,Beauty,4,10.5,42.0,regular
INV100601,2024-06-27,C00202,Germany,P0037,Toys Item 0037,Toys,5,10.9,54.5,regular
INV101073,2024-06-27,C00207,United Kingdom,P0270,Electronics Item 0270,Electronics Accessories,1,13.76,13.76,dormant
INV100097,2024-06-28,C00307,Spain,P0110,Sports Item 0110,Sports,3,14.16,42.48,loyal
INV100097,2024-06-28,C00307,Spain,P0072,Home Item 0072,Home & Kitchen,3,25.41,76.23,loyal
INV100097,2024-06-28,C00307,Spain,P0134,Beauty Item 0134,Beauty,5,8.0,40.0,loyal
INV100097,2024-06-28,C00307,Spain,P0023,Garden Item 0023,Garden,5,6.18,30.9,loyal
INV100447,2024-06-28,C00220,Ireland,P0005,Electronics Item 0005,Electronics Accessories,2,23.02,46.04,loyal
INV100447,2024-06-28,C00220,Ireland,P0269,Electronics Item 0269,Electronics Accessories,2,3.48,6.96,loyal
INV100447,2024-06-28,C00220,Ireland,P0216,Stationery Item 0216,Stationery,1,7.88,7.88,loyal
INV100447,2024-06-28,C00220,Ireland,P0115,Home Item 0115,Home & Kitchen,3,20.54,61.62,loyal
INV100840,2024-06-28,C00071,Netherlands,P0060,Garden Item 0060,Garden,5,5.43,27.15,champion
INV100840,2024-06-28,C00071,Netherlands,P0239,Apparel Item 0239,Apparel,3,3.39,10.17,champion
INV100840,2024-06-28,C00071,Netherlands,P0187,Garden Item 0187,Garden,5,6.33,31.65,champion
INV100840,2024-06-28,C00071,Netherlands,P0261,Stationery Item 0261,Stationery,5,4.53,22.65,champion
INV100840,2024-06-28,C00071,Netherlands,P0011,Stationery Item 0011,Stationery,5,15.05,75.25,champion
INV100840,2024-06-28,C00071,Netherlands,P0176,Toys Item 0176,Toys,2,20.55,41.1,champion
INV100840,2024-06-28,C00071,Netherlands,P0072,Home Item 0072,Home & Kitchen,4,25.41,101.64,champion
INV100840,2024-06-28,C00071,Netherlands,P0193,Apparel Item 0193,Apparel,2,22.21,44.42,champion
INV100840,2024-06-28,C00071,Netherlands,P0148,Apparel Item 0148,Apparel,5,27.92,139.6,champion
INV100840,2024-06-28,C00071,Netherlands,P0116,Stationery Item 0116,Stationery,5,8.27,41.35,champion
INV100840,2024-06-28,C00071,Netherlands,P0242,Stationery Item 0242,Stationery,4,7.66,30.64,champion
INV100840,2024-06-28,C00071,Netherlands,P0064,Beauty Item 0064,Beauty,5,5.73,28.65,champion
INV100946,2024-06-28,C00432,Netherlands,P0117,Beauty Item 0117,Beauty,5,11.91,59.55,champion
INV100946,2024-06-28,C00432,Netherlands,P0204,Apparel Item 0204,Apparel,3,44.41,133.23,champion
INV100946,2024-06-28,C00432,Netherlands,P0134,Beauty Item 0134,Beauty,4,8.0,32.0,champion
INV100946,2024-06-28,C00432,Netherlands,P0177,Apparel Item 0177,Apparel,3,7.91,23.73,champion
INV100946,2024-06-28,C00432,Netherlands,P0043,Electronics Item 0043,Electronics Accessories,4,19.52,78.08,champion
INV100946,2024-06-28,C00432,Netherlands,P0278,Toys Item 0278,Toys,1,8.56,8.56,champion
INV100946,2024-06-28,C00432,Netherlands,P0295,Home Item 0295,Home & Kitchen,2,11.96,23.92,champion
INV100946,2024-06-28,C00432,Netherlands,P0294,Toys Item 0294,Toys,4,5.09,20.36,champion
INV100946,2024-06-28,C00432,Netherlands,P0167,Sports Item 0167,Sports,1,9.45,9.45,champion
INV101258,2024-06-28,C00220,Ireland,P0165,Home Item 0165,Home & Kitchen,1,4.44,4.44,loyal
INV101258,2024-06-28,C00220,Ireland,P0257,Electronics Item 0257,Electronics Accessories,5,16.69,83.45,loyal
INV101258,2024-06-28,C00220,Ireland,P0080,Toys Item 0080,Toys,2,10.29,20.58,loyal
INV101258,2024-06-28,C00220,Ireland,P0106,Garden Item 0106,Garden,5,9.58,47.9,loyal
INV101258,2024-06-28,C00220,Ireland,P0067,Sports Item 0067,Sports,4,14.79,59.16,loyal
INV101258,2024-06-28,C00220,Ireland,P0271,Garden Item 0271,Garden,1,4.37,4.37,loyal
INV101258,2024-06-28,C00220,Ireland,P0186,Sports Item 0186,Sports,1,11.3,11.3,loyal
INV101258,2024-06-28,C00220,Ireland,P0037,Toys Item 0037,Toys,3,10.9,32.7,loyal
INV101258,2024-06-28,C00220,Ireland,P0077,Home Item 0077,Home & Kitchen,1,8.82,8.82,loyal
INV100634,2024-06-29,C00170,United Kingdom,P0188,Beauty Item 0188,Beauty,4,5.1,20.4,regular
INV100634,2024-06-29,C00170,United Kingdom,P0190,Stationery Item 0190,Stationery,1,5.75,5.75,regular
INV100634,2024-06-29,C00170,United Kingdom,P0005,Electronics Item 0005,Electronics Accessories,1,23.02,23.02,regular
INV100656,2024-06-29,C00151,United Kingdom,P0192,Garden Item 0192,Garden,2,17.1,34.2,loyal
INV100656,2024-06-29,C00151,United Kingdom,P0088,Garden Item 0088,Garden,1,25.85,25.85,loyal
INV100656,2024-06-29,C00151,United Kingdom,P0043,Electronics Item 0043,Electronics Accessories,5,19.52,97.6,loyal
INV100656,2024-06-29,C00151,United Kingdom,P0024,Sports Item 0024,Sports,2,9.12,18.24,loyal
INV100656,2024-06-29,C00151,United Kingdom,P0290,Garden Item 0290,Garden,5,5.49,27.45,loyal
INV100656,2024-06-29,C00151,United Kingdom,P0197,Beauty Item 0197,Beauty,1,6.6,6.6,loyal
INV100656,2024-06-29,C00151,United Kingdom,P0259,Apparel Item 0259,Apparel,3,12.89,38.67,loyal
INV100746,2024-06-29,C00242,United Kingdom,P0221,Sports Item 0221,Sports,1,18.04,18.04,loyal
INV100746,2024-06-29,C00242,United Kingdom,P0036,Toys Item 0036,Toys,5,10.76,53.8,loyal
INV101249,2024-06-29,C00409,France,P0198,Garden Item 0198,Garden,3,17.59,52.77,champion
INV101249,2024-06-29,C00409,France,P0043,Electronics Item 0043,Electronics Accessories,1,19.52,19.52,champion
INV101249,2024-06-29,C00409,France,P0023,Garden Item 0023,Garden,5,6.18,30.9,champion
INV101249,2024-06-29,C00409,France,P0227,Garden Item 0227,Garden,2,14.32,28.64,champion
INV101249,2024-06-29,C00409,France,P0278,Toys Item 0278,Toys,5,8.56,42.8,champion
INV101249,2024-06-29,C00409,France,P0286,Toys Item 0286,Toys,2,17.4,34.8,champion
INV101249,2024-06-29,C00409,France,P0218,Electronics Item 0218,Electronics Accessories,3,6.37,19.11,champion
INV101293,2024-06-29,C00328,United Kingdom,P0216,Stationery Item 0216,Stationery,5,7.88,39.4,loyal
INV101293,2024-06-29,C00328,United Kingdom,P0140,Apparel Item 0140,Apparel,2,15.06,30.12,loyal
INV100102,2024-06-30,C00446,Ireland,P0161,Home Item 0161,Home & Kitchen,4,6.97,27.88,champion
INV100102,2024-06-30,C00446,Ireland,P0152,Toys Item 0152,Toys,2,42.54,85.08,champion
INV100102,2024-06-30,C00446,Ireland,P0269,Electronics Item 0269,Electronics Accessories,3,3.48,10.44,champion
INV100102,2024-06-30,C00446,Ireland,P0160,Garden Item 0160,Garden,4,13.38,53.52,champion
INV100114,2024-06-30,C00409,France,P0201,Electronics Item 0201,Electronics Accessories,2,2.96,5.92,champion
INV100114,2024-06-30,C00409,France,P0064,Beauty Item 0064,Beauty,2,5.73,11.46,champion
INV100762,2024-06-30,C00082,United Kingdom,P0097,Stationery Item 0097,Stationery,3,7.93,23.79,regular
INV100774,2024-06-30,C00354,United Kingdom,P0119,Stationery Item 0119,Stationery,5,27.78,138.9,regular
INV100774,2024-06-30,C00354,United Kingdom,P0201,Electronics Item 0201,Electronics Accessories,2,2.96,5.92,regular
INV100774,2024-06-30,C00354,United Kingdom,P0113,Garden Item 0113,Garden,1,5.12,5.12,regular
INV100697,2024-07-01,C00229,United Kingdom,P0208,Sports Item 0208,Sports,1,17.62,17.62,loyal
INV100697,2024-07-01,C00229,United Kingdom,P0070,Beauty Item 0070,Beauty,2,12.9,25.8,loyal
INV100847,2024-07-01,C00148,Germany,P0289,Home Item 0289,Home & Kitchen,2,3.62,7.24,at_risk
INV101043,2024-07-01,C00071,Netherlands,P0159,Home Item 0159,Home & Kitchen,2,7.2,14.4,champion
INV101043,2024-07-01,C00071,Netherlands,P0239,Apparel Item 0239,Apparel,1,3.39,3.39,champion
INV101043,2024-07-01,C00071,Netherlands,P0006,Toys Item 0006,Toys,4,14.64,58.56,champion
INV101043,2024-07-01,C00071,Netherlands,P0099,Toys Item 0099,Toys,3,3.9,11.7,champion
INV101043,2024-07-01,C00071,Netherlands,P0200,Garden Item 0200,Garden,4,9.29,37.16,champion
INV101043,2024-07-01,C00071,Netherlands,P0278,Toys Item 0278,Toys,3,8.56,25.68,champion
INV101043,2024-07-01,C00071,Netherlands,P0209,Garden Item 0209,Garden,2,20.19,40.38,champion
INV101043,2024-07-01,C00071,Netherlands,P0136,Beauty Item 0136,Beauty,4,11.76,47.04,champion
INV101043,2024-07-01,C00071,Netherlands,P0144,Apparel Item 0144,Apparel,5,13.41,67.05,champion
INV100080,2024-07-02,C00197,Netherlands,P0090,Garden Item 0090,Garden,4,12.93,51.72,loyal
INV100080,2024-07-02,C00197,Netherlands,P0279,Apparel Item 0279,Apparel,3,9.71,29.13,loyal
INV100080,2024-07-02,C00197,Netherlands,P0084,Toys Item 0084,Toys,4,9.13,36.52,loyal
INV100080,2024-07-02,C00197,Netherlands,P0006,Toys Item 0006,Toys,1,14.64,14.64,loyal
INV100143,2024-07-02,C00333,Netherlands,P0006,Toys Item 0006,Toys,4,14.64,58.56,champion
INV100143,2024-07-02,C00333,Netherlands,P0088,Garden Item 0088,Garden,3,25.85,77.55,champion
INV100143,2024-07-02,C00333,Netherlands,P0258,Toys Item 0258,Toys,5,17.95,89.75,champion
INV100143,2024-07-02,C00333,Netherlands,P0045,Electronics Item 0045,Electronics Accessories,3,3.96,11.88,champion
INV100143,2024-07-02,C00333,Netherlands,P0272,Stationery Item 0272,Stationery,1,43.64,43.64,champion
INV100143,2024-07-02,C00333,Netherlands,P0184,Stationery Item 0184,Stationery,1,12.05,12.05,champion
INV100143,2024-07-02,C00333,Netherlands,P0160,Garden Item 0160,Garden,2,13.38,26.76,champion
INV100466,2024-07-02,C00499,France,P0204,Apparel Item 0204,Apparel,2,44.41,88.82,loyal
INV100466,2024-07-02,C00499,France,P0065,Stationery Item 0065,Stationery,5,38.71,193.55,loyal
INV100466,2024-07-02,C00499,France,P0107,Home Item 0107,Home & Kitchen,3,7.79,23.37,loyal
INV100466,2024-07-02,C00499,France,P0101,Stationery Item 0101,Stationery,3,55.1,165.3,loyal
INV100466,2024-07-02,C00499,France,P0033,Sports Item 0033,Sports,1,8.82,8.82,loyal
INV100482,2024-07-02,C00277,United Kingdom,P0265,Home Item 0265,Home & Kitchen,1,6.17,6.17,regular
INV100482,2024-07-02,C00277,United Kingdom,P0288,Stationery Item 0288,Stationery,1,9.96,9.96,regular
INV100482,2024-07-02,C00277,United Kingdom,P0045,Electronics Item 0045,Electronics Accessories,4,3.96,15.84,regular
INV100482,2024-07-02,C00277,United Kingdom,P0127,Toys Item 0127,Toys,1,32.0,32.0,regular
INV100482,2024-07-02,C00277,United Kingdom,P0282,Beauty Item 0282,Beauty,4,10.02,40.08,regular
INV100772,2024-07-02,C00245,United Kingdom,P0187,Garden Item 0187,Garden,5,6.33,31.65,champion
INV100772,2024-07-02,C00245,United Kingdom,P0054,Toys Item 0054,Toys,3,14.13,42.39,champion
INV100772,2024-07-02,C00245,United Kingdom,P0128,Stationery Item 0128,Stationery,1,9.37,9.37,champion
INV100772,2024-07-02,C00245,United Kingdom,P0178,Garden Item 0178,Garden,5,15.19,75.95,champion
INV100772,2024-07-02,C00245,United Kingdom,P0129,Sports Item 0129,Sports,2,7.01,14.02,champion
INV100772,2024-07-02,C00245,United Kingdom,P0105,Beauty Item 0105,Beauty,1,10.5,10.5,champion
INV100772,2024-07-02,C00245,United Kingdom,P0036,Toys Item 0036,Toys,4,10.76,43.04,champion
INV100772,2024-07-02,C00245,United Kingdom,P0113,Garden Item 0113,Garden,1,5.12,5.12,champion
INV100772,2024-07-02,C00245,United Kingdom,P0145,Electronics Item 0145,Electronics Accessories,2,13.74,27.48,champion
INV100772,2024-07-02,C00245,United Kingdom,P0248,Apparel Item 0248,Apparel,1,18.11,18.11,champion
INV100772,2024-07-02,C00245,United Kingdom,P0041,Electronics Item 0041,Electronics Accessories,4,18.37,73.48,champion
INV100772,2024-07-02,C00245,United Kingdom,P0182,Toys Item 0182,Toys,5,14.77,73.85,champion
INV100772,2024-07-02,C00245,United Kingdom,P0242,Stationery Item 0242,Stationery,1,7.66,7.66,champion
INV100772,2024-07-02,C00245,United Kingdom,P0046,Toys Item 0046,Toys,3,13.41,40.23,champion
INV101426,2024-07-02,C00023,United Kingdom,P0236,Toys Item 0236,Toys,3,18.12,54.36,champion
INV101426,2024-07-02,C00023,United Kingdom,P0262,Home Item 0262,Home & Kitchen,5,8.77,43.85,champion
INV101426,2024-07-02,C00023,United Kingdom,P0155,Apparel Item 0155,Apparel,3,3.52,10.56,champion
INV101426,2024-07-02,C00023,United Kingdom,P0216,Stationery Item 0216,Stationery,1,7.88,7.88,champion
INV101426,2024-07-02,C00023,United Kingdom,P0156,Beauty Item 0156,Beauty,5,6.52,32.6,champion
INV101426,2024-07-02,C00023,United Kingdom,P0214,Beauty Item 0214,Beauty,4,5.84,23.36,champion
INV101426,2024-07-02,C00023,United Kingdom,P0090,Garden Item 0090,Garden,4,12.93,51.72,champion
INV101426,2024-07-02,C00023,United Kingdom,P0158,Garden Item 0158,Garden,1,8.27,8.27,champion
INV101426,2024-07-02,C00023,United Kingdom,P0105,Beauty Item 0105,Beauty,3,10.5,31.5,champion
INV101426,2024-07-02,C00023,United Kingdom,P0273,Stationery Item 0273,Stationery,3,14.81,44.43,champion
INV101426,2024-07-02,C00023,United Kingdom,P0282,Beauty Item 0282,Beauty,5,10.02,50.1,champion
INV101426,2024-07-02,C00023,United Kingdom,P0144,Apparel Item 0144,Apparel,2,13.41,26.82,champion
INV100110,2024-07-03,C00074,United Kingdom,P0096,Toys Item 0096,Toys,37,9.26,342.62,regular
INV100110,2024-07-03,C00074,United Kingdom,P0137,Beauty Item 0137,Beauty,22,6.44,141.68,regular
INV100110,2024-07-03,C00074,United Kingdom,P0190,Stationery Item 0190,Stationery,39,5.17,201.63,regular
INV100110,2024-07-03,C00074,United Kingdom,P0155,Apparel Item 0155,Apparel,23,3.17,72.91,regular
INV100110,2024-07-03,C00074,United Kingdom,P0062,Stationery Item 0062,Stationery,35,29.16,1020.6,regular
INV100110,2024-07-03,C00074,United Kingdom,P0034,Apparel Item 0034,Apparel,34,7.46,253.64,regular
INV100110,2024-07-03,C00074,United Kingdom,P0073,Garden Item 0073,Garden,36,7.78,280.08,regular
INV100110,2024-07-03,C00074,United Kingdom,P0064,Beauty Item 0064,Beauty,15,5.16,77.4,regular
INV100110,2024-07-03,C00074,United Kingdom,P0166,Electronics Item 0166,Electronics Accessories,27,6.4,172.8,regular
INV100110,2024-07-03,C00074,United Kingdom,P0208,Sports Item 0208,Sports,29,15.86,459.94,regular
INV100110,2024-07-03,C00074,United Kingdom,P0039,Home Item 0039,Home & Kitchen,35,13.44,470.4,regular
INV100110,2024-07-03,C00074,United Kingdom,P0251,Sports Item 0251,Sports,20,6.69,133.8,regular
INV100110,2024-07-03,C00074,United Kingdom,P0141,Sports Item 0141,Sports,22,15.13,332.86,regular
INV100110,2024-07-03,C00074,United Kingdom,P0225,Beauty Item 0225,Beauty,19,4.17,79.23,regular
INV100110,2024-07-03,C00074,United Kingdom,P0048,Apparel Item 0048,Apparel,34,11.65,396.1,regular
INV100110,2024-07-03,C00074,United Kingdom,P0164,Home Item 0164,Home & Kitchen,39,17.46,680.94,regular
INV100110,2024-07-03,C00074,United Kingdom,P0296,Electronics Item 0296,Electronics Accessories,18,12.43,223.74,regular
INV100110,2024-07-03,C00074,United Kingdom,P0154,Home Item 0154,Home & Kitchen,20,11.12,222.4,regular
INV100110,2024-07-03,C00074,United Kingdom,P0065,Stationery Item 0065,Stationery,22,34.84,766.48,regular
INV100110,2024-07-03,C00074,United Kingdom,P0128,Stationery Item 0128,Stationery,37,8.43,311.91,regular
INV100110,2024-07-03,C00074,United Kingdom,P0290,Garden Item 0290,Garden,26,4.94,128.44,regular
INV100110,2024-07-03,C00074,United Kingdom,P0085,Stationery Item 0085,Stationery,22,3.91,86.02,regular
INV100110,2024-07-03,C00074,United Kingdom,P0196,Stationery Item 0196,Stationery,23,9.96,229.08,regular
INV100110,2024-07-03,C00074,United Kingdom,P0262,Home Item 0262,Home & Kitchen,29,7.89,228.81,regular
INV100110,2024-07-03,C00074,United Kingdom,P0043,Electronics Item 0043,Electronics Accessories,24,17.57,421.68,regular
INV100110,2024-07-03,C00074,United Kingdom,P0288,Stationery Item 0288,Stationery,18,8.96,161.28,regular
INV100110,2024-07-03,C00074,United Kingdom,P0254,Garden Item 0254,Garden,35,42.39,1483.65,regular
INV100110,2024-07-03,C00074,United Kingdom,P0124,Toys Item 0124,Toys,25,4.82,120.5,regular
INV100132,2024-07-03,C00152,United Kingdom,P0008,Stationery Item 0008,Stationery,3,7.1,21.3,loyal
INV100132,2024-07-03,C00152,United Kingdom,P0258,Toys Item 0258,Toys,4,17.95,71.8,loyal
INV100132,2024-07-03,C00152,United Kingdom,P0240,Garden Item 0240,Garden,3,7.99,23.97,loyal
INV100132,2024-07-03,C00152,United Kingdom,P0150,Garden Item 0150,Garden,3,11.59,34.77,loyal
INV100132,2024-07-03,C00152,United Kingdom,P0140,Apparel Item 0140,Apparel,2,15.06,30.12,loyal
INV100132,2024-07-03,C00152,United Kingdom,P0085,Stationery Item 0085,Stationery,5,4.34,21.7,loyal
INV100132,2024-07-03,C00152,United Kingdom,P0202,Toys Item 0202,Toys,5,3.81,19.05,loyal
INV100132,2024-07-03,C00152,United Kingdom,P0242,Stationery Item 0242,Stationery,1,7.66,7.66,loyal
INV100132,2024-07-03,C00152,United Kingdom,P0046,Toys Item 0046,Toys,2,13.41,26.82,loyal
INV100210,2024-07-03,C00320,United Kingdom,P0018,Beauty Item 0018,Beauty,1,19.88,19.88,loyal
INV100210,2024-07-03,C00320,United Kingdom,P0030,Toys Item 0030,Toys,2,8.54,17.08,loyal
INV100210,2024-07-03,C00320,United Kingdom,P0106,Garden Item 0106,Garden,5,9.58,47.9,loyal
INV100210,2024-07-03,C00320,United Kingdom,P0192,Garden Item 0192,Garden,5,17.1,85.5,loyal
INV100210,2024-07-03,C00320,United Kingdom,P0288,Stationery Item 0288,Stationery,3,9.96,29.88,loyal
INV100210,2024-07-03,C00320,United Kingdom,P0139,Stationery Item 0139,Stationery,5,2.18,10.9,loyal
INV100210,2024-07-03,C00320,United Kingdom,P0246,Electronics Item 0246,Electronics Accessories,3,13.44,40.32,loyal
INV100210,2024-07-03,C00320,United Kingdom,P0064,Beauty Item 0064,Beauty,1,5.73,5.73,loyal
INV100511,2024-07-03,C00021,United Kingdom,P0073,Garden Item 0073,Garden,2,8.64,17.28,champion
INV100511,2024-07-03,C00021,United Kingdom,P0022,Garden Item 0022,Garden,1,9.52,9.52,champion
INV100511,2024-07-03,C00021,United Kingdom,P0061,Stationery Item 0061,Stationery,2,8.19,16.38,champion
INV100511,2024-07-03,C00021,United Kingdom,P0263,Toys Item 0263,Toys,4,10.21,40.84,champion
INV100527,2024-07-03,C00067,United Kingdom,P0026,Sports Item 0026,Sports,2,9.03,18.06,champion
INV100527,2024-07-03,C00067,United Kingdom,P0044,Apparel Item 0044,Apparel,2,13.46,26.92,champion
INV100527,2024-07-03,C00067,United Kingdom,P0101,Stationery Item 0101,Stationery,3,55.1,165.3,champion
INV100527,2024-07-03,C00067,United Kingdom,P0093,Beauty Item 0093,Beauty,3,9.44,28.32,champion
INV100527,2024-07-03,C00067,United Kingdom,P0156,Beauty Item 0156,Beauty,1,6.52,6.52,champion
INV100527,2024-07-03,C00067,United Kingdom,P0100,Electronics Item 0100,Electronics Accessories,1,5.18,5.18,champion
INV100527,2024-07-03,C00067,United Kingdom,P0130,Home Item 0130,Home & Kitchen,4,18.87,75.48,champion
INV100527,2024-07-03,C00067,United Kingdom,P0146,Garden Item 0146,Garden,5,10.36,51.8,champion
INV100527,2024-07-03,C00067,United Kingdom,P0086,Toys Item 0086,Toys,5,15.78,78.9,champion
INV100527,2024-07-03,C00067,United Kingdom,P0103,Garden Item 0103,Garden,5,5.64,28.2,champion
INV100535,2024-07-03,C00213,Netherlands,P0223,Sports Item 0223,Sports,5,37.0,185.0,loyal
INV100535,2024-07-03,C00213,Netherlands,P0089,Apparel Item 0089,Apparel,5,7.02,35.1,loyal
INV100535,2024-07-03,C00213,Netherlands,P0090,Garden Item 0090,Garden,4,12.93,51.72,loyal
INV100535,2024-07-03,C00213,Netherlands,P0040,Toys Item 0040,Toys,4,25.32,101.28,loyal
INV100535,2024-07-03,C00213,Netherlands,P0046,Toys Item 0046,Toys,2,13.41,26.82,loyal
INV100638,2024-07-03,C00271,Germany,P0256,Home Item 0256,Home & Kitchen,2,10.1,20.2,champion
INV100638,2024-07-03,C00271,Germany,P0189,Garden Item 0189,Garden,2,9.4,18.8,champion
INV101343,2024-07-03,C00259,Germany,P0226,Sports Item 0226,Sports,2,6.07,12.14,regular
INV101343,2024-07-03,C00259,Germany,P0256,Home Item 0256,Home & Kitchen,1,10.1,10.1,regular
INV101343,2024-07-03,C00259,Germany,P0299,Home Item 0299,Home & Kitchen,4,23.81,95.24,regular
INV101343,2024-07-03,C00259,Germany,P0137,Beauty Item 0137,Beauty,4,7.15,28.6,regular
INV100032,2024-07-04,C00390,United Kingdom,P0125,Toys Item 0125,Toys,2,25.33,50.66,loyal
INV100032,2024-07-04,C00390,United Kingdom,P0170,Apparel Item 0170,Apparel,2,26.08,52.16,loyal
INV100032,2024-07-04,C00390,United Kingdom,P0149,Toys Item 0149,Toys,5,6.39,31.95,loyal
INV100032,2024-07-04,C00390,United Kingdom,P0039,Home Item 0039,Home & Kitchen,2,14.93,29.86,loyal
INV100209,2024-07-04,C00106,United Kingdom,P0016,Beauty Item 0016,Beauty,5,16.32,81.6,regular
INV100209,2024-07-04,C00106,United Kingdom,P0157,Toys Item 0157,Toys,2,16.13,32.26,regular
INV100209,2024-07-04,C00106,United Kingdom,P0130,Home Item 0130,Home & Kitchen,2,18.87,37.74,regular
INV100276,2024-07-04,C00410,United Kingdom,P0260,Garden Item 0260,Garden,4,17.06,68.24,loyal
INV100276,2024-07-04,C00410,United Kingdom,P0159,Home Item 0159,Home & Kitchen,4,7.2,28.8,loyal
INV100276,2024-07-04,C00410,United Kingdom,P0230,Apparel Item 0230,Apparel,1,13.03,13.03,loyal
INV100276,2024-07-04,C00410,United Kingdom,P0145,Electronics Item 0145,Electronics Accessories,5,13.74,68.7,loyal
INV100276,2024-07-04,C00410,United Kingdom,P0057,Beauty Item 0057,Beauty,3,13.72,41.16,loyal
INV100632,2024-07-04,C00294,United Kingdom,P0089,Apparel Item 0089,Apparel,4,7.02,28.08,regular
INV100632,2024-07-04,C00294,United Kingdom,P0003,Beauty Item 0003,Beauty,1,11.37,11.37,regular
INV100435,2024-07-05,C00270,United Kingdom,P0196,Stationery Item 0196,Stationery,3,11.07,33.21,regular
INV100435,2024-07-05,C00270,United Kingdom,P0051,Stationery Item 0051,Stationery,4,7.32,29.28,regular
INV100435,2024-07-05,C00270,United Kingdom,P0216,Stationery Item 0216,Stationery,3,7.88,23.64,regular
INV100435,2024-07-05,C00270,United Kingdom,P0199,Sports Item 0199,Sports,4,14.62,58.48,regular
INV100720,2024-07-05,C00274,Ireland,P0185,Home Item 0185,Home & Kitchen,3,22.37,67.11,at_risk
INV100720,2024-07-05,C00274,Ireland,P0254,Garden Item 0254,Garden,4,47.1,188.4,at_risk
INV100720,2024-07-05,C00274,Ireland,P0257,Electronics Item 0257,Electronics Accessories,1,16.69,16.69,at_risk
INV100933,2024-07-05,C00270,United Kingdom,P0063,Apparel Item 0063,Apparel,3,21.21,63.63,regular
INV101160,2024-07-05,C00309,United Kingdom,P0031,Apparel Item 0031,Apparel,4,17.17,68.68,at_risk
INV101276,2024-07-05,C00226,France,P0122,Stationery Item 0122,Stationery,4,31.73,126.92,loyal
INV101276,2024-07-05,C00226,France,P0021,Sports Item 0021,Sports,3,9.22,27.66,loyal
INV101276,2024-07-05,C00226,France,P0056,Toys Item 0056,Toys,5,5.63,28.15,loyal
INV101276,2024-07-05,C00226,France,P0024,Sports Item 0024,Sports,3,9.12,27.36,loyal
INV100026,2024-07-06,C00020,United Kingdom,P0018,Beauty Item 0018,Beauty,2,19.88,39.76,champion
INV100026,2024-07-06,C00020,United Kingdom,P0257,Electronics Item 0257,Electronics Accessories,4,16.69,66.76,champion
INV100026,2024-07-06,C00020,United Kingdom,P0159,Home Item 0159,Home & Kitchen,2,7.2,14.4,champion
INV100026,2024-07-06,C00020,United Kingdom,P0138,Stationery Item 0138,Stationery,2,23.38,46.76,champion
INV100026,2024-07-06,C00020,United Kingdom,P0088,Garden Item 0088,Garden,2,25.85,51.7,champion
INV100026,2024-07-06,C00020,United Kingdom,P0275,Toys Item 0275,Toys,2,7.98,15.96,champion
INV100026,2024-07-06,C00020,United Kingdom,P0019,Electronics Item 0019,Electronics Accessories,4,17.73,70.92,champion
INV100026,2024-07-06,C00020,United Kingdom,P0108,Garden Item 0108,Garden,3,12.75,38.25,champion
INV100026,2024-07-06,C00020,United Kingdom,P0249,Apparel Item 0249,Apparel,5,7.46,37.3,champion
INV100026,2024-07-06,C00020,United Kingdom,P0256,Home Item 0256,Home & Kitchen,4,10.1,40.4,champion
INV100503,2024-07-06,C00263,Ireland,P0136,Beauty Item 0136,Beauty,3,11.76,35.28,loyal
INV100675,2024-07-06,C00206,Germany,P0156,Beauty Item 0156,Beauty,5,6.52,32.6,loyal
INV100675,2024-07-06,C00206,Germany,P0261,Stationery Item 0261,Stationery,3,4.53,13.59,loyal
INV100675,2024-07-06,C00206,Germany,P0134,Beauty Item 0134,Beauty,4,8.0,32.0,loyal
INV100675,2024-07-06,C00206,Germany,P0241,Sports Item 0241,Sports,3,13.49,40.47,loyal
INV101254,2024-07-06,C00470,Netherlands,P0280,Beauty Item 0280,Beauty,1,6.37,6.37,champion
INV101254,2024-07-06,C00470,Netherlands,P0096,Toys Item 0096,Toys,5,10.29,51.45,champion
INV101254,2024-07-06,C00470,Netherlands,P0018,Beauty Item 0018,Beauty,5,19.88,99.4,champion
INV101254,2024-07-06,C00470,Netherlands,P0062,Stationery Item 0062,Stationery,5,32.4,162.0,champion
INV101254,2024-07-06,C00470,Netherlands,P0126,Sports Item 0126,Sports,5,23.67,118.35,champion
INV101254,2024-07-06,C00470,Netherlands,P0000,Home Item 0000,Home & Kitchen,2,5.41,10.82,champion
INV101254,2024-07-06,C00470,Netherlands,P0014,Sports Item 0014,Sports,4,10.64,42.56,champion
INV101254,2024-07-06,C00470,Netherlands,P0240,Garden Item 0240,Garden,3,7.99,23.97,champion
INV101254,2024-07-06,C00470,Netherlands,P0172,Sports Item 0172,Sports,5,6.08,30.4,champion
INV101254,2024-07-06,C00470,Netherlands,P0120,Sports Item 0120,Sports,5,12.93,64.65,champion
INV101254,2024-07-06,C00470,Netherlands,P0167,Sports Item 0167,Sports,1,9.45,9.45,champion
INV101254,2024-07-06,C00470,Netherlands,P0259,Apparel Item 0259,Apparel,5,12.89,64.45,champion
INV101028,2024-07-07,C00169,United Kingdom,P0092,Home Item 0092,Home & Kitchen,4,34.22,136.88,loyal
INV101028,2024-07-07,C00169,United Kingdom,P0093,Beauty Item 0093,Beauty,3,9.44,28.32,loyal
INV101028,2024-07-07,C00169,United Kingdom,P0156,Beauty Item 0156,Beauty,4,6.52,26.08,loyal
INV101028,2024-07-07,C00169,United Kingdom,P0114,Home Item 0114,Home & Kitchen,5,15.7,78.5,loyal
INV101028,2024-07-07,C00169,United Kingdom,P0158,Garden Item 0158,Garden,3,8.27,24.81,loyal
INV101028,2024-07-07,C00169,United Kingdom,P0186,Sports Item 0186,Sports,4,11.3,45.2,loyal
INV101028,2024-07-07,C00169,United Kingdom,P0046,Toys Item 0046,Toys,2,13.41,26.82,loyal
INV100004,2024-07-08,C00295,Germany,P0267,Electronics Item 0267,Electronics Accessories,1,11.36,11.36,champion
INV100004,2024-07-08,C00295,Germany,P0134,Beauty Item 0134,Beauty,3,8.0,24.0,champion
INV100004,2024-07-08,C00295,Germany,P0239,Apparel Item 0239,Apparel,5,3.39,16.95,champion
INV100004,2024-07-08,C00295,Germany,P0187,Garden Item 0187,Garden,2,6.33,12.66,champion
INV100118,2024-07-08,C00475,Germany,P0297,Stationery Item 0297,Stationery,3,18.82,56.46,at_risk
INV100175,2024-07-08,C00348,Germany,P0260,Garden Item 0260,Garden,4,17.06,68.24,champion
INV100175,2024-07-08,C00348,Germany,P0021,Sports Item 0021,Sports,5,9.22,46.1,champion
INV100175,2024-07-08,C00348,Germany,P0292,Beauty Item 0292,Beauty,2,5.92,11.84,champion
INV100175,2024-07-08,C00348,Germany,P0213,Toys Item 0213,Toys,4,13.64,54.56,champion
INV100175,2024-07-08,C00348,Germany,P0062,Stationery Item 0062,Stationery,2,32.4,64.8,champion
INV100175,2024-07-08,C00348,Germany,P0039,Home Item 0039,Home & Kitchen,4,14.93,59.72,champion
INV100175,2024-07-08,C00348,Germany,P0119,Stationery Item 0119,Stationery,4,27.78,111.12,champion
INV100175,2024-07-08,C00348,Germany,P0252,Sports Item 0252,Sports,2,8.64,17.28,champion
INV100175,2024-07-08,C00348,Germany,P0283,Toys Item 0283,Toys,5,9.72,48.6,champion
INV100175,2024-07-08,C00348,Germany,P0010,Sports Item 0010,Sports,5,16.22,81.1,champion
INV100175,2024-07-08,C00348,Germany,P0059,Garden Item 0059,Garden,5,22.24,111.2,champion
INV100175,2024-07-08,C00348,Germany,P0144,Apparel Item 0144,Apparel,2,13.41,26.82,champion
INV100326,2024-07-08,C00425,Netherlands,P0074,Beauty Item 0074,Beauty,3,28.74,86.22,loyal
INV100326,2024-07-08,C00425,Netherlands,P0292,Beauty Item 0292,Beauty,2,5.92,11.84,loyal
INV100326,2024-07-08,C00425,Netherlands,P0021,Sports Item 0021,Sports,3,9.22,27.66,loyal
INV100326,2024-07-08,C00425,Netherlands,P0169,Apparel Item 0169,Apparel,1,6.65,6.65,loyal
INV100326,2024-07-08,C00425,Netherlands,P0159,Home Item 0159,Home & Kitchen,3,7.2,21.6,loyal
INV100326,2024-07-08,C00425,Netherlands,P0232,Stationery Item 0232,Stationery,1,13.04,13.04,loyal
INV100326,2024-07-08,C00425,Netherlands,P0156,Beauty Item 0156,Beauty,1,6.52,6.52,loyal
INV100326,2024-07-08,C00425,Netherlands,P0000,Home Item 0000,Home & Kitchen,3,5.41,16.23,loyal
INV100326,2024-07-08,C00425,Netherlands,P0274,Apparel Item 0274,Apparel,3,17.17,51.51,loyal
INV100797,2024-07-08,C00384,Ireland,P0188,Beauty Item 0188,Beauty,2,5.1,10.2,champion
INV100797,2024-07-08,C00384,Ireland,P0001,Sports Item 0001,Sports,5,20.7,103.5,champion
INV100797,2024-07-08,C00384,Ireland,P0103,Garden Item 0103,Garden,2,5.64,11.28,champion
INV100797,2024-07-08,C00384,Ireland,P0135,Beauty Item 0135,Beauty,3,17.3,51.9,champion
INV101023,2024-07-08,C00423,United Kingdom,P0270,Electronics Item 0270,Electronics Accessories,4,13.76,55.04,loyal
INV101023,2024-07-08,C00423,United Kingdom,P0250,Stationery Item 0250,Stationery,2,11.75,23.5,loyal
INV101023,2024-07-08,C00423,United Kingdom,P0284,Apparel Item 0284,Apparel,5,22.03,110.15,loyal
INV101023,2024-07-08,C00423,United Kingdom,P0127,Toys Item 0127,Toys,4,32.0,128.0,loyal
INV101023,2024-07-08,C00423,United Kingdom,P0136,Beauty Item 0136,Beauty,3,11.76,35.28,loyal
INV101337,2024-07-08,C00190,United Kingdom,P0152,Toys Item 0152,Toys,3,42.54,127.62,loyal
INV101337,2024-07-08,C00190,United Kingdom,P0021,Sports Item 0021,Sports,1,9.22,9.22,loyal
INV101342,2024-07-08,C00128,United Kingdom,P0212,Sports Item 0212,Sports,2,27.54,55.08,loyal
INV101342,2024-07-08,C00128,United Kingdom,P0204,Apparel Item 0204,Apparel,4,44.41,177.64,loyal
INV101342,2024-07-08,C00128,United Kingdom,P0000,Home Item 0000,Home & Kitchen,3,5.41,16.23,loyal
INV101342,2024-07-08,C00128,United Kingdom,P0115,Home Item 0115,Home & Kitchen,2,20.54,41.08,loyal
INV100461,2024-07-09,C00202,Germany,P0270,Electronics Item 0270,Electronics Accessories,1,13.76,13.76,regular
INV100461,2024-07-09,C00202,Germany,P0048,Apparel Item 0048,Apparel,2,12.95,25.9,regular
INV100461,2024-07-09,C00202,Germany,P0216,Stationery Item 0216,Stationery,4,7.88,31.52,regular
INV101046,2024-07-09,C00017,Germany,P0182,Toys Item 0182,Toys,5,14.77,73.85,loyal
INV101046,2024-07-09,C00017,Germany,P0163,Sports Item 0163,Sports,1,16.1,16.1,loyal
INV101046,2024-07-09,C00017,Germany,P0058,Garden Item 0058,Garden,2,7.47,14.94,loyal
INV101046,2024-07-09,C00017,Germany,P0085,Stationery Item 0085,Stationery,5,4.34,21.7,loyal
INV101046,2024-07-09,C00017,Germany,P0288,Stationery Item 0288,Stationery,1,9.96,9.96,loyal
INV101046,2024-07-09,C00017,Germany,P0173,Apparel Item 0173,Apparel,4,19.11,76.44,loyal
INV101046,2024-07-09,C00017,Germany,P0254,Garden Item 0254,Garden,3,47.1,141.3,loyal
INV101046,2024-07-09,C00017,Germany,P0255,Electronics Item 0255,Electronics Accessories,3,2.75,8.25,loyal
INV101082,2024-07-09,C00295,Germany,P0169,Apparel Item 0169,Apparel,2,6.65,13.3,champion
INV101082,2024-07-09,C00295,Germany,P0270,Electronics Item 0270,Electronics Accessories,4,13.76,55.04,champion
INV101082,2024-07-09,C00295,Germany,P0221,Sports Item 0221,Sports,3,18.04,54.12,champion
INV101082,2024-07-09,C00295,Germany,P0054,Toys Item 0054,Toys,3,14.13,42.39,champion
INV101082,2024-07-09,C00295,Germany,P0089,Apparel Item 0089,Apparel,3,7.02,21.06,champion
INV101082,2024-07-09,C00295,Germany,P0182,Toys Item 0182,Toys,5,14.77,73.85,champion
INV101082,2024-07-09,C00295,Germany,P0002,Garden Item 0002,Garden,3,12.52,37.56,champion
INV101138,2024-07-09,C00353,United Kingdom,P0047,Apparel Item 0047,Apparel,4,29.75,119.0,regular
INV101138,2024-07-09,C00353,United Kingdom,P0001,Sports Item 0001,Sports,2,20.7,41.4,regular
INV101162,2024-07-09,C00158,France,P0005,Electronics Item 0005,Electronics Accessories,2,23.02,46.04,loyal
INV101341,2024-07-09,C00226,France,P0172,Sports Item 0172,Sports,5,6.08,30.4,loyal
INV101341,2024-07-09,C00226,France,P0262,Home Item 0262,Home & Kitchen,1,8.77,8.77,loyal
INV101341,2024-07-09,C00226,France,P0175,Garden Item 0175,Garden,3,15.65,46.95,loyal
INV101341,2024-07-09,C00226,France,P0014,Sports Item 0014,Sports,3,10.64,31.92,loyal
INV101348,2024-07-09,C00180,Netherlands,P0018,Beauty Item 0018,Beauty,5,19.88,99.4,loyal
INV101348,2024-07-09,C00180,Netherlands,P0128,Stationery Item 0128,Stationery,3,9.37,28.11,loyal
INV101348,2024-07-09,C00180,Netherlands,P0253,Toys Item 0253,Toys,3,5.41,16.23,loyal
INV101348,2024-07-09,C00180,Netherlands,P0213,Toys Item 0213,Toys,5,13.64,68.2,loyal
INV101355,2024-07-09,C00295,Germany,P0260,Garden Item 0260,Garden,3,17.06,51.18,champion
INV101355,2024-07-09,C00295,Germany,P0008,Stationery Item 0008,Stationery,4,7.1,28.4,champion
INV101355,2024-07-09,C00295,Germany,P0018,Beauty Item 0018,Beauty,3,19.88,59.64,champion
INV101355,2024-07-09,C00295,Germany,P0159,Home Item 0159,Home & Kitchen,2,7.2,14.4,champion
INV101355,2024-07-09,C00295,Germany,P0292,Beauty Item 0292,Beauty,4,5.92,23.68,champion
INV101355,2024-07-09,C00295,Germany,P0080,Toys Item 0080,Toys,3,10.29,30.87,champion
INV101355,2024-07-09,C00295,Germany,P0030,Toys Item 0030,Toys,5,8.54,42.7,champion
INV101355,2024-07-09,C00295,Germany,P0128,Stationery Item 0128,Stationery,5,9.37,46.85,champion
INV101355,2024-07-09,C00295,Germany,P0071,Beauty Item 0071,Beauty,5,12.79,63.95,champion
INV101355,2024-07-09,C00295,Germany,P0216,Stationery Item 0216,Stationery,3,7.88,23.64,champion
INV101355,2024-07-09,C00295,Germany,P0180,Stationery Item 0180,Stationery,4,9.07,36.28,champion
INV101355,2024-07-09,C00295,Germany,P0088,Garden Item 0088,Garden,1,25.85,25.85,champion
INV101355,2024-07-09,C00295,Germany,P0132,Apparel Item 0132,Apparel,4,33.27,133.08,champion
INV101355,2024-07-09,C00295,Germany,P0017,Toys Item 0017,Toys,4,13.41,53.64,champion
INV101355,2024-07-09,C00295,Germany,P0158,Garden Item 0158,Garden,4,8.27,33.08,champion
INV101355,2024-07-09,C00295,Germany,P0130,Home Item 0130,Home & Kitchen,1,18.87,18.87,champion
INV101355,2024-07-09,C00295,Germany,P0141,Sports Item 0141,Sports,3,16.81,50.43,champion
INV100384,2024-07-10,C00352,France,P0107,Home Item 0107,Home & Kitchen,5,7.79,38.95,regular
INV100384,2024-07-10,C00352,France,P0010,Sports Item 0010,Sports,4,16.22,64.88,regular
INV100384,2024-07-10,C00352,France,P0265,Home Item 0265,Home & Kitchen,2,6.17,12.34,regular
INV100384,2024-07-10,C00352,France,P0084,Toys Item 0084,Toys,2,9.13,18.26,regular
INV100415,2024-07-10,C00014,United Kingdom,P0091,Garden Item 0091,Garden,4,12.22,48.88,loyal
INV100415,2024-07-10,C00014,United Kingdom,P0096,Toys Item 0096,Toys,1,10.29,10.29,loyal
INV100415,2024-07-10,C00014,United Kingdom,P0201,Electronics Item 0201,Electronics Accessories,1,2.96,2.96,loyal
INV100415,2024-07-10,C00014,United Kingdom,P0298,Stationery Item 0298,Stationery,3,2.24,6.72,loyal
INV100415,2024-07-10,C00014,United Kingdom,P0002,Garden Item 0002,Garden,4,12.52,50.08,loyal
INV100580,2024-07-10,C00333,Netherlands,P0169,Apparel Item 0169,Apparel,5,6.65,33.25,champion
INV100580,2024-07-10,C00333,Netherlands,P0201,Electronics Item 0201,Electronics Accessories,1,2.96,2.96,champion
INV100580,2024-07-10,C00333,Netherlands,P0247,Home Item 0247,Home & Kitchen,5,15.37,76.85,champion
INV100580,2024-07-10,C00333,Netherlands,P0277,Beauty Item 0277,Beauty,2,18.96,37.92,champion
INV100580,2024-07-10,C00333,Netherlands,P0288,Stationery Item 0288,Stationery,2,9.96,19.92,champion
INV100580,2024-07-10,C00333,Netherlands,P0240,Garden Item 0240,Garden,3,7.99,23.97,champion
INV100580,2024-07-10,C00333,Netherlands,P0227,Garden Item 0227,Garden,2,14.32,28.64,champion
INV100580,2024-07-10,C00333,Netherlands,P0202,Toys Item 0202,Toys,4,3.81,15.24,champion
INV100580,2024-07-10,C00333,Netherlands,P0127,Toys Item 0127,Toys,5,32.0,160.0,champion
INV100580,2024-07-10,C00333,Netherlands,P0121,Toys Item 0121,Toys,5,8.89,44.45,champion
INV100877,2024-07-10,C00020,United Kingdom,P0262,Home Item 0262,Home & Kitchen,3,8.77,26.31,champion
INV100877,2024-07-10,C00020,United Kingdom,P0050,Apparel Item 0050,Apparel,2,27.66,55.32,champion
INV100877,2024-07-10,C00020,United Kingdom,P0062,Stationery Item 0062,Stationery,1,32.4,32.4,champion
INV100877,2024-07-10,C00020,United Kingdom,P0227,Garden Item 0227,Garden,4,14.32,57.28,champion
INV100877,2024-07-10,C00020,United Kingdom,P0113,Garden Item 0113,Garden,5,5.12,25.6,champion
INV100877,2024-07-10,C00020,United Kingdom,P0184,Stationery Item 0184,Stationery,4,12.05,48.2,champion
INV100877,2024-07-10,C00020,United Kingdom,P0224,Toys Item 0224,Toys,3,6.73,20.19,champion
INV100877,2024-07-10,C00020,United Kingdom,P0164,Home Item 0164,Home & Kitchen,4,19.4,77.6,champion
INV100923,2024-07-10,C00020,United Kingdom,P0091,Garden Item 0091,Garden,5,12.22,61.1,champion
INV100923,2024-07-10,C00020,United Kingdom,P0122,Stationery Item 0122,Stationery,5,31.73,158.65,champion
INV100923,2024-07-10,C00020,United Kingdom,P0257,Electronics Item 0257,Electronics Accessories,1,16.69,16.69,champion
INV100923,2024-07-10,C00020,United Kingdom,P0102,Toys Item 0102,Toys,5,14.39,71.95,champion
INV100923,2024-07-10,C00020,United Kingdom,P0004,Garden Item 0004,Garden,1,18.82,18.82,champion
INV100923,2024-07-10,C00020,United Kingdom,P0101,Stationery Item 0101,Stationery,3,55.1,165.3,champion
INV100923,2024-07-10,C00020,United Kingdom,P0014,Sports Item 0014,Sports,5,10.64,53.2,champion
INV100923,2024-07-10,C00020,United Kingdom,P0088,Garden Item 0088,Garden,5,25.85,129.25,champion
INV100923,2024-07-10,C00020,United Kingdom,P0087,Home Item 0087,Home & Kitchen,1,9.17,9.17,champion
INV100923,2024-07-10,C00020,United Kingdom,P0017,Toys Item 0017,Toys,1,13.41,13.41,champion
INV100923,2024-07-10,C00020,United Kingdom,P0272,Stationery Item 0272,Stationery,2,43.64,87.28,champion
INV100923,2024-07-10,C00020,United Kingdom,P0294,Toys Item 0294,Toys,2,5.09,10.18,champion
INV100923,2024-07-10,C00020,United Kingdom,P0097,Stationery Item 0097,Stationery,2,7.93,15.86,champion
INV100923,2024-07-10,C00020,United Kingdom,P0077,Home Item 0077,Home & Kitchen,3,8.82,26.46,champion
INV101229,2024-07-10,C00488,United Kingdom,P0229,Stationery Item 0229,Stationery,3,10.31,30.93,regular
INV101229,2024-07-10,C00488,United Kingdom,P0215,Stationery Item 0215,Stationery,4,15.43,61.72,regular
INV101229,2024-07-10,C00488,United Kingdom,P0138,Stationery Item 0138,Stationery,1,23.38,23.38,regular
INV101229,2024-07-10,C00488,United Kingdom,P0095,Sports Item 0095,Sports,5,6.85,34.25,regular
INV101229,2024-07-10,C00488,United Kingdom,P0128,Stationery Item 0128,Stationery,1,9.37,9.37,regular
INV101229,2024-07-10,C00488,United Kingdom,P0005,Electronics Item 0005,Electronics Accessories,1,23.02,23.02,regular
INV101229,2024-07-10,C00488,United Kingdom,P0173,Apparel Item 0173,Apparel,3,19.11,57.33,regular
INV101229,2024-07-10,C00488,United Kingdom,P0218,Electronics Item 0218,Electronics Accessories,2,6.37,12.74,regular
INV100227,2024-07-11,C00125,Germany,P0025,Garden Item 0025,Garden,3,16.76,50.28,loyal
INV100227,2024-07-11,C00125,Germany,P0197,Beauty Item 0197,Beauty,2,6.6,13.2,loyal
INV100227,2024-07-11,C00125,Germany,P0016,Beauty Item 0016,Beauty,5,16.32,81.6,loyal
INV100227,2024-07-11,C00125,Germany,P0232,Stationery Item 0232,Stationery,2,13.04,26.08,loyal
INV100371,2024-07-11,C00125,Germany,P0236,Toys Item 0236,Toys,2,18.12,36.24,loyal
INV100371,2024-07-11,C00125,Germany,P0279,Apparel Item 0279,Apparel,4,9.71,38.84,loyal
INV100371,2024-07-11,C00125,Germany,P0027,Electronics Item 0027,Electronics Accessories,5,19.73,98.65,loyal
INV100371,2024-07-11,C00125,Germany,P0073,Garden Item 0073,Garden,3,8.64,25.92,loyal
INV100921,2024-07-11,C00333,Netherlands,P0299,Home Item 0299,Home & Kitchen,21,21.43,450.03,champion
INV100921,2024-07-11,C00333,Netherlands,P0163,Sports Item 0163,Sports,37,14.49,536.13,champion
INV100921,2024-07-11,C00333,Netherlands,P0204,Apparel Item 0204,Apparel,33,39.97,1319.01,champion
INV100921,2024-07-11,C00333,Netherlands,P0232,Stationery Item 0232,Stationery,38,11.74,446.12,champion
INV100921,2024-07-11,C00333,Netherlands,P0171,Garden Item 0171,Garden,23,5.68,130.64,champion
INV100921,2024-07-11,C00333,Netherlands,P0264,Home Item 0264,Home & Kitchen,36,15.09,543.24,champion
INV100921,2024-07-11,C00333,Netherlands,P0024,Sports Item 0024,Sports,17,8.21,139.57,champion
INV100921,2024-07-11,C00333,Netherlands,P0274,Apparel Item 0274,Apparel,22,15.45,339.9,champion
INV100921,2024-07-11,C00333,Netherlands,P0147,Electronics Item 0147,Electronics Accessories,37,19.28,713.36,champion
INV100921,2024-07-11,C00333,Netherlands,P0046,Toys Item 0046,Toys,18,12.07,217.26,champion
INV100921,2024-07-11,C00333,Netherlands,P0020,Sports Item 0020,Sports,27,15.51,418.77,champion
INV100921,2024-07-11,C00333,Netherlands,P0221,Sports Item 0221,Sports,23,16.24,373.52,champion
INV100921,2024-07-11,C00333,Netherlands,P0285,Toys Item 0285,Toys,17,5.38,91.46,champion
INV100921,2024-07-11,C00333,Netherlands,P0212,Sports Item 0212,Sports,20,24.79,495.8,champion
INV100921,2024-07-11,C00333,Netherlands,P0115,Home Item 0115,Home & Kitchen,28,18.49,517.72,champion
INV100921,2024-07-11,C00333,Netherlands,P0178,Garden Item 0178,Garden,30,13.67,410.1,champion
INV100921,2024-07-11,C00333,Netherlands,P0110,Sports Item 0110,Sports,31,12.74,394.94,champion
INV100921,2024-07-11,C00333,Netherlands,P0244,Electronics Item 0244,Electronics Accessories,18,16.79,302.22,champion
INV100921,2024-07-11,C00333,Netherlands,P0209,Garden Item 0209,Garden,22,18.17,399.74,champion
INV100921,2024-07-11,C00333,Netherlands,P0092,Home Item 0092,Home & Kitchen,17,30.8,523.6,champion
INV100921,2024-07-11,C00333,Netherlands,P0243,Toys Item 0243,Toys,15,6.64,99.6,champion
INV100921,2024-07-11,C00333,Netherlands,P0060,Garden Item 0060,Garden,24,4.89,117.36,champion
INV100921,2024-07-11,C00333,Netherlands,P0275,Toys Item 0275,Toys,30,7.18,215.4,champion
INV100921,2024-07-11,C00333,Netherlands,P0114,Home Item 0114,Home & Kitchen,24,14.13,339.12,champion
INV100921,2024-07-11,C00333,Netherlands,P0288,Stationery Item 0288,Stationery,16,8.96,143.36,champion
INV100921,2024-07-11,C00333,Netherlands,P0119,Stationery Item 0119,Stationery,20,25.0,500.0,champion
INV100921,2024-07-11,C00333,Netherlands,P0191,Stationery Item 0191,Stationery,25,7.8,195.0,champion
INV100921,2024-07-11,C00333,Netherlands,P0263,Toys Item 0263,Toys,23,9.19,211.37,champion
INV100921,2024-07-11,C00333,Netherlands,P0146,Garden Item 0146,Garden,35,9.32,326.2,champion
INV100921,2024-07-11,C00333,Netherlands,P0133,Home Item 0133,Home & Kitchen,29,3.24,93.96,champion
INV100921,2024-07-11,C00333,Netherlands,P0124,Toys Item 0124,Toys,39,4.82,187.98,champion
INV100979,2024-07-11,C00381,Netherlands,P0041,Electronics Item 0041,Electronics Accessories,3,18.37,55.11,regular
INV100979,2024-07-11,C00381,Netherlands,P0145,Electronics Item 0145,Electronics Accessories,5,13.74,68.7,regular
INV100314,2024-07-12,C00238,United Kingdom,P0163,Sports Item 0163,Sports,2,16.1,32.2,regular
INV100314,2024-07-12,C00238,United Kingdom,P0060,Garden Item 0060,Garden,1,5.43,5.43,regular
INV100314,2024-07-12,C00238,United Kingdom,P0016,Beauty Item 0016,Beauty,2,16.32,32.64,regular
INV100314,2024-07-12,C00238,United Kingdom,P0106,Garden Item 0106,Garden,3,9.58,28.74,regular
INV101416,2024-07-12,C00228,Netherlands,P0185,Home Item 0185,Home & Kitchen,3,22.37,67.11,regular
INV101416,2024-07-12,C00228,Netherlands,P0172,Sports Item 0172,Sports,3,6.08,18.24,regular
INV101416,2024-07-12,C00228,Netherlands,P0209,Garden Item 0209,Garden,5,20.19,100.95,regular
INV100041,2024-07-13,C00295,Germany,P0203,Sports Item 0203,Sports,5,20.16,100.8,champion
INV100041,2024-07-13,C00295,Germany,P0165,Home Item 0165,Home & Kitchen,2,4.44,8.88,champion
INV100041,2024-07-13,C00295,Germany,P0080,Toys Item 0080,Toys,3,10.29,30.87,champion
INV100041,2024-07-13,C00295,Germany,P0030,Toys Item 0030,Toys,5,8.54,42.7,champion
INV100041,2024-07-13,C00295,Germany,P0099,Toys Item 0099,Toys,3,3.9,11.7,champion
INV100041,2024-07-13,C00295,Germany,P0155,Apparel Item 0155,Apparel,2,3.52,7.04,champion
INV100041,2024-07-13,C00295,Germany,P0248,Apparel Item 0248,Apparel,2,18.11,36.22,champion
INV100041,2024-07-13,C00295,Germany,P0289,Home Item 0289,Home & Kitchen,4,3.62,14.48,champion
INV100041,2024-07-13,C00295,Germany,P0259,Apparel Item 0259,Apparel,3,12.89,38.67,champion
INV100142,2024-07-13,C00091,Germany,P0244,Electronics Item 0244,Electronics Accessories,3,18.65,55.95,champion
INV100513,2024-07-13,C00119,United Kingdom,P0257,Electronics Item 0257,Electronics Accessories,1,16.69,16.69,loyal
INV100513,2024-07-13,C00119,United Kingdom,P0137,Beauty Item 0137,Beauty,2,7.15,14.3,loyal
INV100513,2024-07-13,C00119,United Kingdom,P0035,Toys Item 0035,Toys,4,15.71,62.84,loyal
INV100513,2024-07-13,C00119,United Kingdom,P0099,Toys Item 0099,Toys,4,3.9,15.6,loyal
INV100513,2024-07-13,C00119,United Kingdom,P0132,Apparel Item 0132,Apparel,4,33.27,133.08,loyal
INV100513,2024-07-13,C00119,United Kingdom,P0072,Home Item 0072,Home & Kitchen,1,25.41,25.41,loyal
INV100513,2024-07-13,C00119,United Kingdom,P0019,Electronics Item 0019,Electronics Accessories,1,17.73,17.73,loyal
INV100513,2024-07-13,C00119,United Kingdom,P0240,Garden Item 0240,Garden,3,7.99,23.97,loyal
INV100513,2024-07-13,C00119,United Kingdom,P0227,Garden Item 0227,Garden,5,14.32,71.6,loyal
INV100917,2024-07-13,C00361,Netherlands,P0051,Stationery Item 0051,Stationery,2,7.32,14.64,dormant
INV101038,2024-07-13,C00134,United Kingdom,P0206,Stationery Item 0206,Stationery,2,9.37,18.74,champion
INV101038,2024-07-13,C00134,United Kingdom,P0133,Home Item 0133,Home & Kitchen,5,3.6,18.0,champion
INV101038,2024-07-13,C00134,United Kingdom,P0130,Home Item 0130,Home & Kitchen,1,18.87,18.87,champion
INV101038,2024-07-13,C00134,United Kingdom,P0006,Toys Item 0006,Toys,1,14.64,14.64,champion
INV101051,2024-07-13,C00478,United Kingdom,P0026,Sports Item 0026,Sports,5,9.03,45.15,champion
INV101051,2024-07-13,C00478,United Kingdom,P0042,Apparel Item 0042,Apparel,3,5.8,17.4,champion
INV101051,2024-07-13,C00478,United Kingdom,P0204,Apparel Item 0204,Apparel,5,44.41,222.05,champion
INV101051,2024-07-13,C00478,United Kingdom,P0063,Apparel Item 0063,Apparel,1,21.21,21.21,champion
INV101051,2024-07-13,C00478,United Kingdom,P0198,Garden Item 0198,Garden,2,17.59,35.18,champion
INV101051,2024-07-13,C00478,United Kingdom,P0199,Sports Item 0199,Sports,4,14.62,58.48,champion
INV101051,2024-07-13,C00478,United Kingdom,P0271,Garden Item 0271,Garden,1,4.37,4.37,champion
INV101051,2024-07-13,C00478,United Kingdom,P0001,Sports Item 0001,Sports,1,20.7,20.7,champion
INV101051,2024-07-13,C00478,United Kingdom,P0115,Home Item 0115,Home & Kitchen,2,20.54,41.08,champion
INV101051,2024-07-13,C00478,United Kingdom,P0120,Sports Item 0120,Sports,5,12.93,64.65,champion
INV101051,2024-07-13,C00478,United Kingdom,P0217,Electronics Item 0217,Electronics Accessories,5,2.06,10.3,champion
INV101051,2024-07-13,C00478,United Kingdom,P0038,Beauty Item 0038,Beauty,4,4.36,17.44,champion
INV101051,2024-07-13,C00478,United Kingdom,P0162,Sports Item 0162,Sports,4,19.3,77.2,champion
INV101164,2024-07-13,C00272,United Kingdom,P0157,Toys Item 0157,Toys,3,16.13,48.39,loyal
INV101164,2024-07-13,C00272,United Kingdom,P0058,Garden Item 0058,Garden,1,7.47,7.47,loyal
INV101301,2024-07-13,C00124,Spain,P0256,Home Item 0256,Home & Kitchen,3,10.1,30.3,loyal
INV101301,2024-07-13,C00124,Spain,P0262,Home Item 0262,Home & Kitchen,2,8.77,17.54,loyal
INV100134,2024-07-14,C00251,France,P0027,Electronics Item 0027,Electronics Accessories,5,19.73,98.65,regular
INV100134,2024-07-14,C00251,France,P0193,Apparel Item 0193,Apparel,2,22.21,44.42,regular
INV100134,2024-07-14,C00251,France,P0222,Beauty Item 0222,Beauty,1,16.46,16.46,regular
INV100480,2024-07-14,C00271,Germany,P0055,Toys Item 0055,Toys,2,36.31,72.62,champion
INV100480,2024-07-14,C00271,Germany,P0047,Apparel Item 0047,Apparel,5,29.75,148.75,champion
INV100480,2024-07-14,C00271,Germany,P0032,Toys Item 0032,Toys,2,7.2,14.4,champion
INV100480,2024-07-14,C00271,Germany,P0081,Garden Item 0081,Garden,5,26.84,134.2,champion
INV100568,2024-07-14,C00406,Germany,P0030,Toys Item 0030,Toys,2,8.54,17.08,loyal
INV100568,2024-07-14,C00406,Germany,P0239,Apparel Item 0239,Apparel,4,3.39,13.56,loyal
INV100790,2024-07-14,C00477,France,P0175,Garden Item 0175,Garden,2,15.65,31.3,champion
INV100790,2024-07-14,C00477,France,P0132,Apparel Item 0132,Apparel,1,33.27,33.27,champion
INV100790,2024-07-14,C00477,France,P0084,Toys Item 0084,Toys,3,9.13,27.39,champion
INV100790,2024-07-14,C00477,France,P0058,Garden Item 0058,Garden,5,7.47,37.35,champion
INV100790,2024-07-14,C00477,France,P0161,Home Item 0161,Home & Kitchen,5,6.97,34.85,champion
INV100790,2024-07-14,C00477,France,P0139,Stationery Item 0139,Stationery,2,2.18,4.36,champion
INV100790,2024-07-14,C00477,France,P0283,Toys Item 0283,Toys,4,9.72,38.88,champion
INV100790,2024-07-14,C00477,France,P0248,Apparel Item 0248,Apparel,2,18.11,36.22,champion
INV100790,2024-07-14,C00477,France,P0059,Garden Item 0059,Garden,2,22.24,44.48,champion
INV101077,2024-07-14,C00440,Spain,P0204,Apparel Item 0204,Apparel,2,44.41,88.82,loyal
INV101077,2024-07-14,C00440,Spain,P0035,Toys Item 0035,Toys,5,15.71,78.55,loyal
INV101077,2024-07-14,C00440,Spain,P0063,Apparel Item 0063,Apparel,4,21.21,84.84,loyal
INV101077,2024-07-14,C00440,Spain,P0161,Home Item 0161,Home & Kitchen,1,6.97,6.97,loyal
INV101077,2024-07-14,C00440,Spain,P0047,Apparel Item 0047,Apparel,5,29.75,148.75,loyal
INV101077,2024-07-14,C00440,Spain,P0172,Sports Item 0172,Sports,4,6.08,24.32,loyal
INV100008,2024-07-15,C00481,United Kingdom,P0299,Home Item 0299,Home & Kitchen,3,23.81,71.43,loyal
INV100008,2024-07-15,C00481,United Kingdom,P0298,Stationery Item 0298,Stationery,2,2.24,4.48,loyal
INV100008,2024-07-15,C00481,United Kingdom,P0195,Apparel Item 0195,Apparel,5,27.22,136.1,loyal
INV100008,2024-07-15,C00481,United Kingdom,P0022,Garden Item 0022,Garden,5,9.52,47.6,loyal
INV100008,2024-07-15,C00481,United Kingdom,P0224,Toys Item 0224,Toys,1,6.73,6.73,loyal
INV100008,2024-07-15,C00481,United Kingdom,P0210,Beauty Item 0210,Beauty,4,6.08,24.32,loyal
INV100008,2024-07-15,C00481,United Kingdom,P0218,Electronics Item 0218,Electronics Accessories,1,6.37,6.37,loyal
INV100159,2024-07-15,C00014,United Kingdom,P0020,Sports Item 0020,Sports,4,17.23,68.92,loyal
INV100159,2024-07-15,C00014,United Kingdom,P0054,Toys Item 0054,Toys,3,14.13,42.39,loyal
INV100159,2024-07-15,C00014,United Kingdom,P0208,Sports Item 0208,Sports,4,17.62,70.48,loyal
INV100159,2024-07-15,C00014,United Kingdom,P0005,Electronics Item 0005,Electronics Accessories,4,23.02,92.08,loyal
INV100159,2024-07-15,C00014,United Kingdom,P0172,Sports Item 0172,Sports,4,6.08,24.32,loyal
INV100159,2024-07-15,C00014,United Kingdom,P0245,Beauty Item 0245,Beauty,2,3.3,6.6,loyal
INV100159,2024-07-15,C00014,United Kingdom,P0130,Home Item 0130,Home & Kitchen,4,18.87,75.48,loyal
INV100159,2024-07-15,C00014,United Kingdom,P0297,Stationery Item 0297,Stationery,3,18.82,56.46,loyal
INV100159,2024-07-15,C00014,United Kingdom,P0164,Home Item 0164,Home & Kitchen,5,19.4,97.0,loyal
INV100657,2024-07-15,C00241,Spain,P0122,Stationery Item 0122,Stationery,1,31.73,31.73,loyal
INV100657,2024-07-15,C00241,Spain,P0172,Sports Item 0172,Sports,2,6.08,12.16,loyal
INV100657,2024-07-15,C00241,Spain,P0031,Apparel Item 0031,Apparel,3,17.17,51.51,loyal
INV100657,2024-07-15,C00241,Spain,P0016,Beauty Item 0016,Beauty,3,16.32,48.96,loyal
INV100784,2024-07-15,C00044,United Kingdom,P0208,Sports Item 0208,Sports,3,17.62,52.86,regular
INV100784,2024-07-15,C00044,United Kingdom,P0045,Electronics Item 0045,Electronics Accessories,3,3.96,11.88,regular
INV100784,2024-07-15,C00044,United Kingdom,P0254,Garden Item 0254,Garden,3,47.1,141.3,regular
INV100787,2024-07-15,C00381,Netherlands,P0252,Sports Item 0252,Sports,5,8.64,43.2,regular
INV100787,2024-07-15,C00381,Netherlands,P0183,Beauty Item 0183,Beauty,3,14.45,43.35,regular
INV100787,2024-07-15,C00381,Netherlands,P0254,Garden Item 0254,Garden,4,47.1,188.4,regular
INV100787,2024-07-15,C00381,Netherlands,P0167,Sports Item 0167,Sports,5,9.45,47.25,regular
INV100787,2024-07-15,C00381,Netherlands,P0162,Sports Item 0162,Sports,5,19.3,96.5,regular
INV101346,2024-07-15,C00394,United Kingdom,P0189,Garden Item 0189,Garden,5,9.4,47.0,regular
INV101346,2024-07-15,C00394,United Kingdom,P0094,Apparel Item 0094,Apparel,4,14.15,56.6,regular
INV101346,2024-07-15,C00394,United Kingdom,P0207,Apparel Item 0207,Apparel,4,10.85,43.4,regular
INV100129,2024-07-16,C00307,Spain,P0243,Toys Item 0243,Toys,1,7.38,7.38,loyal
INV100247,2024-07-16,C00446,Ireland,P0030,Toys Item 0030,Toys,3,8.54,25.62,champion
INV100247,2024-07-16,C00446,Ireland,P0267,Electronics Item 0267,Electronics Accessories,4,11.36,45.44,champion
INV100247,2024-07-16,C00446,Ireland,P0219,Stationery Item 0219,Stationery,3,10.17,30.51,champion
INV100247,2024-07-16,C00446,Ireland,P0230,Apparel Item 0230,Apparel,2,13.03,26.06,champion
INV100607,2024-07-16,C00323,United Kingdom,P0018,Beauty Item 0018,Beauty,5,19.88,99.4,loyal
INV100607,2024-07-16,C00323,United Kingdom,P0252,Sports Item 0252,Sports,1,8.64,8.64,loyal
INV100607,2024-07-16,C00323,United Kingdom,P0286,Toys Item 0286,Toys,2,17.4,34.8,loyal
INV100607,2024-07-16,C00323,United Kingdom,P0080,Toys Item 0080,Toys,1,10.29,10.29,loyal
INV101103,2024-07-16,C00183,United Kingdom,P0234,Beauty Item 0234,Beauty,5,14.59,72.95,at_risk
INV101103,2024-07-16,C00183,United Kingdom,P0074,Beauty Item 0074,Beauty,5,28.74,143.7,at_risk
INV101103,2024-07-16,C00183,United Kingdom,P0172,Sports Item 0172,Sports,1,6.08,6.08,at_risk
INV101103,2024-07-16,C00183,United Kingdom,P0173,Apparel Item 0173,Apparel,5,19.11,95.55,at_risk
INV101175,2024-07-16,C00249,Spain,P0133,Home Item 0133,Home & Kitchen,4,3.6,14.4,dormant
INV101483,2024-07-16,C00230,United Kingdom,P0283,Toys Item 0283,Toys,1,9.72,9.72,loyal
INV101483,2024-07-16,C00230,United Kingdom,P0128,Stationery Item 0128,Stationery,2,9.37,18.74,loyal
INV100722,2024-07-17,C00418,Spain,P0134,Beauty Item 0134,Beauty,5,8.0,40.0,loyal
INV100793,2024-07-17,C00447,United Kingdom,P0111,Sports Item 0111,Sports,3,52.97,158.91,champion
INV100793,2024-07-17,C00447,United Kingdom,P0036,Toys Item 0036,Toys,5,10.76,53.8,champion
INV100802,2024-07-17,C00071,Netherlands,P0258,Toys Item 0258,Toys,4,17.95,71.8,champion
INV100802,2024-07-17,C00071,Netherlands,P0101,Stationery Item 0101,Stationery,2,55.1,110.2,champion
INV100802,2024-07-17,C00071,Netherlands,P0183,Beauty Item 0183,Beauty,4,14.45,57.8,champion
INV100802,2024-07-17,C00071,Netherlands,P0065,Stationery Item 0065,Stationery,1,38.71,38.71,champion
INV101063,2024-07-17,C00077,Ireland,P0297,Stationery Item 0297,Stationery,4,18.82,75.28,loyal
INV101063,2024-07-17,C00077,Ireland,P0194,Garden Item 0194,Garden,1,48.13,48.13,loyal
INV101063,2024-07-17,C00077,Ireland,P0209,Garden Item 0209,Garden,5,20.19,100.95,loyal
INV101063,2024-07-17,C00077,Ireland,P0067,Sports Item 0067,Sports,1,14.79,14.79,loyal
INV101208,2024-07-17,C00209,Germany,P0200,Garden Item 0200,Garden,3,9.29,27.87,regular
INV101208,2024-07-17,C00209,Germany,P0068,Beauty Item 0068,Beauty,1,7.24,7.24,regular
INV101208,2024-07-17,C00209,Germany,P0175,Garden Item 0175,Garden,2,15.65,31.3,regular
INV101208,2024-07-17,C00209,Germany,P0103,Garden Item 0103,Garden,5,5.64,28.2,regular
INV101363,2024-07-17,C00382,United Kingdom,P0035,Toys Item 0035,Toys,1,15.71,15.71,champion
INV101363,2024-07-17,C00382,United Kingdom,P0267,Electronics Item 0267,Electronics Accessories,2,11.36,22.72,champion
INV101363,2024-07-17,C00382,United Kingdom,P0196,Stationery Item 0196,Stationery,3,11.07,33.21,champion
INV101363,2024-07-17,C00382,United Kingdom,P0000,Home Item 0000,Home & Kitchen,4,5.41,21.64,champion
INV101492,2024-07-17,C00000,Germany,P0163,Sports Item 0163,Sports,3,16.1,48.3,at_risk
INV101492,2024-07-17,C00000,Germany,P0105,Beauty Item 0105,Beauty,3,10.5,31.5,at_risk
INV101492,2024-07-17,C00000,Germany,P0024,Sports Item 0024,Sports,5,9.12,45.6,at_risk
INV101492,2024-07-17,C00000,Germany,P0081,Garden Item 0081,Garden,5,26.84,134.2,at_risk
INV100195,2024-07-18,C00112,United Kingdom,P0236,Toys Item 0236,Toys,5,18.12,90.6,loyal
INV100195,2024-07-18,C00112,United Kingdom,P0296,Electronics Item 0296,Electronics Accessories,1,13.81,13.81,loyal
INV100195,2024-07-18,C00112,United Kingdom,P0213,Toys Item 0213,Toys,5,13.64,68.2,loyal
INV100195,2024-07-18,C00112,United Kingdom,P0212,Sports Item 0212,Sports,5,27.54,137.7,loyal
INV100250,2024-07-18,C00165,Netherlands,P0089,Apparel Item 0089,Apparel,2,7.02,14.04,at_risk
INV100317,2024-07-18,C00049,United Kingdom,P0137,Beauty Item 0137,Beauty,5,7.15,35.75,loyal
INV100317,2024-07-18,C00049,United Kingdom,P0171,Garden Item 0171,Garden,4,6.31,25.24,loyal
INV100317,2024-07-18,C00049,United Kingdom,P0111,Sports Item 0111,Sports,4,52.97,211.88,loyal
INV100317,2024-07-18,C00049,United Kingdom,P0228,Toys Item 0228,Toys,1,20.22,20.22,loyal
INV100317,2024-07-18,C00049,United Kingdom,P0009,Sports Item 0009,Sports,4,10.35,41.4,loyal
INV100342,2024-07-18,C00365,United Kingdom,P0214,Beauty Item 0214,Beauty,5,5.84,29.2,champion
INV100342,2024-07-18,C00365,United Kingdom,P0047,Apparel Item 0047,Apparel,2,29.75,59.5,champion
INV100342,2024-07-18,C00365,United Kingdom,P0230,Apparel Item 0230,Apparel,4,13.03,52.12,champion
INV100342,2024-07-18,C00365,United Kingdom,P0039,Home Item 0039,Home & Kitchen,5,14.93,74.65,champion
INV100688,2024-07-18,C00159,United Kingdom,P0040,Toys Item 0040,Toys,1,25.32,25.32,regular
INV100688,2024-07-18,C00159,United Kingdom,P0000,Home Item 0000,Home & Kitchen,1,5.41,5.41,regular
INV100721,2024-07-18,C00335,United Kingdom,P0036,Toys Item 0036,Toys,2,10.76,21.52,dormant
INV100948,2024-07-18,C00120,United Kingdom,P0281,Beauty Item 0281,Beauty,2,2.14,4.28,champion
INV100948,2024-07-18,C00120,United Kingdom,P0270,Electronics Item 0270,Electronics Accessories,2,13.76,27.52,champion
INV100948,2024-07-18,C00120,United Kingdom,P0063,Apparel Item 0063,Apparel,3,21.21,63.63,champion
INV100948,2024-07-18,C00120,United Kingdom,P0138,Stationery Item 0138,Stationery,5,23.38,116.9,champion
INV100948,2024-07-18,C00120,United Kingdom,P0219,Stationery Item 0219,Stationery,1,10.17,10.17,champion
INV100948,2024-07-18,C00120,United Kingdom,P0043,Electronics Item 0043,Electronics Accessories,5,19.52,97.6,champion
INV100948,2024-07-18,C00120,United Kingdom,P0130,Home Item 0130,Home & Kitchen,5,18.87,94.35,champion
INV100948,2024-07-18,C00120,United Kingdom,P0133,Home Item 0133,Home & Kitchen,5,3.6,18.0,champion
INV100948,2024-07-18,C00120,United Kingdom,P0217,Electronics Item 0217,Electronics Accessories,1,2.06,2.06,champion
INV100948,2024-07-18,C00120,United Kingdom,P0144,Apparel Item 0144,Apparel,3,13.41,40.23,champion
INV101019,2024-07-18,C00465,Germany,P0177,Apparel Item 0177,Apparel,1,7.91,7.91,loyal
INV101019,2024-07-18,C00465,Germany,P0001,Sports Item 0001,Sports,5,20.7,103.5,loyal
INV101019,2024-07-18,C00465,Germany,P0223,Sports Item 0223,Sports,4,37.0,148.0,loyal
INV101019,2024-07-18,C00465,Germany,P0027,Electronics Item 0027,Electronics Accessories,5,19.73,98.65,loyal
INV101222,2024-07-18,C00272,United Kingdom,P0299,Home Item 0299,Home & Kitchen,3,23.81,71.43,loyal
INV101222,2024-07-18,C00272,United Kingdom,P0098,Beauty Item 0098,Beauty,2,10.79,21.58,loyal
INV101222,2024-07-18,C00272,United Kingdom,P0213,Toys Item 0213,Toys,4,13.64,54.56,loyal
INV101222,2024-07-18,C00272,United Kingdom,P0099,Toys Item 0099,Toys,2,3.9,7.8,loyal
INV101222,2024-07-18,C00272,United Kingdom,P0262,Home Item 0262,Home & Kitchen,1,8.77,8.77,loyal
INV101222,2024-07-18,C00272,United Kingdom,P0072,Home Item 0072,Home & Kitchen,1,25.41,25.41,loyal
INV101222,2024-07-18,C00272,United Kingdom,P0249,Apparel Item 0249,Apparel,3,7.46,22.38,loyal
INV101222,2024-07-18,C00272,United Kingdom,P0147,Electronics Item 0147,Electronics Accessories,5,21.42,107.1,loyal
INV101378,2024-07-18,C00129,Netherlands,P0008,Stationery Item 0008,Stationery,1,7.1,7.1,champion
INV101378,2024-07-18,C00129,Netherlands,P0080,Toys Item 0080,Toys,3,10.29,30.87,champion
INV101378,2024-07-18,C00129,Netherlands,P0199,Sports Item 0199,Sports,1,14.62,14.62,champion
INV101378,2024-07-18,C00129,Netherlands,P0275,Toys Item 0275,Toys,3,7.98,23.94,champion
INV101378,2024-07-18,C00129,Netherlands,P0148,Apparel Item 0148,Apparel,1,27.92,27.92,champion
INV101378,2024-07-18,C00129,Netherlands,P0242,Stationery Item 0242,Stationery,1,7.66,7.66,champion
INV101378,2024-07-18,C00129,Netherlands,P0121,Toys Item 0121,Toys,1,8.89,8.89,champion
INV101431,2024-07-18,C00147,France,P0008,Stationery Item 0008,Stationery,4,7.1,28.4,champion
INV101431,2024-07-18,C00147,France,P0056,Toys Item 0056,Toys,5,5.63,28.15,champion
INV101431,2024-07-18,C00147,France,P0098,Beauty Item 0098,Beauty,3,10.79,32.37,champion
INV101431,2024-07-18,C00147,France,P0159,Home Item 0159,Home & Kitchen,2,7.2,14.4,champion
INV101431,2024-07-18,C00147,France,P0155,Apparel Item 0155,Apparel,3,3.52,10.56,champion
INV101431,2024-07-18,C00147,France,P0023,Garden Item 0023,Garden,1,6.18,6.18,champion
INV101431,2024-07-18,C00147,France,P0147,Electronics Item 0147,Electronics Accessories,2,21.42,42.84,champion
INV101431,2024-07-18,C00147,France,P0149,Toys Item 0149,Toys,5,6.39,31.95,champion
INV101431,2024-07-18,C00147,France,P0094,Apparel Item 0094,Apparel,1,14.15,14.15,champion
INV100518,2024-07-19,C00465,Germany,P0285,Toys Item 0285,Toys,3,5.98,17.94,loyal
INV100518,2024-07-19,C00465,Germany,P0004,Garden Item 0004,Garden,2,18.82,37.64,loyal
INV100518,2024-07-19,C00465,Germany,P0093,Beauty Item 0093,Beauty,3,9.44,28.32,loyal
INV100518,2024-07-19,C00465,Germany,P0156,Beauty Item 0156,Beauty,5,6.52,32.6,loyal
INV100518,2024-07-19,C00465,Germany,P0206,Stationery Item 0206,Stationery,5,9.37,46.85,loyal
INV100518,2024-07-19,C00465,Germany,P0158,Garden Item 0158,Garden,1,8.27,8.27,loyal
INV100518,2024-07-19,C00465,Germany,P0061,Stationery Item 0061,Stationery,4,8.19,32.76,loyal
INV100518,2024-07-19,C00465,Germany,P0153,Home Item 0153,Home & Kitchen,3,2.62,7.86,loyal
INV100518,2024-07-19,C00465,Germany,P0149,Toys Item 0149,Toys,1,6.39,6.39,loyal
INV101419,2024-07-19,C00096,United Kingdom,P0254,Garden Item 0254,Garden,5,47.1,235.5,loyal
INV100806,2024-07-20,C00390,United Kingdom,P0146,Garden Item 0146,Garden,4,10.36,41.44,loyal
INV100806,2024-07-20,C00390,United Kingdom,P0276,Apparel Item 0276,Apparel,5,8.49,42.45,loyal
INV100806,2024-07-20,C00390,United Kingdom,P0154,Home Item 0154,Home & Kitchen,4,12.36,49.44,loyal
INV100806,2024-07-20,C00390,United Kingdom,P0000,Home Item 0000,Home & Kitchen,4,5.41,21.64,loyal
INV100893,2024-07-20,C00241,Spain,P0267,Electronics Item 0267,Electronics Accessories,1,11.36,11.36,loyal
INV100893,2024-07-20,C00241,Spain,P0281,Beauty Item 0281,Beauty,5,2.14,10.7,loyal
INV100893,2024-07-20,C00241,Spain,P0104,Beauty Item 0104,Beauty,3,15.26,45.78,loyal
INV100893,2024-07-20,C00241,Spain,P0296,Electronics Item 0296,Electronics Accessories,5,13.81,69.05,loyal
INV100893,2024-07-20,C00241,Spain,P0286,Toys Item 0286,Toys,2,17.4,34.8,loyal
INV100872,2024-07-21,C00134,United Kingdom,P0016,Beauty Item 0016,Beauty,3,16.32,48.96,champion
INV100048,2024-07-22,C00129,Netherlands,P0134,Beauty Item 0134,Beauty,4,8.0,32.0,champion
INV100048,2024-07-22,C00129,Netherlands,P0004,Garden Item 0004,Garden,2,18.82,37.64,champion
INV100048,2024-07-22,C00129,Netherlands,P0029,Sports Item 0029,Sports,4,15.87,63.48,champion
INV100048,2024-07-22,C00129,Netherlands,P0023,Garden Item 0023,Garden,5,6.18,30.9,champion
INV100048,2024-07-22,C00129,Netherlands,P0295,Home Item 0295,Home & Kitchen,5,11.96,59.8,champion
INV100048,2024-07-22,C00129,Netherlands,P0193,Apparel Item 0193,Apparel,5,22.21,111.05,champion
INV100048,2024-07-22,C00129,Netherlands,P0212,Sports Item 0212,Sports,1,27.54,27.54,champion
INV100048,2024-07-22,C00129,Netherlands,P0197,Beauty Item 0197,Beauty,1,6.6,6.6,champion
INV100048,2024-07-22,C00129,Netherlands,P0112,Apparel Item 0112,Apparel,5,14.8,74.0,champion
INV100121,2024-07-22,C00222,France,P0257,Electronics Item 0257,Electronics Accessories,2,16.69,33.38,regular
INV100121,2024-07-22,C00222,France,P0262,Home Item 0262,Home & Kitchen,3,8.77,26.31,regular
INV100609,2024-07-22,C00362,United Kingdom,P0281,Beauty Item 0281,Beauty,4,2.14,8.56,loyal
INV100609,2024-07-22,C00362,United Kingdom,P0049,Home Item 0049,Home & Kitchen,3,26.16,78.48,loyal
INV100609,2024-07-22,C00362,United Kingdom,P0089,Apparel Item 0089,Apparel,2,7.02,14.04,loyal
INV100609,2024-07-22,C00362,United Kingdom,P0051,Stationery Item 0051,Stationery,2,7.32,14.64,loyal
INV100609,2024-07-22,C00362,United Kingdom,P0224,Toys Item 0224,Toys,3,6.73,20.19,loyal
INV100629,2024-07-22,C00371,United Kingdom,P0092,Home Item 0092,Home & Kitchen,4,34.22,136.88,regular
INV100629,2024-07-22,C00371,United Kingdom,P0225,Beauty Item 0225,Beauty,3,4.63,13.89,regular
INV101214,2024-07-22,C00272,United Kingdom,P0029,Sports Item 0029,Sports,1,15.87,15.87,loyal
INV101214,2024-07-22,C00272,United Kingdom,P0246,Electronics Item 0246,Electronics Accessories,1,13.44,13.44,loyal
INV101214,2024-07-22,C00272,United Kingdom,P0135,Beauty Item 0135,Beauty,2,17.3,34.6,loyal
INV101214,2024-07-22,C00272,United Kingdom,P0282,Beauty Item 0282,Beauty,4,10.02,40.08,loyal
INV101214,2024-07-22,C00272,United Kingdom,P0289,Home Item 0289,Home & Kitchen,5,3.62,18.1,loyal
INV101214,2024-07-22,C00272,United Kingdom,P0242,Stationery Item 0242,Stationery,3,7.66,22.98,loyal
INV101214,2024-07-22,C00272,United Kingdom,P0073,Garden Item 0073,Garden,3,8.64,25.92,loyal
INV100106,2024-07-23,C00446,Ireland,P0008,Stationery Item 0008,Stationery,1,7.1,7.1,champion
INV100106,2024-07-23,C00446,Ireland,P0234,Beauty Item 0234,Beauty,4,14.59,58.36,champion
INV100106,2024-07-23,C00446,Ireland,P0107,Home Item 0107,Home & Kitchen,2,7.79,15.58,champion
INV100106,2024-07-23,C00446,Ireland,P0047,Apparel Item 0047,Apparel,3,29.75,89.25,champion
INV100106,2024-07-23,C00446,Ireland,P0295,Home Item 0295,Home & Kitchen,3,11.96,35.88,champion
INV100106,2024-07-23,C00446,Ireland,P0189,Garden Item 0189,Garden,4,9.4,37.6,champion
INV100106,2024-07-23,C00446,Ireland,P0010,Sports Item 0010,Sports,2,16.22,32.44,champion
INV100253,2024-07-23,C00367,Ireland,P0247,Home Item 0247,Home & Kitchen,1,15.37,15.37,loyal
INV100758,2024-07-23,C00400,United Kingdom,P0076,Home Item 0076,Home & Kitchen,2,31.68,63.36,at_risk
INV100758,2024-07-23,C00400,United Kingdom,P0165,Home Item 0165,Home & Kitchen,5,4.44,22.2,at_risk
INV100417,2024-07-24,C00336,United Kingdom,P0227,Garden Item 0227,Garden,1,14.32,14.32,loyal
INV100417,2024-07-24,C00336,United Kingdom,P0090,Garden Item 0090,Garden,2,12.93,25.86,loyal
INV100417,2024-07-24,C00336,United Kingdom,P0240,Garden Item 0240,Garden,2,7.99,15.98,loyal
INV100417,2024-07-24,C00336,United Kingdom,P0133,Home Item 0133,Home & Kitchen,3,3.6,10.8,loyal
INV100417,2024-07-24,C00336,United Kingdom,P0068,Beauty Item 0068,Beauty,4,7.24,28.96,loyal
INV100648,2024-07-24,C00086,United Kingdom,P0268,Beauty Item 0268,Beauty,1,10.88,10.88,regular
INV100648,2024-07-24,C00086,United Kingdom,P0224,Toys Item 0224,Toys,3,6.73,20.19,regular
INV100908,2024-07-24,C00485,Spain,P0075,Home Item 0075,Home & Kitchen,3,4.7,14.1,regular
INV101064,2024-07-24,C00450,Germany,P0033,Sports Item 0033,Sports,3,8.82,26.46,regular
INV101064,2024-07-24,C00450,Germany,P0210,Beauty Item 0210,Beauty,1,6.08,6.08,regular
INV101087,2024-07-24,C00244,Netherlands,P0149,Toys Item 0149,Toys,4,6.39,25.56,at_risk
INV101441,2024-07-24,C00052,Spain,P0247,Home Item 0247,Home & Kitchen,2,15.37,30.74,champion
INV100231,2024-07-25,C00000,Germany,P0093,Beauty Item 0093,Beauty,4,9.44,37.76,at_risk
INV100231,2024-07-25,C00000,Germany,P0149,Toys Item 0149,Toys,5,6.39,31.95,at_risk
INV100231,2024-07-25,C00000,Germany,P0156,Beauty Item 0156,Beauty,2,6.52,13.04,at_risk
INV100515,2024-07-25,C00478,United Kingdom,P0115,Home Item 0115,Home & Kitchen,4,20.54,82.16,champion
INV100515,2024-07-25,C00478,United Kingdom,P0180,Stationery Item 0180,Stationery,1,9.07,9.07,champion
INV100515,2024-07-25,C00478,United Kingdom,P0145,Electronics Item 0145,Electronics Accessories,1,13.74,13.74,champion
INV100515,2024-07-25,C00478,United Kingdom,P0146,Garden Item 0146,Garden,2,10.36,20.72,champion
INV100515,2024-07-25,C00478,United Kingdom,P0041,Electronics Item 0041,Electronics Accessories,2,18.37,36.74,champion
INV100783,2024-07-25,C00004,United Kingdom,P0185,Home Item 0185,Home & Kitchen,4,22.37,89.48,loyal
INV100783,2024-07-25,C00004,United Kingdom,P0086,Toys Item 0086,Toys,5,15.78,78.9,loyal
INV100783,2024-07-25,C00004,United Kingdom,P0098,Beauty Item 0098,Beauty,3,10.79,32.37,loyal
INV100783,2024-07-25,C00004,United Kingdom,P0113,Garden Item 0113,Garden,3,5.12,15.36,loyal
INV100843,2024-07-25,C00206,Germany,P0043,Electronics Item 0043,Electronics Accessories,5,19.52,97.6,loyal
INV100864,2024-07-25,C00198,United Kingdom,P0280,Beauty Item 0280,Beauty,3,6.37,19.11,champion
INV100864,2024-07-25,C00198,United Kingdom,P0281,Beauty Item 0281,Beauty,2,2.14,4.28,champion
INV100864,2024-07-25,C00198,United Kingdom,P0182,Toys Item 0182,Toys,2,14.77,29.54,champion
INV100864,2024-07-25,C00198,United Kingdom,P0137,Beauty Item 0137,Beauty,2,7.15,14.3,champion
INV100864,2024-07-25,C00198,United Kingdom,P0093,Beauty Item 0093,Beauty,2,9.44,18.88,champion
INV100864,2024-07-25,C00198,United Kingdom,P0029,Sports Item 0029,Sports,3,15.87,47.61,champion
INV100864,2024-07-25,C00198,United Kingdom,P0101,Stationery Item 0101,Stationery,4,55.1,220.4,champion
INV100864,2024-07-25,C00198,United Kingdom,P0252,Sports Item 0252,Sports,1,8.64,8.64,champion
INV100864,2024-07-25,C00198,United Kingdom,P0146,Garden Item 0146,Garden,5,10.36,51.8,champion
INV100864,2024-07-25,C00198,United Kingdom,P0147,Electronics Item 0147,Electronics Accessories,2,21.42,42.84,champion
INV100864,2024-07-25,C00198,United Kingdom,P0289,Home Item 0289,Home & Kitchen,1,3.62,3.62,champion
INV100864,2024-07-25,C00198,United Kingdom,P0282,Beauty Item 0282,Beauty,4,10.02,40.08,champion
INV100978,2024-07-25,C00248,Germany,P0055,Toys Item 0055,Toys,3,36.31,108.93,regular
INV100597,2024-07-26,C00220,Ireland,P0177,Apparel Item 0177,Apparel,2,7.91,15.82,loyal
INV101372,2024-07-26,C00202,Germany,P0293,Toys Item 0293,Toys,5,13.85,69.25,regular
INV101372,2024-07-26,C00202,Germany,P0117,Beauty Item 0117,Beauty,1,11.91,11.91,regular
INV101372,2024-07-26,C00202,Germany,P0049,Home Item 0049,Home & Kitchen,1,26.16,26.16,regular
INV100405,2024-07-27,C00461,Spain,P0135,Beauty Item 0135,Beauty,4,17.3,69.2,loyal
INV101359,2024-07-27,C00047,Germany,P0131,Stationery Item 0131,Stationery,5,12.06,60.3,champion
INV101359,2024-07-27,C00047,Germany,P0105,Beauty Item 0105,Beauty,2,10.5,21.0,champion
INV101359,2024-07-27,C00047,Germany,P0079,Sports Item 0079,Sports,4,17.36,69.44,champion
INV101359,2024-07-27,C00047,Germany,P0263,Toys Item 0263,Toys,2,10.21,20.42,champion
INV101375,2024-07-27,C00362,United Kingdom,P0027,Electronics Item 0027,Electronics Accessories,2,19.73,39.46,loyal
INV101452,2024-07-27,C00190,United Kingdom,P0053,Garden Item 0053,Garden,4,9.88,39.52,loyal
INV101452,2024-07-27,C00190,United Kingdom,P0114,Home Item 0114,Home & Kitchen,5,15.7,78.5,loyal
INV101452,2024-07-27,C00190,United Kingdom,P0012,Beauty Item 0012,Beauty,2,8.67,17.34,loyal
INV101452,2024-07-27,C00190,United Kingdom,P0230,Apparel Item 0230,Apparel,3,13.03,39.09,loyal
INV100024,2024-07-28,C00158,France,P0055,Toys Item 0055,Toys,2,36.31,72.62,loyal
INV100024,2024-07-28,C00158,France,P0094,Apparel Item 0094,Apparel,3,14.15,42.45,loyal
INV100095,2024-07-28,C00372,Germany,P0280,Beauty Item 0280,Beauty,5,6.37,31.85,loyal
INV100095,2024-07-28,C00372,Germany,P0095,Sports Item 0095,Sports,1,6.85,6.85,loyal
INV100095,2024-07-28,C00372,Germany,P0040,Toys Item 0040,Toys,4,25.32,101.28,loyal
INV100095,2024-07-28,C00372,Germany,P0142,Apparel Item 0142,Apparel,2,14.63,29.26,loyal
INV100477,2024-07-28,C00435,Spain,P0287,Toys Item 0287,Toys,3,17.98,53.94,loyal
INV100477,2024-07-28,C00435,Spain,P0102,Toys Item 0102,Toys,2,14.39,28.78,loyal
INV100631,2024-07-28,C00206,Germany,P0290,Garden Item 0290,Garden,5,5.49,27.45,loyal
INV100631,2024-07-28,C00206,Germany,P0200,Garden Item 0200,Garden,2,9.29,18.58,loyal
INV100631,2024-07-28,C00206,Germany,P0169,Apparel Item 0169,Apparel,2,6.65,13.3,loyal
INV100631,2024-07-28,C00206,Germany,P0124,Toys Item 0124,Toys,2,5.36,10.72,loyal
INV100855,2024-07-28,C00111,Netherlands,P0094,Apparel Item 0094,Apparel,2,14.15,28.3,loyal
INV100855,2024-07-28,C00111,Netherlands,P0073,Garden Item 0073,Garden,1,8.64,8.64,loyal
INV100855,2024-07-28,C00111,Netherlands,P0079,Sports Item 0079,Sports,5,17.36,86.8,loyal
INV100855,2024-07-28,C00111,Netherlands,P0235,Sports Item 0235,Sports,4,4.95,19.8,loyal
INV100855,2024-07-28,C00111,Netherlands,P0123,Toys Item 0123,Toys,2,19.79,39.58,loyal
INV100855,2024-07-28,C00111,Netherlands,P0162,Sports Item 0162,Sports,4,19.3,77.2,loyal
INV100967,2024-07-28,C00418,Spain,P0251,Sports Item 0251,Sports,5,7.43,37.15,loyal
INV100967,2024-07-28,C00418,Spain,P0167,Sports Item 0167,Sports,1,9.45,9.45,loyal
INV100967,2024-07-28,C00418,Spain,P0204,Apparel Item 0204,Apparel,4,44.41,177.64,loyal
INV100967,2024-07-28,C00418,Spain,P0153,Home Item 0153,Home & Kitchen,5,2.62,13.1,loyal
INV101055,2024-07-28,C00146,Netherlands,P0125,Toys Item 0125,Toys,3,25.33,75.99,regular
INV101055,2024-07-28,C00146,Netherlands,P0242,Stationery Item 0242,Stationery,1,7.66,7.66,regular
INV101218,2024-07-28,C00126,United Kingdom,P0208,Sports Item 0208,Sports,5,17.62,88.1,regular
INV101218,2024-07-28,C00126,United Kingdom,P0016,Beauty Item 0016,Beauty,5,16.32,81.6,regular
INV100383,2024-07-29,C00145,Spain,P0094,Apparel Item 0094,Apparel,5,14.15,70.75,loyal
INV100383,2024-07-29,C00145,Spain,P0013,Apparel Item 0013,Apparel,1,6.43,6.43,loyal
INV100383,2024-07-29,C00145,Spain,P0207,Apparel Item 0207,Apparel,4,10.85,43.4,loyal
INV100418,2024-07-29,C00226,France,P0210,Beauty Item 0210,Beauty,4,6.08,24.32,loyal
INV100418,2024-07-29,C00226,France,P0101,Stationery Item 0101,Stationery,1,55.1,55.1,loyal
INV100418,2024-07-29,C00226,France,P0161,Home Item 0161,Home & Kitchen,1,6.97,6.97,loyal
INV100418,2024-07-29,C00226,France,P0061,Stationery Item 0061,Stationery,1,8.19,8.19,loyal
INV100418,2024-07-29,C00226,France,P0086,Toys Item 0086,Toys,5,15.78,78.9,loyal
INV100418,2024-07-29,C00226,France,P0235,Sports Item 0235,Sports,1,4.95,4.95,loyal
INV100418,2024-07-29,C00226,France,P0034,Apparel Item 0034,Apparel,3,8.29,24.87,loyal
INV100418,2024-07-29,C00226,France,P0079,Sports Item 0079,Sports,2,17.36,34.72,loyal
INV100472,2024-07-29,C00470,Netherlands,P0098,Beauty Item 0098,Beauty,3,10.79,32.37,champion
INV100472,2024-07-29,C00470,Netherlands,P0202,Toys Item 0202,Toys,3,3.81,11.43,champion
INV100472,2024-07-29,C00470,Netherlands,P0291,Sports Item 0291,Sports,5,23.03,115.15,champion
INV100472,2024-07-29,C00470,Netherlands,P0051,Stationery Item 0051,Stationery,1,7.32,7.32,champion
INV100875,2024-07-29,C00280,United Kingdom,P0045,Electronics Item 0045,Electronics Accessories,1,3.96,3.96,loyal
INV100875,2024-07-29,C00280,United Kingdom,P0153,Home Item 0153,Home & Kitchen,5,2.62,13.1,loyal
INV100969,2024-07-29,C00418,Spain,P0049,Home Item 0049,Home & Kitchen,3,26.16,78.48,loyal
INV100969,2024-07-29,C00418,Spain,P0233,Apparel Item 0233,Apparel,1,25.83,25.83,loyal
INV100969,2024-07-29,C00418,Spain,P0099,Toys Item 0099,Toys,1,3.9,3.9,loyal
INV100969,2024-07-29,C00418,Spain,P0083,Apparel Item 0083,Apparel,5,6.29,31.45,loyal
INV100969,2024-07-29,C00418,Spain,P0282,Beauty Item 0282,Beauty,2,10.02,20.04,loyal
INV101409,2024-07-29,C00327,Spain,P0007,Stationery Item 0007,Stationery,4,19.96,79.84,champion
INV101409,2024-07-29,C00327,Spain,P0025,Garden Item 0025,Garden,2,16.76,33.52,champion
INV101409,2024-07-29,C00327,Spain,P0128,Stationery Item 0128,Stationery,2,9.37,18.74,champion
INV101409,2024-07-29,C00327,Spain,P0288,Stationery Item 0288,Stationery,3,9.96,29.88,champion
INV101409,2024-07-29,C00327,Spain,P0001,Sports Item 0001,Sports,4,20.7,82.8,champion
INV101409,2024-07-29,C00327,Spain,P0254,Garden Item 0254,Garden,3,47.1,141.3,champion
INV101409,2024-07-29,C00327,Spain,P0210,Beauty Item 0210,Beauty,1,6.08,6.08,champion
INV101456,2024-07-29,C00003,United Kingdom,P0026,Sports Item 0026,Sports,3,9.03,27.09,regular
INV101469,2024-07-29,C00359,France,P0250,Stationery Item 0250,Stationery,5,11.75,58.75,champion
INV101469,2024-07-29,C00359,France,P0080,Toys Item 0080,Toys,3,10.29,30.87,champion
INV101469,2024-07-29,C00359,France,P0285,Toys Item 0285,Toys,5,5.98,29.9,champion
INV101469,2024-07-29,C00359,France,P0171,Garden Item 0171,Garden,4,6.31,25.24,champion
INV101469,2024-07-29,C00359,France,P0029,Sports Item 0029,Sports,1,15.87,15.87,champion
INV101469,2024-07-29,C00359,France,P0262,Home Item 0262,Home & Kitchen,1,8.77,8.77,champion
INV101469,2024-07-29,C00359,France,P0081,Garden Item 0081,Garden,1,26.84,26.84,champion
INV101469,2024-07-29,C00359,France,P0105,Beauty Item 0105,Beauty,2,10.5,21.0,champion
INV101469,2024-07-29,C00359,France,P0255,Electronics Item 0255,Electronics Accessories,3,2.75,8.25,champion
INV100299,2024-07-30,C00379,United Kingdom,P0271,Garden Item 0271,Garden,1,4.37,4.37,champion
INV100299,2024-07-30,C00379,United Kingdom,P0140,Apparel Item 0140,Apparel,2,15.06,30.12,champion
INV100329,2024-07-30,C00478,United Kingdom,P0092,Home Item 0092,Home & Kitchen,3,34.22,102.66,champion
INV100329,2024-07-30,C00478,United Kingdom,P0011,Stationery Item 0011,Stationery,5,15.05,75.25,champion
INV100329,2024-07-30,C00478,United Kingdom,P0126,Sports Item 0126,Sports,1,23.67,23.67,champion
INV100329,2024-07-30,C00478,United Kingdom,P0114,Home Item 0114,Home & Kitchen,1,15.7,15.7,champion
INV100329,2024-07-30,C00478,United Kingdom,P0037,Toys Item 0037,Toys,2,10.9,21.8,champion
INV100329,2024-07-30,C00478,United Kingdom,P0290,Garden Item 0290,Garden,1,5.49,5.49,champion
INV100329,2024-07-30,C00478,United Kingdom,P0022,Garden Item 0022,Garden,1,9.52,9.52,champion
INV100329,2024-07-30,C00478,United Kingdom,P0094,Apparel Item 0094,Apparel,2,14.15,28.3,champion
INV100618,2024-07-30,C00334,United Kingdom,P0276,Apparel Item 0276,Apparel,3,8.49,25.47,loyal
INV100618,2024-07-30,C00334,United Kingdom,P0089,Apparel Item 0089,Apparel,1,7.02,7.02,loyal
INV100618,2024-07-30,C00334,United Kingdom,P0176,Toys Item 0176,Toys,3,20.55,61.65,loyal
INV100618,2024-07-30,C00334,United Kingdom,P0081,Garden Item 0081,Garden,1,26.84,26.84,loyal
INV100618,2024-07-30,C00334,United Kingdom,P0254,Garden Item 0254,Garden,4,47.1,188.4,loyal
INV100665,2024-07-30,C00210,United Kingdom,P0229,Stationery Item 0229,Stationery,4,10.31,41.24,regular
INV101040,2024-07-30,C00237,United Kingdom,P0203,Sports Item 0203,Sports,4,20.16,80.64,regular
INV101040,2024-07-30,C00237,United Kingdom,P0219,Stationery Item 0219,Stationery,4,10.17,40.68,regular
INV101040,2024-07-30,C00237,United Kingdom,P0124,Toys Item 0124,Toys,1,5.36,5.36,regular
INV101458,2024-07-30,C00320,United Kingdom,P0109,Apparel Item 0109,Apparel,2,11.92,23.84,loyal
INV101458,2024-07-30,C00320,United Kingdom,P0104,Beauty Item 0104,Beauty,3,15.26,45.78,loyal
INV101458,2024-07-30,C00320,United Kingdom,P0096,Toys Item 0096,Toys,1,10.29,10.29,loyal
INV101458,2024-07-30,C00320,United Kingdom,P0269,Electronics Item 0269,Electronics Accessories,2,3.48,6.96,loyal
INV100278,2024-07-31,C00019,Germany,P0082,Home Item 0082,Home & Kitchen,3,2.54,7.62,loyal
INV100278,2024-07-31,C00019,Germany,P0251,Sports Item 0251,Sports,3,7.43,22.29,loyal
INV100278,2024-07-31,C00019,Germany,P0272,Stationery Item 0272,Stationery,4,43.64,174.56,loyal
INV100278,2024-07-31,C00019,Germany,P0064,Beauty Item 0064,Beauty,1,5.73,5.73,loyal
INV100779,2024-07-31,C00348,Germany,P0074,Beauty Item 0074,Beauty,2,28.74,57.48,champion
INV100779,2024-07-31,C00348,Germany,P0265,Home Item 0265,Home & Kitchen,5,6.17,30.85,champion
INV100779,2024-07-31,C00348,Germany,P0098,Beauty Item 0098,Beauty,3,10.79,32.37,champion
INV100779,2024-07-31,C00348,Germany,P0204,Apparel Item 0204,Apparel,4,44.41,177.64,champion
INV100779,2024-07-31,C00348,Germany,P0223,Sports Item 0223,Sports,3,37.0,111.0,champion
INV100779,2024-07-31,C00348,Germany,P0138,Stationery Item 0138,Stationery,4,23.38,93.52,champion
INV100779,2024-07-31,C00348,Germany,P0176,Toys Item 0176,Toys,4,20.55,82.2,champion
INV100779,2024-07-31,C00348,Germany,P0237,Sports Item 0237,Sports,4,4.87,19.48,champion
INV100779,2024-07-31,C00348,Germany,P0024,Sports Item 0024,Sports,5,9.12,45.6,champion
INV100779,2024-07-31,C00348,Germany,P0113,Garden Item 0113,Garden,4,5.12,20.48,champion
INV100779,2024-07-31,C00348,Germany,P0105,Beauty Item 0105,Beauty,2,10.5,21.0,champion
INV100779,2024-07-31,C00348,Germany,P0083,Apparel Item 0083,Apparel,1,6.29,6.29,champion
INV100779,2024-07-31,C00348,Germany,P0167,Sports Item 0167,Sports,5,9.45,47.25,champion
INV100779,2024-07-31,C00348,Germany,P0210,Beauty Item 0210,Beauty,2,6.08,12.16,champion
INV100779,2024-07-31,C00348,Germany,P0073,Garden Item 0073,Garden,2,8.64,17.28,champion
INV100779,2024-07-31,C00348,Germany,P0064,Beauty Item 0064,Beauty,1,5.73,5.73,champion
INV101069,2024-07-31,C00289,Spain,P0049,Home Item 0049,Home & Kitchen,4,26.16,104.64,loyal
INV101069,2024-07-31,C00289,Spain,P0174,Apparel Item 0174,Apparel,3,14.86,44.58,loyal
INV101069,2024-07-31,C00289,Spain,P0252,Sports Item 0252,Sports,5,8.64,43.2,loyal
INV101069,2024-07-31,C00289,Spain,P0120,Sports Item 0120,Sports,2,12.93,25.86,loyal
INV101069,2024-07-31,C00289,Spain,P0202,Toys Item 0202,Toys,3,3.81,11.43,loyal
INV101069,2024-07-31,C00289,Spain,P0242,Stationery Item 0242,Stationery,1,7.66,7.66,loyal
INV101069,2024-07-31,C00289,Spain,P0162,Sports Item 0162,Sports,1,19.3,19.3,loyal
INV101186,2024-07-31,C00202,Germany,P0023,Garden Item 0023,Garden,5,6.18,30.9,regular
INV101186,2024-07-31,C00202,Germany,P0095,Sports Item 0095,Sports,4,6.85,27.4,regular
INV100170,2024-08-01,C00498,Ireland,P0231,Toys Item 0231,Toys,3,10.98,32.94,loyal
INV100170,2024-08-01,C00498,Ireland,P0200,Garden Item 0200,Garden,2,9.29,18.58,loyal
INV100170,2024-08-01,C00498,Ireland,P0252,Sports Item 0252,Sports,4,8.64,34.56,loyal
INV100170,2024-08-01,C00498,Ireland,P0040,Toys Item 0040,Toys,3,25.32,75.96,loyal
INV100170,2024-08-01,C00498,Ireland,P0136,Beauty Item 0136,Beauty,5,11.76,58.8,loyal
INV100171,2024-08-01,C00386,United Kingdom,P0258,Toys Item 0258,Toys,4,17.95,71.8,at_risk
INV100171,2024-08-01,C00386,United Kingdom,P0056,Toys Item 0056,Toys,3,5.63,16.89,at_risk
INV100296,2024-08-01,C00495,United Kingdom,P0260,Garden Item 0260,Garden,1,17.06,17.06,regular
INV100296,2024-08-01,C00495,United Kingdom,P0296,Electronics Item 0296,Electronics Accessories,5,13.81,69.05,regular
INV100296,2024-08-01,C00495,United Kingdom,P0180,Stationery Item 0180,Stationery,4,9.07,36.28,regular
INV100323,2024-08-01,C00248,Germany,P0260,Garden Item 0260,Garden,2,17.06,34.12,regular
INV100323,2024-08-01,C00248,Germany,P0143,Home Item 0143,Home & Kitchen,2,7.7,15.4,regular
INV100323,2024-08-01,C00248,Germany,P0213,Toys Item 0213,Toys,5,13.64,68.2,regular
INV100323,2024-08-01,C00248,Germany,P0187,Garden Item 0187,Garden,2,6.33,12.66,regular
INV100323,2024-08-01,C00248,Germany,P0127,Toys Item 0127,Toys,2,32.0,64.0,regular
INV100323,2024-08-01,C00248,Germany,P0009,Sports Item 0009,Sports,2,10.35,20.7,regular
INV100986,2024-08-01,C00487,United Kingdom,P0178,Garden Item 0178,Garden,2,15.19,30.38,champion
INV100986,2024-08-01,C00487,United Kingdom,P0261,Stationery Item 0261,Stationery,4,4.53,18.12,champion
INV100986,2024-08-01,C00487,United Kingdom,P0252,Sports Item 0252,Sports,1,8.64,8.64,champion
INV100986,2024-08-01,C00487,United Kingdom,P0145,Electronics Item 0145,Electronics Accessories,3,13.74,41.22,champion
INV100997,2024-08-01,C00005,Spain,P0198,Garden Item 0198,Garden,5,17.59,87.95,at_risk
INV100046,2024-08-02,C00184,United Kingdom,P0270,Electronics Item 0270,Electronics Accessories,3,13.76,41.28,regular
INV100046,2024-08-02,C00184,United Kingdom,P0174,Apparel Item 0174,Apparel,2,14.86,29.72,regular
INV100046,2024-08-02,C00184,United Kingdom,P0234,Beauty Item 0234,Beauty,3,14.59,43.77,regular
INV100046,2024-08-02,C00184,United Kingdom,P0283,Toys Item 0283,Toys,1,9.72,9.72,regular
INV100046,2024-08-02,C00184,United Kingdom,P0010,Sports Item 0010,Sports,3,16.22,48.66,regular
INV100046,2024-08-02,C00184,United Kingdom,P0052,Beauty Item 0052,Beauty,3,4.18,12.54,regular
INV100148,2024-08-02,C00237,United Kingdom,P0215,Stationery Item 0215,Stationery,1,15.43,15.43,regular
INV100148,2024-08-02,C00237,United Kingdom,P0140,Apparel Item 0140,Apparel,1,15.06,15.06,regular
INV100148,2024-08-02,C00237,United Kingdom,P0141,Sports Item 0141,Sports,1,16.81,16.81,regular
INV100576,2024-08-02,C00144,Germany,P0282,Beauty Item 0282,Beauty,4,10.02,40.08,loyal
INV100576,2024-08-02,C00144,Germany,P0278,Toys Item 0278,Toys,3,8.56,25.68,loyal
INV100576,2024-08-02,C00144,Germany,P0031,Apparel Item 0031,Apparel,2,17.17,34.34,loyal
INV100576,2024-08-02,C00144,Germany,P0017,Toys Item 0017,Toys,3,13.41,40.23,loyal
INV100086,2024-08-03,C00367,Ireland,P0089,Apparel Item 0089,Apparel,5,7.02,35.1,loyal
INV100551,2024-08-03,C00078,Ireland,P0091,Garden Item 0091,Garden,3,12.22,36.66,loyal
INV100551,2024-08-03,C00078,Ireland,P0214,Beauty Item 0214,Beauty,1,5.84,5.84,loyal
INV100551,2024-08-03,C00078,Ireland,P0129,Sports Item 0129,Sports,4,7.01,28.04,loyal
INV100551,2024-08-03,C00078,Ireland,P0266,Beauty Item 0266,Beauty,5,9.2,46.0,loyal
INV100551,2024-08-03,C00078,Ireland,P0141,Sports Item 0141,Sports,1,16.81,16.81,loyal
INV100551,2024-08-03,C00078,Ireland,P0097,Stationery Item 0097,Stationery,5,7.93,39.65,loyal
INV100551,2024-08-03,C00078,Ireland,P0217,Electronics Item 0217,Electronics Accessories,2,2.06,4.12,loyal
INV100608,2024-08-03,C00143,Germany,P0177,Apparel Item 0177,Apparel,4,7.91,31.64,champion
INV100608,2024-08-03,C00143,Germany,P0203,Sports Item 0203,Sports,2,20.16,40.32,champion
INV100608,2024-08-03,C00143,Germany,P0208,Sports Item 0208,Sports,3,17.62,52.86,champion
INV100608,2024-08-03,C00143,Germany,P0211,Garden Item 0211,Garden,3,10.09,30.27,champion
INV100013,2024-08-04,C00188,Germany,P0043,Electronics Item 0043,Electronics Accessories,4,19.52,78.08,regular
INV100013,2024-08-04,C00188,Germany,P0177,Apparel Item 0177,Apparel,2,7.91,15.82,regular
INV100013,2024-08-04,C00188,Germany,P0182,Toys Item 0182,Toys,5,14.77,73.85,regular
INV100013,2024-08-04,C00188,Germany,P0061,Stationery Item 0061,Stationery,3,8.19,24.57,regular
INV100139,2024-08-04,C00227,France,P0257,Electronics Item 0257,Electronics Accessories,5,16.69,83.45,champion
INV100139,2024-08-04,C00227,France,P0236,Toys Item 0236,Toys,3,18.12,54.36,champion
INV100139,2024-08-04,C00227,France,P0072,Home Item 0072,Home & Kitchen,3,25.41,76.23,champion
INV100139,2024-08-04,C00227,France,P0019,Electronics Item 0019,Electronics Accessories,2,17.73,35.46,champion
INV100139,2024-08-04,C00227,France,P0045,Electronics Item 0045,Electronics Accessories,3,3.96,11.88,champion
INV100139,2024-08-04,C00227,France,P0146,Garden Item 0146,Garden,4,10.36,41.44,champion
INV100139,2024-08-04,C00227,France,P0048,Apparel Item 0048,Apparel,2,12.95,25.9,champion
INV100139,2024-08-04,C00227,France,P0121,Toys Item 0121,Toys,5,8.89,44.45,champion
INV100399,2024-08-04,C00214,Germany,P0237,Sports Item 0237,Sports,5,4.87,24.35,champion
INV100399,2024-08-04,C00214,Germany,P0036,Toys Item 0036,Toys,4,10.76,43.04,champion
INV100399,2024-08-04,C00214,Germany,P0285,Toys Item 0285,Toys,2,5.98,11.96,champion
INV100399,2024-08-04,C00214,Germany,P0123,Toys Item 0123,Toys,2,19.79,39.58,champion
INV100663,2024-08-04,C00251,France,P0216,Stationery Item 0216,Stationery,4,7.88,31.52,regular
INV100663,2024-08-04,C00251,France,P0141,Sports Item 0141,Sports,1,16.81,16.81,regular
INV100663,2024-08-04,C00251,France,P0066,Toys Item 0066,Toys,3,6.01,18.03,regular
INV100663,2024-08-04,C00251,France,P0149,Toys Item 0149,Toys,4,6.39,25.56,regular
INV100663,2024-08-04,C00251,France,P0003,Beauty Item 0003,Beauty,5,11.37,56.85,regular
INV101334,2024-08-04,C00327,Spain,P0160,Garden Item 0160,Garden,3,13.38,40.14,champion
INV101334,2024-08-04,C00327,Spain,P0287,Toys Item 0287,Toys,4,17.98,71.92,champion
INV101334,2024-08-04,C00327,Spain,P0238,Beauty Item 0238,Beauty,3,13.56,40.68,champion
INV101334,2024-08-04,C00327,Spain,P0237,Sports Item 0237,Sports,2,4.87,9.74,champion
INV101334,2024-08-04,C00327,Spain,P0111,Sports Item 0111,Sports,3,52.97,158.91,champion
INV101334,2024-08-04,C00327,Spain,P0158,Garden Item 0158,Garden,3,8.27,24.81,champion
INV101334,2024-08-04,C00327,Spain,P0113,Garden Item 0113,Garden,1,5.12,5.12,champion
INV101334,2024-08-04,C00327,Spain,P0135,Beauty Item 0135,Beauty,4,17.3,69.2,champion
INV101334,2024-08-04,C00327,Spain,P0112,Apparel Item 0112,Apparel,5,14.8,74.0,champion
INV100306,2024-08-05,C00047,Germany,P0280,Beauty Item 0280,Beauty,5,6.37,31.85,champion
INV100306,2024-08-05,C00047,Germany,P0074,Beauty Item 0074,Beauty,3,28.74,86.22,champion
INV100306,2024-08-05,C00047,Germany,P0174,Apparel Item 0174,Apparel,1,14.86,14.86,champion
INV100306,2024-08-05,C00047,Germany,P0159,Home Item 0159,Home & Kitchen,1,7.2,7.2,champion
INV100306,2024-08-05,C00047,Germany,P0229,Stationery Item 0229,Stationery,5,10.31,51.55,champion
INV100306,2024-08-05,C00047,Germany,P0232,Stationery Item 0232,Stationery,5,13.04,65.2,champion
INV100306,2024-08-05,C00047,Germany,P0125,Toys Item 0125,Toys,1,25.33,25.33,champion
INV100306,2024-08-05,C00047,Germany,P0099,Toys Item 0099,Toys,2,3.9,7.8,champion
INV100306,2024-08-05,C00047,Germany,P0214,Beauty Item 0214,Beauty,2,5.84,11.68,champion
INV100306,2024-08-05,C00047,Germany,P0124,Toys Item 0124,Toys,2,5.36,10.72,champion
INV100306,2024-08-05,C00047,Germany,P0038,Beauty Item 0038,Beauty,4,4.36,17.44,champion
INV100306,2024-08-05,C00047,Germany,P0181,Beauty Item 0181,Beauty,3,22.25,66.75,champion
INV100523,2024-08-05,C00140,Netherlands,P0195,Apparel Item 0195,Apparel,3,27.22,81.66,dormant
INV100611,2024-08-05,C00403,France,P0007,Stationery Item 0007,Stationery,2,19.96,39.92,regular
INV100611,2024-08-05,C00403,France,P0186,Sports Item 0186,Sports,1,11.3,11.3,regular
INV100662,2024-08-05,C00384,Ireland,P0214,Beauty Item 0214,Beauty,1,5.84,5.84,champion
INV100662,2024-08-05,C00384,Ireland,P0253,Toys Item 0253,Toys,4,5.41,21.64,champion
INV100662,2024-08-05,C00384,Ireland,P0044,Apparel Item 0044,Apparel,5,13.46,67.3,champion
INV100662,2024-08-05,C00384,Ireland,P0115,Home Item 0115,Home & Kitchen,5,20.54,102.7,champion
INV100245,2024-08-06,C00479,Spain,P0146,Garden Item 0146,Garden,1,10.36,10.36,champion
INV100245,2024-08-06,C00479,Spain,P0071,Beauty Item 0071,Beauty,2,12.79,25.58,champion
INV100245,2024-08-06,C00479,Spain,P0129,Sports Item 0129,Sports,4,7.01,28.04,champion
INV100245,2024-08-06,C00479,Spain,P0222,Beauty Item 0222,Beauty,2,16.46,32.92,champion
INV100505,2024-08-06,C00196,United Kingdom,P0028,Beauty Item 0028,Beauty,4,5.04,20.16,loyal
INV100505,2024-08-06,C00196,United Kingdom,P0158,Garden Item 0158,Garden,2,8.27,16.54,loyal
INV100809,2024-08-06,C00145,Spain,P0006,Toys Item 0006,Toys,3,14.64,43.92,loyal
INV101033,2024-08-06,C00147,France,P0257,Electronics Item 0257,Electronics Accessories,1,16.69,16.69,champion
INV101033,2024-08-06,C00147,France,P0092,Home Item 0092,Home & Kitchen,1,34.22,34.22,champion
INV101033,2024-08-06,C00147,France,P0012,Beauty Item 0012,Beauty,5,8.67,43.35,champion
INV101033,2024-08-06,C00147,France,P0134,Beauty Item 0134,Beauty,5,8.0,40.0,champion
INV101033,2024-08-06,C00147,France,P0065,Stationery Item 0065,Stationery,5,38.71,193.55,champion
INV101033,2024-08-06,C00147,France,P0028,Beauty Item 0028,Beauty,3,5.04,15.12,champion
INV101033,2024-08-06,C00147,France,P0125,Toys Item 0125,Toys,1,25.33,25.33,champion
INV101033,2024-08-06,C00147,France,P0120,Sports Item 0120,Sports,2,12.93,25.86,champion
INV101033,2024-08-06,C00147,France,P0087,Home Item 0087,Home & Kitchen,1,9.17,9.17,champion
INV101033,2024-08-06,C00147,France,P0114,Home Item 0114,Home & Kitchen,1,15.7,15.7,champion
INV101033,2024-08-06,C00147,France,P0019,Electronics Item 0019,Electronics Accessories,1,17.73,17.73,champion
INV101033,2024-08-06,C00147,France,P0033,Sports Item 0033,Sports,3,8.82,26.46,champion
INV101033,2024-08-06,C00147,France,P0147,Electronics Item 0147,Electronics Accessories,4,21.42,85.68,champion
INV101033,2024-08-06,C00147,France,P0046,Toys Item 0046,Toys,3,13.41,40.23,champion
INV101199,2024-08-06,C00095,United Kingdom,P0260,Garden Item 0260,Garden,5,17.06,85.3,champion
INV101199,2024-08-06,C00095,United Kingdom,P0159,Home Item 0159,Home & Kitchen,4,7.2,28.8,champion
INV101199,2024-08-06,C00095,United Kingdom,P0187,Garden Item 0187,Garden,4,6.33,25.32,champion
INV101199,2024-08-06,C00095,United Kingdom,P0231,Toys Item 0231,Toys,4,10.98,43.92,champion
INV101199,2024-08-06,C00095,United Kingdom,P0034,Apparel Item 0034,Apparel,5,8.29,41.45,champion
INV101199,2024-08-06,C00095,United Kingdom,P0240,Garden Item 0240,Garden,3,7.99,23.97,champion
INV101199,2024-08-06,C00095,United Kingdom,P0191,Stationery Item 0191,Stationery,3,8.67,26.01,champion
INV101199,2024-08-06,C00095,United Kingdom,P0140,Apparel Item 0140,Apparel,5,15.06,75.3,champion
INV101199,2024-08-06,C00095,United Kingdom,P0120,Sports Item 0120,Sports,3,12.93,38.79,champion
INV101199,2024-08-06,C00095,United Kingdom,P0282,Beauty Item 0282,Beauty,2,10.02,20.04,champion
INV101199,2024-08-06,C00095,United Kingdom,P0040,Toys Item 0040,Toys,4,25.32,101.28,champion
INV101199,2024-08-06,C00095,United Kingdom,P0118,Apparel Item 0118,Apparel,2,9.67,19.34,champion
INV101199,2024-08-06,C00095,United Kingdom,P0124,Toys Item 0124,Toys,1,5.36,5.36,champion
INV100432,2024-08-07,C00239,France,P0116,Stationery Item 0116,Stationery,1,8.27,8.27,regular
INV100432,2024-08-07,C00239,France,P0102,Toys Item 0102,Toys,4,14.39,57.56,regular
INV100564,2024-08-07,C00491,United Kingdom,P0092,Home Item 0092,Home & Kitchen,5,34.22,171.1,regular
INV100564,2024-08-07,C00491,United Kingdom,P0212,Sports Item 0212,Sports,3,27.54,82.62,regular
INV100642,2024-08-07,C00019,Germany,P0239,Apparel Item 0239,Apparel,2,3.39,6.78,loyal
INV101079,2024-08-07,C00095,United Kingdom,P0065,Stationery Item 0065,Stationery,1,38.71,38.71,champion
INV101079,2024-08-07,C00095,United Kingdom,P0032,Toys Item 0032,Toys,3,7.2,21.6,champion
INV101079,2024-08-07,C00095,United Kingdom,P0062,Stationery Item 0062,Stationery,5,32.4,162.0,champion
INV101079,2024-08-07,C00095,United Kingdom,P0181,Beauty Item 0181,Beauty,4,22.25,89.0,champion
INV101191,2024-08-07,C00286,Spain,P0292,Beauty Item 0292,Beauty,5,5.92,29.6,regular
INV101191,2024-08-07,C00286,Spain,P0071,Beauty Item 0071,Beauty,4,12.79,51.16,regular
INV101191,2024-08-07,C00286,Spain,P0180,Stationery Item 0180,Stationery,5,9.07,45.35,regular
INV101191,2024-08-07,C00286,Spain,P0019,Electronics Item 0019,Electronics Accessories,5,17.73,88.65,regular
INV101228,2024-08-07,C00094,United Kingdom,P0114,Home Item 0114,Home & Kitchen,5,15.7,78.5,at_risk
INV101228,2024-08-07,C00094,United Kingdom,P0119,Stationery Item 0119,Stationery,3,27.78,83.34,at_risk
INV101228,2024-08-07,C00094,United Kingdom,P0014,Sports Item 0014,Sports,5,10.64,53.2,at_risk
INV101286,2024-08-07,C00081,Spain,P0026,Sports Item 0026,Sports,3,9.03,27.09,loyal
INV101286,2024-08-07,C00081,Spain,P0292,Beauty Item 0292,Beauty,4,5.92,23.68,loyal
INV101286,2024-08-07,C00081,Spain,P0229,Stationery Item 0229,Stationery,4,10.31,41.24,loyal
INV101286,2024-08-07,C00081,Spain,P0061,Stationery Item 0061,Stationery,4,8.19,32.76,loyal
INV101390,2024-08-07,C00286,Spain,P0264,Home Item 0264,Home & Kitchen,1,16.77,16.77,regular
INV101390,2024-08-07,C00286,Spain,P0138,Stationery Item 0138,Stationery,2,23.38,46.76,regular
INV101390,2024-08-07,C00286,Spain,P0289,Home Item 0289,Home & Kitchen,5,3.62,18.1,regular
INV100019,2024-08-08,C00386,United Kingdom,P0212,Sports Item 0212,Sports,1,27.54,27.54,at_risk
INV100019,2024-08-08,C00386,United Kingdom,P0240,Garden Item 0240,Garden,3,7.99,23.97,at_risk
INV100019,2024-08-08,C00386,United Kingdom,P0092,Home Item 0092,Home & Kitchen,4,34.22,136.88,at_risk
INV100019,2024-08-08,C00386,United Kingdom,P0228,Toys Item 0228,Toys,1,20.22,20.22,at_risk
INV100924,2024-08-08,C00295,Germany,P0159,Home Item 0159,Home & Kitchen,4,7.2,28.8,champion
INV100924,2024-08-08,C00295,Germany,P0045,Electronics Item 0045,Electronics Accessories,3,3.96,11.88,champion
INV100924,2024-08-08,C00295,Germany,P0113,Garden Item 0113,Garden,3,5.12,15.36,champion
INV100924,2024-08-08,C00295,Germany,P0141,Sports Item 0141,Sports,2,16.81,33.62,champion
INV100924,2024-08-08,C00295,Germany,P0040,Toys Item 0040,Toys,4,25.32,101.28,champion
INV100924,2024-08-08,C00295,Germany,P0036,Toys Item 0036,Toys,4,10.76,43.04,champion
INV100924,2024-08-08,C00295,Germany,P0225,Beauty Item 0225,Beauty,3,4.63,13.89,champion
INV100924,2024-08-08,C00295,Germany,P0059,Garden Item 0059,Garden,4,22.24,88.96,champion
INV100924,2024-08-08,C00295,Germany,P0002,Garden Item 0002,Garden,1,12.52,12.52,champion
INV101203,2024-08-08,C00459,France,P0281,Beauty Item 0281,Beauty,5,2.14,10.7,loyal
INV101203,2024-08-08,C00459,France,P0165,Home Item 0165,Home & Kitchen,2,4.44,8.88,loyal
INV101203,2024-08-08,C00459,France,P0226,Sports Item 0226,Sports,3,6.07,18.21,loyal
INV101203,2024-08-08,C00459,France,P0043,Electronics Item 0043,Electronics Accessories,5,19.52,97.6,loyal
INV101203,2024-08-08,C00459,France,P0288,Stationery Item 0288,Stationery,3,9.96,29.88,loyal
INV101203,2024-08-08,C00459,France,P0278,Toys Item 0278,Toys,2,8.56,17.12,loyal
INV101203,2024-08-08,C00459,France,P0195,Apparel Item 0195,Apparel,1,27.22,27.22,loyal
INV100382,2024-08-09,C00291,Ireland,P0244,Electronics Item 0244,Electronics Accessories,2,18.65,37.3,loyal
INV100558,2024-08-09,C00480,Ireland,P0021,Sports Item 0021,Sports,5,9.22,46.1,regular
INV100558,2024-08-09,C00480,Ireland,P0098,Beauty Item 0098,Beauty,2,10.79,21.58,regular
INV100558,2024-08-09,C00480,Ireland,P0152,Toys Item 0152,Toys,5,42.54,212.7,regular
INV100558,2024-08-09,C00480,Ireland,P0216,Stationery Item 0216,Stationery,4,7.88,31.52,regular
INV100558,2024-08-09,C00480,Ireland,P0133,Home Item 0133,Home & Kitchen,1,3.6,3.6,regular
INV100558,2024-08-09,C00480,Ireland,P0068,Beauty Item 0068,Beauty,4,7.24,28.96,regular
INV100558,2024-08-09,C00480,Ireland,P0002,Garden Item 0002,Garden,4,12.52,50.08,regular
INV100643,2024-08-09,C00136,France,P0280,Beauty Item 0280,Beauty,3,6.37,19.11,loyal
INV100643,2024-08-09,C00136,France,P0281,Beauty Item 0281,Beauty,1,2.14,2.14,loyal
INV100643,2024-08-09,C00136,France,P0223,Sports Item 0223,Sports,3,37.0,111.0,loyal
INV100643,2024-08-09,C00136,France,P0204,Apparel Item 0204,Apparel,4,44.41,177.64,loyal
INV100643,2024-08-09,C00136,France,P0215,Stationery Item 0215,Stationery,5,15.43,77.15,loyal
INV100643,2024-08-09,C00136,France,P0128,Stationery Item 0128,Stationery,5,9.37,46.85,loyal
INV100643,2024-08-09,C00136,France,P0132,Apparel Item 0132,Apparel,2,33.27,66.54,loyal
INV100643,2024-08-09,C00136,France,P0288,Stationery Item 0288,Stationery,4,9.96,39.84,loyal
INV100643,2024-08-09,C00136,France,P0263,Toys Item 0263,Toys,1,10.21,10.21,loyal
INV100643,2024-08-09,C00136,France,P0294,Toys Item 0294,Toys,5,5.09,25.45,loyal
INV100643,2024-08-09,C00136,France,P0189,Garden Item 0189,Garden,5,9.4,47.0,loyal
INV100643,2024-08-09,C00136,France,P0297,Stationery Item 0297,Stationery,5,18.82,94.1,loyal
INV100643,2024-08-09,C00136,France,P0057,Beauty Item 0057,Beauty,3,13.72,41.16,loyal
INV101260,2024-08-09,C00096,United Kingdom,P0163,Sports Item 0163,Sports,5,16.1,80.5,loyal
INV101260,2024-08-09,C00096,United Kingdom,P0263,Toys Item 0263,Toys,1,10.21,10.21,loyal
INV101260,2024-08-09,C00096,United Kingdom,P0272,Stationery Item 0272,Stationery,3,43.64,130.92,loyal
INV101260,2024-08-09,C00096,United Kingdom,P0173,Apparel Item 0173,Apparel,3,19.11,57.33,loyal
INV101260,2024-08-09,C00096,United Kingdom,P0061,Stationery Item 0061,Stationery,1,8.19,8.19,loyal
INV101260,2024-08-09,C00096,United Kingdom,P0185,Home Item 0185,Home & Kitchen,4,22.37,89.48,loyal
INV101260,2024-08-09,C00096,United Kingdom,P0269,Electronics Item 0269,Electronics Accessories,5,3.48,17.4,loyal
INV100431,2024-08-10,C00418,Spain,P0033,Sports Item 0033,Sports,3,8.82,26.46,loyal
INV100431,2024-08-10,C00418,Spain,P0049,Home Item 0049,Home & Kitchen,3,26.16,78.48,loyal
INV100431,2024-08-10,C00418,Spain,P0158,Garden Item 0158,Garden,2,8.27,16.54,loyal
INV100431,2024-08-10,C00418,Spain,P0069,Electronics Item 0069,Electronics Accessories,4,8.37,33.48,loyal
INV100769,2024-08-10,C00155,Ireland,P0181,Beauty Item 0181,Beauty,2,22.25,44.5,regular
INV100878,2024-08-10,C00479,Spain,P0018,Beauty Item 0018,Beauty,4,19.88,79.52,champion
INV100878,2024-08-10,C00479,Spain,P0292,Beauty Item 0292,Beauty,1,5.92,5.92,champion
INV100878,2024-08-10,C00479,Spain,P0160,Garden Item 0160,Garden,3,13.38,40.14,champion
INV100878,2024-08-10,C00479,Spain,P0071,Beauty Item 0071,Beauty,3,12.79,38.37,champion
INV100878,2024-08-10,C00479,Spain,P0238,Beauty Item 0238,Beauty,1,13.56,13.56,champion
INV100878,2024-08-10,C00479,Spain,P0062,Stationery Item 0062,Stationery,1,32.4,32.4,champion
INV100878,2024-08-10,C00479,Spain,P0188,Beauty Item 0188,Beauty,5,5.1,25.5,champion
INV100878,2024-08-10,C00479,Spain,P0253,Toys Item 0253,Toys,2,5.41,10.82,champion
INV100878,2024-08-10,C00479,Spain,P0240,Garden Item 0240,Garden,1,7.99,7.99,champion
INV100878,2024-08-10,C00479,Spain,P0083,Apparel Item 0083,Apparel,3,6.29,18.87,champion
INV101143,2024-08-10,C00179,Spain,P0031,Apparel Item 0031,Apparel,1,17.17,17.17,loyal
INV101143,2024-08-10,C00179,Spain,P0104,Beauty Item 0104,Beauty,4,15.26,61.04,loyal
INV101143,2024-08-10,C00179,Spain,P0011,Stationery Item 0011,Stationery,4,15.05,60.2,loyal
INV101143,2024-08-10,C00179,Spain,P0084,Toys Item 0084,Toys,5,9.13,45.65,loyal
INV101143,2024-08-10,C00179,Spain,P0251,Sports Item 0251,Sports,3,7.43,22.29,loyal
INV101424,2024-08-10,C00251,France,P0215,Stationery Item 0215,Stationery,1,15.43,15.43,regular
INV101424,2024-08-10,C00251,France,P0033,Sports Item 0033,Sports,5,8.82,44.1,regular
INV101424,2024-08-10,C00251,France,P0128,Stationery Item 0128,Stationery,2,9.37,18.74,regular
INV100007,2024-08-11,C00098,Netherlands,P0277,Beauty Item 0277,Beauty,5,18.96,94.8,champion
INV100645,2024-08-11,C00224,France,P0223,Sports Item 0223,Sports,1,37.0,37.0,champion
INV100645,2024-08-11,C00224,France,P0231,Toys Item 0231,Toys,2,10.98,21.96,champion
INV100645,2024-08-11,C00224,France,P0006,Toys Item 0006,Toys,5,14.64,73.2,champion
INV100645,2024-08-11,C00224,France,P0251,Sports Item 0251,Sports,4,7.43,29.72,champion
INV100645,2024-08-11,C00224,France,P0075,Home Item 0075,Home & Kitchen,4,4.7,18.8,champion
INV100645,2024-08-11,C00224,France,P0147,Electronics Item 0147,Electronics Accessories,2,21.42,42.84,champion
INV100645,2024-08-11,C00224,France,P0040,Toys Item 0040,Toys,4,25.32,101.28,champion
INV100645,2024-08-11,C00224,France,P0073,Garden Item 0073,Garden,5,8.64,43.2,champion
INV100824,2024-08-11,C00227,France,P0029,Sports Item 0029,Sports,3,15.87,47.61,champion
INV101071,2024-08-11,C00477,France,P0292,Beauty Item 0292,Beauty,4,5.92,23.68,champion
INV101071,2024-08-11,C00477,France,P0208,Sports Item 0208,Sports,4,17.62,70.48,champion
INV101071,2024-08-11,C00477,France,P0071,Beauty Item 0071,Beauty,4,12.79,51.16,champion
INV101071,2024-08-11,C00477,France,P0296,Electronics Item 0296,Electronics Accessories,3,13.81,41.43,champion
INV101071,2024-08-11,C00477,France,P0275,Toys Item 0275,Toys,2,7.98,15.96,champion
INV101071,2024-08-11,C00477,France,P0081,Garden Item 0081,Garden,1,26.84,26.84,champion
INV101071,2024-08-11,C00477,France,P0153,Home Item 0153,Home & Kitchen,2,2.62,5.24,champion
INV101071,2024-08-11,C00477,France,P0145,Electronics Item 0145,Electronics Accessories,3,13.74,41.22,champion
INV101071,2024-08-11,C00477,France,P0078,Apparel Item 0078,Apparel,1,26.81,26.81,champion
INV101071,2024-08-11,C00477,France,P0041,Electronics Item 0041,Electronics Accessories,1,18.37,18.37,champion
INV101071,2024-08-11,C00477,France,P0255,Electronics Item 0255,Electronics Accessories,2,2.75,5.5,champion
INV101071,2024-08-11,C00477,France,P0233,Apparel Item 0233,Apparel,1,25.83,25.83,champion
INV101071,2024-08-11,C00477,France,P0073,Garden Item 0073,Garden,1,8.64,8.64,champion
INV101071,2024-08-11,C00477,France,P0259,Apparel Item 0259,Apparel,3,12.89,38.67,champion
INV101115,2024-08-11,C00143,Germany,P0222,Beauty Item 0222,Beauty,3,16.46,49.38,champion
INV101115,2024-08-11,C00143,Germany,P0024,Sports Item 0024,Sports,2,9.12,18.24,champion
INV101115,2024-08-11,C00143,Germany,P0151,Toys Item 0151,Toys,3,19.71,59.13,champion
INV101115,2024-08-11,C00143,Germany,P0037,Toys Item 0037,Toys,1,10.9,10.9,champion
INV101115,2024-08-11,C00143,Germany,P0168,Sports Item 0168,Sports,5,25.71,128.55,champion
INV101115,2024-08-11,C00143,Germany,P0228,Toys Item 0228,Toys,5,20.22,101.1,champion
INV101115,2024-08-11,C00143,Germany,P0254,Garden Item 0254,Garden,2,47.1,94.2,champion
INV101115,2024-08-11,C00143,Germany,P0158,Garden Item 0158,Garden,5,8.27,41.35,champion
INV101115,2024-08-11,C00143,Germany,P0210,Beauty Item 0210,Beauty,3,6.08,18.24,champion
INV101264,2024-08-11,C00260,France,P0041,Electronics Item 0041,Electronics Accessories,5,18.37,91.85,at_risk
INV101264,2024-08-11,C00260,France,P0145,Electronics Item 0145,Electronics Accessories,5,13.74,68.7,at_risk
INV100122,2024-08-12,C00038,Spain,P0059,Garden Item 0059,Garden,3,22.24,66.72,champion
INV100122,2024-08-12,C00038,Spain,P0070,Beauty Item 0070,Beauty,2,12.9,25.8,champion
INV100122,2024-08-12,C00038,Spain,P0003,Beauty Item 0003,Beauty,3,11.37,34.11,champion
INV100122,2024-08-12,C00038,Spain,P0277,Beauty Item 0277,Beauty,1,18.96,18.96,champion
INV100187,2024-08-12,C00198,United Kingdom,P0226,Sports Item 0226,Sports,4,6.07,24.28,champion
INV100187,2024-08-12,C00198,United Kingdom,P0192,Garden Item 0192,Garden,4,17.1,68.4,champion
INV100385,2024-08-12,C00125,Germany,P0026,Sports Item 0026,Sports,1,9.03,9.03,loyal
INV100385,2024-08-12,C00125,Germany,P0170,Apparel Item 0170,Apparel,3,26.08,78.24,loyal
INV100385,2024-08-12,C00125,Germany,P0242,Stationery Item 0242,Stationery,3,7.66,22.98,loyal
INV100385,2024-08-12,C00125,Germany,P0251,Sports Item 0251,Sports,4,7.43,29.72,loyal
INV100385,2024-08-12,C00125,Germany,P0118,Apparel Item 0118,Apparel,1,9.67,9.67,loyal
INV100955,2024-08-12,C00222,France,P0097,Stationery Item 0097,Stationery,1,7.93,7.93,regular
INV100972,2024-08-12,C00183,United Kingdom,P0268,Beauty Item 0268,Beauty,4,10.88,43.52,at_risk
INV100972,2024-08-12,C00183,United Kingdom,P0214,Beauty Item 0214,Beauty,2,5.84,11.68,at_risk
INV100972,2024-08-12,C00183,United Kingdom,P0186,Sports Item 0186,Sports,1,11.3,11.3,at_risk
INV100972,2024-08-12,C00183,United Kingdom,P0228,Toys Item 0228,Toys,4,20.22,80.88,at_risk
INV101123,2024-08-12,C00456,United Kingdom,P0268,Beauty Item 0268,Beauty,3,10.88,32.64,champion
INV101123,2024-08-12,C00456,United Kingdom,P0169,Apparel Item 0169,Apparel,5,6.65,33.25,champion
INV101123,2024-08-12,C00456,United Kingdom,P0204,Apparel Item 0204,Apparel,3,44.41,133.23,champion
INV101123,2024-08-12,C00456,United Kingdom,P0063,Apparel Item 0063,Apparel,2,21.21,42.42,champion
INV101123,2024-08-12,C00456,United Kingdom,P0261,Stationery Item 0261,Stationery,4,4.53,18.12,champion
INV101123,2024-08-12,C00456,United Kingdom,P0288,Stationery Item 0288,Stationery,4,9.96,39.84,champion
INV101123,2024-08-12,C00456,United Kingdom,P0086,Toys Item 0086,Toys,5,15.78,78.9,champion
INV101123,2024-08-12,C00456,United Kingdom,P0140,Apparel Item 0140,Apparel,1,15.06,15.06,champion
INV101197,2024-08-12,C00433,United Kingdom,P0026,Sports Item 0026,Sports,3,9.03,27.09,regular
INV101325,2024-08-12,C00279,United Kingdom,P0086,Toys Item 0086,Toys,2,15.78,31.56,loyal
INV101325,2024-08-12,C00279,United Kingdom,P0134,Beauty Item 0134,Beauty,4,8.0,32.0,loyal
INV100494,2024-08-13,C00193,United Kingdom,P0065,Stationery Item 0065,Stationery,5,38.71,193.55,dormant
INV100999,2024-08-13,C00472,France,P0015,Stationery Item 0015,Stationery,5,6.38,31.9,loyal
INV100174,2024-08-14,C00411,United Kingdom,P0081,Garden Item 0081,Garden,5,26.84,134.2,loyal
INV100174,2024-08-14,C00411,United Kingdom,P0108,Garden Item 0108,Garden,1,12.75,12.75,loyal
INV100174,2024-08-14,C00411,United Kingdom,P0130,Home Item 0130,Home & Kitchen,5,18.87,94.35,loyal
INV100174,2024-08-14,C00411,United Kingdom,P0254,Garden Item 0254,Garden,3,47.1,141.3,loyal
INV100174,2024-08-14,C00411,United Kingdom,P0209,Garden Item 0209,Garden,3,20.19,60.57,loyal
INV100694,2024-08-14,C00046,Spain,P0291,Sports Item 0291,Sports,4,23.03,92.12,loyal
INV100801,2024-08-14,C00382,United Kingdom,P0208,Sports Item 0208,Sports,5,17.62,88.1,champion
INV100801,2024-08-14,C00382,United Kingdom,P0119,Stationery Item 0119,Stationery,1,27.78,27.78,champion
INV100801,2024-08-14,C00382,United Kingdom,P0037,Toys Item 0037,Toys,5,10.9,54.5,champion
INV100801,2024-08-14,C00382,United Kingdom,P0141,Sports Item 0141,Sports,3,16.81,50.43,champion
INV100801,2024-08-14,C00382,United Kingdom,P0032,Toys Item 0032,Toys,1,7.2,7.2,champion
INV100801,2024-08-14,C00382,United Kingdom,P0242,Stationery Item 0242,Stationery,5,7.66,38.3,champion
INV100801,2024-08-14,C00382,United Kingdom,P0079,Sports Item 0079,Sports,4,17.36,69.44,champion
INV101109,2024-08-14,C00106,United Kingdom,P0076,Home Item 0076,Home & Kitchen,5,31.68,158.4,regular
INV101109,2024-08-14,C00106,United Kingdom,P0024,Sports Item 0024,Sports,1,9.12,9.12,regular
INV100528,2024-08-15,C00418,Spain,P0206,Stationery Item 0206,Stationery,1,9.37,9.37,loyal
INV100528,2024-08-15,C00418,Spain,P0219,Stationery Item 0219,Stationery,3,10.17,30.51,loyal
INV100592,2024-08-15,C00031,Ireland,P0233,Apparel Item 0233,Apparel,3,25.83,77.49,loyal
INV100592,2024-08-15,C00031,Ireland,P0198,Garden Item 0198,Garden,2,17.59,35.18,loyal
INV100952,2024-08-15,C00238,United Kingdom,P0281,Beauty Item 0281,Beauty,2,2.14,4.28,regular
INV100952,2024-08-15,C00238,United Kingdom,P0276,Apparel Item 0276,Apparel,5,8.49,42.45,regular
INV100952,2024-08-15,C00238,United Kingdom,P0199,Sports Item 0199,Sports,1,14.62,14.62,regular
INV100952,2024-08-15,C00238,United Kingdom,P0017,Toys Item 0017,Toys,4,13.41,53.64,regular
INV100952,2024-08-15,C00238,United Kingdom,P0068,Beauty Item 0068,Beauty,4,7.24,28.96,regular
INV101098,2024-08-15,C00476,United Kingdom,P0153,Home Item 0153,Home & Kitchen,1,2.62,2.62,at_risk
INV101406,2024-08-15,C00192,France,P0260,Garden Item 0260,Garden,1,17.06,17.06,regular
INV101406,2024-08-15,C00192,France,P0261,Stationery Item 0261,Stationery,5,4.53,22.65,regular
INV101406,2024-08-15,C00192,France,P0084,Toys Item 0084,Toys,3,9.13,27.39,regular
INV101406,2024-08-15,C00192,France,P0115,Home Item 0115,Home & Kitchen,4,20.54,82.16,regular
INV101406,2024-08-15,C00192,France,P0241,Sports Item 0241,Sports,5,13.49,67.45,regular
INV100001,2024-08-16,C00379,United Kingdom,P0117,Beauty Item 0117,Beauty,1,11.91,11.91,champion
INV100001,2024-08-16,C00379,United Kingdom,P0092,Home Item 0092,Home & Kitchen,2,34.22,68.44,champion
INV100001,2024-08-16,C00379,United Kingdom,P0191,Stationery Item 0191,Stationery,2,8.67,17.34,champion
INV100001,2024-08-16,C00379,United Kingdom,P0228,Toys Item 0228,Toys,5,20.22,101.1,champion
INV100012,2024-08-16,C00067,United Kingdom,P0085,Stationery Item 0085,Stationery,4,4.34,17.36,champion
INV100219,2024-08-16,C00230,United Kingdom,P0116,Stationery Item 0116,Stationery,5,8.27,41.35,loyal
INV100219,2024-08-16,C00230,United Kingdom,P0077,Home Item 0077,Home & Kitchen,3,8.82,26.46,loyal
INV100300,2024-08-16,C00499,France,P0148,Apparel Item 0148,Apparel,3,27.92,83.76,loyal
INV100300,2024-08-16,C00499,France,P0051,Stationery Item 0051,Stationery,1,7.32,7.32,loyal
INV100300,2024-08-16,C00499,France,P0151,Toys Item 0151,Toys,3,19.71,59.13,loyal
INV100300,2024-08-16,C00499,France,P0133,Home Item 0133,Home & Kitchen,5,3.6,18.0,loyal
INV100413,2024-08-16,C00214,Germany,P0174,Apparel Item 0174,Apparel,4,14.86,59.44,champion
INV100413,2024-08-16,C00214,Germany,P0001,Sports Item 0001,Sports,3,20.7,62.1,champion
INV101295,2024-08-16,C00327,Spain,P0239,Apparel Item 0239,Apparel,2,3.39,6.78,champion
INV101295,2024-08-16,C00327,Spain,P0187,Garden Item 0187,Garden,1,6.33,6.33,champion
INV101295,2024-08-16,C00327,Spain,P0017,Toys Item 0017,Toys,1,13.41,13.41,champion
INV101295,2024-08-16,C00327,Spain,P0258,Toys Item 0258,Toys,1,17.95,17.95,champion
INV101295,2024-08-16,C00327,Spain,P0195,Apparel Item 0195,Apparel,4,27.22,108.88,champion
INV101295,2024-08-16,C00327,Spain,P0069,Electronics Item 0069,Electronics Accessories,4,8.37,33.48,champion
INV101295,2024-08-16,C00327,Spain,P0116,Stationery Item 0116,Stationery,1,8.27,8.27,champion
INV100238,2024-08-17,C00237,United Kingdom,P0171,Garden Item 0171,Garden,3,6.31,18.93,regular
INV100238,2024-08-17,C00237,United Kingdom,P0142,Apparel Item 0142,Apparel,3,14.63,43.89,regular
INV100830,2024-08-17,C00052,Spain,P0268,Beauty Item 0268,Beauty,4,10.88,43.52,champion
INV100830,2024-08-17,C00052,Spain,P0104,Beauty Item 0104,Beauty,4,15.26,61.04,champion
INV101008,2024-08-17,C00258,United Kingdom,P0260,Garden Item 0260,Garden,4,17.06,68.24,regular
INV101008,2024-08-17,C00258,United Kingdom,P0271,Garden Item 0271,Garden,5,4.37,21.85,regular
INV101008,2024-08-17,C00258,United Kingdom,P0212,Sports Item 0212,Sports,2,27.54,55.08,regular
INV101147,2024-08-17,C00487,United Kingdom,P0260,Garden Item 0260,Garden,2,17.06,34.12,champion
INV101147,2024-08-17,C00487,United Kingdom,P0267,Electronics Item 0267,Electronics Accessories,3,11.36,34.08,champion
INV101147,2024-08-17,C00487,United Kingdom,P0109,Apparel Item 0109,Apparel,1,11.92,11.92,champion
INV101147,2024-08-17,C00487,United Kingdom,P0252,Sports Item 0252,Sports,5,8.64,43.2,champion
INV101147,2024-08-17,C00487,United Kingdom,P0105,Beauty Item 0105,Beauty,3,10.5,31.5,champion
INV101147,2024-08-17,C00487,United Kingdom,P0173,Apparel Item 0173,Apparel,2,19.11,38.22,champion
INV101147,2024-08-17,C00487,United Kingdom,P0295,Home Item 0295,Home & Kitchen,1,11.96,11.96,champion
INV101184,2024-08-17,C00032,Spain,P0257,Electronics Item 0257,Electronics Accessories,4,16.69,66.76,loyal
INV101184,2024-08-17,C00032,Spain,P0231,Toys Item 0231,Toys,5,10.98,54.9,loyal
INV101184,2024-08-17,C00032,Spain,P0190,Stationery Item 0190,Stationery,4,5.75,23.0,loyal
INV101184,2024-08-17,C00032,Spain,P0093,Beauty Item 0093,Beauty,4,9.44,37.76,loyal
INV101184,2024-08-17,C00032,Spain,P0156,Beauty Item 0156,Beauty,3,6.52,19.56,loyal
INV101184,2024-08-17,C00032,Spain,P0040,Toys Item 0040,Toys,5,25.32,126.6,loyal
INV101494,2024-08-17,C00022,United Kingdom,P0083,Apparel Item 0083,Apparel,4,6.29,25.16,loyal
INV101494,2024-08-17,C00022,United Kingdom,P0014,Sports Item 0014,Sports,1,10.64,10.64,loyal
INV100256,2024-08-18,C00065,Spain,P0138,Stationery Item 0138,Stationery,3,23.38,70.14,regular
INV100256,2024-08-18,C00065,Spain,P0157,Toys Item 0157,Toys,3,16.13,48.39,regular
INV100256,2024-08-18,C00065,Spain,P0145,Electronics Item 0145,Electronics Accessories,5,13.74,68.7,regular
INV100256,2024-08-18,C00065,Spain,P0041,Electronics Item 0041,Electronics Accessories,4,18.37,73.48,regular
INV100256,2024-08-18,C00065,Spain,P0209,Garden Item 0209,Garden,5,20.19,100.95,regular
INV100256,2024-08-18,C00065,Spain,P0002,Garden Item 0002,Garden,4,12.52,50.08,regular
INV100468,2024-08-18,C00197,Netherlands,P0146,Garden Item 0146,Garden,2,10.36,20.72,loyal
INV100468,2024-08-18,C00197,Netherlands,P0267,Electronics Item 0267,Electronics Accessories,1,11.36,11.36,loyal
INV100468,2024-08-18,C00197,Netherlands,P0255,Electronics Item 0255,Electronics Accessories,4,2.75,11.0,loyal
INV100468,2024-08-18,C00197,Netherlands,P0218,Electronics Item 0218,Electronics Accessories,4,6.37,25.48,loyal
INV100951,2024-08-18,C00390,United Kingdom,P0077,Home Item 0077,Home & Kitchen,5,8.82,44.1,loyal
INV101104,2024-08-18,C00381,Netherlands,P0243,Toys Item 0243,Toys,2,7.38,14.76,regular
INV101104,2024-08-18,C00381,Netherlands,P0220,Sports Item 0220,Sports,4,13.16,52.64,regular
INV101104,2024-08-18,C00381,Netherlands,P0150,Garden Item 0150,Garden,1,11.59,11.59,regular
INV101367,2024-08-18,C00237,United Kingdom,P0000,Home Item 0000,Home & Kitchen,4,5.41,21.64,regular
INV100292,2024-08-19,C00217,United Kingdom,P0226,Sports Item 0226,Sports,3,6.07,18.21,regular
INV100292,2024-08-19,C00217,United Kingdom,P0158,Garden Item 0158,Garden,4,8.27,33.08,regular
INV100292,2024-08-19,C00217,United Kingdom,P0185,Home Item 0185,Home & Kitchen,2,22.37,44.74,regular
INV100469,2024-08-19,C00463,Spain,P0121,Toys Item 0121,Toys,2,8.89,17.78,loyal
INV101429,2024-08-19,C00143,Germany,P0030,Toys Item 0030,Toys,1,8.54,8.54,champion
INV101429,2024-08-19,C00143,Germany,P0179,Toys Item 0179,Toys,5,14.27,71.35,champion
INV101429,2024-08-19,C00143,Germany,P0161,Home Item 0161,Home & Kitchen,3,6.97,20.91,champion
INV101429,2024-08-19,C00143,Germany,P0288,Stationery Item 0288,Stationery,4,9.96,39.84,champion
INV101429,2024-08-19,C00143,Germany,P0075,Home Item 0075,Home & Kitchen,4,4.7,18.8,champion
INV101429,2024-08-19,C00143,Germany,P0078,Apparel Item 0078,Apparel,2,26.81,53.62,champion
INV101429,2024-08-19,C00143,Germany,P0160,Garden Item 0160,Garden,2,13.38,26.76,champion
INV101429,2024-08-19,C00143,Germany,P0269,Electronics Item 0269,Electronics Accessories,2,3.48,6.96,champion
INV101429,2024-08-19,C00143,Germany,P0073,Garden Item 0073,Garden,4,8.64,34.56,champion
INV101443,2024-08-19,C00021,United Kingdom,P0205,Home Item 0205,Home & Kitchen,5,7.76,38.8,champion
INV101443,2024-08-19,C00021,United Kingdom,P0281,Beauty Item 0281,Beauty,5,2.14,10.7,champion
INV101443,2024-08-19,C00021,United Kingdom,P0111,Sports Item 0111,Sports,1,52.97,52.97,champion
INV101443,2024-08-19,C00021,United Kingdom,P0090,Garden Item 0090,Garden,3,12.93,38.79,champion
INV100379,2024-08-20,C00396,Spain,P0237,Sports Item 0237,Sports,2,4.87,9.74,champion
INV100379,2024-08-20,C00396,Spain,P0107,Home Item 0107,Home & Kitchen,4,7.79,31.16,champion
INV100379,2024-08-20,C00396,Spain,P0195,Apparel Item 0195,Apparel,3,27.22,81.66,champion
INV100379,2024-08-20,C00396,Spain,P0192,Garden Item 0192,Garden,4,17.1,68.4,champion
INV100594,2024-08-20,C00411,United Kingdom,P0193,Apparel Item 0193,Apparel,5,22.21,111.05,loyal
INV100701,2024-08-20,C00077,Ireland,P0086,Toys Item 0086,Toys,1,15.78,15.78,loyal
INV100704,2024-08-20,C00446,Ireland,P0120,Sports Item 0120,Sports,4,12.93,51.72,champion
INV100704,2024-08-20,C00446,Ireland,P0292,Beauty Item 0292,Beauty,2,5.92,11.84,champion
INV100704,2024-08-20,C00446,Ireland,P0230,Apparel Item 0230,Apparel,1,13.03,13.03,champion
INV100704,2024-08-20,C00446,Ireland,P0108,Garden Item 0108,Garden,3,12.75,38.25,champion
INV101303,2024-08-20,C00397,United Kingdom,P0120,Sports Item 0120,Sports,5,12.93,64.65,loyal
INV100767,2024-08-21,C00445,France,P0078,Apparel Item 0078,Apparel,3,26.81,80.43,regular
INV100767,2024-08-21,C00445,France,P0251,Sports Item 0251,Sports,2,7.43,14.86,regular
INV100767,2024-08-21,C00445,France,P0155,Apparel Item 0155,Apparel,2,3.52,7.04,regular
INV100767,2024-08-21,C00445,France,P0153,Home Item 0153,Home & Kitchen,1,2.62,2.62,regular
INV100922,2024-08-21,C00185,Netherlands,P0274,Apparel Item 0274,Apparel,5,17.17,85.85,regular
INV100922,2024-08-21,C00185,Netherlands,P0287,Toys Item 0287,Toys,2,17.98,35.96,regular
INV100922,2024-08-21,C00185,Netherlands,P0060,Garden Item 0060,Garden,3,5.43,16.29,regular
INV100922,2024-08-21,C00185,Netherlands,P0162,Sports Item 0162,Sports,5,19.3,96.5,regular
INV100179,2024-08-22,C00001,United Kingdom,P0163,Sports Item 0163,Sports,3,16.1,48.3,champion
INV100179,2024-08-22,C00001,United Kingdom,P0239,Apparel Item 0239,Apparel,5,3.39,16.95,champion
INV100179,2024-08-22,C00001,United Kingdom,P0058,Garden Item 0058,Garden,1,7.47,7.47,champion
INV100179,2024-08-22,C00001,United Kingdom,P0037,Toys Item 0037,Toys,1,10.9,10.9,champion
INV100179,2024-08-22,C00001,United Kingdom,P0135,Beauty Item 0135,Beauty,5,17.3,86.5,champion
INV100179,2024-08-22,C00001,United Kingdom,P0249,Apparel Item 0249,Apparel,3,7.46,22.38,champion
INV100179,2024-08-22,C00001,United Kingdom,P0059,Garden Item 0059,Garden,3,22.24,66.72,champion
INV100224,2024-08-22,C00040,United Kingdom,P0043,Electronics Item 0043,Electronics Accessories,4,19.52,78.08,regular
INV100224,2024-08-22,C00040,United Kingdom,P0102,Toys Item 0102,Toys,2,14.39,28.78,regular
INV100224,2024-08-22,C00040,United Kingdom,P0175,Garden Item 0175,Garden,2,15.65,31.3,regular
INV100301,2024-08-22,C00450,Germany,P0025,Garden Item 0025,Garden,1,16.76,16.76,regular
INV100301,2024-08-22,C00450,Germany,P0251,Sports Item 0251,Sports,2,7.43,14.86,regular
INV100301,2024-08-22,C00450,Germany,P0220,Sports Item 0220,Sports,3,13.16,39.48,regular
INV100301,2024-08-22,C00450,Germany,P0277,Beauty Item 0277,Beauty,5,18.96,94.8,regular
INV100478,2024-08-22,C00307,Spain,P0276,Apparel Item 0276,Apparel,3,8.49,25.47,loyal
INV100478,2024-08-22,C00307,Spain,P0270,Electronics Item 0270,Electronics Accessories,3,13.76,41.28,loyal
INV100478,2024-08-22,C00307,Spain,P0229,Stationery Item 0229,Stationery,1,10.31,10.31,loyal
INV100478,2024-08-22,C00307,Spain,P0166,Electronics Item 0166,Electronics Accessories,1,7.11,7.11,loyal
INV100478,2024-08-22,C00307,Spain,P0057,Beauty Item 0057,Beauty,3,13.72,41.16,loyal
INV100595,2024-08-22,C00447,United Kingdom,P0027,Electronics Item 0027,Electronics Accessories,1,19.73,19.73,champion
INV100595,2024-08-22,C00447,United Kingdom,P0230,Apparel Item 0230,Apparel,1,13.03,13.03,champion
INV101450,2024-08-22,C00424,Ireland,P0248,Apparel Item 0248,Apparel,2,18.11,36.22,regular
INV101450,2024-08-22,C00424,Ireland,P0196,Stationery Item 0196,Stationery,5,11.07,55.35,regular
INV101450,2024-08-22,C00424,Ireland,P0097,Stationery Item 0097,Stationery,2,7.93,15.86,regular
INV101450,2024-08-22,C00424,Ireland,P0074,Beauty Item 0074,Beauty,3,28.74,86.22,regular
INV100239,2024-08-23,C00365,United Kingdom,P0020,Sports Item 0020,Sports,4,17.23,68.92,champion
INV100239,2024-08-23,C00365,United Kingdom,P0049,Home Item 0049,Home & Kitchen,4,26.16,104.64,champion
INV100239,2024-08-23,C00365,United Kingdom,P0092,Home Item 0092,Home & Kitchen,2,34.22,68.44,champion
INV100239,2024-08-23,C00365,United Kingdom,P0082,Home Item 0082,Home & Kitchen,2,2.54,5.08,champion
INV100239,2024-08-23,C00365,United Kingdom,P0191,Stationery Item 0191,Stationery,3,8.67,26.01,champion
INV100239,2024-08-23,C00365,United Kingdom,P0130,Home Item 0130,Home & Kitchen,4,18.87,75.48,champion
INV100239,2024-08-23,C00365,United Kingdom,P0185,Home Item 0185,Home & Kitchen,1,22.37,22.37,champion
INV100239,2024-08-23,C00365,United Kingdom,P0172,Sports Item 0172,Sports,5,6.08,30.4,champion
INV100239,2024-08-23,C00365,United Kingdom,P0286,Toys Item 0286,Toys,3,17.4,52.2,champion
INV100239,2024-08-23,C00365,United Kingdom,P0162,Sports Item 0162,Sports,1,19.3,19.3,champion
INV100281,2024-08-23,C00318,United Kingdom,P0281,Beauty Item 0281,Beauty,1,2.14,2.14,regular
INV100281,2024-08-23,C00318,United Kingdom,P0143,Home Item 0143,Home & Kitchen,4,7.7,30.8,regular
INV100281,2024-08-23,C00318,United Kingdom,P0073,Garden Item 0073,Garden,1,8.64,8.64,regular
INV100281,2024-08-23,C00318,United Kingdom,P0213,Toys Item 0213,Toys,3,13.64,40.92,regular
INV100905,2024-08-23,C00149,Germany,P0069,Electronics Item 0069,Electronics Accessories,5,8.37,41.85,regular
INV100905,2024-08-23,C00149,Germany,P0245,Beauty Item 0245,Beauty,3,3.3,9.9,regular
INV100992,2024-08-23,C00465,Germany,P0179,Toys Item 0179,Toys,2,14.27,28.54,loyal
INV100992,2024-08-23,C00465,Germany,P0131,Stationery Item 0131,Stationery,1,12.06,12.06,loyal
INV100992,2024-08-23,C00465,Germany,P0151,Toys Item 0151,Toys,1,19.71,19.71,loyal
INV100992,2024-08-23,C00465,Germany,P0078,Apparel Item 0078,Apparel,2,26.81,53.62,loyal
INV100992,2024-08-23,C00465,Germany,P0140,Apparel Item 0140,Apparel,5,15.06,75.3,loyal
INV101428,2024-08-23,C00242,United Kingdom,P0138,Stationery Item 0138,Stationery,3,23.38,70.14,loyal
INV101428,2024-08-23,C00242,United Kingdom,P0093,Beauty Item 0093,Beauty,3,9.44,28.32,loyal
INV101428,2024-08-23,C00242,United Kingdom,P0000,Home Item 0000,Home & Kitchen,3,5.41,16.23,loyal
INV101428,2024-08-23,C00242,United Kingdom,P0156,Beauty Item 0156,Beauty,3,6.52,19.56,loyal
INV101428,2024-08-23,C00242,United Kingdom,P0129,Sports Item 0129,Sports,1,7.01,7.01,loyal
INV101428,2024-08-23,C00242,United Kingdom,P0148,Apparel Item 0148,Apparel,4,27.92,111.68,loyal
INV101428,2024-08-23,C00242,United Kingdom,P0036,Toys Item 0036,Toys,4,10.76,43.04,loyal
INV101428,2024-08-23,C00242,United Kingdom,P0222,Beauty Item 0222,Beauty,1,16.46,16.46,loyal
INV100378,2024-08-24,C00091,Germany,P0137,Beauty Item 0137,Beauty,1,7.15,7.15,champion
INV100378,2024-08-24,C00091,Germany,P0162,Sports Item 0162,Sports,1,19.3,19.3,champion
INV100803,2024-08-24,C00405,Spain,P0271,Garden Item 0271,Garden,2,4.37,8.74,loyal
INV100803,2024-08-24,C00405,Spain,P0218,Electronics Item 0218,Electronics Accessories,2,6.37,12.74,loyal
INV101107,2024-08-24,C00336,United Kingdom,P0076,Home Item 0076,Home & Kitchen,5,31.68,158.4,loyal
INV101107,2024-08-24,C00336,United Kingdom,P0203,Sports Item 0203,Sports,2,20.16,40.32,loyal
INV101107,2024-08-24,C00336,United Kingdom,P0128,Stationery Item 0128,Stationery,5,9.37,46.85,loyal
INV101107,2024-08-24,C00336,United Kingdom,P0011,Stationery Item 0011,Stationery,4,15.05,60.2,loyal
INV101107,2024-08-24,C00336,United Kingdom,P0176,Toys Item 0176,Toys,5,20.55,102.75,loyal
INV101107,2024-08-24,C00336,United Kingdom,P0000,Home Item 0000,Home & Kitchen,5,5.41,27.05,loyal
INV101107,2024-08-24,C00336,United Kingdom,P0119,Stationery Item 0119,Stationery,5,27.78,138.9,loyal
INV101107,2024-08-24,C00336,United Kingdom,P0153,Home Item 0153,Home & Kitchen,3,2.62,7.86,loyal
INV101120,2024-08-24,C00224,France,P0006,Toys Item 0006,Toys,3,14.64,43.92,champion
INV101364,2024-08-24,C00303,Ireland,P0177,Apparel Item 0177,Apparel,2,7.91,15.82,regular
INV101364,2024-08-24,C00303,Ireland,P0078,Apparel Item 0078,Apparel,4,26.81,107.24,regular
INV101364,2024-08-24,C00303,Ireland,P0082,Home Item 0082,Home & Kitchen,4,2.54,10.16,regular
INV101364,2024-08-24,C00303,Ireland,P0205,Home Item 0205,Home & Kitchen,5,7.76,38.8,regular
INV101453,2024-08-24,C00016,Germany,P0186,Sports Item 0186,Sports,3,11.3,33.9,regular
INV100212,2024-08-25,C00322,France,P0005,Electronics Item 0005,Electronics Accessories,3,23.02,69.06,regular
INV100356,2024-08-25,C00404,United Kingdom,P0007,Stationery Item 0007,Stationery,3,19.96,59.88,loyal
INV100356,2024-08-25,C00404,United Kingdom,P0211,Garden Item 0211,Garden,4,10.09,40.36,loyal
INV100356,2024-08-25,C00404,United Kingdom,P0139,Stationery Item 0139,Stationery,4,2.18,8.72,loyal
INV100356,2024-08-25,C00404,United Kingdom,P0195,Apparel Item 0195,Apparel,2,27.22,54.44,loyal
INV100356,2024-08-25,C00404,United Kingdom,P0150,Garden Item 0150,Garden,5,11.59,57.95,loyal
INV100356,2024-08-25,C00404,United Kingdom,P0147,Electronics Item 0147,Electronics Accessories,4,21.42,85.68,loyal
INV100356,2024-08-25,C00404,United Kingdom,P0160,Garden Item 0160,Garden,5,13.38,66.9,loyal
INV100356,2024-08-25,C00404,United Kingdom,P0022,Garden Item 0022,Garden,4,9.52,38.08,loyal
INV100673,2024-08-25,C00479,Spain,P0033,Sports Item 0033,Sports,4,8.82,35.28,champion
INV100673,2024-08-25,C00479,Spain,P0293,Toys Item 0293,Toys,2,13.85,27.7,champion
INV100673,2024-08-25,C00479,Spain,P0070,Beauty Item 0070,Beauty,5,12.9,64.5,champion
INV100673,2024-08-25,C00479,Spain,P0003,Beauty Item 0003,Beauty,2,11.37,22.74,champion
INV101414,2024-08-25,C00152,United Kingdom,P0170,Apparel Item 0170,Apparel,2,26.08,52.16,loyal
INV101414,2024-08-25,C00152,United Kingdom,P0211,Garden Item 0211,Garden,2,10.09,20.18,loyal
INV101414,2024-08-25,C00152,United Kingdom,P0103,Garden Item 0103,Garden,2,5.64,11.28,loyal
INV101414,2024-08-25,C00152,United Kingdom,P0065,Stationery Item 0065,Stationery,2,38.71,77.42,loyal
INV100115,2024-08-26,C00196,United Kingdom,P0260,Garden Item 0260,Garden,1,17.06,17.06,loyal
INV100115,2024-08-26,C00196,United Kingdom,P0024,Sports Item 0024,Sports,5,9.12,45.6,loyal
INV100337,2024-08-26,C00337,United Kingdom,P0026,Sports Item 0026,Sports,4,9.03,36.12,loyal
INV100337,2024-08-26,C00337,United Kingdom,P0102,Toys Item 0102,Toys,3,14.39,43.17,loyal
INV100337,2024-08-26,C00337,United Kingdom,P0110,Sports Item 0110,Sports,1,14.16,14.16,loyal
INV100337,2024-08-26,C00337,United Kingdom,P0262,Home Item 0262,Home & Kitchen,1,8.77,8.77,loyal
INV100337,2024-08-26,C00337,United Kingdom,P0047,Apparel Item 0047,Apparel,5,29.75,148.75,loyal
INV100337,2024-08-26,C00337,United Kingdom,P0001,Sports Item 0001,Sports,1,20.7,20.7,loyal
INV100337,2024-08-26,C00337,United Kingdom,P0103,Garden Item 0103,Garden,2,5.64,11.28,loyal
INV100392,2024-08-26,C00031,Ireland,P0104,Beauty Item 0104,Beauty,3,15.26,45.78,loyal
INV100514,2024-08-26,C00045,France,P0125,Toys Item 0125,Toys,2,25.33,50.66,regular
INV100514,2024-08-26,C00045,France,P0215,Stationery Item 0215,Stationery,3,15.43,46.29,regular
INV100514,2024-08-26,C00045,France,P0084,Toys Item 0084,Toys,5,9.13,45.65,regular
INV100565,2024-08-27,C00231,Ireland,P0077,Home Item 0077,Home & Kitchen,5,8.82,44.1,regular
INV100565,2024-08-27,C00231,Ireland,P0153,Home Item 0153,Home & Kitchen,4,2.62,10.48,regular
INV100752,2024-08-27,C00081,Spain,P0292,Beauty Item 0292,Beauty,2,5.92,11.84,loyal
INV100752,2024-08-27,C00081,Spain,P0277,Beauty Item 0277,Beauty,4,18.96,75.84,loyal
INV100883,2024-08-27,C00270,United Kingdom,P0082,Home Item 0082,Home & Kitchen,2,2.54,5.08,regular
INV100883,2024-08-27,C00270,United Kingdom,P0053,Garden Item 0053,Garden,4,9.88,39.52,regular
INV100883,2024-08-27,C00270,United Kingdom,P0166,Electronics Item 0166,Electronics Accessories,4,7.11,28.44,regular
INV100885,2024-08-27,C00372,Germany,P0296,Electronics Item 0296,Electronics Accessories,3,13.81,41.43,loyal
INV100885,2024-08-27,C00372,Germany,P0070,Beauty Item 0070,Beauty,1,12.9,12.9,loyal
INV100950,2024-08-27,C00336,United Kingdom,P0053,Garden Item 0053,Garden,5,9.88,49.4,loyal
INV100950,2024-08-27,C00336,United Kingdom,P0089,Apparel Item 0089,Apparel,2,7.02,14.04,loyal
INV100950,2024-08-27,C00336,United Kingdom,P0016,Beauty Item 0016,Beauty,1,16.32,16.32,loyal
INV100950,2024-08-27,C00336,United Kingdom,P0015,Stationery Item 0015,Stationery,2,6.38,12.76,loyal
INV101066,2024-08-27,C00462,France,P0035,Toys Item 0035,Toys,5,15.71,78.55,champion
INV101066,2024-08-27,C00462,France,P0262,Home Item 0262,Home & Kitchen,3,8.77,26.31,champion
INV101066,2024-08-27,C00462,France,P0157,Toys Item 0157,Toys,1,16.13,16.13,champion
INV101066,2024-08-27,C00462,France,P0251,Sports Item 0251,Sports,3,7.43,22.29,champion
INV101066,2024-08-27,C00462,France,P0164,Home Item 0164,Home & Kitchen,3,19.4,58.2,champion
INV101165,2024-08-27,C00118,Ireland,P0066,Toys Item 0066,Toys,1,6.01,6.01,dormant
INV100408,2024-08-28,C00101,Netherlands,P0008,Stationery Item 0008,Stationery,3,7.1,21.3,regular
INV101402,2024-08-28,C00468,United Kingdom,P0068,Beauty Item 0068,Beauty,5,7.24,36.2,loyal
INV100014,2024-08-29,C00047,Germany,P0292,Beauty Item 0292,Beauty,1,5.92,5.92,champion
INV100014,2024-08-29,C00047,Germany,P0042,Apparel Item 0042,Apparel,5,5.8,29.0,champion
INV100014,2024-08-29,C00047,Germany,P0098,Beauty Item 0098,Beauty,2,10.79,21.58,champion
INV100014,2024-08-29,C00047,Germany,P0056,Toys Item 0056,Toys,4,5.63,22.52,champion
INV100014,2024-08-29,C00047,Germany,P0232,Stationery Item 0232,Stationery,3,13.04,39.12,champion
INV100014,2024-08-29,C00047,Germany,P0004,Garden Item 0004,Garden,1,18.82,18.82,champion
INV100014,2024-08-29,C00047,Germany,P0128,Stationery Item 0128,Stationery,1,9.37,9.37,champion
INV100014,2024-08-29,C00047,Germany,P0027,Electronics Item 0027,Electronics Accessories,3,19.73,59.19,champion
INV100014,2024-08-29,C00047,Germany,P0156,Beauty Item 0156,Beauty,3,6.52,19.56,champion
INV100014,2024-08-29,C00047,Germany,P0277,Beauty Item 0277,Beauty,1,18.96,18.96,champion
INV100014,2024-08-29,C00047,Germany,P0023,Garden Item 0023,Garden,5,6.18,30.9,champion
INV100014,2024-08-29,C00047,Germany,P0105,Beauty Item 0105,Beauty,4,10.5,42.0,champion
INV100014,2024-08-29,C00047,Germany,P0158,Garden Item 0158,Garden,3,8.27,24.81,champion
INV100014,2024-08-29,C00047,Germany,P0135,Beauty Item 0135,Beauty,5,17.3,86.5,champion
INV100123,2024-08-29,C00123,Germany,P0280,Beauty Item 0280,Beauty,4,6.37,25.48,loyal
INV100123,2024-08-29,C00123,Germany,P0030,Toys Item 0030,Toys,4,8.54,34.16,loyal
INV100123,2024-08-29,C00123,Germany,P0125,Toys Item 0125,Toys,2,25.33,50.66,loyal
INV100123,2024-08-29,C00123,Germany,P0247,Home Item 0247,Home & Kitchen,1,15.37,15.37,loyal
INV100123,2024-08-29,C00123,Germany,P0219,Stationery Item 0219,Stationery,1,10.17,10.17,loyal
INV100123,2024-08-29,C00123,Germany,P0138,Stationery Item 0138,Stationery,5,23.38,116.9,loyal
INV100123,2024-08-29,C00123,Germany,P0067,Sports Item 0067,Sports,1,14.79,14.79,loyal
INV100123,2024-08-29,C00123,Germany,P0278,Toys Item 0278,Toys,1,8.56,8.56,loyal
INV100123,2024-08-29,C00123,Germany,P0024,Sports Item 0024,Sports,3,9.12,27.36,loyal
INV100123,2024-08-29,C00123,Germany,P0193,Apparel Item 0193,Apparel,1,22.21,22.21,loyal
INV100123,2024-08-29,C00123,Germany,P0083,Apparel Item 0083,Apparel,4,6.29,25.16,loyal
INV100123,2024-08-29,C00123,Germany,P0233,Apparel Item 0233,Apparel,3,25.83,77.49,loyal
INV100123,2024-08-29,C00123,Germany,P0144,Apparel Item 0144,Apparel,4,13.41,53.64,loyal
INV100818,2024-08-29,C00306,Spain,P0053,Garden Item 0053,Garden,3,9.88,29.64,loyal
INV100818,2024-08-29,C00306,Spain,P0229,Stationery Item 0229,Stationery,5,10.31,51.55,loyal
INV100894,2024-08-29,C00418,Spain,P0249,Apparel Item 0249,Apparel,2,7.46,14.92,loyal
INV100894,2024-08-29,C00418,Spain,P0189,Garden Item 0189,Garden,4,9.4,37.6,loyal
INV101232,2024-08-29,C00466,Ireland,P0149,Toys Item 0149,Toys,3,6.39,19.17,loyal
INV101289,2024-08-29,C00334,United Kingdom,P0187,Garden Item 0187,Garden,5,6.33,31.65,loyal
INV101289,2024-08-29,C00334,United Kingdom,P0277,Beauty Item 0277,Beauty,1,18.96,18.96,loyal
INV101289,2024-08-29,C00334,United Kingdom,P0005,Electronics Item 0005,Electronics Accessories,2,23.02,46.04,loyal
INV101289,2024-08-29,C00334,United Kingdom,P0244,Electronics Item 0244,Electronics Accessories,4,18.65,74.6,loyal
INV101289,2024-08-29,C00334,United Kingdom,P0185,Home Item 0185,Home & Kitchen,1,22.37,22.37,loyal
INV101306,2024-08-29,C00306,Spain,P0135,Beauty Item 0135,Beauty,3,17.3,51.9,loyal
INV100011,2024-08-30,C00054,Germany,P0195,Apparel Item 0195,Apparel,3,27.22,81.66,loyal
INV100054,2024-08-30,C00325,Ireland,P0087,Home Item 0087,Home & Kitchen,5,9.17,45.85,at_risk
INV100054,2024-08-30,C00325,Ireland,P0248,Apparel Item 0248,Apparel,4,18.11,72.44,at_risk
INV100054,2024-08-30,C00325,Ireland,P0078,Apparel Item 0078,Apparel,1,26.81,26.81,at_risk
INV100054,2024-08-30,C00325,Ireland,P0263,Toys Item 0263,Toys,4,10.21,40.84,at_risk
INV100127,2024-08-30,C00276,United Kingdom,P0213,Toys Item 0213,Toys,3,13.64,40.92,loyal
INV100127,2024-08-30,C00276,United Kingdom,P0023,Garden Item 0023,Garden,2,6.18,12.36,loyal
INV100127,2024-08-30,C00276,United Kingdom,P0298,Stationery Item 0298,Stationery,2,2.24,4.48,loyal
INV100127,2024-08-30,C00276,United Kingdom,P0205,Home Item 0205,Home & Kitchen,4,7.76,31.04,loyal
INV100127,2024-08-30,C00276,United Kingdom,P0131,Stationery Item 0131,Stationery,5,12.06,60.3,loyal
INV100520,2024-08-30,C00380,United Kingdom,P0192,Garden Item 0192,Garden,5,17.1,85.5,loyal
INV100567,2024-08-30,C00092,Germany,P0270,Electronics Item 0270,Electronics Accessories,3,13.76,41.28,at_risk
INV100826,2024-08-30,C00213,Netherlands,P0265,Home Item 0265,Home & Kitchen,2,6.17,12.34,loyal
INV100826,2024-08-30,C00213,Netherlands,P0014,Sports Item 0014,Sports,4,10.64,42.56,loyal
INV100826,2024-08-30,C00213,Netherlands,P0145,Electronics Item 0145,Electronics Accessories,4,13.74,54.96,loyal
INV100826,2024-08-30,C00213,Netherlands,P0116,Stationery Item 0116,Stationery,1,8.27,8.27,loyal
INV100826,2024-08-30,C00213,Netherlands,P0041,Electronics Item 0041,Electronics Accessories,1,18.37,18.37,loyal
INV101102,2024-08-30,C00218,Ireland,P0188,Beauty Item 0188,Beauty,3,5.1,15.3,at_risk
INV101198,2024-08-30,C00254,Germany,P0026,Sports Item 0026,Sports,2,9.03,18.06,loyal
INV101198,2024-08-30,C00254,Germany,P0226,Sports Item 0226,Sports,4,6.07,24.28,loyal
INV101198,2024-08-30,C00254,Germany,P0138,Stationery Item 0138,Stationery,5,23.38,116.9,loyal
INV101198,2024-08-30,C00254,Germany,P0214,Beauty Item 0214,Beauty,4,5.84,23.36,loyal
INV101198,2024-08-30,C00254,Germany,P0274,Apparel Item 0274,Apparel,1,17.17,17.17,loyal
INV101261,2024-08-30,C00397,United Kingdom,P0156,Beauty Item 0156,Beauty,4,6.52,26.08,loyal
INV101336,2024-08-30,C00489,United Kingdom,P0048,Apparel Item 0048,Apparel,5,12.95,64.75,loyal
INV100021,2024-08-31,C00226,France,P0015,Stationery Item 0015,Stationery,3,6.38,19.14,loyal
INV100021,2024-08-31,C00226,France,P0125,Toys Item 0125,Toys,4,25.33,101.32,loyal
INV100021,2024-08-31,C00226,France,P0138,Stationery Item 0138,Stationery,2,23.38,46.76,loyal
INV100021,2024-08-31,C00226,France,P0219,Stationery Item 0219,Stationery,4,10.17,40.68,loyal
INV100021,2024-08-31,C00226,France,P0149,Toys Item 0149,Toys,3,6.39,19.17,loyal
INV100067,2024-08-31,C00189,United Kingdom,P0299,Home Item 0299,Home & Kitchen,5,23.81,119.05,loyal
INV100067,2024-08-31,C00189,United Kingdom,P0154,Home Item 0154,Home & Kitchen,4,12.36,49.44,loyal
INV100067,2024-08-31,C00189,United Kingdom,P0031,Apparel Item 0031,Apparel,4,17.17,68.68,loyal
INV100067,2024-08-31,C00189,United Kingdom,P0204,Apparel Item 0204,Apparel,5,44.41,222.05,loyal
INV100067,2024-08-31,C00189,United Kingdom,P0063,Apparel Item 0063,Apparel,3,21.21,63.63,loyal
INV100067,2024-08-31,C00189,United Kingdom,P0155,Apparel Item 0155,Apparel,1,3.52,3.52,loyal
INV100067,2024-08-31,C00189,United Kingdom,P0200,Garden Item 0200,Garden,1,9.29,9.29,loyal
INV100067,2024-08-31,C00189,United Kingdom,P0124,Toys Item 0124,Toys,3,5.36,16.08,loyal
INV100067,2024-08-31,C00189,United Kingdom,P0094,Apparel Item 0094,Apparel,2,14.15,28.3,loyal
INV100182,2024-08-31,C00343,United Kingdom,P0025,Garden Item 0025,Garden,2,16.76,33.52,loyal
INV100182,2024-08-31,C00343,United Kingdom,P0088,Garden Item 0088,Garden,3,25.85,77.55,loyal
INV100182,2024-08-31,C00343,United Kingdom,P0150,Garden Item 0150,Garden,4,11.59,46.36,loyal
INV100182,2024-08-31,C00343,United Kingdom,P0249,Apparel Item 0249,Apparel,3,7.46,22.38,loyal
INV100182,2024-08-31,C00343,United Kingdom,P0242,Stationery Item 0242,Stationery,2,7.66,15.32,loyal
INV100450,2024-08-31,C00147,France,P0020,Sports Item 0020,Sports,1,17.23,17.23,champion
INV100450,2024-08-31,C00147,France,P0092,Home Item 0092,Home & Kitchen,2,34.22,68.44,champion
INV100450,2024-08-31,C00147,France,P0053,Garden Item 0053,Garden,1,9.88,9.88,champion
INV100450,2024-08-31,C00147,France,P0016,Beauty Item 0016,Beauty,3,16.32,48.96,champion
INV100450,2024-08-31,C00147,France,P0261,Stationery Item 0261,Stationery,3,4.53,13.59,champion
INV100450,2024-08-31,C00147,France,P0262,Home Item 0262,Home & Kitchen,1,8.77,8.77,champion
INV100450,2024-08-31,C00147,France,P0081,Garden Item 0081,Garden,4,26.84,107.36,champion
INV100450,2024-08-31,C00147,France,P0114,Home Item 0114,Home & Kitchen,1,15.7,15.7,champion
INV100450,2024-08-31,C00147,France,P0047,Apparel Item 0047,Apparel,4,29.75,119.0,champion
INV100450,2024-08-31,C00147,France,P0284,Apparel Item 0284,Apparel,4,22.03,88.12,champion
INV100450,2024-08-31,C00147,France,P0272,Stationery Item 0272,Stationery,5,43.64,218.2,champion
INV100450,2024-08-31,C00147,France,P0033,Sports Item 0033,Sports,1,8.82,8.82,champion
INV100450,2024-08-31,C00147,France,P0248,Apparel Item 0248,Apparel,5,18.11,90.55,champion
INV100450,2024-08-31,C00147,France,P0009,Sports Item 0009,Sports,3,10.35,31.05,champion
INV100450,2024-08-31,C00147,France,P0144,Apparel Item 0144,Apparel,5,13.41,67.05,champion
INV100487,2024-08-31,C00345,Netherlands,P0021,Sports Item 0021,Sports,24,8.3,199.2,loyal
INV100487,2024-08-31,C00345,Netherlands,P0174,Apparel Item 0174,Apparel,18,13.37,240.66,loyal
INV100487,2024-08-31,C00345,Netherlands,P0292,Beauty Item 0292,Beauty,28,5.33,149.24,loyal
INV100487,2024-08-31,C00345,Netherlands,P0177,Apparel Item 0177,Apparel,29,7.12,206.48,loyal
INV100487,2024-08-31,C00345,Netherlands,P0206,Stationery Item 0206,Stationery,39,8.43,328.77,loyal
INV100487,2024-08-31,C00345,Netherlands,P0129,Sports Item 0129,Sports,20,6.31,126.2,loyal
INV100487,2024-08-31,C00345,Netherlands,P0024,Sports Item 0024,Sports,24,8.21,197.04,loyal
INV100487,2024-08-31,C00345,Netherlands,P0279,Apparel Item 0279,Apparel,31,8.74,270.94,loyal
INV100487,2024-08-31,C00345,Netherlands,P0151,Toys Item 0151,Toys,38,17.74,674.12,loyal
INV100487,2024-08-31,C00345,Netherlands,P0108,Garden Item 0108,Garden,20,11.47,229.4,loyal
INV100487,2024-08-31,C00345,Netherlands,P0197,Beauty Item 0197,Beauty,32,5.94,190.08,loyal
INV100487,2024-08-31,C00345,Netherlands,P0040,Toys Item 0040,Toys,36,22.79,820.44,loyal
INV100487,2024-08-31,C00345,Netherlands,P0032,Toys Item 0032,Toys,30,6.48,194.4,loyal
INV100487,2024-08-31,C00345,Netherlands,P0034,Apparel Item 0034,Apparel,25,7.46,186.5,loyal
INV100487,2024-08-31,C00345,Netherlands,P0064,Beauty Item 0064,Beauty,20,5.16,103.2,loyal
INV100487,2024-08-31,C00345,Netherlands,P0018,Beauty Item 0018,Beauty,22,17.89,393.58,loyal
INV100487,2024-08-31,C00345,Netherlands,P0006,Toys Item 0006,Toys,16,13.18,210.88,loyal
INV100487,2024-08-31,C00345,Netherlands,P0044,Apparel Item 0044,Apparel,18,12.11,217.98,loyal
INV100487,2024-08-31,C00345,Netherlands,P0101,Stationery Item 0101,Stationery,25,49.59,1239.75,loyal
INV100487,2024-08-31,C00345,Netherlands,P0014,Sports Item 0014,Sports,18,9.58,172.44,loyal
INV100487,2024-08-31,C00345,Netherlands,P0193,Apparel Item 0193,Apparel,15,19.99,299.85,loyal
INV100487,2024-08-31,C00345,Netherlands,P0280,Beauty Item 0280,Beauty,32,5.73,183.36,loyal
INV100487,2024-08-31,C00345,Netherlands,P0293,Toys Item 0293,Toys,16,12.46,199.36,loyal
INV100487,2024-08-31,C00345,Netherlands,P0154,Home Item 0154,Home & Kitchen,18,11.12,200.16,loyal
INV100487,2024-08-31,C00345,Netherlands,P0065,Stationery Item 0065,Stationery,29,34.84,1010.36,loyal
INV100487,2024-08-31,C00345,Netherlands,P0255,Electronics Item 0255,Electronics Accessories,38,2.48,94.24,loyal
INV100487,2024-08-31,C00345,Netherlands,P0002,Garden Item 0002,Garden,33,11.27,371.91,loyal
INV100487,2024-08-31,C00345,Netherlands,P0003,Beauty Item 0003,Beauty,15,10.23,153.45,loyal
INV100487,2024-08-31,C00345,Netherlands,P0270,Electronics Item 0270,Electronics Accessories,19,12.38,235.22,loyal
INV100487,2024-08-31,C00345,Netherlands,P0092,Home Item 0092,Home & Kitchen,33,30.8,1016.4,loyal
INV100487,2024-08-31,C00345,Netherlands,P0243,Toys Item 0243,Toys,33,6.64,219.12,loyal
INV100487,2024-08-31,C00345,Netherlands,P0071,Beauty Item 0071,Beauty,24,11.51,276.24,loyal
INV100487,2024-08-31,C00345,Netherlands,P0114,Home Item 0114,Home & Kitchen,38,14.13,536.94,loyal
INV100487,2024-08-31,C00345,Netherlands,P0240,Garden Item 0240,Garden,37,7.19,266.03,loyal
INV100487,2024-08-31,C00345,Netherlands,P0205,Home Item 0205,Home & Kitchen,33,6.98,230.34,loyal
INV100487,2024-08-31,C00345,Netherlands,P0168,Sports Item 0168,Sports,33,23.14,763.62,loyal
INV100487,2024-08-31,C00345,Netherlands,P0066,Toys Item 0066,Toys,34,5.41,183.94,loyal
INV100690,2024-08-31,C00134,United Kingdom,P0196,Stationery Item 0196,Stationery,2,11.07,22.14,champion
INV100690,2024-08-31,C00134,United Kingdom,P0010,Sports Item 0010,Sports,3,16.22,48.66,champion
INV100716,2024-08-31,C00285,France,P0234,Beauty Item 0234,Beauty,1,14.59,14.59,regular
INV100716,2024-08-31,C00285,France,P0007,Stationery Item 0007,Stationery,1,19.96,19.96,regular
INV100716,2024-08-31,C00285,France,P0001,Sports Item 0001,Sports,1,20.7,20.7,regular
INV100759,2024-08-31,C00047,Germany,P0093,Beauty Item 0093,Beauty,2,9.44,18.88,champion
INV100759,2024-08-31,C00047,Germany,P0220,Sports Item 0220,Sports,5,13.16,65.8,champion
INV100759,2024-08-31,C00047,Germany,P0014,Sports Item 0014,Sports,4,10.64,42.56,champion
INV100759,2024-08-31,C00047,Germany,P0121,Toys Item 0121,Toys,4,8.89,35.56,champion
INV100768,2024-08-31,C00323,United Kingdom,P0117,Beauty Item 0117,Beauty,1,11.91,11.91,loyal
INV100768,2024-08-31,C00323,United Kingdom,P0229,Stationery Item 0229,Stationery,2,10.31,20.62,loyal
INV100099,2024-09-01,C00156,United Kingdom,P0111,Sports Item 0111,Sports,3,52.97,158.91,regular
INV100099,2024-09-01,C00156,United Kingdom,P0198,Garden Item 0198,Garden,1,17.59,17.59,regular
INV100099,2024-09-01,C00156,United Kingdom,P0132,Apparel Item 0132,Apparel,5,33.27,166.35,regular
INV100124,2024-09-01,C00397,United Kingdom,P0047,Apparel Item 0047,Apparel,4,29.75,119.0,loyal
INV100124,2024-09-01,C00397,United Kingdom,P0015,Stationery Item 0015,Stationery,4,6.38,25.52,loyal
INV100499,2024-09-01,C00091,Germany,P0239,Apparel Item 0239,Apparel,1,3.39,3.39,champion
INV100499,2024-09-01,C00091,Germany,P0035,Toys Item 0035,Toys,2,15.71,31.42,champion
INV100499,2024-09-01,C00091,Germany,P0013,Apparel Item 0013,Apparel,5,6.43,32.15,champion
INV100499,2024-09-01,C00091,Germany,P0253,Toys Item 0253,Toys,1,5.41,5.41,champion
INV100499,2024-09-01,C00091,Germany,P0245,Beauty Item 0245,Beauty,1,3.3,3.3,champion
INV100499,2024-09-01,C00091,Germany,P0086,Toys Item 0086,Toys,3,15.78,47.34,champion
INV100499,2024-09-01,C00091,Germany,P0010,Sports Item 0010,Sports,2,16.22,32.44,champion
INV100778,2024-09-01,C00014,United Kingdom,P0292,Beauty Item 0292,Beauty,2,5.92,11.84,loyal
INV100778,2024-09-01,C00014,United Kingdom,P0239,Apparel Item 0239,Apparel,4,3.39,13.56,loyal
INV100778,2024-09-01,C00014,United Kingdom,P0031,Apparel Item 0031,Apparel,3,17.17,51.51,loyal
INV100778,2024-09-01,C00014,United Kingdom,P0065,Stationery Item 0065,Stationery,1,38.71,38.71,loyal
INV100778,2024-09-01,C00014,United Kingdom,P0138,Stationery Item 0138,Stationery,2,23.38,46.76,loyal
INV100778,2024-09-01,C00014,United Kingdom,P0190,Stationery Item 0190,Stationery,2,5.75,11.5,loyal
INV100778,2024-09-01,C00014,United Kingdom,P0247,Home Item 0247,Home & Kitchen,3,15.37,46.11,loyal
INV100778,2024-09-01,C00014,United Kingdom,P0099,Toys Item 0099,Toys,2,3.9,7.8,loyal
INV100778,2024-09-01,C00014,United Kingdom,P0216,Stationery Item 0216,Stationery,3,7.88,23.64,loyal
INV100778,2024-09-01,C00014,United Kingdom,P0039,Home Item 0039,Home & Kitchen,5,14.93,74.65,loyal
INV100778,2024-09-01,C00014,United Kingdom,P0017,Toys Item 0017,Toys,4,13.41,53.64,loyal
INV101065,2024-09-01,C00224,France,P0107,Home Item 0107,Home & Kitchen,2,7.79,15.58,champion
INV101065,2024-09-01,C00224,France,P0079,Sports Item 0079,Sports,1,17.36,17.36,champion
INV101417,2024-09-01,C00023,United Kingdom,P0223,Sports Item 0223,Sports,5,37.0,185.0,champion
INV101417,2024-09-01,C00023,United Kingdom,P0025,Garden Item 0025,Garden,5,16.76,83.8,champion
INV101417,2024-09-01,C00023,United Kingdom,P0238,Beauty Item 0238,Beauty,5,13.56,67.8,champion
INV101417,2024-09-01,C00023,United Kingdom,P0180,Stationery Item 0180,Stationery,3,9.07,27.21,champion
INV101417,2024-09-01,C00023,United Kingdom,P0017,Toys Item 0017,Toys,1,13.41,13.41,champion
INV101417,2024-09-01,C00023,United Kingdom,P0235,Sports Item 0235,Sports,5,4.95,24.75,champion
INV101417,2024-09-01,C00023,United Kingdom,P0079,Sports Item 0079,Sports,4,17.36,69.44,champion
INV101417,2024-09-01,C00023,United Kingdom,P0121,Toys Item 0121,Toys,1,8.89,8.89,champion
INV100248,2024-09-02,C00206,Germany,P0154,Home Item 0154,Home & Kitchen,4,12.36,49.44,loyal
INV100248,2024-09-02,C00206,Germany,P0224,Toys Item 0224,Toys,3,6.73,20.19,loyal
INV100248,2024-09-02,C00206,Germany,P0243,Toys Item 0243,Toys,4,7.38,29.52,loyal
INV100248,2024-09-02,C00206,Germany,P0100,Electronics Item 0100,Electronics Accessories,3,5.18,15.54,loyal
INV100782,2024-09-02,C00074,United Kingdom,P0080,Toys Item 0080,Toys,1,10.29,10.29,regular
INV100782,2024-09-02,C00074,United Kingdom,P0106,Garden Item 0106,Garden,4,9.58,38.32,regular
INV100782,2024-09-02,C00074,United Kingdom,P0027,Electronics Item 0027,Electronics Accessories,2,19.73,39.46,regular
INV100782,2024-09-02,C00074,United Kingdom,P0295,Home Item 0295,Home & Kitchen,4,11.96,47.84,regular
INV100782,2024-09-02,C00074,United Kingdom,P0228,Toys Item 0228,Toys,2,20.22,40.44,regular
INV100782,2024-09-02,C00074,United Kingdom,P0158,Garden Item 0158,Garden,5,8.27,41.35,regular
INV100782,2024-09-02,C00074,United Kingdom,P0135,Beauty Item 0135,Beauty,4,17.3,69.2,regular
INV100782,2024-09-02,C00074,United Kingdom,P0116,Stationery Item 0116,Stationery,3,8.27,24.81,regular
INV101007,2024-09-02,C00487,United Kingdom,P0163,Sports Item 0163,Sports,31,14.49,449.19,champion
INV101007,2024-09-02,C00487,United Kingdom,P0063,Apparel Item 0063,Apparel,19,19.09,362.71,champion
INV101007,2024-09-02,C00487,United Kingdom,P0004,Garden Item 0004,Garden,28,16.94,474.32,champion
INV101007,2024-09-02,C00487,United Kingdom,P0106,Garden Item 0106,Garden,37,8.62,318.94,champion
INV101007,2024-09-02,C00487,United Kingdom,P0011,Stationery Item 0011,Stationery,35,13.55,474.25,champion
INV101007,2024-09-02,C00487,United Kingdom,P0013,Apparel Item 0013,Apparel,26,5.79,150.54,champion
INV101007,2024-09-02,C00487,United Kingdom,P0198,Garden Item 0198,Garden,16,15.83,253.28,champion
INV101007,2024-09-02,C00487,United Kingdom,P0177,Apparel Item 0177,Apparel,30,7.12,213.6,champion
INV101007,2024-09-02,C00487,United Kingdom,P0264,Home Item 0264,Home & Kitchen,27,15.09,407.43,champion
INV101007,2024-09-02,C00487,United Kingdom,P0284,Apparel Item 0284,Apparel,38,19.83,753.54,champion
INV101007,2024-09-02,C00487,United Kingdom,P0075,Home Item 0075,Home & Kitchen,28,4.23,118.44,champion
INV101007,2024-09-02,C00487,United Kingdom,P0274,Apparel Item 0274,Apparel,33,15.45,509.85,champion
INV101007,2024-09-02,C00487,United Kingdom,P0136,Beauty Item 0136,Beauty,28,10.58,296.24,champion
INV101007,2024-09-02,C00487,United Kingdom,P0239,Apparel Item 0239,Apparel,28,3.05,85.4,champion
INV101007,2024-09-02,C00487,United Kingdom,P0015,Stationery Item 0015,Stationery,22,5.74,126.28,champion
INV101007,2024-09-02,C00487,United Kingdom,P0053,Garden Item 0053,Garden,25,8.89,222.25,champion
INV101007,2024-09-02,C00487,United Kingdom,P0208,Sports Item 0208,Sports,22,15.86,348.92,champion
INV101007,2024-09-02,C00487,United Kingdom,P0193,Apparel Item 0193,Apparel,26,19.99,519.74,champion
INV101007,2024-09-02,C00487,United Kingdom,P0245,Beauty Item 0245,Beauty,38,2.97,112.86,champion
INV101007,2024-09-02,C00487,United Kingdom,P0037,Toys Item 0037,Toys,23,9.81,225.63,champion
INV101007,2024-09-02,C00487,United Kingdom,P0141,Sports Item 0141,Sports,26,15.13,393.38,champion
INV101007,2024-09-02,C00487,United Kingdom,P0217,Electronics Item 0217,Electronics Accessories,38,1.85,70.3,champion
INV101007,2024-09-02,C00487,United Kingdom,P0229,Stationery Item 0229,Stationery,18,9.28,167.04,champion
INV101007,2024-09-02,C00487,United Kingdom,P0065,Stationery Item 0065,Stationery,21,34.84,731.64,champion
INV101007,2024-09-02,C00487,United Kingdom,P0054,Toys Item 0054,Toys,27,12.72,343.44,champion
INV101007,2024-09-02,C00487,United Kingdom,P0105,Beauty Item 0105,Beauty,25,9.45,236.25,champion
INV101007,2024-09-02,C00487,United Kingdom,P0120,Sports Item 0120,Sports,23,11.64,267.72,champion
INV101007,2024-09-02,C00487,United Kingdom,P0202,Toys Item 0202,Toys,34,3.43,116.62,champion
INV101007,2024-09-02,C00487,United Kingdom,P0144,Apparel Item 0144,Apparel,27,12.07,325.89,champion
INV101007,2024-09-02,C00487,United Kingdom,P0060,Garden Item 0060,Garden,24,4.89,117.36,champion
INV101007,2024-09-02,C00487,United Kingdom,P0250,Stationery Item 0250,Stationery,26,10.58,275.08,champion
INV101007,2024-09-02,C00487,United Kingdom,P0107,Home Item 0107,Home & Kitchen,37,7.01,259.37,champion
INV101007,2024-09-02,C00487,United Kingdom,P0132,Apparel Item 0132,Apparel,39,29.94,1167.66,champion
INV101007,2024-09-02,C00487,United Kingdom,P0081,Garden Item 0081,Garden,21,24.16,507.36,champion
INV101007,2024-09-02,C00487,United Kingdom,P0227,Garden Item 0227,Garden,16,12.89,206.24,champion
INV101007,2024-09-02,C00487,United Kingdom,P0146,Garden Item 0146,Garden,15,9.32,139.8,champion
INV101007,2024-09-02,C00487,United Kingdom,P0254,Garden Item 0254,Garden,26,42.39,1102.14,champion
INV101007,2024-09-02,C00487,United Kingdom,P0282,Beauty Item 0282,Beauty,30,9.02,270.6,champion
INV101332,2024-09-02,C00373,United Kingdom,P0246,Electronics Item 0246,Electronics Accessories,5,13.44,67.2,regular
INV101332,2024-09-02,C00373,United Kingdom,P0244,Electronics Item 0244,Electronics Accessories,2,18.65,37.3,regular
INV101332,2024-09-02,C00373,United Kingdom,P0191,Stationery Item 0191,Stationery,5,8.67,43.35,regular
INV101332,2024-09-02,C00373,United Kingdom,P0238,Beauty Item 0238,Beauty,4,13.56,54.24,regular
INV101365,2024-09-02,C00404,United Kingdom,P0178,Garden Item 0178,Garden,4,15.19,60.76,loyal
INV101365,2024-09-02,C00404,United Kingdom,P0099,Toys Item 0099,Toys,5,3.9,19.5,loyal
INV101365,2024-09-02,C00404,United Kingdom,P0062,Stationery Item 0062,Stationery,4,32.4,129.6,loyal
INV101365,2024-09-02,C00404,United Kingdom,P0206,Stationery Item 0206,Stationery,4,9.37,37.48,loyal
INV101365,2024-09-02,C00404,United Kingdom,P0200,Garden Item 0200,Garden,2,9.29,18.58,loyal
INV101365,2024-09-02,C00404,United Kingdom,P0279,Apparel Item 0279,Apparel,1,9.71,9.71,loyal
INV101365,2024-09-02,C00404,United Kingdom,P0150,Garden Item 0150,Garden,1,11.59,11.59,loyal
INV101365,2024-09-02,C00404,United Kingdom,P0086,Toys Item 0086,Toys,3,15.78,47.34,loyal
INV100324,2024-09-03,C00291,Ireland,P0052,Beauty Item 0052,Beauty,2,4.18,8.36,loyal
INV100324,2024-09-03,C00291,Ireland,P0265,Home Item 0265,Home & Kitchen,3,6.17,18.51,loyal
INV100324,2024-09-03,C00291,Ireland,P0211,Garden Item 0211,Garden,5,10.09,50.45,loyal
INV100324,2024-09-03,C00291,Ireland,P0108,Garden Item 0108,Garden,1,12.75,12.75,loyal
INV100545,2024-09-03,C00129,Netherlands,P0190,Stationery Item 0190,Stationery,5,5.75,28.75,champion
INV100545,2024-09-03,C00129,Netherlands,P0051,Stationery Item 0051,Stationery,4,7.32,29.28,champion
INV100545,2024-09-03,C00129,Netherlands,P0101,Stationery Item 0101,Stationery,3,55.1,165.3,champion
INV100545,2024-09-03,C00129,Netherlands,P0216,Stationery Item 0216,Stationery,3,7.88,23.64,champion
INV100545,2024-09-03,C00129,Netherlands,P0005,Electronics Item 0005,Electronics Accessories,3,23.02,69.06,champion
INV100545,2024-09-03,C00129,Netherlands,P0278,Toys Item 0278,Toys,1,8.56,8.56,champion
INV100545,2024-09-03,C00129,Netherlands,P0289,Home Item 0289,Home & Kitchen,4,3.62,14.48,champion
INV100591,2024-09-03,C00294,United Kingdom,P0286,Toys Item 0286,Toys,2,17.4,34.8,regular
INV100591,2024-09-03,C00294,United Kingdom,P0145,Electronics Item 0145,Electronics Accessories,5,13.74,68.7,regular
INV100705,2024-09-03,C00153,United Kingdom,P0224,Toys Item 0224,Toys,3,6.73,20.19,loyal
INV100705,2024-09-03,C00153,United Kingdom,P0191,Stationery Item 0191,Stationery,2,8.67,17.34,loyal
INV100705,2024-09-03,C00153,United Kingdom,P0083,Apparel Item 0083,Apparel,1,6.29,6.29,loyal
INV100705,2024-09-03,C00153,United Kingdom,P0142,Apparel Item 0142,Apparel,3,14.63,43.89,loyal
INV100705,2024-09-03,C00153,United Kingdom,P0209,Garden Item 0209,Garden,1,20.19,20.19,loyal
INV100705,2024-09-03,C00153,United Kingdom,P0246,Electronics Item 0246,Electronics Accessories,4,13.44,53.76,loyal
INV100705,2024-09-03,C00153,United Kingdom,P0057,Beauty Item 0057,Beauty,3,13.72,41.16,loyal
INV100836,2024-09-03,C00018,France,P0264,Home Item 0264,Home & Kitchen,5,16.77,83.85,regular
INV100836,2024-09-03,C00018,France,P0256,Home Item 0256,Home & Kitchen,2,10.1,20.2,regular
INV100836,2024-09-03,C00018,France,P0107,Home Item 0107,Home & Kitchen,5,7.79,38.95,regular
INV100836,2024-09-03,C00018,France,P0255,Electronics Item 0255,Electronics Accessories,5,2.75,13.75,regular
INV101080,2024-09-03,C00364,Spain,P0244,Electronics Item 0244,Electronics Accessories,5,18.65,93.25,regular
INV101080,2024-09-03,C00364,Spain,P0036,Toys Item 0036,Toys,3,10.76,32.28,regular
INV101398,2024-09-03,C00242,United Kingdom,P0131,Stationery Item 0131,Stationery,4,12.06,48.24,loyal
INV100073,2024-09-04,C00074,United Kingdom,P0097,Stationery Item 0097,Stationery,5,7.93,39.65,regular
INV100073,2024-09-04,C00074,United Kingdom,P0074,Beauty Item 0074,Beauty,1,28.74,28.74,regular
INV100257,2024-09-04,C00022,United Kingdom,P0170,Apparel Item 0170,Apparel,4,26.08,104.32,loyal
INV100257,2024-09-04,C00022,United Kingdom,P0262,Home Item 0262,Home & Kitchen,4,8.77,35.08,loyal
INV100453,2024-09-04,C00203,United Kingdom,P0165,Home Item 0165,Home & Kitchen,1,4.44,4.44,regular
INV100453,2024-09-04,C00203,United Kingdom,P0247,Home Item 0247,Home & Kitchen,2,15.37,30.74,regular
INV100453,2024-09-04,C00203,United Kingdom,P0275,Toys Item 0275,Toys,4,7.98,31.92,regular
INV100453,2024-09-04,C00203,United Kingdom,P0129,Sports Item 0129,Sports,2,7.01,14.02,regular
INV100453,2024-09-04,C00203,United Kingdom,P0273,Stationery Item 0273,Stationery,2,14.81,29.62,regular
INV100453,2024-09-04,C00203,United Kingdom,P0255,Electronics Item 0255,Electronics Accessories,2,2.75,5.5,regular
INV101171,2024-09-04,C00291,Ireland,P0289,Home Item 0289,Home & Kitchen,5,3.62,18.1,loyal
INV101171,2024-09-04,C00291,Ireland,P0299,Home Item 0299,Home & Kitchen,3,23.81,71.43,loyal
INV101171,2024-09-04,C00291,Ireland,P0022,Garden Item 0022,Garden,4,9.52,38.08,loyal
INV101171,2024-09-04,C00291,Ireland,P0223,Sports Item 0223,Sports,3,37.0,111.0,loyal
INV101266,2024-09-04,C00276,United Kingdom,P0033,Sports Item 0033,Sports,3,8.82,26.46,loyal
INV101266,2024-09-04,C00276,United Kingdom,P0169,Apparel Item 0169,Apparel,2,6.65,13.3,loyal
INV101266,2024-09-04,C00276,United Kingdom,P0016,Beauty Item 0016,Beauty,1,16.32,16.32,loyal
INV101266,2024-09-04,C00276,United Kingdom,P0145,Electronics Item 0145,Electronics Accessories,3,13.74,41.22,loyal
INV101421,2024-09-04,C00138,Netherlands,P0034,Apparel Item 0034,Apparel,4,8.29,33.16,at_risk
INV100079,2024-09-05,C00444,France,P0079,Sports Item 0079,Sports,1,17.36,17.36,regular
INV100113,2024-09-05,C00135,Spain,P0223,Sports Item 0223,Sports,2,37.0,74.0,loyal
INV100113,2024-09-05,C00135,Spain,P0154,Home Item 0154,Home & Kitchen,1,12.36,12.36,loyal
INV100113,2024-09-05,C00135,Spain,P0287,Toys Item 0287,Toys,3,17.98,53.94,loyal
INV100113,2024-09-05,C00135,Spain,P0179,Toys Item 0179,Toys,5,14.27,71.35,loyal
INV100113,2024-09-05,C00135,Spain,P0184,Stationery Item 0184,Stationery,1,12.05,12.05,loyal
INV100559,2024-09-05,C00240,France,P0136,Beauty Item 0136,Beauty,5,11.76,58.8,dormant
INV100901,2024-09-05,C00103,France,P0138,Stationery Item 0138,Stationery,2,23.38,46.76,loyal
INV100901,2024-09-05,C00103,France,P0245,Beauty Item 0245,Beauty,4,3.3,13.2,loyal
INV100910,2024-09-05,C00456,United Kingdom,P0238,Beauty Item 0238,Beauty,3,13.56,40.68,champion
INV101180,2024-09-05,C00158,France,P0160,Garden Item 0160,Garden,5,13.38,66.9,loyal
INV100497,2024-09-06,C00337,United Kingdom,P0096,Toys Item 0096,Toys,1,10.29,10.29,loyal
INV100497,2024-09-06,C00337,United Kingdom,P0265,Home Item 0265,Home & Kitchen,3,6.17,18.51,loyal
INV100497,2024-09-06,C00337,United Kingdom,P0271,Garden Item 0271,Garden,5,4.37,21.85,loyal
INV100497,2024-09-06,C00337,United Kingdom,P0114,Home Item 0114,Home & Kitchen,1,15.7,15.7,loyal
INV100497,2024-09-06,C00337,United Kingdom,P0283,Toys Item 0283,Toys,4,9.72,38.88,loyal
INV100497,2024-09-06,C00337,United Kingdom,P0182,Toys Item 0182,Toys,2,14.77,29.54,loyal
INV100497,2024-09-06,C00337,United Kingdom,P0070,Beauty Item 0070,Beauty,3,12.9,38.7,loyal
INV100563,2024-09-06,C00317,United Kingdom,P0052,Beauty Item 0052,Beauty,5,4.18,20.9,loyal
INV100563,2024-09-06,C00317,United Kingdom,P0213,Toys Item 0213,Toys,1,13.64,13.64,loyal
INV100743,2024-09-06,C00310,United Kingdom,P0275,Toys Item 0275,Toys,2,7.98,15.96,at_risk
INV101031,2024-09-06,C00038,Spain,P0226,Sports Item 0226,Sports,1,6.07,6.07,champion
INV101031,2024-09-06,C00038,Spain,P0090,Garden Item 0090,Garden,4,12.93,51.72,champion
INV101031,2024-09-06,C00038,Spain,P0279,Apparel Item 0279,Apparel,3,9.71,29.13,champion
INV101031,2024-09-06,C00038,Spain,P0100,Electronics Item 0100,Electronics Accessories,5,5.18,25.9,champion
INV101031,2024-09-06,C00038,Spain,P0191,Stationery Item 0191,Stationery,4,8.67,34.68,champion
INV101031,2024-09-06,C00038,Spain,P0146,Garden Item 0146,Garden,4,10.36,41.44,champion
INV101031,2024-09-06,C00038,Spain,P0022,Garden Item 0022,Garden,2,9.52,19.04,champion
INV101031,2024-09-06,C00038,Spain,P0222,Beauty Item 0222,Beauty,2,16.46,32.92,champion
INV101031,2024-09-06,C00038,Spain,P0286,Toys Item 0286,Toys,4,17.4,69.6,champion
INV100352,2024-09-07,C00496,Ireland,P0129,Sports Item 0129,Sports,2,7.01,14.02,regular
INV100352,2024-09-07,C00496,Ireland,P0298,Stationery Item 0298,Stationery,1,2.24,2.24,regular
INV100352,2024-09-07,C00496,Ireland,P0126,Sports Item 0126,Sports,2,23.67,47.34,regular
INV100380,2024-09-07,C00271,Germany,P0091,Garden Item 0091,Garden,4,12.22,48.88,champion
INV100380,2024-09-07,C00271,Germany,P0257,Electronics Item 0257,Electronics Accessories,4,16.69,66.76,champion
INV100380,2024-09-07,C00271,Germany,P0227,Garden Item 0227,Garden,5,14.32,71.6,champion
INV100380,2024-09-07,C00271,Germany,P0285,Toys Item 0285,Toys,2,5.98,11.96,champion
INV100433,2024-09-07,C00001,United Kingdom,P0138,Stationery Item 0138,Stationery,5,23.38,116.9,champion
INV100596,2024-09-07,C00123,Germany,P0247,Home Item 0247,Home & Kitchen,4,15.37,61.48,loyal
INV100596,2024-09-07,C00123,Germany,P0291,Sports Item 0291,Sports,1,23.03,23.03,loyal
INV100667,2024-09-07,C00270,United Kingdom,P0087,Home Item 0087,Home & Kitchen,1,9.17,9.17,regular
INV100667,2024-09-07,C00270,United Kingdom,P0198,Garden Item 0198,Garden,4,17.59,70.36,regular
INV101388,2024-09-07,C00425,Netherlands,P0052,Beauty Item 0052,Beauty,5,4.18,20.9,loyal
INV101388,2024-09-07,C00425,Netherlands,P0175,Garden Item 0175,Garden,1,15.65,15.65,loyal
INV101470,2024-09-07,C00266,United Kingdom,P0098,Beauty Item 0098,Beauty,2,10.79,21.58,loyal
INV101470,2024-09-07,C00266,United Kingdom,P0187,Garden Item 0187,Garden,3,6.33,18.99,loyal
INV101470,2024-09-07,C00266,United Kingdom,P0178,Garden Item 0178,Garden,1,15.19,15.19,loyal
INV101470,2024-09-07,C00266,United Kingdom,P0106,Garden Item 0106,Garden,4,9.58,38.32,loyal
INV101470,2024-09-07,C00266,United Kingdom,P0237,Sports Item 0237,Sports,3,4.87,14.61,loyal
INV101470,2024-09-07,C00266,United Kingdom,P0108,Garden Item 0108,Garden,2,12.75,25.5,loyal
INV101470,2024-09-07,C00266,United Kingdom,P0245,Beauty Item 0245,Beauty,2,3.3,6.6,loyal
INV101470,2024-09-07,C00266,United Kingdom,P0172,Sports Item 0172,Sports,5,6.08,30.4,loyal
INV101470,2024-09-07,C00266,United Kingdom,P0123,Toys Item 0123,Toys,4,19.79,79.16,loyal
INV101470,2024-09-07,C00266,United Kingdom,P0181,Beauty Item 0181,Beauty,1,22.25,22.25,loyal
INV100111,2024-09-08,C00383,United Kingdom,P0232,Stationery Item 0232,Stationery,5,13.04,65.2,champion
INV100111,2024-09-08,C00383,United Kingdom,P0025,Garden Item 0025,Garden,2,16.76,33.52,champion
INV100111,2024-09-08,C00383,United Kingdom,P0236,Toys Item 0236,Toys,3,18.12,54.36,champion
INV100111,2024-09-08,C00383,United Kingdom,P0138,Stationery Item 0138,Stationery,5,23.38,116.9,champion
INV100111,2024-09-08,C00383,United Kingdom,P0128,Stationery Item 0128,Stationery,4,9.37,37.48,champion
INV100111,2024-09-08,C00383,United Kingdom,P0095,Sports Item 0095,Sports,1,6.85,6.85,champion
INV100111,2024-09-08,C00383,United Kingdom,P0170,Apparel Item 0170,Apparel,3,26.08,78.24,champion
INV100111,2024-09-08,C00383,United Kingdom,P0067,Sports Item 0067,Sports,1,14.79,14.79,champion
INV100111,2024-09-08,C00383,United Kingdom,P0013,Apparel Item 0013,Apparel,2,6.43,12.86,champion
INV100111,2024-09-08,C00383,United Kingdom,P0017,Toys Item 0017,Toys,2,13.41,26.82,champion
INV100111,2024-09-08,C00383,United Kingdom,P0298,Stationery Item 0298,Stationery,4,2.24,8.96,champion
INV100111,2024-09-08,C00383,United Kingdom,P0141,Sports Item 0141,Sports,1,16.81,16.81,champion
INV100111,2024-09-08,C00383,United Kingdom,P0077,Home Item 0077,Home & Kitchen,2,8.82,17.64,champion
INV100111,2024-09-08,C00383,United Kingdom,P0073,Garden Item 0073,Garden,2,8.64,17.28,champion
INV101157,2024-09-08,C00397,United Kingdom,P0208,Sports Item 0208,Sports,4,17.62,70.48,loyal
INV101157,2024-09-08,C00397,United Kingdom,P0060,Garden Item 0060,Garden,1,5.43,5.43,loyal
INV101158,2024-09-08,C00327,Spain,P0074,Beauty Item 0074,Beauty,3,28.74,86.22,champion
INV101158,2024-09-08,C00327,Spain,P0021,Sports Item 0021,Sports,4,9.22,36.88,champion
INV101158,2024-09-08,C00327,Spain,P0117,Beauty Item 0117,Beauty,3,11.91,35.73,champion
INV101158,2024-09-08,C00327,Spain,P0262,Home Item 0262,Home & Kitchen,1,8.77,8.77,champion
INV101158,2024-09-08,C00327,Spain,P0157,Toys Item 0157,Toys,2,16.13,32.26,champion
INV101158,2024-09-08,C00327,Spain,P0088,Garden Item 0088,Garden,5,25.85,129.25,champion
INV101158,2024-09-08,C00327,Spain,P0277,Beauty Item 0277,Beauty,2,18.96,37.92,champion
INV101158,2024-09-08,C00327,Spain,P0019,Electronics Item 0019,Electronics Accessories,4,17.73,70.92,champion
INV101158,2024-09-08,C00327,Spain,P0207,Apparel Item 0207,Apparel,5,10.85,54.25,champion
INV101201,2024-09-08,C00264,France,P0085,Stationery Item 0085,Stationery,5,4.34,21.7,regular
INV101201,2024-09-08,C00264,France,P0019,Electronics Item 0019,Electronics Accessories,3,17.73,53.19,regular
INV101201,2024-09-08,C00264,France,P0257,Electronics Item 0257,Electronics Accessories,4,16.69,66.76,regular
INV101201,2024-09-08,C00264,France,P0262,Home Item 0262,Home & Kitchen,2,8.77,17.54,regular
INV101312,2024-09-08,C00267,Ireland,P0016,Beauty Item 0016,Beauty,2,16.32,32.64,champion
INV101312,2024-09-08,C00267,Ireland,P0276,Apparel Item 0276,Apparel,3,8.49,25.47,champion
INV101312,2024-09-08,C00267,Ireland,P0210,Beauty Item 0210,Beauty,1,6.08,6.08,champion
INV101312,2024-09-08,C00267,Ireland,P0220,Sports Item 0220,Sports,3,13.16,39.48,champion
INV100137,2024-09-09,C00040,United Kingdom,P0040,Toys Item 0040,Toys,3,25.32,75.96,regular
INV101013,2024-09-09,C00071,Netherlands,P0205,Home Item 0205,Home & Kitchen,3,7.76,23.28,champion
INV101349,2024-09-09,C00007,United Kingdom,P0232,Stationery Item 0232,Stationery,1,13.04,13.04,loyal
INV101349,2024-09-09,C00007,United Kingdom,P0030,Toys Item 0030,Toys,1,8.54,8.54,loyal
INV101349,2024-09-09,C00007,United Kingdom,P0262,Home Item 0262,Home & Kitchen,1,8.77,8.77,loyal
INV101349,2024-09-09,C00007,United Kingdom,P0160,Garden Item 0160,Garden,1,13.38,13.38,loyal
INV101349,2024-09-09,C00007,United Kingdom,P0164,Home Item 0164,Home & Kitchen,1,19.4,19.4,loyal
INV101349,2024-09-09,C00007,United Kingdom,P0124,Toys Item 0124,Toys,4,5.36,21.44,loyal
INV100242,2024-09-10,C00211,France,P0161,Home Item 0161,Home & Kitchen,1,6.97,6.97,loyal
INV100242,2024-09-10,C00211,France,P0049,Home Item 0049,Home & Kitchen,1,26.16,26.16,loyal
INV100242,2024-09-10,C00211,France,P0255,Electronics Item 0255,Electronics Accessories,3,2.75,8.25,loyal
INV100242,2024-09-10,C00211,France,P0173,Apparel Item 0173,Apparel,5,19.11,95.55,loyal
INV100331,2024-09-10,C00230,United Kingdom,P0143,Home Item 0143,Home & Kitchen,4,7.7,30.8,loyal
INV100331,2024-09-10,C00230,United Kingdom,P0213,Toys Item 0213,Toys,1,13.64,13.64,loyal
INV100331,2024-09-10,C00230,United Kingdom,P0053,Garden Item 0053,Garden,2,9.88,19.76,loyal
INV100331,2024-09-10,C00230,United Kingdom,P0115,Home Item 0115,Home & Kitchen,4,20.54,82.16,loyal
INV100331,2024-09-10,C00230,United Kingdom,P0097,Stationery Item 0097,Stationery,3,7.93,23.79,loyal
INV100331,2024-09-10,C00230,United Kingdom,P0289,Home Item 0289,Home & Kitchen,2,3.62,7.24,loyal
INV100331,2024-09-10,C00230,United Kingdom,P0034,Apparel Item 0034,Apparel,2,8.29,16.58,loyal
INV101061,2024-09-10,C00372,Germany,P0199,Sports Item 0199,Sports,4,14.62,58.48,loyal
INV101061,2024-09-10,C00372,Germany,P0192,Garden Item 0192,Garden,5,17.1,85.5,loyal
INV101061,2024-09-10,C00372,Germany,P0109,Apparel Item 0109,Apparel,5,11.92,59.6,loyal
INV101061,2024-09-10,C00372,Germany,P0251,Sports Item 0251,Sports,3,7.43,22.29,loyal
INV101061,2024-09-10,C00372,Germany,P0073,Garden Item 0073,Garden,2,8.64,17.28,loyal
INV101101,2024-09-10,C00463,Spain,P0191,Stationery Item 0191,Stationery,4,8.67,34.68,loyal
INV101101,2024-09-10,C00463,Spain,P0246,Electronics Item 0246,Electronics Accessories,3,13.44,40.32,loyal
INV101105,2024-09-10,C00367,Ireland,P0235,Sports Item 0235,Sports,4,4.95,19.8,loyal
INV101105,2024-09-10,C00367,Ireland,P0079,Sports Item 0079,Sports,4,17.36,69.44,loyal
INV101327,2024-09-10,C00169,United Kingdom,P0208,Sports Item 0208,Sports,2,17.62,35.24,loyal
INV101407,2024-09-10,C00065,Spain,P0145,Electronics Item 0145,Electronics Accessories,4,13.74,54.96,regular
INV101407,2024-09-10,C00065,Spain,P0047,Apparel Item 0047,Apparel,3,29.75,89.25,regular
INV101407,2024-09-10,C00065,Spain,P0224,Toys Item 0224,Toys,1,6.73,6.73,regular
INV101407,2024-09-10,C00065,Spain,P0275,Toys Item 0275,Toys,1,7.98,7.98,regular
INV100058,2024-09-11,C00254,Germany,P0252,Sports Item 0252,Sports,1,8.64,8.64,loyal
INV100058,2024-09-11,C00254,Germany,P0221,Sports Item 0221,Sports,2,18.04,36.08,loyal
INV100058,2024-09-11,C00254,Germany,P0075,Home Item 0075,Home & Kitchen,3,4.7,14.1,loyal
INV100058,2024-09-11,C00254,Germany,P0067,Sports Item 0067,Sports,5,14.79,73.95,loyal
INV100131,2024-09-11,C00206,Germany,P0169,Apparel Item 0169,Apparel,3,6.65,19.95,loyal
INV100131,2024-09-11,C00206,Germany,P0025,Garden Item 0025,Garden,4,16.76,67.04,loyal
INV100131,2024-09-11,C00206,Germany,P0247,Home Item 0247,Home & Kitchen,3,15.37,46.11,loyal
INV100131,2024-09-11,C00206,Germany,P0291,Sports Item 0291,Sports,5,23.03,115.15,loyal
INV100131,2024-09-11,C00206,Germany,P0126,Sports Item 0126,Sports,5,23.67,118.35,loyal
INV100131,2024-09-11,C00206,Germany,P0277,Beauty Item 0277,Beauty,5,18.96,94.8,loyal
INV100131,2024-09-11,C00206,Germany,P0252,Sports Item 0252,Sports,4,8.64,34.56,loyal
INV100244,2024-09-11,C00457,Netherlands,P0008,Stationery Item 0008,Stationery,1,7.1,7.1,loyal
INV100244,2024-09-11,C00457,Netherlands,P0049,Home Item 0049,Home & Kitchen,1,26.16,26.16,loyal
INV100244,2024-09-11,C00457,Netherlands,P0213,Toys Item 0213,Toys,1,13.64,13.64,loyal
INV100244,2024-09-11,C00457,Netherlands,P0191,Stationery Item 0191,Stationery,5,8.67,43.35,loyal
INV100244,2024-09-11,C00457,Netherlands,P0112,Apparel Item 0112,Apparel,5,14.8,74.0,loyal
INV100244,2024-09-11,C00457,Netherlands,P0070,Beauty Item 0070,Beauty,3,12.9,38.7,loyal
INV100244,2024-09-11,C00457,Netherlands,P0259,Apparel Item 0259,Apparel,5,12.89,64.45,loyal
INV100343,2024-09-11,C00291,Ireland,P0270,Electronics Item 0270,Electronics Accessories,1,13.76,13.76,loyal
INV100343,2024-09-11,C00291,Ireland,P0192,Garden Item 0192,Garden,5,17.1,85.5,loyal
INV100343,2024-09-11,C00291,Ireland,P0119,Stationery Item 0119,Stationery,5,27.78,138.9,loyal
INV100343,2024-09-11,C00291,Ireland,P0183,Beauty Item 0183,Beauty,3,14.45,43.35,loyal
INV100343,2024-09-11,C00291,Ireland,P0034,Apparel Item 0034,Apparel,2,8.29,16.58,loyal
INV100571,2024-09-11,C00028,Germany,P0215,Stationery Item 0215,Stationery,4,15.43,61.72,loyal
INV100571,2024-09-11,C00028,Germany,P0128,Stationery Item 0128,Stationery,4,9.37,37.48,loyal
INV100571,2024-09-11,C00028,Germany,P0011,Stationery Item 0011,Stationery,1,15.05,15.05,loyal
INV100571,2024-09-11,C00028,Germany,P0176,Toys Item 0176,Toys,4,20.55,82.2,loyal
INV100571,2024-09-11,C00028,Germany,P0090,Garden Item 0090,Garden,1,12.93,12.93,loyal
INV101128,2024-09-11,C00457,Netherlands,P0208,Sports Item 0208,Sports,2,17.62,35.24,loyal
INV101128,2024-09-11,C00457,Netherlands,P0055,Toys Item 0055,Toys,2,36.31,72.62,loyal
INV101128,2024-09-11,C00457,Netherlands,P0299,Home Item 0299,Home & Kitchen,3,23.81,71.43,loyal
INV101128,2024-09-11,C00457,Netherlands,P0039,Home Item 0039,Home & Kitchen,3,14.93,44.79,loyal
INV101347,2024-09-11,C00018,France,P0020,Sports Item 0020,Sports,2,17.23,34.46,regular
INV101347,2024-09-11,C00018,France,P0007,Stationery Item 0007,Stationery,5,19.96,99.8,regular
INV101347,2024-09-11,C00018,France,P0231,Toys Item 0231,Toys,4,10.98,43.92,regular
INV101347,2024-09-11,C00018,France,P0075,Home Item 0075,Home & Kitchen,3,4.7,14.1,regular
INV101347,2024-09-11,C00018,France,P0172,Sports Item 0172,Sports,1,6.08,6.08,regular
INV101347,2024-09-11,C00018,France,P0259,Apparel Item 0259,Apparel,5,12.89,64.45,regular
INV100093,2024-09-12,C00329,France,P0178,Garden Item 0178,Garden,3,15.19,45.57,at_risk
INV100177,2024-09-12,C00261,United Kingdom,P0133,Home Item 0133,Home & Kitchen,2,3.6,7.2,regular
INV100177,2024-09-12,C00261,United Kingdom,P0142,Apparel Item 0142,Apparel,2,14.63,29.26,regular
INV100177,2024-09-12,C00261,United Kingdom,P0058,Garden Item 0058,Garden,1,7.47,7.47,regular
INV100266,2024-09-12,C00227,France,P0150,Garden Item 0150,Garden,3,11.59,34.77,champion
INV100266,2024-09-12,C00227,France,P0130,Home Item 0130,Home & Kitchen,1,18.87,18.87,champion
INV100372,2024-09-12,C00098,Netherlands,P0256,Home Item 0256,Home & Kitchen,5,10.1,50.5,champion
INV100372,2024-09-12,C00098,Netherlands,P0112,Apparel Item 0112,Apparel,4,14.8,59.2,champion
INV100372,2024-09-12,C00098,Netherlands,P0289,Home Item 0289,Home & Kitchen,3,3.62,10.86,champion
INV100372,2024-09-12,C00098,Netherlands,P0075,Home Item 0075,Home & Kitchen,5,4.7,23.5,champion
INV100649,2024-09-12,C00024,United Kingdom,P0117,Beauty Item 0117,Beauty,4,11.91,47.64,loyal
INV100944,2024-09-12,C00324,United Kingdom,P0082,Home Item 0082,Home & Kitchen,5,2.54,12.7,at_risk
INV100944,2024-09-12,C00324,United Kingdom,P0262,Home Item 0262,Home & Kitchen,1,8.77,8.77,at_risk
INV100944,2024-09-12,C00324,United Kingdom,P0142,Apparel Item 0142,Apparel,4,14.63,58.52,at_risk
INV101135,2024-09-12,C00119,United Kingdom,P0129,Sports Item 0129,Sports,5,7.01,35.05,loyal
INV101169,2024-09-12,C00358,Spain,P0169,Apparel Item 0169,Apparel,5,6.65,33.25,regular
INV101169,2024-09-12,C00358,Spain,P0215,Stationery Item 0215,Stationery,3,15.43,46.29,regular
INV101169,2024-09-12,C00358,Spain,P0128,Stationery Item 0128,Stationery,4,9.37,37.48,regular
INV101169,2024-09-12,C00358,Spain,P0216,Stationery Item 0216,Stationery,1,7.88,7.88,regular
INV101169,2024-09-12,C00358,Spain,P0210,Beauty Item 0210,Beauty,5,6.08,30.4,regular
INV101213,2024-09-12,C00213,Netherlands,P0204,Apparel Item 0204,Apparel,5,44.41,222.05,loyal
INV101213,2024-09-12,C00213,Netherlands,P0075,Home Item 0075,Home & Kitchen,2,4.7,9.4,loyal
INV101213,2024-09-12,C00213,Netherlands,P0145,Electronics Item 0145,Electronics Accessories,1,13.74,13.74,loyal
INV101213,2024-09-12,C00213,Netherlands,P0274,Apparel Item 0274,Apparel,3,17.17,51.51,loyal
INV101213,2024-09-12,C00213,Netherlands,P0041,Electronics Item 0041,Electronics Accessories,4,18.37,73.48,loyal
INV101213,2024-09-12,C00213,Netherlands,P0077,Home Item 0077,Home & Kitchen,4,8.82,35.28,loyal
INV101389,2024-09-12,C00054,Germany,P0292,Beauty Item 0292,Beauty,5,5.92,29.6,loyal
INV101389,2024-09-12,C00054,Germany,P0071,Beauty Item 0071,Beauty,4,12.79,51.16,loyal
INV101389,2024-09-12,C00054,Germany,P0058,Garden Item 0058,Garden,4,7.47,29.88,loyal
INV101389,2024-09-12,C00054,Germany,P0148,Apparel Item 0148,Apparel,3,27.92,83.76,loyal
INV101389,2024-09-12,C00054,Germany,P0209,Garden Item 0209,Garden,3,20.19,60.57,loyal
INV100467,2024-09-13,C00124,Spain,P0173,Apparel Item 0173,Apparel,2,19.11,38.22,loyal
INV100467,2024-09-13,C00124,Spain,P0268,Beauty Item 0268,Beauty,2,10.88,21.76,loyal
INV100467,2024-09-13,C00124,Spain,P0210,Beauty Item 0210,Beauty,3,6.08,18.24,loyal
INV100467,2024-09-13,C00124,Spain,P0233,Apparel Item 0233,Apparel,2,25.83,51.66,loyal
INV100519,2024-09-13,C00014,United Kingdom,P0267,Electronics Item 0267,Electronics Accessories,2,11.36,22.72,loyal
INV100677,2024-09-13,C00429,United Kingdom,P0211,Garden Item 0211,Garden,2,10.09,20.18,at_risk
INV100821,2024-09-13,C00135,Spain,P0095,Sports Item 0095,Sports,5,6.85,34.25,loyal
INV100821,2024-09-13,C00135,Spain,P0084,Toys Item 0084,Toys,1,9.13,9.13,loyal
INV100338,2024-09-14,C00262,Germany,P0187,Garden Item 0187,Garden,5,6.33,31.65,regular
INV100359,2024-09-14,C00147,France,P0260,Garden Item 0260,Garden,1,17.06,17.06,champion
INV100359,2024-09-14,C00147,France,P0015,Stationery Item 0015,Stationery,1,6.38,6.38,champion
INV100359,2024-09-14,C00147,France,P0025,Garden Item 0025,Garden,5,16.76,83.8,champion
INV100359,2024-09-14,C00147,France,P0128,Stationery Item 0128,Stationery,5,9.37,46.85,champion
INV100359,2024-09-14,C00147,France,P0086,Toys Item 0086,Toys,3,15.78,47.34,champion
INV100359,2024-09-14,C00147,France,P0039,Home Item 0039,Home & Kitchen,5,14.93,74.65,champion
INV100359,2024-09-14,C00147,France,P0277,Beauty Item 0277,Beauty,4,18.96,75.84,champion
INV100359,2024-09-14,C00147,France,P0288,Stationery Item 0288,Stationery,1,9.96,9.96,champion
INV100359,2024-09-14,C00147,France,P0189,Garden Item 0189,Garden,4,9.4,37.6,champion
INV100359,2024-09-14,C00147,France,P0196,Stationery Item 0196,Stationery,1,11.07,11.07,champion
INV100359,2024-09-14,C00147,France,P0010,Sports Item 0010,Sports,5,16.22,81.1,champion
INV100359,2024-09-14,C00147,France,P0194,Garden Item 0194,Garden,2,48.13,96.26,champion
INV100856,2024-09-14,C00162,Netherlands,P0252,Sports Item 0252,Sports,4,8.64,34.56,loyal
INV100856,2024-09-14,C00162,Netherlands,P0129,Sports Item 0129,Sports,3,7.01,21.03,loyal
INV101000,2024-09-14,C00257,United Kingdom,P0020,Sports Item 0020,Sports,2,17.23,34.46,regular
INV101000,2024-09-14,C00257,United Kingdom,P0172,Sports Item 0172,Sports,2,6.08,12.16,regular
INV101351,2024-09-14,C00124,Spain,P0284,Apparel Item 0284,Apparel,1,22.03,22.03,loyal
INV101351,2024-09-14,C00124,Spain,P0032,Toys Item 0032,Toys,5,7.2,36.0,loyal
INV101351,2024-09-14,C00124,Spain,P0075,Home Item 0075,Home & Kitchen,3,4.7,14.1,loyal
INV101351,2024-09-14,C00124,Spain,P0214,Beauty Item 0214,Beauty,3,5.84,17.52,loyal
INV100168,2024-09-15,C00495,United Kingdom,P0197,Beauty Item 0197,Beauty,5,6.6,33.0,regular
INV100692,2024-09-15,C00272,United Kingdom,P0072,Home Item 0072,Home & Kitchen,3,25.41,76.23,loyal
INV100692,2024-09-15,C00272,United Kingdom,P0273,Stationery Item 0273,Stationery,2,14.81,29.62,loyal
INV100692,2024-09-15,C00272,United Kingdom,P0229,Stationery Item 0229,Stationery,5,10.31,51.55,loyal
INV100692,2024-09-15,C00272,United Kingdom,P0103,Garden Item 0103,Garden,4,5.64,22.56,loyal
INV101242,2024-09-15,C00238,United Kingdom,P0131,Stationery Item 0131,Stationery,4,12.06,48.24,regular
INV101242,2024-09-15,C00238,United Kingdom,P0171,Garden Item 0171,Garden,5,6.31,31.55,regular
INV101242,2024-09-15,C00238,United Kingdom,P0154,Home Item 0154,Home & Kitchen,3,12.36,37.08,regular
INV101242,2024-09-15,C00238,United Kingdom,P0079,Sports Item 0079,Sports,3,17.36,52.08,regular
INV101302,2024-09-15,C00307,Spain,P0159,Home Item 0159,Home & Kitchen,2,7.2,14.4,loyal
INV101302,2024-09-15,C00307,Spain,P0250,Stationery Item 0250,Stationery,3,11.75,35.25,loyal
INV101302,2024-09-15,C00307,Spain,P0015,Stationery Item 0015,Stationery,5,6.38,31.9,loyal
INV101302,2024-09-15,C00307,Spain,P0067,Sports Item 0067,Sports,2,14.79,29.58,loyal
INV101302,2024-09-15,C00307,Spain,P0188,Beauty Item 0188,Beauty,4,5.1,20.4,loyal
INV101302,2024-09-15,C00307,Spain,P0182,Toys Item 0182,Toys,1,14.77,14.77,loyal
INV101302,2024-09-15,C00307,Spain,P0222,Beauty Item 0222,Beauty,3,16.46,49.38,loyal
INV101302,2024-09-15,C00307,Spain,P0038,Beauty Item 0038,Beauty,2,4.36,8.72,loyal
INV101438,2024-09-15,C00217,United Kingdom,P0280,Beauty Item 0280,Beauty,1,6.37,6.37,regular
INV101438,2024-09-15,C00217,United Kingdom,P0133,Home Item 0133,Home & Kitchen,5,3.6,18.0,regular
INV101438,2024-09-15,C00217,United Kingdom,P0021,Sports Item 0021,Sports,5,9.22,46.1,regular
INV101438,2024-09-15,C00217,United Kingdom,P0026,Sports Item 0026,Sports,1,9.03,9.03,regular
INV101463,2024-09-15,C00001,United Kingdom,P0105,Beauty Item 0105,Beauty,2,10.5,21.0,champion
INV101463,2024-09-15,C00001,United Kingdom,P0049,Home Item 0049,Home & Kitchen,2,26.16,52.32,champion
INV101463,2024-09-15,C00001,United Kingdom,P0262,Home Item 0262,Home & Kitchen,5,8.77,43.85,champion
INV101463,2024-09-15,C00001,United Kingdom,P0140,Apparel Item 0140,Apparel,5,15.06,75.3,champion
INV100217,2024-09-16,C00047,Germany,P0070,Beauty Item 0070,Beauty,5,12.9,64.5,champion
INV100217,2024-09-16,C00047,Germany,P0105,Beauty Item 0105,Beauty,2,10.5,21.0,champion
INV100217,2024-09-16,C00047,Germany,P0027,Electronics Item 0027,Electronics Accessories,3,19.73,59.19,champion
INV100217,2024-09-16,C00047,Germany,P0057,Beauty Item 0057,Beauty,2,13.72,27.44,champion
INV100302,2024-09-16,C00071,Netherlands,P0276,Apparel Item 0276,Apparel,4,8.49,33.96,champion
INV100302,2024-09-16,C00071,Netherlands,P0172,Sports Item 0172,Sports,4,6.08,24.32,champion
INV100302,2024-09-16,C00071,Netherlands,P0205,Home Item 0205,Home & Kitchen,5,7.76,38.8,champion
INV100302,2024-09-16,C00071,Netherlands,P0214,Beauty Item 0214,Beauty,2,5.84,11.68,champion
INV100319,2024-09-16,C00106,United Kingdom,P0208,Sports Item 0208,Sports,4,17.62,70.48,regular
INV100319,2024-09-16,C00106,United Kingdom,P0097,Stationery Item 0097,Stationery,3,7.93,23.79,regular
INV100319,2024-09-16,C00106,United Kingdom,P0013,Apparel Item 0013,Apparel,3,6.43,19.29,regular
INV100409,2024-09-16,C00030,United Kingdom,P0026,Sports Item 0026,Sports,3,9.03,27.09,regular
INV100409,2024-09-16,C00030,United Kingdom,P0287,Toys Item 0287,Toys,1,17.98,17.98,regular
INV100409,2024-09-16,C00030,United Kingdom,P0191,Stationery Item 0191,Stationery,2,8.67,17.34,regular
INV100053,2024-09-17,C00113,France,P0297,Stationery Item 0297,Stationery,3,18.82,56.46,loyal
INV100053,2024-09-17,C00113,France,P0024,Sports Item 0024,Sports,5,9.12,45.6,loyal
INV101259,2024-09-17,C00337,United Kingdom,P0008,Stationery Item 0008,Stationery,4,7.1,28.4,loyal
INV101259,2024-09-17,C00337,United Kingdom,P0098,Beauty Item 0098,Beauty,2,10.79,21.58,loyal
INV101259,2024-09-17,C00337,United Kingdom,P0149,Toys Item 0149,Toys,1,6.39,6.39,loyal
INV101259,2024-09-17,C00337,United Kingdom,P0282,Beauty Item 0282,Beauty,4,10.02,40.08,loyal
INV101298,2024-09-17,C00435,Spain,P0027,Electronics Item 0027,Electronics Accessories,3,19.73,59.19,loyal
INV101298,2024-09-17,C00435,Spain,P0014,Sports Item 0014,Sports,1,10.64,10.64,loyal
INV101298,2024-09-17,C00435,Spain,P0294,Toys Item 0294,Toys,2,5.09,10.18,loyal
INV101298,2024-09-17,C00435,Spain,P0235,Sports Item 0235,Sports,4,4.95,19.8,loyal
INV101298,2024-09-17,C00435,Spain,P0079,Sports Item 0079,Sports,3,17.36,52.08,loyal
INV101298,2024-09-17,C00435,Spain,P0241,Sports Item 0241,Sports,2,13.49,26.98,loyal
INV101404,2024-09-17,C00488,United Kingdom,P0066,Toys Item 0066,Toys,2,6.01,12.02,regular
INV101404,2024-09-17,C00488,United Kingdom,P0198,Garden Item 0198,Garden,1,17.59,17.59,regular
INV101439,2024-09-17,C00017,Germany,P0287,Toys Item 0287,Toys,3,17.98,53.94,loyal
INV101439,2024-09-17,C00017,Germany,P0230,Apparel Item 0230,Apparel,3,13.03,39.09,loyal
INV100841,2024-09-18,C00019,Germany,P0147,Electronics Item 0147,Electronics Accessories,5,21.42,107.1,loyal
INV100841,2024-09-18,C00019,Germany,P0171,Garden Item 0171,Garden,4,6.31,25.24,loyal
INV100841,2024-09-18,C00019,Germany,P0238,Beauty Item 0238,Beauty,1,13.56,13.56,loyal
INV100841,2024-09-18,C00019,Germany,P0081,Garden Item 0081,Garden,5,26.84,134.2,loyal
INV101297,2024-09-18,C00112,United Kingdom,P0132,Apparel Item 0132,Apparel,5,33.27,166.35,loyal
INV101297,2024-09-18,C00112,United Kingdom,P0046,Toys Item 0046,Toys,1,13.41,13.41,loyal
INV100104,2024-09-19,C00464,United Kingdom,P0263,Toys Item 0263,Toys,1,10.21,10.21,regular
INV100255,2024-09-19,C00479,Spain,P0018,Beauty Item 0018,Beauty,5,19.88,99.4,champion
INV100255,2024-09-19,C00479,Spain,P0008,Stationery Item 0008,Stationery,3,7.1,21.3,champion
INV100255,2024-09-19,C00479,Spain,P0060,Garden Item 0060,Garden,4,5.43,21.72,champion
INV100255,2024-09-19,C00479,Spain,P0247,Home Item 0247,Home & Kitchen,1,15.37,15.37,champion
INV100255,2024-09-19,C00479,Spain,P0282,Beauty Item 0282,Beauty,4,10.02,40.08,champion
INV100255,2024-09-19,C00479,Spain,P0160,Garden Item 0160,Garden,3,13.38,40.14,champion
INV100255,2024-09-19,C00479,Spain,P0210,Beauty Item 0210,Beauty,2,6.08,12.16,champion
INV100407,2024-09-19,C00056,United Kingdom,P0050,Apparel Item 0050,Apparel,2,27.66,55.32,loyal
INV101161,2024-09-19,C00257,United Kingdom,P0020,Sports Item 0020,Sports,1,17.23,17.23,regular
INV101161,2024-09-19,C00257,United Kingdom,P0042,Apparel Item 0042,Apparel,3,5.8,17.4,regular
INV101161,2024-09-19,C00257,United Kingdom,P0250,Stationery Item 0250,Stationery,5,11.75,58.75,regular
INV101161,2024-09-19,C00257,United Kingdom,P0258,Toys Item 0258,Toys,1,17.95,17.95,regular
INV101161,2024-09-19,C00257,United Kingdom,P0111,Sports Item 0111,Sports,2,52.97,105.94,regular
INV101161,2024-09-19,C00257,United Kingdom,P0146,Garden Item 0146,Garden,4,10.36,41.44,regular
INV101161,2024-09-19,C00257,United Kingdom,P0172,Sports Item 0172,Sports,5,6.08,30.4,regular
INV101161,2024-09-19,C00257,United Kingdom,P0094,Apparel Item 0094,Apparel,5,14.15,70.75,regular
INV101324,2024-09-19,C00226,France,P0049,Home Item 0049,Home & Kitchen,5,26.16,130.8,loyal
INV101324,2024-09-19,C00226,France,P0259,Apparel Item 0259,Apparel,1,12.89,12.89,loyal
INV100191,2024-09-20,C00090,United Kingdom,P0120,Sports Item 0120,Sports,1,12.93,12.93,regular
INV100191,2024-09-20,C00090,United Kingdom,P0021,Sports Item 0021,Sports,1,9.22,9.22,regular
INV100191,2024-09-20,C00090,United Kingdom,P0003,Beauty Item 0003,Beauty,5,11.37,56.85,regular
INV100191,2024-09-20,C00090,United Kingdom,P0263,Toys Item 0263,Toys,3,10.21,30.63,regular
INV100291,2024-09-20,C00374,Ireland,P0058,Garden Item 0058,Garden,2,7.47,14.94,at_risk
INV100711,2024-09-20,C00197,Netherlands,P0092,Home Item 0092,Home & Kitchen,3,34.22,102.66,loyal
INV100711,2024-09-20,C00197,Netherlands,P0125,Toys Item 0125,Toys,3,25.33,75.99,loyal
INV100711,2024-09-20,C00197,Netherlands,P0234,Beauty Item 0234,Beauty,2,14.59,29.18,loyal
INV100711,2024-09-20,C00197,Netherlands,P0272,Stationery Item 0272,Stationery,3,43.64,130.92,loyal
INV100711,2024-09-20,C00197,Netherlands,P0144,Apparel Item 0144,Apparel,2,13.41,26.82,loyal
INV101196,2024-09-20,C00104,Spain,P0008,Stationery Item 0008,Stationery,2,7.1,14.2,loyal
INV101196,2024-09-20,C00104,Spain,P0143,Home Item 0143,Home & Kitchen,1,7.7,7.7,loyal
INV101196,2024-09-20,C00104,Spain,P0208,Sports Item 0208,Sports,3,17.62,52.86,loyal
INV101196,2024-09-20,C00104,Spain,P0198,Garden Item 0198,Garden,3,17.59,52.77,loyal
INV101196,2024-09-20,C00104,Spain,P0024,Sports Item 0024,Sports,2,9.12,18.24,loyal
INV101196,2024-09-20,C00104,Spain,P0235,Sports Item 0235,Sports,4,4.95,19.8,loyal
INV101196,2024-09-20,C00104,Spain,P0282,Beauty Item 0282,Beauty,1,10.02,10.02,loyal
INV101207,2024-09-20,C00128,United Kingdom,P0033,Sports Item 0033,Sports,5,8.82,44.1,loyal
INV101207,2024-09-20,C00128,United Kingdom,P0160,Garden Item 0160,Garden,4,13.38,53.52,loyal
INV101207,2024-09-20,C00128,United Kingdom,P0284,Apparel Item 0284,Apparel,5,22.03,110.15,loyal
INV101207,2024-09-20,C00128,United Kingdom,P0081,Garden Item 0081,Garden,1,26.84,26.84,loyal
INV101236,2024-09-20,C00387,United Kingdom,P0145,Electronics Item 0145,Electronics Accessories,3,13.74,41.22,champion
INV101236,2024-09-20,C00387,United Kingdom,P0007,Stationery Item 0007,Stationery,5,19.96,99.8,champion
INV101236,2024-09-20,C00387,United Kingdom,P0265,Home Item 0265,Home & Kitchen,2,6.17,12.34,champion
INV101236,2024-09-20,C00387,United Kingdom,P0262,Home Item 0262,Home & Kitchen,4,8.77,35.08,champion
INV101236,2024-09-20,C00387,United Kingdom,P0284,Apparel Item 0284,Apparel,1,22.03,22.03,champion
INV101236,2024-09-20,C00387,United Kingdom,P0184,Stationery Item 0184,Stationery,3,12.05,36.15,champion
INV101236,2024-09-20,C00387,United Kingdom,P0248,Apparel Item 0248,Apparel,1,18.11,18.11,champion
INV101236,2024-09-20,C00387,United Kingdom,P0083,Apparel Item 0083,Apparel,5,6.29,31.45,champion
INV101236,2024-09-20,C00387,United Kingdom,P0041,Electronics Item 0041,Electronics Accessories,5,18.37,91.85,champion
INV101236,2024-09-20,C00387,United Kingdom,P0034,Apparel Item 0034,Apparel,2,8.29,16.58,champion
INV100072,2024-09-21,C00020,United Kingdom,P0096,Toys Item 0096,Toys,5,10.29,51.45,champion
INV100072,2024-09-21,C00020,United Kingdom,P0265,Home Item 0265,Home & Kitchen,4,6.17,24.68,champion
INV100072,2024-09-21,C00020,United Kingdom,P0060,Garden Item 0060,Garden,2,5.43,10.86,champion
INV100072,2024-09-21,C00020,United Kingdom,P0166,Electronics Item 0166,Electronics Accessories,4,7.11,28.44,champion
INV100072,2024-09-21,C00020,United Kingdom,P0233,Apparel Item 0233,Apparel,3,25.83,77.49,champion
INV100072,2024-09-21,C00020,United Kingdom,P0262,Home Item 0262,Home & Kitchen,1,8.77,8.77,champion
INV100072,2024-09-21,C00020,United Kingdom,P0220,Sports Item 0220,Sports,2,13.16,26.32,champion
INV100072,2024-09-21,C00020,United Kingdom,P0272,Stationery Item 0272,Stationery,3,43.64,130.92,champion
INV100072,2024-09-21,C00020,United Kingdom,P0140,Apparel Item 0140,Apparel,4,15.06,60.24,champion
INV100072,2024-09-21,C00020,United Kingdom,P0197,Beauty Item 0197,Beauty,1,6.6,6.6,champion
INV100072,2024-09-21,C00020,United Kingdom,P0210,Beauty Item 0210,Beauty,5,6.08,30.4,champion
INV100072,2024-09-21,C00020,United Kingdom,P0164,Home Item 0164,Home & Kitchen,4,19.4,77.6,champion
INV100072,2024-09-21,C00020,United Kingdom,P0259,Apparel Item 0259,Apparel,5,12.89,64.45,champion
INV100269,2024-09-21,C00430,France,P0078,Apparel Item 0078,Apparel,5,26.81,134.05,regular
INV100269,2024-09-21,C00430,France,P0143,Home Item 0143,Home & Kitchen,3,7.7,23.1,regular
INV100525,2024-09-21,C00041,United Kingdom,P0271,Garden Item 0271,Garden,4,4.37,17.48,loyal
INV100525,2024-09-21,C00041,United Kingdom,P0067,Sports Item 0067,Sports,1,14.79,14.79,loyal
INV100780,2024-09-22,C00421,France,P0237,Sports Item 0237,Sports,2,4.87,9.74,at_risk
INV100780,2024-09-22,C00421,France,P0165,Home Item 0165,Home & Kitchen,5,4.44,22.2,at_risk
INV100882,2024-09-22,C00384,Ireland,P0204,Apparel Item 0204,Apparel,5,44.41,222.05,champion
INV100882,2024-09-22,C00384,Ireland,P0250,Stationery Item 0250,Stationery,3,11.75,35.25,champion
INV100882,2024-09-22,C00384,Ireland,P0232,Stationery Item 0232,Stationery,4,13.04,52.16,champion
INV100882,2024-09-22,C00384,Ireland,P0247,Home Item 0247,Home & Kitchen,4,15.37,61.48,champion
INV100882,2024-09-22,C00384,Ireland,P0152,Toys Item 0152,Toys,5,42.54,212.7,champion
INV100882,2024-09-22,C00384,Ireland,P0237,Sports Item 0237,Sports,4,4.87,19.48,champion
INV100882,2024-09-22,C00384,Ireland,P0284,Apparel Item 0284,Apparel,3,22.03,66.09,champion
INV100882,2024-09-22,C00384,Ireland,P0273,Stationery Item 0273,Stationery,1,14.81,14.81,champion
INV100882,2024-09-22,C00384,Ireland,P0103,Garden Item 0103,Garden,4,5.64,22.56,champion
INV101270,2024-09-22,C00236,France,P0114,Home Item 0114,Home & Kitchen,3,15.7,47.1,regular
INV101270,2024-09-22,C00236,France,P0092,Home Item 0092,Home & Kitchen,4,34.22,136.88,regular
INV101358,2024-09-22,C00347,United Kingdom,P0002,Garden Item 0002,Garden,1,12.52,12.52,regular
INV100330,2024-09-23,C00410,United Kingdom,P0112,Apparel Item 0112,Apparel,2,14.8,29.6,loyal
INV100330,2024-09-23,C00410,United Kingdom,P0119,Stationery Item 0119,Stationery,4,27.78,111.12,loyal
INV100471,2024-09-23,C00047,Germany,P0230,Apparel Item 0230,Apparel,4,13.03,52.12,champion
INV100471,2024-09-23,C00047,Germany,P0137,Beauty Item 0137,Beauty,3,7.15,21.45,champion
INV100471,2024-09-23,C00047,Germany,P0115,Home Item 0115,Home & Kitchen,1,20.54,20.54,champion
INV100471,2024-09-23,C00047,Germany,P0161,Home Item 0161,Home & Kitchen,2,6.97,13.94,champion
INV100471,2024-09-23,C00047,Germany,P0251,Sports Item 0251,Sports,5,7.43,37.15,champion
INV100471,2024-09-23,C00047,Germany,P0278,Toys Item 0278,Toys,3,8.56,25.68,champion
INV100471,2024-09-23,C00047,Germany,P0168,Sports Item 0168,Sports,4,25.71,102.84,champion
INV100615,2024-09-23,C00271,Germany,P0091,Garden Item 0091,Garden,5,12.22,61.1,champion
INV100615,2024-09-23,C00271,Germany,P0080,Toys Item 0080,Toys,3,10.29,30.87,champion
INV100615,2024-09-23,C00271,Germany,P0261,Stationery Item 0261,Stationery,3,4.53,13.59,champion
INV100615,2024-09-23,C00271,Germany,P0176,Toys Item 0176,Toys,3,20.55,61.65,champion
INV100615,2024-09-23,C00271,Germany,P0277,Beauty Item 0277,Beauty,2,18.96,37.92,champion
INV100615,2024-09-23,C00271,Germany,P0244,Electronics Item 0244,Electronics Accessories,3,18.65,55.95,champion
INV100615,2024-09-23,C00271,Germany,P0090,Garden Item 0090,Garden,3,12.93,38.79,champion
INV100615,2024-09-23,C00271,Germany,P0298,Stationery Item 0298,Stationery,1,2.24,2.24,champion
INV100615,2024-09-23,C00271,Germany,P0251,Sports Item 0251,Sports,3,7.43,22.29,champion
INV101275,2024-09-23,C00098,Netherlands,P0203,Sports Item 0203,Sports,3,20.16,60.48,champion
INV101275,2024-09-23,C00098,Netherlands,P0031,Apparel Item 0031,Apparel,3,17.17,51.51,champion
INV101275,2024-09-23,C00098,Netherlands,P0089,Apparel Item 0089,Apparel,2,7.02,14.04,champion
INV101275,2024-09-23,C00098,Netherlands,P0032,Toys Item 0032,Toys,4,7.2,28.8,champion
INV101275,2024-09-23,C00098,Netherlands,P0275,Toys Item 0275,Toys,1,7.98,7.98,champion
INV101275,2024-09-23,C00098,Netherlands,P0206,Stationery Item 0206,Stationery,1,9.37,9.37,champion
INV101275,2024-09-23,C00098,Netherlands,P0043,Electronics Item 0043,Electronics Accessories,5,19.52,97.6,champion
INV101275,2024-09-23,C00098,Netherlands,P0298,Stationery Item 0298,Stationery,2,2.24,4.48,champion
INV101275,2024-09-23,C00098,Netherlands,P0186,Sports Item 0186,Sports,1,11.3,11.3,champion
INV101275,2024-09-23,C00098,Netherlands,P0245,Beauty Item 0245,Beauty,4,3.3,13.2,champion
INV101275,2024-09-23,C00098,Netherlands,P0022,Garden Item 0022,Garden,2,9.52,19.04,champion
INV101275,2024-09-23,C00098,Netherlands,P0046,Toys Item 0046,Toys,2,13.41,26.82,champion
INV101408,2024-09-23,C00014,United Kingdom,P0165,Home Item 0165,Home & Kitchen,2,4.44,8.88,loyal
INV101408,2024-09-23,C00014,United Kingdom,P0139,Stationery Item 0139,Stationery,2,2.18,4.36,loyal
INV101408,2024-09-23,C00014,United Kingdom,P0097,Stationery Item 0097,Stationery,3,7.93,23.79,loyal
INV101408,2024-09-23,C00014,United Kingdom,P0046,Toys Item 0046,Toys,5,13.41,67.05,loyal
INV101454,2024-09-23,C00073,United Kingdom,P0244,Electronics Item 0244,Electronics Accessories,2,18.65,37.3,loyal
INV101461,2024-09-23,C00004,United Kingdom,P0232,Stationery Item 0232,Stationery,1,13.04,13.04,loyal
INV101461,2024-09-23,C00004,United Kingdom,P0190,Stationery Item 0190,Stationery,1,5.75,5.75,loyal
INV101461,2024-09-23,C00004,United Kingdom,P0088,Garden Item 0088,Garden,4,25.85,103.4,loyal
INV101461,2024-09-23,C00004,United Kingdom,P0200,Garden Item 0200,Garden,2,9.29,18.58,loyal
INV101461,2024-09-23,C00004,United Kingdom,P0251,Sports Item 0251,Sports,4,7.43,29.72,loyal
INV101461,2024-09-23,C00004,United Kingdom,P0066,Toys Item 0066,Toys,1,6.01,6.01,loyal
INV101461,2024-09-23,C00004,United Kingdom,P0010,Sports Item 0010,Sports,1,16.22,16.22,loyal
INV101461,2024-09-23,C00004,United Kingdom,P0144,Apparel Item 0144,Apparel,4,13.41,53.64,loyal
INV100744,2024-09-24,C00446,Ireland,P0280,Beauty Item 0280,Beauty,1,6.37,6.37,champion
INV100744,2024-09-24,C00446,Ireland,P0281,Beauty Item 0281,Beauty,2,2.14,4.28,champion
INV100744,2024-09-24,C00446,Ireland,P0265,Home Item 0265,Home & Kitchen,2,6.17,12.34,champion
INV100744,2024-09-24,C00446,Ireland,P0128,Stationery Item 0128,Stationery,1,9.37,9.37,champion
INV100744,2024-09-24,C00446,Ireland,P0112,Apparel Item 0112,Apparel,5,14.8,74.0,champion
INV100744,2024-09-24,C00446,Ireland,P0051,Stationery Item 0051,Stationery,1,7.32,7.32,champion
INV100744,2024-09-24,C00446,Ireland,P0176,Toys Item 0176,Toys,3,20.55,61.65,champion
INV100744,2024-09-24,C00446,Ireland,P0139,Stationery Item 0139,Stationery,2,2.18,4.36,champion
INV100744,2024-09-24,C00446,Ireland,P0061,Stationery Item 0061,Stationery,2,8.19,16.38,champion
INV100744,2024-09-24,C00446,Ireland,P0148,Apparel Item 0148,Apparel,1,27.92,27.92,champion
INV100744,2024-09-24,C00446,Ireland,P0248,Apparel Item 0248,Apparel,5,18.11,90.55,champion
INV100744,2024-09-24,C00446,Ireland,P0202,Toys Item 0202,Toys,5,3.81,19.05,champion
INV100744,2024-09-24,C00446,Ireland,P0242,Stationery Item 0242,Stationery,1,7.66,7.66,champion
INV100744,2024-09-24,C00446,Ireland,P0103,Garden Item 0103,Garden,1,5.64,5.64,champion
INV100958,2024-09-24,C00085,France,P0159,Home Item 0159,Home & Kitchen,1,7.2,7.2,loyal
INV100958,2024-09-24,C00085,France,P0285,Toys Item 0285,Toys,1,5.98,5.98,loyal
INV100958,2024-09-24,C00085,France,P0054,Toys Item 0054,Toys,5,14.13,70.65,loyal
INV100958,2024-09-24,C00085,France,P0125,Toys Item 0125,Toys,4,25.33,101.32,loyal
INV100958,2024-09-24,C00085,France,P0227,Garden Item 0227,Garden,1,14.32,14.32,loyal
INV101474,2024-09-24,C00166,Netherlands,P0095,Sports Item 0095,Sports,1,6.85,6.85,champion
INV101474,2024-09-24,C00166,Netherlands,P0157,Toys Item 0157,Toys,1,16.13,16.13,champion
INV101474,2024-09-24,C00166,Netherlands,P0240,Garden Item 0240,Garden,1,7.99,7.99,champion
INV101474,2024-09-24,C00166,Netherlands,P0227,Garden Item 0227,Garden,4,14.32,57.28,champion
INV101474,2024-09-24,C00166,Netherlands,P0113,Garden Item 0113,Garden,1,5.12,5.12,champion
INV101474,2024-09-24,C00166,Netherlands,P0153,Home Item 0153,Home & Kitchen,4,2.62,10.48,champion
INV101474,2024-09-24,C00166,Netherlands,P0150,Garden Item 0150,Garden,3,11.59,34.77,champion
INV101474,2024-09-24,C00166,Netherlands,P0185,Home Item 0185,Home & Kitchen,2,22.37,44.74,champion
INV101474,2024-09-24,C00166,Netherlands,P0273,Stationery Item 0273,Stationery,1,14.81,14.81,champion
INV101474,2024-09-24,C00166,Netherlands,P0124,Toys Item 0124,Toys,1,5.36,5.36,champion
INV101484,2024-09-24,C00038,Spain,P0169,Apparel Item 0169,Apparel,5,6.65,33.25,champion
INV101484,2024-09-24,C00038,Spain,P0051,Stationery Item 0051,Stationery,3,7.32,21.96,champion
INV101484,2024-09-24,C00038,Spain,P0200,Garden Item 0200,Garden,4,9.29,37.16,champion
INV101484,2024-09-24,C00038,Spain,P0023,Garden Item 0023,Garden,3,6.18,18.54,champion
INV101484,2024-09-24,C00038,Spain,P0147,Electronics Item 0147,Electronics Accessories,4,21.42,85.68,champion
INV101484,2024-09-24,C00038,Spain,P0103,Garden Item 0103,Garden,5,5.64,28.2,champion
INV101484,2024-09-24,C00038,Spain,P0064,Beauty Item 0064,Beauty,1,5.73,5.73,champion
INV100206,2024-09-25,C00321,Ireland,P0152,Toys Item 0152,Toys,5,42.54,212.7,regular
INV100206,2024-09-25,C00321,Ireland,P0142,Apparel Item 0142,Apparel,4,14.63,58.52,regular
INV100206,2024-09-25,C00321,Ireland,P0118,Apparel Item 0118,Apparel,5,9.67,48.35,regular
INV100206,2024-09-25,C00321,Ireland,P0145,Electronics Item 0145,Electronics Accessories,1,13.74,13.74,regular
INV100397,2024-09-25,C00198,United Kingdom,P0161,Home Item 0161,Home & Kitchen,2,6.97,13.94,champion
INV100397,2024-09-25,C00198,United Kingdom,P0071,Beauty Item 0071,Beauty,5,12.79,63.95,champion
INV100397,2024-09-25,C00198,United Kingdom,P0223,Sports Item 0223,Sports,3,37.0,111.0,champion
INV100397,2024-09-25,C00198,United Kingdom,P0170,Apparel Item 0170,Apparel,2,26.08,52.16,champion
INV100501,2024-09-25,C00391,Spain,P0131,Stationery Item 0131,Stationery,3,12.06,36.18,loyal
INV100501,2024-09-25,C00391,Spain,P0234,Beauty Item 0234,Beauty,2,14.59,29.18,loyal
INV100966,2024-09-25,C00498,Ireland,P0283,Toys Item 0283,Toys,4,9.72,38.88,loyal
INV100098,2024-09-26,C00266,United Kingdom,P0267,Electronics Item 0267,Electronics Accessories,3,11.36,34.08,loyal
INV100098,2024-09-26,C00266,United Kingdom,P0009,Sports Item 0009,Sports,3,10.35,31.05,loyal
INV100098,2024-09-26,C00266,United Kingdom,P0011,Stationery Item 0011,Stationery,5,15.05,75.25,loyal
INV100098,2024-09-26,C00266,United Kingdom,P0262,Home Item 0262,Home & Kitchen,3,8.77,26.31,loyal
INV100098,2024-09-26,C00266,United Kingdom,P0156,Beauty Item 0156,Beauty,3,6.52,19.56,loyal
INV100098,2024-09-26,C00266,United Kingdom,P0085,Stationery Item 0085,Stationery,4,4.34,17.36,loyal
INV100098,2024-09-26,C00266,United Kingdom,P0034,Apparel Item 0034,Apparel,1,8.29,8.29,loyal
INV100755,2024-09-26,C00337,United Kingdom,P0097,Stationery Item 0097,Stationery,5,7.93,39.65,loyal
INV100755,2024-09-26,C00337,United Kingdom,P0298,Stationery Item 0298,Stationery,3,2.24,6.72,loyal
INV101437,2024-09-26,C00204,Netherlands,P0020,Sports Item 0020,Sports,2,17.23,34.46,regular
INV101437,2024-09-26,C00204,Netherlands,P0013,Apparel Item 0013,Apparel,3,6.43,19.29,regular
INV101437,2024-09-26,C00204,Netherlands,P0050,Apparel Item 0050,Apparel,2,27.66,55.32,regular
INV101437,2024-09-26,C00204,Netherlands,P0149,Toys Item 0149,Toys,5,6.39,31.95,regular
INV100017,2024-09-27,C00007,United Kingdom,P0105,Beauty Item 0105,Beauty,2,10.5,21.0,loyal
INV100017,2024-09-27,C00007,United Kingdom,P0183,Beauty Item 0183,Beauty,1,14.45,14.45,loyal
INV100027,2024-09-27,C00190,United Kingdom,P0213,Toys Item 0213,Toys,3,13.64,40.92,loyal
INV100089,2024-09-27,C00468,United Kingdom,P0069,Electronics Item 0069,Electronics Accessories,1,8.37,8.37,loyal
INV100089,2024-09-27,C00468,United Kingdom,P0018,Beauty Item 0018,Beauty,5,19.88,99.4,loyal
INV100451,2024-09-27,C00019,Germany,P0076,Home Item 0076,Home & Kitchen,5,31.68,158.4,loyal
INV100451,2024-09-27,C00019,Germany,P0203,Sports Item 0203,Sports,1,20.16,20.16,loyal
INV100451,2024-09-27,C00019,Germany,P0292,Beauty Item 0292,Beauty,4,5.92,23.68,loyal
INV100451,2024-09-27,C00019,Germany,P0247,Home Item 0247,Home & Kitchen,1,15.37,15.37,loyal
INV100451,2024-09-27,C00019,Germany,P0180,Stationery Item 0180,Stationery,2,9.07,18.14,loyal
INV100451,2024-09-27,C00019,Germany,P0129,Sports Item 0129,Sports,2,7.01,14.02,loyal
INV100451,2024-09-27,C00019,Germany,P0145,Electronics Item 0145,Electronics Accessories,3,13.74,41.22,loyal
INV100451,2024-09-27,C00019,Germany,P0269,Electronics Item 0269,Electronics Accessories,5,3.48,17.4,loyal
INV100599,2024-09-27,C00176,United Kingdom,P0107,Home Item 0107,Home & Kitchen,5,7.79,38.95,loyal
INV100599,2024-09-27,C00176,United Kingdom,P0068,Beauty Item 0068,Beauty,3,7.24,21.72,loyal
INV100943,2024-09-27,C00232,Germany,P0154,Home Item 0154,Home & Kitchen,3,12.36,37.08,loyal
INV100943,2024-09-27,C00232,Germany,P0046,Toys Item 0046,Toys,5,13.41,67.05,loyal
INV101027,2024-09-27,C00198,United Kingdom,P0293,Toys Item 0293,Toys,1,13.85,13.85,champion
INV101027,2024-09-27,C00198,United Kingdom,P0143,Home Item 0143,Home & Kitchen,2,7.7,15.4,champion
INV101027,2024-09-27,C00198,United Kingdom,P0236,Toys Item 0236,Toys,2,18.12,36.24,champion
INV101027,2024-09-27,C00198,United Kingdom,P0043,Electronics Item 0043,Electronics Accessories,2,19.52,39.04,champion
INV101027,2024-09-27,C00198,United Kingdom,P0264,Home Item 0264,Home & Kitchen,5,16.77,83.85,champion
INV101027,2024-09-27,C00198,United Kingdom,P0254,Garden Item 0254,Garden,3,47.1,141.3,champion
INV101027,2024-09-27,C00198,United Kingdom,P0129,Sports Item 0129,Sports,3,7.01,21.03,champion
INV101027,2024-09-27,C00198,United Kingdom,P0298,Stationery Item 0298,Stationery,4,2.24,8.96,champion
INV101027,2024-09-27,C00198,United Kingdom,P0295,Home Item 0295,Home & Kitchen,2,11.96,23.92,champion
INV101027,2024-09-27,C00198,United Kingdom,P0066,Toys Item 0066,Toys,5,6.01,30.05,champion
INV101027,2024-09-27,C00198,United Kingdom,P0131,Stationery Item 0131,Stationery,4,12.06,48.24,champion
INV101027,2024-09-27,C00198,United Kingdom,P0296,Electronics Item 0296,Electronics Accessories,2,13.81,27.62,champion
INV101139,2024-09-27,C00365,United Kingdom,P0281,Beauty Item 0281,Beauty,4,2.14,8.56,champion
INV101139,2024-09-27,C00365,United Kingdom,P0165,Home Item 0165,Home & Kitchen,2,4.44,8.88,champion
INV101139,2024-09-27,C00365,United Kingdom,P0060,Garden Item 0060,Garden,5,5.43,27.15,champion
INV101139,2024-09-27,C00365,United Kingdom,P0170,Apparel Item 0170,Apparel,5,26.08,130.4,champion
INV101139,2024-09-27,C00365,United Kingdom,P0051,Stationery Item 0051,Stationery,1,7.32,7.32,champion
INV101139,2024-09-27,C00365,United Kingdom,P0156,Beauty Item 0156,Beauty,1,6.52,6.52,champion
INV101139,2024-09-27,C00365,United Kingdom,P0126,Sports Item 0126,Sports,2,23.67,47.34,champion
INV101139,2024-09-27,C00365,United Kingdom,P0014,Sports Item 0014,Sports,4,10.64,42.56,champion
INV101139,2024-09-27,C00365,United Kingdom,P0258,Toys Item 0258,Toys,3,17.95,53.85,champion
INV101139,2024-09-27,C00365,United Kingdom,P0129,Sports Item 0129,Sports,3,7.01,21.03,champion
INV101139,2024-09-27,C00365,United Kingdom,P0033,Sports Item 0033,Sports,3,8.82,26.46,champion
INV101139,2024-09-27,C00365,United Kingdom,P0197,Beauty Item 0197,Beauty,3,6.6,19.8,champion
INV100160,2024-09-28,C00487,United Kingdom,P0025,Garden Item 0025,Garden,2,16.76,33.52,champion
INV100160,2024-09-28,C00487,United Kingdom,P0195,Apparel Item 0195,Apparel,1,27.22,27.22,champion
INV100160,2024-09-28,C00487,United Kingdom,P0153,Home Item 0153,Home & Kitchen,3,2.62,7.86,champion
INV100160,2024-09-28,C00487,United Kingdom,P0121,Toys Item 0121,Toys,4,8.89,35.56,champion
INV100521,2024-09-28,C00198,United Kingdom,P0165,Home Item 0165,Home & Kitchen,2,4.44,8.88,champion
INV100521,2024-09-28,C00198,United Kingdom,P0138,Stationery Item 0138,Stationery,1,23.38,23.38,champion
INV100521,2024-09-28,C00198,United Kingdom,P0219,Stationery Item 0219,Stationery,5,10.17,50.85,champion
INV100521,2024-09-28,C00198,United Kingdom,P0202,Toys Item 0202,Toys,1,3.81,3.81,champion
INV100521,2024-09-28,C00198,United Kingdom,P0167,Sports Item 0167,Sports,4,9.45,37.8,champion
INV100521,2024-09-28,C00198,United Kingdom,P0052,Beauty Item 0052,Beauty,3,4.18,12.54,champion
INV100521,2024-09-28,C00198,United Kingdom,P0073,Garden Item 0073,Garden,5,8.64,43.2,champion
INV100521,2024-09-28,C00198,United Kingdom,P0002,Garden Item 0002,Garden,3,12.52,37.56,champion
INV100581,2024-09-28,C00438,United Kingdom,P0231,Toys Item 0231,Toys,4,10.98,43.92,at_risk
INV100581,2024-09-28,C00438,United Kingdom,P0166,Electronics Item 0166,Electronics Accessories,1,7.11,7.11,at_risk
INV100581,2024-09-28,C00438,United Kingdom,P0157,Toys Item 0157,Toys,1,16.13,16.13,at_risk
INV100581,2024-09-28,C00438,United Kingdom,P0240,Garden Item 0240,Garden,2,7.99,15.98,at_risk
INV100581,2024-09-28,C00438,United Kingdom,P0227,Garden Item 0227,Garden,2,14.32,28.64,at_risk
INV100581,2024-09-28,C00438,United Kingdom,P0040,Toys Item 0040,Toys,5,25.32,126.6,at_risk
INV100678,2024-09-28,C00019,Germany,P0174,Apparel Item 0174,Apparel,3,14.86,44.58,loyal
INV100678,2024-09-28,C00019,Germany,P0213,Toys Item 0213,Toys,5,13.64,68.2,loyal
INV100678,2024-09-28,C00019,Germany,P0240,Garden Item 0240,Garden,2,7.99,15.98,loyal
INV100678,2024-09-28,C00019,Germany,P0269,Electronics Item 0269,Electronics Accessories,3,3.48,10.44,loyal
INV100678,2024-09-28,C00019,Germany,P0224,Toys Item 0224,Toys,1,6.73,6.73,loyal
INV100835,2024-09-28,C00158,France,P0268,Beauty Item 0268,Beauty,36,9.79,352.44,loyal
INV100835,2024-09-28,C00158,France,P0213,Toys Item 0213,Toys,20,12.28,245.6,loyal
INV100835,2024-09-28,C00158,France,P0171,Garden Item 0171,Garden,23,5.68,130.64,loyal
INV100835,2024-09-28,C00158,France,P0220,Sports Item 0220,Sports,36,11.84,426.24,loyal
INV100835,2024-09-28,C00158,France,P0145,Electronics Item 0145,Electronics Accessories,17,12.37,210.29,loyal
INV100835,2024-09-28,C00158,France,P0123,Toys Item 0123,Toys,17,17.81,302.77,loyal
INV100835,2024-09-28,C00158,France,P0057,Beauty Item 0057,Beauty,22,12.35,271.7,loyal
INV100835,2024-09-28,C00158,France,P0020,Sports Item 0020,Sports,30,15.51,465.3,loyal
INV100835,2024-09-28,C00158,France,P0025,Garden Item 0025,Garden,35,15.08,527.8,loyal
INV100835,2024-09-28,C00158,France,P0219,Stationery Item 0219,Stationery,29,9.15,265.35,loyal
INV100835,2024-09-28,C00158,France,P0014,Sports Item 0014,Sports,27,9.58,258.66,loyal
INV100835,2024-09-28,C00158,France,P0271,Garden Item 0271,Garden,36,3.93,141.48,loyal
INV100835,2024-09-28,C00158,France,P0141,Sports Item 0141,Sports,19,15.13,287.47,loyal
INV100835,2024-09-28,C00158,France,P0097,Stationery Item 0097,Stationery,37,7.14,264.18,loyal
INV100835,2024-09-28,C00158,France,P0041,Electronics Item 0041,Electronics Accessories,22,16.53,363.66,loyal
INV100835,2024-09-28,C00158,France,P0235,Sports Item 0235,Sports,21,4.46,93.66,loyal
INV100835,2024-09-28,C00158,France,P0172,Sports Item 0172,Sports,38,5.47,207.86,loyal
INV100835,2024-09-28,C00158,France,P0203,Sports Item 0203,Sports,31,18.14,562.34,loyal
INV100835,2024-09-28,C00158,France,P0201,Electronics Item 0201,Electronics Accessories,25,2.66,66.5,loyal
INV100835,2024-09-28,C00158,France,P0065,Stationery Item 0065,Stationery,23,34.84,801.32,loyal
INV100835,2024-09-28,C00158,France,P0138,Stationery Item 0138,Stationery,26,21.04,547.04,loyal
INV100835,2024-09-28,C00158,France,P0199,Sports Item 0199,Sports,34,13.16,447.44,loyal
INV100835,2024-09-28,C00158,France,P0168,Sports Item 0168,Sports,18,23.14,416.52,loyal
INV100835,2024-09-28,C00158,France,P0090,Garden Item 0090,Garden,19,11.64,221.16,loyal
INV100835,2024-09-28,C00158,France,P0113,Garden Item 0113,Garden,22,4.61,101.42,loyal
INV100835,2024-09-28,C00158,France,P0255,Electronics Item 0255,Electronics Accessories,27,2.48,66.96,loyal
INV100835,2024-09-28,C00158,France,P0210,Beauty Item 0210,Beauty,35,5.47,191.45,loyal
INV100835,2024-09-28,C00158,France,P0267,Electronics Item 0267,Electronics Accessories,20,10.22,204.4,loyal
INV100835,2024-09-28,C00158,France,P0223,Sports Item 0223,Sports,34,33.3,1132.2,loyal
INV100835,2024-09-28,C00158,France,P0243,Toys Item 0243,Toys,37,6.64,245.68,loyal
INV100835,2024-09-28,C00158,France,P0107,Home Item 0107,Home & Kitchen,25,7.01,175.25,loyal
INV100835,2024-09-28,C00158,France,P0237,Sports Item 0237,Sports,39,4.38,170.82,loyal
INV100835,2024-09-28,C00158,France,P0288,Stationery Item 0288,Stationery,37,8.96,331.52,loyal
INV100835,2024-09-28,C00158,France,P0263,Toys Item 0263,Toys,34,9.19,312.46,loyal
INV100835,2024-09-28,C00158,France,P0146,Garden Item 0146,Garden,24,9.32,223.68,loyal
INV100835,2024-09-28,C00158,France,P0124,Toys Item 0124,Toys,22,4.82,106.04,loyal
INV100926,2024-09-28,C00059,Germany,P0104,Beauty Item 0104,Beauty,2,15.26,30.52,loyal
INV100926,2024-09-28,C00059,Germany,P0273,Stationery Item 0273,Stationery,4,14.81,59.24,loyal
INV100926,2024-09-28,C00059,Germany,P0298,Stationery Item 0298,Stationery,5,2.24,11.2,loyal
INV100926,2024-09-28,C00059,Germany,P0145,Electronics Item 0145,Electronics Accessories,1,13.74,13.74,loyal
INV101018,2024-09-28,C00214,Germany,P0188,Beauty Item 0188,Beauty,4,5.1,20.4,champion
INV101018,2024-09-28,C00214,Germany,P0032,Toys Item 0032,Toys,2,7.2,14.4,champion
INV101290,2024-09-28,C00440,Spain,P0110,Sports Item 0110,Sports,4,14.16,56.64,loyal
INV101290,2024-09-28,C00440,Spain,P0099,Toys Item 0099,Toys,1,3.9,3.9,loyal
INV101290,2024-09-28,C00440,Spain,P0105,Beauty Item 0105,Beauty,2,10.5,21.0,loyal
INV101290,2024-09-28,C00440,Spain,P0295,Home Item 0295,Home & Kitchen,5,11.96,59.8,loyal
INV101290,2024-09-28,C00440,Spain,P0070,Beauty Item 0070,Beauty,5,12.9,64.5,loyal
INV101413,2024-09-28,C00120,United Kingdom,P0267,Electronics Item 0267,Electronics Accessories,3,11.36,34.08,champion
INV101413,2024-09-28,C00120,United Kingdom,P0013,Apparel Item 0013,Apparel,3,6.43,19.29,champion
INV101413,2024-09-28,C00120,United Kingdom,P0134,Beauty Item 0134,Beauty,1,8.0,8.0,champion
INV101413,2024-09-28,C00120,United Kingdom,P0192,Garden Item 0192,Garden,3,17.1,51.3,champion
INV100125,2024-09-29,C00469,United Kingdom,P0188,Beauty Item 0188,Beauty,2,5.1,10.2,loyal
INV100158,2024-09-29,C00001,United Kingdom,P0163,Sports Item 0163,Sports,2,16.1,32.2,champion
INV100158,2024-09-29,C00001,United Kingdom,P0292,Beauty Item 0292,Beauty,1,5.92,5.92,champion
INV100158,2024-09-29,C00001,United Kingdom,P0239,Apparel Item 0239,Apparel,5,3.39,16.95,champion
INV100158,2024-09-29,C00001,United Kingdom,P0095,Sports Item 0095,Sports,3,6.85,20.55,champion
INV100158,2024-09-29,C00001,United Kingdom,P0262,Home Item 0262,Home & Kitchen,1,8.77,8.77,champion
INV100158,2024-09-29,C00001,United Kingdom,P0017,Toys Item 0017,Toys,5,13.41,67.05,champion
INV100158,2024-09-29,C00001,United Kingdom,P0005,Electronics Item 0005,Electronics Accessories,4,23.02,92.08,champion
INV100158,2024-09-29,C00001,United Kingdom,P0059,Garden Item 0059,Garden,1,22.24,22.24,champion
INV100158,2024-09-29,C00001,United Kingdom,P0222,Beauty Item 0222,Beauty,2,16.46,32.92,champion
INV100370,2024-09-29,C00229,United Kingdom,P0267,Electronics Item 0267,Electronics Accessories,2,11.36,22.72,loyal
INV100370,2024-09-29,C00229,United Kingdom,P0174,Apparel Item 0174,Apparel,2,14.86,29.72,loyal
INV100370,2024-09-29,C00229,United Kingdom,P0275,Toys Item 0275,Toys,3,7.98,23.94,loyal
INV100370,2024-09-29,C00229,United Kingdom,P0252,Sports Item 0252,Sports,3,8.64,25.92,loyal
INV100370,2024-09-29,C00229,United Kingdom,P0127,Toys Item 0127,Toys,5,32.0,160.0,loyal
INV100370,2024-09-29,C00229,United Kingdom,P0149,Toys Item 0149,Toys,2,6.39,12.78,loyal
INV100370,2024-09-29,C00229,United Kingdom,P0057,Beauty Item 0057,Beauty,4,13.72,54.88,loyal
INV100424,2024-09-29,C00179,Spain,P0115,Home Item 0115,Home & Kitchen,5,20.54,102.7,loyal
INV101072,2024-09-29,C00252,United Kingdom,P0131,Stationery Item 0131,Stationery,4,12.06,48.24,loyal
INV101072,2024-09-29,C00252,United Kingdom,P0074,Beauty Item 0074,Beauty,2,28.74,57.48,loyal
INV101072,2024-09-29,C00252,United Kingdom,P0235,Sports Item 0235,Sports,1,4.95,4.95,loyal
INV101072,2024-09-29,C00252,United Kingdom,P0204,Apparel Item 0204,Apparel,1,44.41,44.41,loyal
INV100569,2024-09-30,C00243,United Kingdom,P0248,Apparel Item 0248,Apparel,3,18.11,54.33,regular
INV100569,2024-09-30,C00243,United Kingdom,P0001,Sports Item 0001,Sports,5,20.7,103.5,regular
INV100569,2024-09-30,C00243,United Kingdom,P0052,Beauty Item 0052,Beauty,5,4.18,20.9,regular
INV100569,2024-09-30,C00243,United Kingdom,P0281,Beauty Item 0281,Beauty,1,2.14,2.14,regular
INV100603,2024-09-30,C00049,United Kingdom,P0266,Beauty Item 0266,Beauty,5,9.2,46.0,loyal
INV100603,2024-09-30,C00049,United Kingdom,P0153,Home Item 0153,Home & Kitchen,4,2.62,10.48,loyal
INV100995,2024-09-30,C00067,United Kingdom,P0185,Home Item 0185,Home & Kitchen,4,22.37,89.48,champion
INV100995,2024-09-30,C00067,United Kingdom,P0119,Stationery Item 0119,Stationery,5,27.78,138.9,champion
INV100995,2024-09-30,C00067,United Kingdom,P0243,Toys Item 0243,Toys,2,7.38,14.76,champion
INV100995,2024-09-30,C00067,United Kingdom,P0141,Sports Item 0141,Sports,5,16.81,84.05,champion
INV101010,2024-09-30,C00067,United Kingdom,P0037,Toys Item 0037,Toys,4,10.9,43.6,champion
INV101401,2024-09-30,C00401,Ireland,P0023,Garden Item 0023,Garden,3,6.18,18.54,regular
INV100736,2024-10-01,C00489,United Kingdom,P0233,Apparel Item 0233,Apparel,4,25.83,103.32,loyal
INV101271,2024-10-01,C00405,Spain,P0091,Garden Item 0091,Garden,3,12.22,36.66,loyal
INV101271,2024-10-01,C00405,Spain,P0227,Garden Item 0227,Garden,4,14.32,57.28,loyal
INV101271,2024-10-01,C00405,Spain,P0052,Beauty Item 0052,Beauty,4,4.18,16.72,loyal
INV101271,2024-10-01,C00405,Spain,P0070,Beauty Item 0070,Beauty,2,12.9,25.8,loyal
INV101345,2024-10-01,C00229,United Kingdom,P0006,Toys Item 0006,Toys,4,14.64,58.56,loyal
INV101345,2024-10-01,C00229,United Kingdom,P0155,Apparel Item 0155,Apparel,2,3.52,7.04,loyal
INV101345,2024-10-01,C00229,United Kingdom,P0050,Apparel Item 0050,Apparel,3,27.66,82.98,loyal
INV101345,2024-10-01,C00229,United Kingdom,P0090,Garden Item 0090,Garden,1,12.93,12.93,loyal
INV101345,2024-10-01,C00229,United Kingdom,P0111,Sports Item 0111,Sports,5,52.97,264.85,loyal
INV101345,2024-10-01,C00229,United Kingdom,P0130,Home Item 0130,Home & Kitchen,5,18.87,94.35,loyal
INV101345,2024-10-01,C00229,United Kingdom,P0069,Electronics Item 0069,Electronics Accessories,2,8.37,16.74,loyal
INV101345,2024-10-01,C00229,United Kingdom,P0254,Garden Item 0254,Garden,1,47.1,47.1,loyal
INV101459,2024-10-01,C00457,Netherlands,P0236,Toys Item 0236,Toys,5,18.12,90.6,loyal
INV101459,2024-10-01,C00457,Netherlands,P0157,Toys Item 0157,Toys,4,16.13,64.52,loyal
INV101459,2024-10-01,C00457,Netherlands,P0188,Beauty Item 0188,Beauty,4,5.1,20.4,loyal
INV101459,2024-10-01,C00457,Netherlands,P0240,Garden Item 0240,Garden,3,7.99,23.97,loyal
INV101459,2024-10-01,C00457,Netherlands,P0227,Garden Item 0227,Garden,4,14.32,57.28,loyal
INV100050,2024-10-02,C00451,Germany,P0230,Apparel Item 0230,Apparel,5,13.03,65.15,loyal
INV100584,2024-10-02,C00477,France,P0091,Garden Item 0091,Garden,4,12.22,48.88,champion
INV100584,2024-10-02,C00477,France,P0149,Toys Item 0149,Toys,5,6.39,31.95,champion
INV100584,2024-10-02,C00477,France,P0051,Stationery Item 0051,Stationery,2,7.32,14.64,champion
INV100584,2024-10-02,C00477,France,P0176,Toys Item 0176,Toys,3,20.55,61.65,champion
INV100584,2024-10-02,C00477,France,P0153,Home Item 0153,Home & Kitchen,1,2.62,2.62,champion
INV100584,2024-10-02,C00477,France,P0294,Toys Item 0294,Toys,5,5.09,25.45,champion
INV100584,2024-10-02,C00477,France,P0032,Toys Item 0032,Toys,5,7.2,36.0,champion
INV100584,2024-10-02,C00477,France,P0217,Electronics Item 0217,Electronics Accessories,2,2.06,4.12,champion
INV100584,2024-10-02,C00477,France,P0259,Apparel Item 0259,Apparel,1,12.89,12.89,champion
INV100925,2024-10-02,C00491,United Kingdom,P0107,Home Item 0107,Home & Kitchen,1,7.79,7.79,regular
INV100961,2024-10-02,C00098,Netherlands,P0143,Home Item 0143,Home & Kitchen,4,7.7,30.8,champion
INV100961,2024-10-02,C00098,Netherlands,P0049,Home Item 0049,Home & Kitchen,5,26.16,130.8,champion
INV100961,2024-10-02,C00098,Netherlands,P0008,Stationery Item 0008,Stationery,4,7.1,28.4,champion
INV100961,2024-10-02,C00098,Netherlands,P0243,Toys Item 0243,Toys,3,7.38,22.14,champion
INV100961,2024-10-02,C00098,Netherlands,P0187,Garden Item 0187,Garden,2,6.33,12.66,champion
INV100961,2024-10-02,C00098,Netherlands,P0093,Beauty Item 0093,Beauty,2,9.44,18.88,champion
INV100961,2024-10-02,C00098,Netherlands,P0156,Beauty Item 0156,Beauty,4,6.52,26.08,champion
INV100961,2024-10-02,C00098,Netherlands,P0087,Home Item 0087,Home & Kitchen,4,9.17,36.68,champion
INV100961,2024-10-02,C00098,Netherlands,P0017,Toys Item 0017,Toys,1,13.41,13.41,champion
INV100961,2024-10-02,C00098,Netherlands,P0259,Apparel Item 0259,Apparel,3,12.89,38.67,champion
INV101154,2024-10-02,C00120,United Kingdom,P0189,Garden Item 0189,Garden,4,9.4,37.6,champion
INV101154,2024-10-02,C00120,United Kingdom,P0239,Apparel Item 0239,Apparel,4,3.39,13.56,champion
INV101170,2024-10-02,C00152,United Kingdom,P0221,Sports Item 0221,Sports,5,18.04,90.2,loyal
INV101170,2024-10-02,C00152,United Kingdom,P0262,Home Item 0262,Home & Kitchen,3,8.77,26.31,loyal
INV101170,2024-10-02,C00152,United Kingdom,P0151,Toys Item 0151,Toys,2,19.71,39.42,loyal
INV101170,2024-10-02,C00152,United Kingdom,P0024,Sports Item 0024,Sports,3,9.12,27.36,loyal
INV101170,2024-10-02,C00152,United Kingdom,P0113,Garden Item 0113,Garden,3,5.12,15.36,loyal
INV101487,2024-10-02,C00185,Netherlands,P0190,Stationery Item 0190,Stationery,1,5.75,5.75,regular
INV101487,2024-10-02,C00185,Netherlands,P0093,Beauty Item 0093,Beauty,2,9.44,18.88,regular
INV101487,2024-10-02,C00185,Netherlands,P0032,Toys Item 0032,Toys,3,7.2,21.6,regular
INV101487,2024-10-02,C00185,Netherlands,P0156,Beauty Item 0156,Beauty,3,6.52,19.56,regular
INV101487,2024-10-02,C00185,Netherlands,P0127,Toys Item 0127,Toys,2,32.0,64.0,regular
INV100258,2024-10-03,C00425,Netherlands,P0141,Sports Item 0141,Sports,2,16.81,33.62,loyal
INV100267,2024-10-03,C00431,Germany,P0280,Beauty Item 0280,Beauty,1,6.37,6.37,champion
INV100267,2024-10-03,C00431,Germany,P0091,Garden Item 0091,Garden,5,12.22,61.1,champion
INV100267,2024-10-03,C00431,Germany,P0007,Stationery Item 0007,Stationery,1,19.96,19.96,champion
INV100267,2024-10-03,C00431,Germany,P0268,Beauty Item 0268,Beauty,3,10.88,32.64,champion
INV100267,2024-10-03,C00431,Germany,P0236,Toys Item 0236,Toys,4,18.12,72.48,champion
INV100267,2024-10-03,C00431,Germany,P0157,Toys Item 0157,Toys,4,16.13,64.52,champion
INV100267,2024-10-03,C00431,Germany,P0067,Sports Item 0067,Sports,4,14.79,59.16,champion
INV100267,2024-10-03,C00431,Germany,P0256,Home Item 0256,Home & Kitchen,2,10.1,20.2,champion
INV100267,2024-10-03,C00431,Germany,P0116,Stationery Item 0116,Stationery,5,8.27,41.35,champion
INV100267,2024-10-03,C00431,Germany,P0097,Stationery Item 0097,Stationery,1,7.93,7.93,champion
INV100267,2024-10-03,C00431,Germany,P0242,Stationery Item 0242,Stationery,1,7.66,7.66,champion
INV100267,2024-10-03,C00431,Germany,P0144,Apparel Item 0144,Apparel,5,13.41,67.05,champion
INV100647,2024-10-03,C00470,Netherlands,P0056,Toys Item 0056,Toys,4,5.63,22.52,champion
INV100647,2024-10-03,C00470,Netherlands,P0262,Home Item 0262,Home & Kitchen,2,8.77,17.54,champion
INV100647,2024-10-03,C00470,Netherlands,P0275,Toys Item 0275,Toys,5,7.98,39.9,champion
INV100647,2024-10-03,C00470,Netherlands,P0017,Toys Item 0017,Toys,1,13.41,13.41,champion
INV100647,2024-10-03,C00470,Netherlands,P0258,Toys Item 0258,Toys,2,17.95,35.9,champion
INV100647,2024-10-03,C00470,Netherlands,P0164,Home Item 0164,Home & Kitchen,5,19.4,97.0,champion
INV100771,2024-10-03,C00115,Spain,P0213,Toys Item 0213,Toys,2,13.64,27.28,loyal
INV100771,2024-10-03,C00115,Spain,P0152,Toys Item 0152,Toys,2,42.54,85.08,loyal
INV100771,2024-10-03,C00115,Spain,P0013,Apparel Item 0013,Apparel,5,6.43,32.15,loyal
INV100771,2024-10-03,C00115,Spain,P0176,Toys Item 0176,Toys,2,20.55,41.1,loyal
INV100771,2024-10-03,C00115,Spain,P0000,Home Item 0000,Home & Kitchen,2,5.41,10.82,loyal
INV100771,2024-10-03,C00115,Spain,P0264,Home Item 0264,Home & Kitchen,5,16.77,83.85,loyal
INV100771,2024-10-03,C00115,Spain,P0182,Toys Item 0182,Toys,3,14.77,44.31,loyal
INV100096,2024-10-04,C00028,Germany,P0030,Toys Item 0030,Toys,5,8.54,42.7,loyal
INV100096,2024-10-04,C00028,Germany,P0138,Stationery Item 0138,Stationery,3,23.38,70.14,loyal
INV100096,2024-10-04,C00028,Germany,P0219,Stationery Item 0219,Stationery,4,10.17,40.68,loyal
INV100096,2024-10-04,C00028,Germany,P0014,Sports Item 0014,Sports,4,10.64,42.56,loyal
INV100096,2024-10-04,C00028,Germany,P0057,Beauty Item 0057,Beauty,1,13.72,13.72,loyal
INV100096,2024-10-04,C00028,Germany,P0259,Apparel Item 0259,Apparel,5,12.89,64.45,loyal
INV100862,2024-10-04,C00178,France,P0248,Apparel Item 0248,Apparel,4,18.11,72.44,loyal
INV100862,2024-10-04,C00178,France,P0050,Apparel Item 0050,Apparel,5,27.66,138.3,loyal
INV101116,2024-10-04,C00026,United Kingdom,P0009,Sports Item 0009,Sports,2,10.35,20.7,regular
INV101116,2024-10-04,C00026,United Kingdom,P0221,Sports Item 0221,Sports,3,18.04,54.12,regular
INV101116,2024-10-04,C00026,United Kingdom,P0031,Apparel Item 0031,Apparel,5,17.17,85.85,regular
INV101116,2024-10-04,C00026,United Kingdom,P0255,Electronics Item 0255,Electronics Accessories,1,2.75,2.75,regular
INV101116,2024-10-04,C00026,United Kingdom,P0033,Sports Item 0033,Sports,4,8.82,35.28,regular
INV101116,2024-10-04,C00026,United Kingdom,P0059,Garden Item 0059,Garden,2,22.24,44.48,regular
INV101116,2024-10-04,C00026,United Kingdom,P0289,Home Item 0289,Home & Kitchen,3,3.62,10.86,regular
INV101116,2024-10-04,C00026,United Kingdom,P0118,Apparel Item 0118,Apparel,2,9.67,19.34,regular
INV101262,2024-10-04,C00461,Spain,P0010,Sports Item 0010,Sports,4,16.22,64.88,loyal
INV101455,2024-10-04,C00218,Ireland,P0110,Sports Item 0110,Sports,1,14.16,14.16,at_risk
INV100496,2024-10-05,C00123,Germany,P0071,Beauty Item 0071,Beauty,3,12.79,38.37,loyal
INV100496,2024-10-05,C00123,Germany,P0292,Beauty Item 0292,Beauty,1,5.92,5.92,loyal
INV100496,2024-10-05,C00123,Germany,P0191,Stationery Item 0191,Stationery,2,8.67,17.34,loyal
INV101445,2024-10-05,C00418,Spain,P0148,Apparel Item 0148,Apparel,2,27.92,55.84,loyal
INV101445,2024-10-05,C00418,Spain,P0192,Garden Item 0192,Garden,3,17.1,51.3,loyal
INV100076,2024-10-06,C00028,Germany,P0292,Beauty Item 0292,Beauty,3,5.92,17.76,loyal
INV100076,2024-10-06,C00028,Germany,P0063,Apparel Item 0063,Apparel,2,21.21,42.42,loyal
INV100076,2024-10-06,C00028,Germany,P0071,Beauty Item 0071,Beauty,2,12.79,25.58,loyal
INV100076,2024-10-06,C00028,Germany,P0039,Home Item 0039,Home & Kitchen,4,14.93,59.72,loyal
INV100076,2024-10-06,C00028,Germany,P0244,Electronics Item 0244,Electronics Accessories,1,18.65,18.65,loyal
INV100076,2024-10-06,C00028,Germany,P0195,Apparel Item 0195,Apparel,1,27.22,27.22,loyal
INV100508,2024-10-06,C00176,United Kingdom,P0006,Toys Item 0006,Toys,4,14.64,58.56,loyal
INV100508,2024-10-06,C00176,United Kingdom,P0051,Stationery Item 0051,Stationery,5,7.32,36.6,loyal
INV100508,2024-10-06,C00176,United Kingdom,P0272,Stationery Item 0272,Stationery,2,43.64,87.28,loyal
INV100508,2024-10-06,C00176,United Kingdom,P0172,Sports Item 0172,Sports,3,6.08,18.24,loyal
INV100508,2024-10-06,C00176,United Kingdom,P0046,Toys Item 0046,Toys,5,13.41,67.05,loyal
INV100942,2024-10-06,C00406,Germany,P0030,Toys Item 0030,Toys,5,8.54,42.7,loyal
INV100942,2024-10-06,C00406,Germany,P0276,Apparel Item 0276,Apparel,3,8.49,25.47,loyal
INV100942,2024-10-06,C00406,Germany,P0047,Apparel Item 0047,Apparel,2,29.75,59.5,loyal
INV100942,2024-10-06,C00406,Germany,P0279,Apparel Item 0279,Apparel,2,9.71,19.42,loyal
INV101204,2024-10-06,C00432,Netherlands,P0260,Garden Item 0260,Garden,5,17.06,85.3,champion
INV101204,2024-10-06,C00432,Netherlands,P0026,Sports Item 0026,Sports,1,9.03,9.03,champion
INV101204,2024-10-06,C00432,Netherlands,P0210,Beauty Item 0210,Beauty,3,6.08,18.24,champion
INV101204,2024-10-06,C00432,Netherlands,P0257,Electronics Item 0257,Electronics Accessories,3,16.69,50.07,champion
INV101204,2024-10-06,C00432,Netherlands,P0187,Garden Item 0187,Garden,4,6.33,25.32,champion
INV101204,2024-10-06,C00432,Netherlands,P0125,Toys Item 0125,Toys,2,25.33,50.66,champion
INV101204,2024-10-06,C00432,Netherlands,P0208,Sports Item 0208,Sports,2,17.62,35.24,champion
INV101204,2024-10-06,C00432,Netherlands,P0166,Electronics Item 0166,Electronics Accessories,5,7.11,35.55,champion
INV101204,2024-10-06,C00432,Netherlands,P0099,Toys Item 0099,Toys,2,3.9,7.8,champion
INV101204,2024-10-06,C00432,Netherlands,P0095,Sports Item 0095,Sports,4,6.85,27.4,champion
INV101204,2024-10-06,C00432,Netherlands,P0178,Garden Item 0178,Garden,2,15.19,30.38,champion
INV101204,2024-10-06,C00432,Netherlands,P0000,Home Item 0000,Home & Kitchen,1,5.41,5.41,champion
INV101204,2024-10-06,C00432,Netherlands,P0058,Garden Item 0058,Garden,3,7.47,22.41,champion
INV101204,2024-10-06,C00432,Netherlands,P0019,Electronics Item 0019,Electronics Accessories,2,17.73,35.46,champion
INV101204,2024-10-06,C00432,Netherlands,P0189,Garden Item 0189,Garden,2,9.4,18.8,champion
INV101204,2024-10-06,C00432,Netherlands,P0225,Beauty Item 0225,Beauty,5,4.63,23.15,champion
INV101204,2024-10-06,C00432,Netherlands,P0222,Beauty Item 0222,Beauty,4,16.46,65.84,champion
INV101204,2024-10-06,C00432,Netherlands,P0046,Toys Item 0046,Toys,2,13.41,26.82,champion
INV101304,2024-10-06,C00473,France,P0148,Apparel Item 0148,Apparel,4,27.92,111.68,regular
INV101304,2024-10-06,C00473,France,P0042,Apparel Item 0042,Apparel,4,5.8,23.2,regular
INV101304,2024-10-06,C00473,France,P0051,Stationery Item 0051,Stationery,2,7.32,14.64,regular
INV100892,2024-10-07,C00471,France,P0293,Toys Item 0293,Toys,5,13.85,69.25,loyal
INV100892,2024-10-07,C00471,France,P0111,Sports Item 0111,Sports,5,52.97,264.85,loyal
INV100892,2024-10-07,C00471,France,P0001,Sports Item 0001,Sports,4,20.7,82.8,loyal
INV100892,2024-10-07,C00471,France,P0118,Apparel Item 0118,Apparel,1,9.67,9.67,loyal
INV100892,2024-10-07,C00471,France,P0079,Sports Item 0079,Sports,1,17.36,17.36,loyal
INV101246,2024-10-07,C00404,United Kingdom,P0010,Sports Item 0010,Sports,3,16.22,48.66,loyal
INV101267,2024-10-07,C00090,United Kingdom,P0260,Garden Item 0260,Garden,3,17.06,51.18,regular
INV101267,2024-10-07,C00090,United Kingdom,P0096,Toys Item 0096,Toys,4,10.29,41.16,regular
INV101267,2024-10-07,C00090,United Kingdom,P0007,Stationery Item 0007,Stationery,2,19.96,39.92,regular
INV101436,2024-10-07,C00405,Spain,P0166,Electronics Item 0166,Electronics Accessories,1,7.11,7.11,loyal
INV101436,2024-10-07,C00405,Spain,P0116,Stationery Item 0116,Stationery,2,8.27,16.54,loyal
INV101436,2024-10-07,C00405,Spain,P0096,Toys Item 0096,Toys,4,10.29,41.16,loyal
INV101436,2024-10-07,C00405,Spain,P0208,Sports Item 0208,Sports,4,17.62,70.48,loyal
INV100108,2024-10-08,C00347,United Kingdom,P0298,Stationery Item 0298,Stationery,3,2.24,6.72,regular
INV100108,2024-10-08,C00347,United Kingdom,P0227,Garden Item 0227,Garden,5,14.32,71.6,regular
INV100108,2024-10-08,C00347,United Kingdom,P0223,Sports Item 0223,Sports,5,37.0,185.0,regular
INV101278,2024-10-08,C00469,United Kingdom,P0109,Apparel Item 0109,Apparel,3,11.92,35.76,loyal
INV100240,2024-10-09,C00052,Spain,P0293,Toys Item 0293,Toys,4,13.85,55.4,champion
INV100240,2024-10-09,C00052,Spain,P0020,Sports Item 0020,Sports,4,17.23,68.92,champion
INV100240,2024-10-09,C00052,Spain,P0054,Toys Item 0054,Toys,1,14.13,14.13,champion
INV100240,2024-10-09,C00052,Spain,P0170,Apparel Item 0170,Apparel,1,26.08,26.08,champion
INV100240,2024-10-09,C00052,Spain,P0238,Beauty Item 0238,Beauty,4,13.56,54.24,champion
INV100240,2024-10-09,C00052,Spain,P0023,Garden Item 0023,Garden,4,6.18,24.72,champion
INV100240,2024-10-09,C00052,Spain,P0129,Sports Item 0129,Sports,4,7.01,28.04,champion
INV100240,2024-10-09,C00052,Spain,P0295,Home Item 0295,Home & Kitchen,3,11.96,35.88,champion
INV100240,2024-10-09,C00052,Spain,P0066,Toys Item 0066,Toys,3,6.01,18.03,champion
INV100240,2024-10-09,C00052,Spain,P0083,Apparel Item 0083,Apparel,1,6.29,6.29,champion
INV100240,2024-10-09,C00052,Spain,P0224,Toys Item 0224,Toys,2,6.73,13.46,champion
INV100240,2024-10-09,C00052,Spain,P0242,Stationery Item 0242,Stationery,3,7.66,22.98,champion
INV100303,2024-10-09,C00271,Germany,P0074,Beauty Item 0074,Beauty,1,28.74,28.74,champion
INV100303,2024-10-09,C00271,Germany,P0098,Beauty Item 0098,Beauty,2,10.79,21.58,champion
INV100303,2024-10-09,C00271,Germany,P0163,Sports Item 0163,Sports,3,16.1,48.3,champion
INV100303,2024-10-09,C00271,Germany,P0201,Electronics Item 0201,Electronics Accessories,1,2.96,2.96,champion
INV100303,2024-10-09,C00271,Germany,P0137,Beauty Item 0137,Beauty,5,7.15,35.75,champion
INV100303,2024-10-09,C00271,Germany,P0223,Sports Item 0223,Sports,1,37.0,37.0,champion
INV100303,2024-10-09,C00271,Germany,P0213,Toys Item 0213,Toys,5,13.64,68.2,champion
INV100303,2024-10-09,C00271,Germany,P0249,Apparel Item 0249,Apparel,2,7.46,14.92,champion
INV100303,2024-10-09,C00271,Germany,P0152,Toys Item 0152,Toys,2,42.54,85.08,champion
INV100303,2024-10-09,C00271,Germany,P0199,Sports Item 0199,Sports,1,14.62,14.62,champion
INV100303,2024-10-09,C00271,Germany,P0001,Sports Item 0001,Sports,5,20.7,103.5,champion
INV100303,2024-10-09,C00271,Germany,P0075,Home Item 0075,Home & Kitchen,4,4.7,18.8,champion
INV100303,2024-10-09,C00271,Germany,P0283,Toys Item 0283,Toys,1,9.72,9.72,champion
INV100303,2024-10-09,C00271,Germany,P0254,Garden Item 0254,Garden,1,47.1,47.1,champion
INV100303,2024-10-09,C00271,Germany,P0097,Stationery Item 0097,Stationery,4,7.93,31.72,champion
INV100303,2024-10-09,C00271,Germany,P0009,Sports Item 0009,Sports,5,10.35,51.75,champion
INV100566,2024-10-09,C00263,Ireland,P0249,Apparel Item 0249,Apparel,3,7.46,22.38,loyal
INV100566,2024-10-09,C00263,Ireland,P0153,Home Item 0153,Home & Kitchen,4,2.62,10.48,loyal
INV100566,2024-10-09,C00263,Ireland,P0139,Stationery Item 0139,Stationery,5,2.18,10.9,loyal
INV100566,2024-10-09,C00263,Ireland,P0192,Garden Item 0192,Garden,2,17.1,34.2,loyal
INV100729,2024-10-09,C00228,Netherlands,P0113,Garden Item 0113,Garden,4,5.12,20.48,regular
INV100731,2024-10-09,C00359,France,P0152,Toys Item 0152,Toys,3,42.54,127.62,champion
INV100731,2024-10-09,C00359,France,P0189,Garden Item 0189,Garden,5,9.4,47.0,champion
INV100731,2024-10-09,C00359,France,P0258,Toys Item 0258,Toys,4,17.95,71.8,champion
INV100731,2024-10-09,C00359,France,P0029,Sports Item 0029,Sports,4,15.87,63.48,champion
INV101328,2024-10-10,C00289,Spain,P0091,Garden Item 0091,Garden,3,12.22,36.66,loyal
INV101328,2024-10-10,C00289,Spain,P0026,Sports Item 0026,Sports,2,9.03,18.06,loyal
INV101328,2024-10-10,C00289,Spain,P0135,Beauty Item 0135,Beauty,1,17.3,17.3,loyal
INV101328,2024-10-10,C00289,Spain,P0015,Stationery Item 0015,Stationery,2,6.38,12.76,loyal
INV101328,2024-10-10,C00289,Spain,P0104,Beauty Item 0104,Beauty,3,15.26,45.78,loyal
INV101328,2024-10-10,C00289,Spain,P0111,Sports Item 0111,Sports,5,52.97,264.85,loyal
INV101328,2024-10-10,C00289,Spain,P0266,Beauty Item 0266,Beauty,4,9.2,36.8,loyal
INV101328,2024-10-10,C00289,Spain,P0153,Home Item 0153,Home & Kitchen,3,2.62,7.86,loyal
INV101328,2024-10-10,C00289,Spain,P0183,Beauty Item 0183,Beauty,1,14.45,14.45,loyal
INV101328,2024-10-10,C00289,Spain,P0120,Sports Item 0120,Sports,2,12.93,25.86,loyal
INV101328,2024-10-10,C00289,Spain,P0048,Apparel Item 0048,Apparel,5,12.95,64.75,loyal
INV101328,2024-10-10,C00289,Spain,P0103,Garden Item 0103,Garden,1,5.64,5.64,loyal
INV100280,2024-10-11,C00425,Netherlands,P0076,Home Item 0076,Home & Kitchen,4,31.68,126.72,loyal
INV100280,2024-10-11,C00425,Netherlands,P0199,Sports Item 0199,Sports,5,14.62,73.1,loyal
INV100555,2024-10-11,C00481,United Kingdom,P0021,Sports Item 0021,Sports,4,9.22,36.88,loyal
INV100555,2024-10-11,C00481,United Kingdom,P0089,Apparel Item 0089,Apparel,2,7.02,14.04,loyal
INV100555,2024-10-11,C00481,United Kingdom,P0075,Home Item 0075,Home & Kitchen,5,4.7,23.5,loyal
INV100555,2024-10-11,C00481,United Kingdom,P0022,Garden Item 0022,Garden,2,9.52,19.04,loyal
INV100555,2024-10-11,C00481,United Kingdom,P0140,Apparel Item 0140,Apparel,4,15.06,60.24,loyal
INV101190,2024-10-11,C00458,United Kingdom,P0152,Toys Item 0152,Toys,5,42.54,212.7,regular
INV101190,2024-10-11,C00458,United Kingdom,P0214,Beauty Item 0214,Beauty,3,5.84,17.52,regular
INV101190,2024-10-11,C00458,United Kingdom,P0037,Toys Item 0037,Toys,2,10.9,21.8,regular
INV101190,2024-10-11,C00458,United Kingdom,P0183,Beauty Item 0183,Beauty,2,14.45,28.9,regular
INV101190,2024-10-11,C00458,United Kingdom,P0149,Toys Item 0149,Toys,4,6.39,25.56,regular
INV100283,2024-10-12,C00111,Netherlands,P0208,Sports Item 0208,Sports,3,17.62,52.86,loyal
INV100283,2024-10-12,C00111,Netherlands,P0116,Stationery Item 0116,Stationery,1,8.27,8.27,loyal
INV100283,2024-10-12,C00111,Netherlands,P0230,Apparel Item 0230,Apparel,5,13.03,65.15,loyal
INV100283,2024-10-12,C00111,Netherlands,P0137,Beauty Item 0137,Beauty,5,7.15,35.75,loyal
INV100669,2024-10-12,C00252,United Kingdom,P0204,Apparel Item 0204,Apparel,31,39.97,1239.07,loyal
INV100669,2024-10-12,C00252,United Kingdom,P0213,Toys Item 0213,Toys,38,12.28,466.64,loyal
INV100669,2024-10-12,C00252,United Kingdom,P0190,Stationery Item 0190,Stationery,39,5.17,201.63,loyal
INV100669,2024-10-12,C00252,United Kingdom,P0104,Beauty Item 0104,Beauty,20,13.73,274.6,loyal
INV100669,2024-10-12,C00252,United Kingdom,P0050,Apparel Item 0050,Apparel,33,24.89,821.37,loyal
INV100669,2024-10-12,C00252,United Kingdom,P0084,Toys Item 0084,Toys,36,8.22,295.92,loyal
INV100669,2024-10-12,C00252,United Kingdom,P0145,Electronics Item 0145,Electronics Accessories,35,12.37,432.95,loyal
INV100669,2024-10-12,C00252,United Kingdom,P0078,Apparel Item 0078,Apparel,27,24.13,651.51,loyal
INV100669,2024-10-12,C00252,United Kingdom,P0064,Beauty Item 0064,Beauty,19,5.16,98.04,loyal
INV100669,2024-10-12,C00252,United Kingdom,P0166,Electronics Item 0166,Electronics Accessories,26,6.4,166.4,loyal
INV100669,2024-10-12,C00252,United Kingdom,P0053,Garden Item 0053,Garden,34,8.89,302.26,loyal
INV100669,2024-10-12,C00252,United Kingdom,P0188,Beauty Item 0188,Beauty,30,4.59,137.7,loyal
INV100669,2024-10-12,C00252,United Kingdom,P0228,Toys Item 0228,Toys,24,18.2,436.8,loyal
INV100669,2024-10-12,C00252,United Kingdom,P0041,Electronics Item 0041,Electronics Accessories,20,16.53,330.6,loyal
INV100669,2024-10-12,C00252,United Kingdom,P0162,Sports Item 0162,Sports,31,17.37,538.47,loyal
INV100669,2024-10-12,C00252,United Kingdom,P0280,Beauty Item 0280,Beauty,25,5.73,143.25,loyal
INV100669,2024-10-12,C00252,United Kingdom,P0026,Sports Item 0026,Sports,26,8.13,211.38,loyal
INV100669,2024-10-12,C00252,United Kingdom,P0089,Apparel Item 0089,Apparel,38,6.32,240.16,loyal
INV100669,2024-10-12,C00252,United Kingdom,P0100,Electronics Item 0100,Electronics Accessories,15,4.66,69.9,loyal
INV100669,2024-10-12,C00252,United Kingdom,P0209,Garden Item 0209,Garden,20,18.17,363.4,loyal
INV100669,2024-10-12,C00252,United Kingdom,P0144,Apparel Item 0144,Apparel,37,12.07,446.59,loyal
INV100669,2024-10-12,C00252,United Kingdom,P0028,Beauty Item 0028,Beauty,38,4.54,172.52,loyal
INV100669,2024-10-12,C00252,United Kingdom,P0030,Toys Item 0030,Toys,22,7.69,169.18,loyal
INV100669,2024-10-12,C00252,United Kingdom,P0237,Sports Item 0237,Sports,39,4.38,170.82,loyal
INV100669,2024-10-12,C00252,United Kingdom,P0111,Sports Item 0111,Sports,20,47.67,953.4,loyal
INV100669,2024-10-12,C00252,United Kingdom,P0045,Electronics Item 0045,Electronics Accessories,16,3.56,56.96,loyal
INV100794,2024-10-12,C00336,United Kingdom,P0053,Garden Item 0053,Garden,3,9.88,29.64,loyal
INV100794,2024-10-12,C00336,United Kingdom,P0208,Sports Item 0208,Sports,5,17.62,88.1,loyal
INV100794,2024-10-12,C00336,United Kingdom,P0010,Sports Item 0010,Sports,5,16.22,81.1,loyal
INV100794,2024-10-12,C00336,United Kingdom,P0200,Garden Item 0200,Garden,3,9.29,27.87,loyal
INV101194,2024-10-12,C00477,France,P0204,Apparel Item 0204,Apparel,5,44.41,222.05,champion
INV101194,2024-10-12,C00477,France,P0262,Home Item 0262,Home & Kitchen,1,8.77,8.77,champion
INV101194,2024-10-12,C00477,France,P0126,Sports Item 0126,Sports,2,23.67,47.34,champion
INV101194,2024-10-12,C00477,France,P0111,Sports Item 0111,Sports,2,52.97,105.94,champion
INV101194,2024-10-12,C00477,France,P0245,Beauty Item 0245,Beauty,4,3.3,13.2,champion
INV101194,2024-10-12,C00477,France,P0294,Toys Item 0294,Toys,1,5.09,5.09,champion
INV101194,2024-10-12,C00477,France,P0144,Apparel Item 0144,Apparel,4,13.41,53.64,champion
INV101224,2024-10-12,C00273,United Kingdom,P0217,Electronics Item 0217,Electronics Accessories,4,2.06,8.24,loyal
INV101224,2024-10-12,C00273,United Kingdom,P0176,Toys Item 0176,Toys,1,20.55,20.55,loyal
INV100044,2024-10-13,C00104,Spain,P0280,Beauty Item 0280,Beauty,4,6.37,25.48,loyal
INV100044,2024-10-13,C00104,Spain,P0281,Beauty Item 0281,Beauty,5,2.14,10.7,loyal
INV100044,2024-10-13,C00104,Spain,P0197,Beauty Item 0197,Beauty,3,6.6,19.8,loyal
INV100044,2024-10-13,C00104,Spain,P0177,Apparel Item 0177,Apparel,4,7.91,31.64,loyal
INV100055,2024-10-13,C00431,Germany,P0117,Beauty Item 0117,Beauty,1,11.91,11.91,champion
INV100055,2024-10-13,C00431,Germany,P0169,Apparel Item 0169,Apparel,4,6.65,26.6,champion
INV100055,2024-10-13,C00431,Germany,P0092,Home Item 0092,Home & Kitchen,3,34.22,102.66,champion
INV100055,2024-10-13,C00431,Germany,P0204,Apparel Item 0204,Apparel,2,44.41,88.82,champion
INV100055,2024-10-13,C00431,Germany,P0271,Garden Item 0271,Garden,3,4.37,13.11,champion
INV100055,2024-10-13,C00431,Germany,P0298,Stationery Item 0298,Stationery,2,2.24,4.48,champion
INV100055,2024-10-13,C00431,Germany,P0066,Toys Item 0066,Toys,4,6.01,24.04,champion
INV100055,2024-10-13,C00431,Germany,P0248,Apparel Item 0248,Apparel,3,18.11,54.33,champion
INV100055,2024-10-13,C00431,Germany,P0222,Beauty Item 0222,Beauty,3,16.46,49.38,champion
INV100226,2024-10-13,C00342,United Kingdom,P0042,Apparel Item 0042,Apparel,3,5.8,17.4,champion
INV100226,2024-10-13,C00342,United Kingdom,P0238,Beauty Item 0238,Beauty,1,13.56,13.56,champion
INV100226,2024-10-13,C00342,United Kingdom,P0216,Stationery Item 0216,Stationery,3,7.88,23.64,champion
INV100226,2024-10-13,C00342,United Kingdom,P0237,Sports Item 0237,Sports,5,4.87,24.35,champion
INV100226,2024-10-13,C00342,United Kingdom,P0188,Beauty Item 0188,Beauty,5,5.1,25.5,champion
INV100226,2024-10-13,C00342,United Kingdom,P0251,Sports Item 0251,Sports,1,7.43,7.43,champion
INV100226,2024-10-13,C00342,United Kingdom,P0269,Electronics Item 0269,Electronics Accessories,3,3.48,10.44,champion
INV100226,2024-10-13,C00342,United Kingdom,P0121,Toys Item 0121,Toys,3,8.89,26.67,champion
INV100226,2024-10-13,C00342,United Kingdom,P0083,Apparel Item 0083,Apparel,1,6.29,6.29,champion
INV100226,2024-10-13,C00342,United Kingdom,P0022,Garden Item 0022,Garden,4,9.52,38.08,champion
INV100226,2024-10-13,C00342,United Kingdom,P0009,Sports Item 0009,Sports,3,10.35,31.05,champion
INV100226,2024-10-13,C00342,United Kingdom,P0144,Apparel Item 0144,Apparel,4,13.41,53.64,champion
INV100680,2024-10-13,C00120,United Kingdom,P0076,Home Item 0076,Home & Kitchen,1,31.68,31.68,champion
INV100680,2024-10-13,C00120,United Kingdom,P0143,Home Item 0143,Home & Kitchen,2,7.7,15.4,champion
INV100680,2024-10-13,C00120,United Kingdom,P0060,Garden Item 0060,Garden,3,5.43,16.29,champion
INV100680,2024-10-13,C00120,United Kingdom,P0043,Electronics Item 0043,Electronics Accessories,1,19.52,19.52,champion
INV100680,2024-10-13,C00120,United Kingdom,P0023,Garden Item 0023,Garden,2,6.18,12.36,champion
INV100680,2024-10-13,C00120,United Kingdom,P0272,Stationery Item 0272,Stationery,2,43.64,87.28,champion
INV100680,2024-10-13,C00120,United Kingdom,P0210,Beauty Item 0210,Beauty,5,6.08,30.4,champion
INV100703,2024-10-13,C00365,United Kingdom,P0268,Beauty Item 0268,Beauty,1,10.88,10.88,champion
INV100703,2024-10-13,C00365,United Kingdom,P0169,Apparel Item 0169,Apparel,1,6.65,6.65,champion
INV100703,2024-10-13,C00365,United Kingdom,P0061,Stationery Item 0061,Stationery,1,8.19,8.19,champion
INV100703,2024-10-13,C00365,United Kingdom,P0183,Beauty Item 0183,Beauty,4,14.45,57.8,champion
INV101014,2024-10-13,C00247,United Kingdom,P0027,Electronics Item 0027,Electronics Accessories,4,19.73,78.92,at_risk
INV101014,2024-10-13,C00247,United Kingdom,P0136,Beauty Item 0136,Beauty,3,11.76,35.28,at_risk
INV101014,2024-10-13,C00247,United Kingdom,P0144,Apparel Item 0144,Apparel,1,13.41,13.41,at_risk
INV100094,2024-10-14,C00134,United Kingdom,P0010,Sports Item 0010,Sports,3,16.22,48.66,champion
INV100094,2024-10-14,C00134,United Kingdom,P0039,Home Item 0039,Home & Kitchen,2,14.93,29.86,champion
INV100614,2024-10-14,C00115,Spain,P0294,Toys Item 0294,Toys,3,5.09,15.27,loyal
INV100614,2024-10-14,C00115,Spain,P0260,Garden Item 0260,Garden,5,17.06,85.3,loyal
INV100873,2024-10-14,C00230,United Kingdom,P0152,Toys Item 0152,Toys,1,42.54,42.54,loyal
INV100873,2024-10-14,C00230,United Kingdom,P0040,Toys Item 0040,Toys,4,25.32,101.28,loyal
INV100873,2024-10-14,C00230,United Kingdom,P0239,Apparel Item 0239,Apparel,3,3.39,10.17,loyal
INV100873,2024-10-14,C00230,United Kingdom,P0199,Sports Item 0199,Sports,2,14.62,29.24,loyal
INV101060,2024-10-14,C00179,Spain,P0023,Garden Item 0023,Garden,1,6.18,6.18,loyal
INV101060,2024-10-14,C00179,Spain,P0259,Apparel Item 0259,Apparel,3,12.89,38.67,loyal
INV101060,2024-10-14,C00179,Spain,P0258,Toys Item 0258,Toys,4,17.95,71.8,loyal
INV101060,2024-10-14,C00179,Spain,P0244,Electronics Item 0244,Electronics Accessories,5,18.65,93.25,loyal
INV101060,2024-10-14,C00179,Spain,P0184,Stationery Item 0184,Stationery,4,12.05,48.2,loyal
INV101060,2024-10-14,C00179,Spain,P0160,Garden Item 0160,Garden,2,13.38,26.76,loyal
INV101060,2024-10-14,C00179,Spain,P0194,Garden Item 0194,Garden,5,48.13,240.65,loyal
INV101060,2024-10-14,C00179,Spain,P0046,Toys Item 0046,Toys,1,13.41,13.41,loyal
INV101133,2024-10-14,C00276,United Kingdom,P0179,Toys Item 0179,Toys,5,14.27,71.35,loyal
INV101133,2024-10-14,C00276,United Kingdom,P0086,Toys Item 0086,Toys,2,15.78,31.56,loyal
INV101133,2024-10-14,C00276,United Kingdom,P0095,Sports Item 0095,Sports,2,6.85,13.7,loyal
INV101133,2024-10-14,C00276,United Kingdom,P0297,Stationery Item 0297,Stationery,4,18.82,75.28,loyal
INV100918,2024-10-15,C00037,United Kingdom,P0290,Garden Item 0290,Garden,1,5.49,5.49,champion
INV100918,2024-10-15,C00037,United Kingdom,P0020,Sports Item 0020,Sports,1,17.23,17.23,champion
INV100918,2024-10-15,C00037,United Kingdom,P0244,Electronics Item 0244,Electronics Accessories,3,18.65,55.95,champion
INV100918,2024-10-15,C00037,United Kingdom,P0239,Apparel Item 0239,Apparel,4,3.39,13.56,champion
INV101121,2024-10-15,C00136,France,P0033,Sports Item 0033,Sports,3,8.82,26.46,loyal
INV101121,2024-10-15,C00136,France,P0110,Sports Item 0110,Sports,4,14.16,56.64,loyal
INV100517,2024-10-16,C00469,United Kingdom,P0156,Beauty Item 0156,Beauty,5,6.52,32.6,loyal
INV100517,2024-10-16,C00469,United Kingdom,P0093,Beauty Item 0093,Beauty,1,9.44,9.44,loyal
INV100517,2024-10-16,C00469,United Kingdom,P0245,Beauty Item 0245,Beauty,1,3.3,3.3,loyal
INV100757,2024-10-16,C00147,France,P0291,Sports Item 0291,Sports,4,23.03,92.12,champion
INV100757,2024-10-16,C00147,France,P0212,Sports Item 0212,Sports,4,27.54,110.16,champion
INV100850,2024-10-16,C00447,United Kingdom,P0280,Beauty Item 0280,Beauty,5,6.37,31.85,champion
INV100850,2024-10-16,C00447,United Kingdom,P0026,Sports Item 0026,Sports,2,9.03,18.06,champion
INV100850,2024-10-16,C00447,United Kingdom,P0018,Beauty Item 0018,Beauty,4,19.88,79.52,champion
INV100850,2024-10-16,C00447,United Kingdom,P0299,Home Item 0299,Home & Kitchen,1,23.81,23.81,champion
INV100850,2024-10-16,C00447,United Kingdom,P0004,Garden Item 0004,Garden,1,18.82,18.82,champion
INV100850,2024-10-16,C00447,United Kingdom,P0017,Toys Item 0017,Toys,1,13.41,13.41,champion
INV100850,2024-10-16,C00447,United Kingdom,P0103,Garden Item 0103,Garden,3,5.64,16.92,champion
INV100850,2024-10-16,C00447,United Kingdom,P0263,Toys Item 0263,Toys,4,10.21,40.84,champion
INV100850,2024-10-16,C00447,United Kingdom,P0189,Garden Item 0189,Garden,1,9.4,9.4,champion
INV100850,2024-10-16,C00447,United Kingdom,P0140,Apparel Item 0140,Apparel,1,15.06,15.06,champion
INV100850,2024-10-16,C00447,United Kingdom,P0286,Toys Item 0286,Toys,2,17.4,34.8,champion
INV100850,2024-10-16,C00447,United Kingdom,P0241,Sports Item 0241,Sports,1,13.49,13.49,champion
INV100065,2024-10-17,C00381,Netherlands,P0247,Home Item 0247,Home & Kitchen,4,15.37,61.48,regular
INV100065,2024-10-17,C00381,Netherlands,P0060,Garden Item 0060,Garden,2,5.43,10.86,regular
INV100184,2024-10-17,C00316,United Kingdom,P0190,Stationery Item 0190,Stationery,4,5.75,23.0,regular
INV100184,2024-10-17,C00316,United Kingdom,P0265,Home Item 0265,Home & Kitchen,4,6.17,24.68,regular
INV100184,2024-10-17,C00316,United Kingdom,P0070,Beauty Item 0070,Beauty,1,12.9,12.9,regular
INV100184,2024-10-17,C00316,United Kingdom,P0079,Sports Item 0079,Sports,1,17.36,17.36,regular
INV100230,2024-10-17,C00194,United Kingdom,P0021,Sports Item 0021,Sports,33,8.3,273.9,loyal
INV100230,2024-10-17,C00194,United Kingdom,P0012,Beauty Item 0012,Beauty,22,7.8,171.6,loyal
INV100230,2024-10-17,C00194,United Kingdom,P0177,Apparel Item 0177,Apparel,35,7.12,249.2,loyal
INV100230,2024-10-17,C00194,United Kingdom,P0291,Sports Item 0291,Sports,18,20.73,373.14,loyal
INV100230,2024-10-17,C00194,United Kingdom,P0000,Home Item 0000,Home & Kitchen,34,4.87,165.58,loyal
INV100230,2024-10-17,C00194,United Kingdom,P0108,Garden Item 0108,Garden,26,11.47,298.22,loyal
INV100230,2024-10-17,C00194,United Kingdom,P0073,Garden Item 0073,Garden,18,7.78,140.04,loyal
INV100230,2024-10-17,C00194,United Kingdom,P0057,Beauty Item 0057,Beauty,38,12.35,469.3,loyal
INV100230,2024-10-17,C00194,United Kingdom,P0046,Toys Item 0046,Toys,27,12.07,325.89,loyal
INV100230,2024-10-17,C00194,United Kingdom,P0218,Electronics Item 0218,Electronics Accessories,31,5.73,177.63,loyal
INV100230,2024-10-17,C00194,United Kingdom,P0230,Apparel Item 0230,Apparel,17,11.73,199.41,loyal
INV100230,2024-10-17,C00194,United Kingdom,P0025,Garden Item 0025,Garden,24,15.08,361.92,loyal
INV100230,2024-10-17,C00194,United Kingdom,P0082,Home Item 0082,Home & Kitchen,30,2.29,68.7,loyal
INV100230,2024-10-17,C00194,United Kingdom,P0233,Apparel Item 0233,Apparel,31,23.25,720.75,loyal
INV100230,2024-10-17,C00194,United Kingdom,P0044,Apparel Item 0044,Apparel,16,12.11,193.76,loyal
INV100230,2024-10-17,C00194,United Kingdom,P0266,Beauty Item 0266,Beauty,30,8.28,248.4,loyal
INV100230,2024-10-17,C00194,United Kingdom,P0294,Toys Item 0294,Toys,38,4.58,174.04,loyal
INV100230,2024-10-17,C00194,United Kingdom,P0116,Stationery Item 0116,Stationery,34,7.44,252.96,loyal
INV100230,2024-10-17,C00194,United Kingdom,P0036,Toys Item 0036,Toys,20,9.68,193.6,loyal
INV100230,2024-10-17,C00194,United Kingdom,P0140,Apparel Item 0140,Apparel,37,13.55,501.35,loyal
INV100230,2024-10-17,C00194,United Kingdom,P0215,Stationery Item 0215,Stationery,32,13.89,444.48,loyal
INV100230,2024-10-17,C00194,United Kingdom,P0128,Stationery Item 0128,Stationery,16,8.43,134.88,loyal
INV100230,2024-10-17,C00194,United Kingdom,P0105,Beauty Item 0105,Beauty,18,9.45,170.1,loyal
INV100230,2024-10-17,C00194,United Kingdom,P0100,Electronics Item 0100,Electronics Accessories,38,4.66,177.08,loyal
INV100230,2024-10-17,C00194,United Kingdom,P0120,Sports Item 0120,Sports,20,11.64,232.8,loyal
INV100230,2024-10-17,C00194,United Kingdom,P0085,Stationery Item 0085,Stationery,17,3.91,66.47,loyal
INV100230,2024-10-17,C00194,United Kingdom,P0246,Electronics Item 0246,Electronics Accessories,26,12.1,314.6,loyal
INV100230,2024-10-17,C00194,United Kingdom,P0080,Toys Item 0080,Toys,28,9.26,259.28,loyal
INV100230,2024-10-17,C00194,United Kingdom,P0072,Home Item 0072,Home & Kitchen,29,22.87,663.23,loyal
INV100230,2024-10-17,C00194,United Kingdom,P0237,Sports Item 0237,Sports,31,4.38,135.78,loyal
INV100230,2024-10-17,C00194,United Kingdom,P0200,Garden Item 0200,Garden,39,8.36,326.04,loyal
INV100230,2024-10-17,C00194,United Kingdom,P0133,Home Item 0133,Home & Kitchen,33,3.24,106.92,loyal
INV100230,2024-10-17,C00194,United Kingdom,P0282,Beauty Item 0282,Beauty,15,9.02,135.3,loyal
INV100587,2024-10-17,C00176,United Kingdom,P0067,Sports Item 0067,Sports,3,14.79,44.37,loyal
INV100587,2024-10-17,C00176,United Kingdom,P0277,Beauty Item 0277,Beauty,4,18.96,75.84,loyal
INV100587,2024-10-17,C00176,United Kingdom,P0258,Toys Item 0258,Toys,2,17.95,35.9,loyal
INV100587,2024-10-17,C00176,United Kingdom,P0207,Apparel Item 0207,Apparel,1,10.85,10.85,loyal
INV100587,2024-10-17,C00176,United Kingdom,P0094,Apparel Item 0094,Apparel,2,14.15,28.3,loyal
INV100627,2024-10-17,C00131,United Kingdom,P0156,Beauty Item 0156,Beauty,5,6.52,32.6,dormant
INV100791,2024-10-17,C00295,Germany,P0271,Garden Item 0271,Garden,5,4.37,21.85,champion
INV100791,2024-10-17,C00295,Germany,P0013,Apparel Item 0013,Apparel,3,6.43,19.29,champion
INV100791,2024-10-17,C00295,Germany,P0239,Apparel Item 0239,Apparel,4,3.39,13.56,champion
INV100791,2024-10-17,C00295,Germany,P0181,Beauty Item 0181,Beauty,3,22.25,66.75,champion
INV101491,2024-10-17,C00198,United Kingdom,P0169,Apparel Item 0169,Apparel,4,6.65,26.6,champion
INV101491,2024-10-17,C00198,United Kingdom,P0042,Apparel Item 0042,Apparel,1,5.8,5.8,champion
INV101491,2024-10-17,C00198,United Kingdom,P0090,Garden Item 0090,Garden,5,12.93,64.65,champion
INV101491,2024-10-17,C00198,United Kingdom,P0083,Apparel Item 0083,Apparel,5,6.29,31.45,champion
INV100018,2024-10-18,C00190,United Kingdom,P0067,Sports Item 0067,Sports,2,14.79,29.58,loyal
INV100328,2024-10-18,C00048,Germany,P0137,Beauty Item 0137,Beauty,2,7.15,14.3,regular
INV100404,2024-10-18,C00158,France,P0043,Electronics Item 0043,Electronics Accessories,3,19.52,58.56,loyal
INV100804,2024-10-18,C00342,United Kingdom,P0280,Beauty Item 0280,Beauty,1,6.37,6.37,champion
INV100804,2024-10-18,C00342,United Kingdom,P0258,Toys Item 0258,Toys,3,17.95,53.85,champion
INV100804,2024-10-18,C00342,United Kingdom,P0089,Apparel Item 0089,Apparel,1,7.02,7.02,champion
INV100804,2024-10-18,C00342,United Kingdom,P0184,Stationery Item 0184,Stationery,3,12.05,36.15,champion
INV100996,2024-10-18,C00001,United Kingdom,P0280,Beauty Item 0280,Beauty,4,6.37,25.48,champion
INV100996,2024-10-18,C00001,United Kingdom,P0293,Toys Item 0293,Toys,4,13.85,55.4,champion
INV100996,2024-10-18,C00001,United Kingdom,P0220,Sports Item 0220,Sports,3,13.16,39.48,champion
INV100996,2024-10-18,C00001,United Kingdom,P0039,Home Item 0039,Home & Kitchen,1,14.93,14.93,champion
INV100996,2024-10-18,C00001,United Kingdom,P0200,Garden Item 0200,Garden,3,9.29,27.87,champion
INV100996,2024-10-18,C00001,United Kingdom,P0017,Toys Item 0017,Toys,5,13.41,67.05,champion
INV100996,2024-10-18,C00001,United Kingdom,P0147,Electronics Item 0147,Electronics Accessories,5,21.42,107.1,champion
INV101037,2024-10-18,C00487,United Kingdom,P0074,Beauty Item 0074,Beauty,4,28.74,114.96,champion
INV101037,2024-10-18,C00487,United Kingdom,P0061,Stationery Item 0061,Stationery,4,8.19,32.76,champion
INV101037,2024-10-18,C00487,United Kingdom,P0100,Electronics Item 0100,Electronics Accessories,1,5.18,5.18,champion
INV101037,2024-10-18,C00487,United Kingdom,P0192,Garden Item 0192,Garden,4,17.1,68.4,champion
INV100235,2024-10-19,C00147,France,P0015,Stationery Item 0015,Stationery,2,6.38,12.76,champion
INV100235,2024-10-19,C00147,France,P0285,Toys Item 0285,Toys,5,5.98,29.9,champion
INV100235,2024-10-19,C00147,France,P0219,Stationery Item 0219,Stationery,5,10.17,50.85,champion
INV100235,2024-10-19,C00147,France,P0199,Sports Item 0199,Sports,2,14.62,29.24,champion
INV100235,2024-10-19,C00147,France,P0227,Garden Item 0227,Garden,3,14.32,42.96,champion
INV100235,2024-10-19,C00147,France,P0184,Stationery Item 0184,Stationery,2,12.05,24.1,champion
INV100235,2024-10-19,C00147,France,P0040,Toys Item 0040,Toys,2,25.32,50.64,champion
INV100235,2024-10-19,C00147,France,P0209,Garden Item 0209,Garden,4,20.19,80.76,champion
INV100235,2024-10-19,C00147,France,P0136,Beauty Item 0136,Beauty,2,11.76,23.52,champion
INV100361,2024-10-19,C00410,United Kingdom,P0221,Sports Item 0221,Sports,2,18.04,36.08,loyal
INV100361,2024-10-19,C00410,United Kingdom,P0230,Apparel Item 0230,Apparel,3,13.03,39.09,loyal
INV100361,2024-10-19,C00410,United Kingdom,P0029,Sports Item 0029,Sports,4,15.87,63.48,loyal
INV100361,2024-10-19,C00410,United Kingdom,P0126,Sports Item 0126,Sports,1,23.67,23.67,loyal
INV100361,2024-10-19,C00410,United Kingdom,P0264,Home Item 0264,Home & Kitchen,4,16.77,67.08,loyal
INV100361,2024-10-19,C00410,United Kingdom,P0017,Toys Item 0017,Toys,5,13.41,67.05,loyal
INV100361,2024-10-19,C00410,United Kingdom,P0228,Toys Item 0228,Toys,5,20.22,101.1,loyal
INV100361,2024-10-19,C00410,United Kingdom,P0115,Home Item 0115,Home & Kitchen,3,20.54,61.62,loyal
INV100361,2024-10-19,C00410,United Kingdom,P0094,Apparel Item 0094,Apparel,2,14.15,28.3,loyal
INV100438,2024-10-19,C00090,United Kingdom,P0040,Toys Item 0040,Toys,4,25.32,101.28,regular
INV100438,2024-10-19,C00090,United Kingdom,P0217,Electronics Item 0217,Electronics Accessories,1,2.06,2.06,regular
INV100438,2024-10-19,C00090,United Kingdom,P0142,Apparel Item 0142,Apparel,4,14.63,58.52,regular
INV100030,2024-10-20,C00098,Netherlands,P0021,Sports Item 0021,Sports,4,9.22,36.88,champion
INV100030,2024-10-20,C00098,Netherlands,P0217,Electronics Item 0217,Electronics Accessories,5,2.06,10.3,champion
INV100030,2024-10-20,C00098,Netherlands,P0012,Beauty Item 0012,Beauty,5,8.67,43.35,champion
INV100030,2024-10-20,C00098,Netherlands,P0184,Stationery Item 0184,Stationery,2,12.05,24.1,champion
INV100181,2024-10-20,C00069,Germany,P0230,Apparel Item 0230,Apparel,4,13.03,52.12,regular
INV100181,2024-10-20,C00069,Germany,P0001,Sports Item 0001,Sports,4,20.7,82.8,regular
INV100181,2024-10-20,C00069,Germany,P0254,Garden Item 0254,Garden,5,47.1,235.5,regular
INV100181,2024-10-20,C00069,Germany,P0217,Electronics Item 0217,Electronics Accessories,3,2.06,6.18,regular
INV100181,2024-10-20,C00069,Germany,P0124,Toys Item 0124,Toys,2,5.36,10.72,regular
INV100202,2024-10-20,C00313,United Kingdom,P0190,Stationery Item 0190,Stationery,5,5.75,28.75,at_risk
INV101478,2024-10-20,C00317,United Kingdom,P0169,Apparel Item 0169,Apparel,1,6.65,6.65,loyal
INV101478,2024-10-20,C00317,United Kingdom,P0128,Stationery Item 0128,Stationery,3,9.37,28.11,loyal
INV101478,2024-10-20,C00317,United Kingdom,P0062,Stationery Item 0062,Stationery,5,32.4,162.0,loyal
INV101478,2024-10-20,C00317,United Kingdom,P0275,Toys Item 0275,Toys,4,7.98,31.92,loyal
INV101478,2024-10-20,C00317,United Kingdom,P0023,Garden Item 0023,Garden,4,6.18,24.72,loyal
INV101478,2024-10-20,C00317,United Kingdom,P0129,Sports Item 0129,Sports,1,7.01,7.01,loyal
INV101478,2024-10-20,C00317,United Kingdom,P0037,Toys Item 0037,Toys,5,10.9,54.5,loyal
INV101478,2024-10-20,C00317,United Kingdom,P0085,Stationery Item 0085,Stationery,1,4.34,4.34,loyal
INV101480,2024-10-20,C00020,United Kingdom,P0055,Toys Item 0055,Toys,4,36.31,145.24,champion
INV101480,2024-10-20,C00020,United Kingdom,P0257,Electronics Item 0257,Electronics Accessories,5,16.69,83.45,champion
INV101480,2024-10-20,C00020,United Kingdom,P0204,Apparel Item 0204,Apparel,1,44.41,44.41,champion
INV101480,2024-10-20,C00020,United Kingdom,P0063,Apparel Item 0063,Apparel,1,21.21,21.21,champion
INV101480,2024-10-20,C00020,United Kingdom,P0125,Toys Item 0125,Toys,4,25.33,101.32,champion
INV101480,2024-10-20,C00020,United Kingdom,P0234,Beauty Item 0234,Beauty,3,14.59,43.77,champion
INV101480,2024-10-20,C00020,United Kingdom,P0025,Garden Item 0025,Garden,5,16.76,83.8,champion
INV101480,2024-10-20,C00020,United Kingdom,P0262,Home Item 0262,Home & Kitchen,3,8.77,26.31,champion
INV101480,2024-10-20,C00020,United Kingdom,P0171,Garden Item 0171,Garden,3,6.31,18.93,champion
INV101480,2024-10-20,C00020,United Kingdom,P0043,Electronics Item 0043,Electronics Accessories,1,19.52,19.52,champion
INV101480,2024-10-20,C00020,United Kingdom,P0019,Electronics Item 0019,Electronics Accessories,5,17.73,88.65,champion
INV101480,2024-10-20,C00020,United Kingdom,P0279,Apparel Item 0279,Apparel,2,9.71,19.42,champion
INV101480,2024-10-20,C00020,United Kingdom,P0183,Beauty Item 0183,Beauty,3,14.45,43.35,champion
INV101480,2024-10-20,C00020,United Kingdom,P0112,Apparel Item 0112,Apparel,4,14.8,59.2,champion
INV100020,2024-10-21,C00336,United Kingdom,P0293,Toys Item 0293,Toys,5,13.85,69.25,loyal
INV100020,2024-10-21,C00336,United Kingdom,P0027,Electronics Item 0027,Electronics Accessories,1,19.73,19.73,loyal
INV101006,2024-10-21,C00226,France,P0103,Garden Item 0103,Garden,1,5.64,5.64,loyal
INV100034,2024-10-22,C00373,United Kingdom,P0266,Beauty Item 0266,Beauty,1,9.2,9.2,regular
INV100216,2024-10-22,C00120,United Kingdom,P0134,Beauty Item 0134,Beauty,1,8.0,8.0,champion
INV100216,2024-10-22,C00120,United Kingdom,P0100,Electronics Item 0100,Electronics Accessories,1,5.18,5.18,champion
INV100421,2024-10-22,C00129,Netherlands,P0033,Sports Item 0033,Sports,1,8.82,8.82,champion
INV100421,2024-10-22,C00129,Netherlands,P0282,Beauty Item 0282,Beauty,3,10.02,30.06,champion
INV100421,2024-10-22,C00129,Netherlands,P0073,Garden Item 0073,Garden,1,8.64,8.64,champion
INV100421,2024-10-22,C00129,Netherlands,P0222,Beauty Item 0222,Beauty,2,16.46,32.92,champion
INV101200,2024-10-22,C00024,United Kingdom,P0236,Toys Item 0236,Toys,2,18.12,36.24,loyal
INV101200,2024-10-22,C00024,United Kingdom,P0135,Beauty Item 0135,Beauty,3,17.3,51.9,loyal
INV101263,2024-10-22,C00328,United Kingdom,P0080,Toys Item 0080,Toys,1,10.29,10.29,loyal
INV101263,2024-10-22,C00328,United Kingdom,P0284,Apparel Item 0284,Apparel,3,22.03,66.09,loyal
INV101263,2024-10-22,C00328,United Kingdom,P0197,Beauty Item 0197,Beauty,2,6.6,13.2,loyal
INV101263,2024-10-22,C00328,United Kingdom,P0010,Sports Item 0010,Sports,1,16.22,16.22,loyal
INV101263,2024-10-22,C00328,United Kingdom,P0242,Stationery Item 0242,Stationery,2,7.66,15.32,loyal
INV101451,2024-10-22,C00348,Germany,P0067,Sports Item 0067,Sports,3,14.79,44.37,champion
INV101451,2024-10-22,C00348,Germany,P0094,Apparel Item 0094,Apparel,2,14.15,28.3,champion
INV100164,2024-10-23,C00259,Germany,P0170,Apparel Item 0170,Apparel,2,26.08,52.16,regular
INV100164,2024-10-23,C00259,Germany,P0041,Electronics Item 0041,Electronics Accessories,5,18.37,91.85,regular
INV100164,2024-10-23,C00259,Germany,P0145,Electronics Item 0145,Electronics Accessories,2,13.74,27.48,regular
INV100691,2024-10-23,C00487,United Kingdom,P0276,Apparel Item 0276,Apparel,1,8.49,8.49,champion
INV100691,2024-10-23,C00487,United Kingdom,P0089,Apparel Item 0089,Apparel,5,7.02,35.1,champion
INV100691,2024-10-23,C00487,United Kingdom,P0062,Stationery Item 0062,Stationery,2,32.4,64.8,champion
INV100691,2024-10-23,C00487,United Kingdom,P0220,Sports Item 0220,Sports,4,13.16,52.64,champion
INV100691,2024-10-23,C00487,United Kingdom,P0168,Sports Item 0168,Sports,2,25.71,51.42,champion
INV100691,2024-10-23,C00487,United Kingdom,P0189,Garden Item 0189,Garden,4,9.4,37.6,champion
INV100691,2024-10-23,C00487,United Kingdom,P0172,Sports Item 0172,Sports,5,6.08,30.4,champion
INV100968,2024-10-23,C00441,United Kingdom,P0260,Garden Item 0260,Garden,2,17.06,34.12,loyal
INV100968,2024-10-23,C00441,United Kingdom,P0174,Apparel Item 0174,Apparel,4,14.86,59.44,loyal
INV100968,2024-10-23,C00441,United Kingdom,P0028,Beauty Item 0028,Beauty,4,5.04,20.16,loyal
INV100968,2024-10-23,C00441,United Kingdom,P0220,Sports Item 0220,Sports,1,13.16,13.16,loyal
INV100968,2024-10-23,C00441,United Kingdom,P0000,Home Item 0000,Home & Kitchen,3,5.41,16.23,loyal
INV100968,2024-10-23,C00441,United Kingdom,P0149,Toys Item 0149,Toys,4,6.39,25.56,loyal
INV100968,2024-10-23,C00441,United Kingdom,P0218,Electronics Item 0218,Electronics Accessories,5,6.37,31.85,loyal
INV101233,2024-10-23,C00179,Spain,P0242,Stationery Item 0242,Stationery,5,7.66,38.3,loyal
INV101233,2024-10-23,C00179,Spain,P0047,Apparel Item 0047,Apparel,4,29.75,119.0,loyal
INV101233,2024-10-23,C00179,Spain,P0193,Apparel Item 0193,Apparel,2,22.21,44.42,loyal
INV101233,2024-10-23,C00179,Spain,P0106,Garden Item 0106,Garden,1,9.58,9.58,loyal
INV100236,2024-10-24,C00466,Ireland,P0044,Apparel Item 0044,Apparel,3,13.46,40.38,loyal
INV100236,2024-10-24,C00466,Ireland,P0220,Sports Item 0220,Sports,5,13.16,65.8,loyal
INV100613,2024-10-24,C00434,United Kingdom,P0155,Apparel Item 0155,Apparel,5,3.52,17.6,regular
INV100613,2024-10-24,C00434,United Kingdom,P0230,Apparel Item 0230,Apparel,5,13.03,65.15,regular
INV101221,2024-10-24,C00326,United Kingdom,P0079,Sports Item 0079,Sports,3,17.36,52.08,loyal
INV100377,2024-10-25,C00294,United Kingdom,P0249,Apparel Item 0249,Apparel,4,7.46,29.84,regular
INV100377,2024-10-25,C00294,United Kingdom,P0208,Sports Item 0208,Sports,3,17.62,52.86,regular
INV100377,2024-10-25,C00294,United Kingdom,P0269,Electronics Item 0269,Electronics Accessories,2,3.48,6.96,regular
INV100377,2024-10-25,C00294,United Kingdom,P0038,Beauty Item 0038,Beauty,1,4.36,4.36,regular
INV101352,2024-10-25,C00153,United Kingdom,P0049,Home Item 0049,Home & Kitchen,3,26.16,78.48,loyal
INV100308,2024-10-26,C00338,Ireland,P0264,Home Item 0264,Home & Kitchen,2,16.77,33.54,regular
INV100308,2024-10-26,C00338,Ireland,P0017,Toys Item 0017,Toys,4,13.41,53.64,regular
INV100308,2024-10-26,C00338,Ireland,P0266,Beauty Item 0266,Beauty,2,9.2,18.4,regular
INV100308,2024-10-26,C00338,Ireland,P0228,Toys Item 0228,Toys,3,20.22,60.66,regular
INV100308,2024-10-26,C00338,Ireland,P0057,Beauty Item 0057,Beauty,1,13.72,13.72,regular
INV100449,2024-10-26,C00120,United Kingdom,P0160,Garden Item 0160,Garden,2,13.38,26.76,champion
INV100449,2024-10-26,C00120,United Kingdom,P0272,Stationery Item 0272,Stationery,5,43.64,218.2,champion
INV100449,2024-10-26,C00120,United Kingdom,P0229,Stationery Item 0229,Stationery,5,10.31,51.55,champion
INV100449,2024-10-26,C00120,United Kingdom,P0214,Beauty Item 0214,Beauty,5,5.84,29.2,champion
INV100679,2024-10-26,C00126,United Kingdom,P0173,Apparel Item 0173,Apparel,4,19.11,76.44,regular
INV100679,2024-10-26,C00126,United Kingdom,P0065,Stationery Item 0065,Stationery,3,38.71,116.13,regular
INV100741,2024-10-26,C00215,Spain,P0197,Beauty Item 0197,Beauty,1,6.6,6.6,loyal
INV100741,2024-10-26,C00215,Spain,P0192,Garden Item 0192,Garden,1,17.1,17.1,loyal
INV100760,2024-10-26,C00047,Germany,P0225,Beauty Item 0225,Beauty,2,4.63,9.26,champion
INV100760,2024-10-26,C00047,Germany,P0175,Garden Item 0175,Garden,1,15.65,15.65,champion
INV100760,2024-10-26,C00047,Germany,P0285,Toys Item 0285,Toys,5,5.98,29.9,champion
INV100760,2024-10-26,C00047,Germany,P0094,Apparel Item 0094,Apparel,4,14.15,56.6,champion
INV100889,2024-10-26,C00098,Netherlands,P0231,Toys Item 0231,Toys,3,10.98,32.94,champion
INV100889,2024-10-26,C00098,Netherlands,P0216,Stationery Item 0216,Stationery,3,7.88,23.64,champion
INV100889,2024-10-26,C00098,Netherlands,P0237,Sports Item 0237,Sports,4,4.87,19.48,champion
INV100889,2024-10-26,C00098,Netherlands,P0145,Electronics Item 0145,Electronics Accessories,3,13.74,41.22,champion
INV100889,2024-10-26,C00098,Netherlands,P0040,Toys Item 0040,Toys,3,25.32,75.96,champion
INV100889,2024-10-26,C00098,Netherlands,P0041,Electronics Item 0041,Electronics Accessories,5,18.37,91.85,champion
INV100912,2024-10-26,C00087,France,P0290,Garden Item 0290,Garden,3,5.49,16.47,regular
INV100912,2024-10-26,C00087,France,P0055,Toys Item 0055,Toys,2,36.31,72.62,regular
INV100912,2024-10-26,C00087,France,P0282,Beauty Item 0282,Beauty,3,10.02,30.06,regular
INV100193,2024-10-27,C00133,Netherlands,P0156,Beauty Item 0156,Beauty,3,6.52,19.56,regular
INV100193,2024-10-27,C00133,Netherlands,P0157,Toys Item 0157,Toys,4,16.13,64.52,regular
INV100193,2024-10-27,C00133,Netherlands,P0073,Garden Item 0073,Garden,3,8.64,25.92,regular
INV100577,2024-10-27,C00120,United Kingdom,P0000,Home Item 0000,Home & Kitchen,4,5.41,21.64,champion
INV100577,2024-10-27,C00120,United Kingdom,P0087,Home Item 0087,Home & Kitchen,4,9.17,36.68,champion
INV100577,2024-10-27,C00120,United Kingdom,P0151,Toys Item 0151,Toys,4,19.71,78.84,champion
INV100577,2024-10-27,C00120,United Kingdom,P0108,Garden Item 0108,Garden,5,12.75,63.75,champion
INV100577,2024-10-27,C00120,United Kingdom,P0070,Beauty Item 0070,Beauty,2,12.9,25.8,champion
INV100577,2024-10-27,C00120,United Kingdom,P0136,Beauty Item 0136,Beauty,1,11.76,11.76,champion
INV100577,2024-10-27,C00120,United Kingdom,P0221,Sports Item 0221,Sports,5,18.04,90.2,champion
INV100577,2024-10-27,C00120,United Kingdom,P0226,Sports Item 0226,Sports,1,6.07,6.07,champion
INV100577,2024-10-27,C00120,United Kingdom,P0208,Sports Item 0208,Sports,4,17.62,70.48,champion
INV100577,2024-10-27,C00120,United Kingdom,P0166,Electronics Item 0166,Electronics Accessories,2,7.11,14.22,champion
INV100577,2024-10-27,C00120,United Kingdom,P0039,Home Item 0039,Home & Kitchen,5,14.93,74.65,champion
INV100577,2024-10-27,C00120,United Kingdom,P0188,Beauty Item 0188,Beauty,5,5.1,25.5,champion
INV100577,2024-10-27,C00120,United Kingdom,P0054,Toys Item 0054,Toys,3,14.13,42.39,champion
INV100577,2024-10-27,C00120,United Kingdom,P0244,Electronics Item 0244,Electronics Accessories,3,18.65,55.95,champion
INV100577,2024-10-27,C00120,United Kingdom,P0113,Garden Item 0113,Garden,3,5.12,15.36,champion
INV100577,2024-10-27,C00120,United Kingdom,P0187,Garden Item 0187,Garden,3,6.33,18.99,champion
INV100577,2024-10-27,C00120,United Kingdom,P0029,Sports Item 0029,Sports,5,15.87,79.35,champion
INV100577,2024-10-27,C00120,United Kingdom,P0227,Garden Item 0227,Garden,2,14.32,28.64,champion
INV100577,2024-10-27,C00120,United Kingdom,P0183,Beauty Item 0183,Beauty,5,14.45,72.25,champion
INV100808,2024-10-27,C00108,United Kingdom,P0260,Garden Item 0260,Garden,4,17.06,68.24,regular
INV100808,2024-10-27,C00108,United Kingdom,P0076,Home Item 0076,Home & Kitchen,3,31.68,95.04,regular
INV100808,2024-10-27,C00108,United Kingdom,P0292,Beauty Item 0292,Beauty,3,5.92,17.76,regular
INV100808,2024-10-27,C00108,United Kingdom,P0275,Toys Item 0275,Toys,1,7.98,7.98,regular
INV100808,2024-10-27,C00108,United Kingdom,P0235,Sports Item 0235,Sports,2,4.95,9.9,regular
INV100808,2024-10-27,C00108,United Kingdom,P0233,Apparel Item 0233,Apparel,1,25.83,25.83,regular
INV100808,2024-10-27,C00108,United Kingdom,P0079,Sports Item 0079,Sports,3,17.36,52.08,regular
INV100854,2024-10-27,C00075,United Kingdom,P0238,Beauty Item 0238,Beauty,4,13.56,54.24,loyal
INV100854,2024-10-27,C00075,United Kingdom,P0277,Beauty Item 0277,Beauty,2,18.96,37.92,loyal
INV100854,2024-10-27,C00075,United Kingdom,P0058,Garden Item 0058,Garden,3,7.47,22.41,loyal
INV100854,2024-10-27,C00075,United Kingdom,P0023,Garden Item 0023,Garden,5,6.18,30.9,loyal
INV100854,2024-10-27,C00075,United Kingdom,P0181,Beauty Item 0181,Beauty,4,22.25,89.0,loyal
INV100884,2024-10-27,C00147,France,P0147,Electronics Item 0147,Electronics Accessories,5,21.42,107.1,champion
INV100884,2024-10-27,C00147,France,P0081,Garden Item 0081,Garden,3,26.84,80.52,champion
INV101030,2024-10-27,C00128,United Kingdom,P0204,Apparel Item 0204,Apparel,3,44.41,133.23,loyal
INV101030,2024-10-27,C00128,United Kingdom,P0063,Apparel Item 0063,Apparel,4,21.21,84.84,loyal
INV101030,2024-10-27,C00128,United Kingdom,P0107,Home Item 0107,Home & Kitchen,5,7.79,38.95,loyal
INV101030,2024-10-27,C00128,United Kingdom,P0089,Apparel Item 0089,Apparel,3,7.02,21.06,loyal
INV101030,2024-10-27,C00128,United Kingdom,P0090,Garden Item 0090,Garden,1,12.93,12.93,loyal
INV101141,2024-10-27,C00199,United Kingdom,P0256,Home Item 0256,Home & Kitchen,2,10.1,20.2,champion
INV101141,2024-10-27,C00199,United Kingdom,P0079,Sports Item 0079,Sports,2,17.36,34.72,champion
INV101499,2024-10-27,C00433,United Kingdom,P0229,Stationery Item 0229,Stationery,4,10.31,41.24,regular
INV101499,2024-10-27,C00433,United Kingdom,P0231,Toys Item 0231,Toys,5,10.98,54.9,regular
INV101499,2024-10-27,C00433,United Kingdom,P0044,Apparel Item 0044,Apparel,3,13.46,40.38,regular
INV101499,2024-10-27,C00433,United Kingdom,P0266,Beauty Item 0266,Beauty,5,9.2,46.0,regular
INV101499,2024-10-27,C00433,United Kingdom,P0272,Stationery Item 0272,Stationery,2,43.64,87.28,regular
INV100672,2024-10-28,C00188,Germany,P0243,Toys Item 0243,Toys,5,7.38,36.9,regular
INV100672,2024-10-28,C00188,Germany,P0176,Toys Item 0176,Toys,5,20.55,102.75,regular
INV100672,2024-10-28,C00188,Germany,P0192,Garden Item 0192,Garden,5,17.1,85.5,regular
INV100672,2024-10-28,C00188,Germany,P0183,Beauty Item 0183,Beauty,1,14.45,14.45,regular
INV100672,2024-10-28,C00188,Germany,P0282,Beauty Item 0282,Beauty,4,10.02,40.08,regular
INV101335,2024-10-28,C00197,Netherlands,P0298,Stationery Item 0298,Stationery,2,2.24,4.48,loyal
INV101335,2024-10-28,C00197,Netherlands,P0233,Apparel Item 0233,Apparel,5,25.83,129.15,loyal
INV101335,2024-10-28,C00197,Netherlands,P0187,Garden Item 0187,Garden,2,6.33,12.66,loyal
INV101335,2024-10-28,C00197,Netherlands,P0077,Home Item 0077,Home & Kitchen,4,8.82,35.28,loyal
INV101442,2024-10-28,C00144,Germany,P0210,Beauty Item 0210,Beauty,4,6.08,24.32,loyal
INV101442,2024-10-28,C00144,Germany,P0153,Home Item 0153,Home & Kitchen,3,2.62,7.86,loyal
INV101466,2024-10-28,C00129,Netherlands,P0260,Garden Item 0260,Garden,1,17.06,17.06,champion
INV101466,2024-10-28,C00129,Netherlands,P0104,Beauty Item 0104,Beauty,3,15.26,45.78,champion
INV101466,2024-10-28,C00129,Netherlands,P0152,Toys Item 0152,Toys,3,42.54,127.62,champion
INV101466,2024-10-28,C00129,Netherlands,P0132,Apparel Item 0132,Apparel,2,33.27,66.54,champion
INV100101,2024-10-29,C00067,United Kingdom,P0206,Stationery Item 0206,Stationery,5,9.37,46.85,champion
INV100101,2024-10-29,C00067,United Kingdom,P0022,Garden Item 0022,Garden,3,9.52,28.56,champion
INV100101,2024-10-29,C00067,United Kingdom,P0142,Apparel Item 0142,Apparel,3,14.63,43.89,champion
INV100101,2024-10-29,C00067,United Kingdom,P0194,Garden Item 0194,Garden,3,48.13,144.39,champion
INV100363,2024-10-29,C00001,United Kingdom,P0018,Beauty Item 0018,Beauty,5,19.88,99.4,champion
INV100363,2024-10-29,C00001,United Kingdom,P0292,Beauty Item 0292,Beauty,1,5.92,5.92,champion
INV100363,2024-10-29,C00001,United Kingdom,P0092,Home Item 0092,Home & Kitchen,3,34.22,102.66,champion
INV100363,2024-10-29,C00001,United Kingdom,P0138,Stationery Item 0138,Stationery,2,23.38,46.76,champion
INV100363,2024-10-29,C00001,United Kingdom,P0095,Sports Item 0095,Sports,2,6.85,13.7,champion
INV100363,2024-10-29,C00001,United Kingdom,P0101,Stationery Item 0101,Stationery,4,55.1,220.4,champion
INV100363,2024-10-29,C00001,United Kingdom,P0114,Home Item 0114,Home & Kitchen,2,15.7,31.4,champion
INV100363,2024-10-29,C00001,United Kingdom,P0034,Apparel Item 0034,Apparel,4,8.29,33.16,champion
INV100463,2024-10-29,C00489,United Kingdom,P0211,Garden Item 0211,Garden,2,10.09,20.18,loyal
INV100463,2024-10-29,C00489,United Kingdom,P0077,Home Item 0077,Home & Kitchen,2,8.82,17.64,loyal
INV100463,2024-10-29,C00489,United Kingdom,P0188,Beauty Item 0188,Beauty,2,5.1,10.2,loyal
INV100463,2024-10-29,C00489,United Kingdom,P0146,Garden Item 0146,Garden,2,10.36,20.72,loyal
INV100463,2024-10-29,C00489,United Kingdom,P0118,Apparel Item 0118,Apparel,4,9.67,38.68,loyal
INV100915,2024-10-29,C00451,Germany,P0292,Beauty Item 0292,Beauty,5,5.92,29.6,loyal
INV100915,2024-10-29,C00451,Germany,P0251,Sports Item 0251,Sports,5,7.43,37.15,loyal
INV100915,2024-10-29,C00451,Germany,P0101,Stationery Item 0101,Stationery,1,55.1,55.1,loyal
INV100915,2024-10-29,C00451,Germany,P0132,Apparel Item 0132,Apparel,3,33.27,99.81,loyal
INV101009,2024-10-29,C00408,Ireland,P0201,Electronics Item 0201,Electronics Accessories,1,2.96,2.96,champion
INV101009,2024-10-29,C00408,Ireland,P0128,Stationery Item 0128,Stationery,5,9.37,46.85,champion
INV101009,2024-10-29,C00408,Ireland,P0287,Toys Item 0287,Toys,5,17.98,89.9,champion
INV101009,2024-10-29,C00408,Ireland,P0208,Sports Item 0208,Sports,3,17.62,52.86,champion
INV101009,2024-10-29,C00408,Ireland,P0066,Toys Item 0066,Toys,1,6.01,6.01,champion
INV101009,2024-10-29,C00408,Ireland,P0047,Apparel Item 0047,Apparel,3,29.75,89.25,champion
INV101009,2024-10-29,C00408,Ireland,P0146,Garden Item 0146,Garden,2,10.36,20.72,champion
INV101274,2024-10-29,C00055,United Kingdom,P0091,Garden Item 0091,Garden,3,12.22,36.66,at_risk
INV101274,2024-10-29,C00055,United Kingdom,P0248,Apparel Item 0248,Apparel,4,18.11,72.44,at_risk
INV101274,2024-10-29,C00055,United Kingdom,P0082,Home Item 0082,Home & Kitchen,2,2.54,5.08,at_risk
INV101274,2024-10-29,C00055,United Kingdom,P0244,Electronics Item 0244,Electronics Accessories,1,18.65,18.65,at_risk
INV100347,2024-10-30,C00167,United Kingdom,P0265,Home Item 0265,Home & Kitchen,2,6.17,12.34,loyal
INV100347,2024-10-30,C00167,United Kingdom,P0092,Home Item 0092,Home & Kitchen,4,34.22,136.88,loyal
INV100347,2024-10-30,C00167,United Kingdom,P0159,Home Item 0159,Home & Kitchen,3,7.2,21.6,loyal
INV100347,2024-10-30,C00167,United Kingdom,P0247,Home Item 0247,Home & Kitchen,3,15.37,46.11,loyal
INV100347,2024-10-30,C00167,United Kingdom,P0114,Home Item 0114,Home & Kitchen,4,15.7,62.8,loyal
INV100367,2024-10-30,C00342,United Kingdom,P0007,Stationery Item 0007,Stationery,2,19.96,39.92,champion
INV100367,2024-10-30,C00342,United Kingdom,P0111,Sports Item 0111,Sports,5,52.97,264.85,champion
INV100573,2024-10-30,C00170,United Kingdom,P0271,Garden Item 0271,Garden,2,4.37,8.74,regular
INV100573,2024-10-30,C00170,United Kingdom,P0023,Garden Item 0023,Garden,1,6.18,6.18,regular
INV100573,2024-10-30,C00170,United Kingdom,P0181,Beauty Item 0181,Beauty,4,22.25,89.0,regular
INV100800,2024-10-30,C00337,United Kingdom,P0015,Stationery Item 0015,Stationery,4,6.38,25.52,loyal
INV100800,2024-10-30,C00337,United Kingdom,P0208,Sports Item 0208,Sports,5,17.62,88.1,loyal
INV100800,2024-10-30,C00337,United Kingdom,P0198,Garden Item 0198,Garden,1,17.59,17.59,loyal
INV100800,2024-10-30,C00337,United Kingdom,P0186,Sports Item 0186,Sports,5,11.3,56.5,loyal
INV100800,2024-10-30,C00337,United Kingdom,P0069,Electronics Item 0069,Electronics Accessories,3,8.37,25.11,loyal
INV100800,2024-10-30,C00337,United Kingdom,P0112,Apparel Item 0112,Apparel,4,14.8,59.2,loyal
INV100800,2024-10-30,C00337,United Kingdom,P0242,Stationery Item 0242,Stationery,5,7.66,38.3,loyal
INV100981,2024-10-30,C00468,United Kingdom,P0162,Sports Item 0162,Sports,2,19.3,38.6,loyal
INV100981,2024-10-30,C00468,United Kingdom,P0298,Stationery Item 0298,Stationery,5,2.24,11.2,loyal
INV100981,2024-10-30,C00468,United Kingdom,P0205,Home Item 0205,Home & Kitchen,1,7.76,7.76,loyal
INV100981,2024-10-30,C00468,United Kingdom,P0016,Beauty Item 0016,Beauty,3,16.32,48.96,loyal
INV100981,2024-10-30,C00468,United Kingdom,P0057,Beauty Item 0057,Beauty,2,13.72,27.44,loyal
INV100983,2024-10-30,C00189,United Kingdom,P0256,Home Item 0256,Home & Kitchen,2,10.1,20.2,loyal
INV100983,2024-10-30,C00189,United Kingdom,P0000,Home Item 0000,Home & Kitchen,4,5.41,21.64,loyal
INV101163,2024-10-30,C00201,Germany,P0165,Home Item 0165,Home & Kitchen,2,4.44,8.88,loyal
INV101163,2024-10-30,C00201,Germany,P0171,Garden Item 0171,Garden,5,6.31,31.55,loyal
INV101163,2024-10-30,C00201,Germany,P0183,Beauty Item 0183,Beauty,4,14.45,57.8,loyal
INV101163,2024-10-30,C00201,Germany,P0283,Toys Item 0283,Toys,1,9.72,9.72,loyal
INV101163,2024-10-30,C00201,Germany,P0256,Home Item 0256,Home & Kitchen,5,10.1,50.5,loyal
INV101163,2024-10-30,C00201,Germany,P0040,Toys Item 0040,Toys,2,25.32,50.64,loyal
INV101163,2024-10-30,C00201,Germany,P0218,Electronics Item 0218,Electronics Accessories,2,6.37,12.74,loyal
INV100005,2024-10-31,C00073,United Kingdom,P0138,Stationery Item 0138,Stationery,2,23.38,46.76,loyal
INV100005,2024-10-31,C00073,United Kingdom,P0219,Stationery Item 0219,Stationery,3,10.17,30.51,loyal
INV100005,2024-10-31,C00073,United Kingdom,P0013,Apparel Item 0013,Apparel,3,6.43,19.29,loyal
INV100005,2024-10-31,C00073,United Kingdom,P0298,Stationery Item 0298,Stationery,4,2.24,8.96,loyal
INV100005,2024-10-31,C00073,United Kingdom,P0066,Toys Item 0066,Toys,2,6.01,12.02,loyal
INV100005,2024-10-31,C00073,United Kingdom,P0162,Sports Item 0162,Sports,4,19.3,77.2,loyal
INV100015,2024-10-31,C00127,United Kingdom,P0288,Stationery Item 0288,Stationery,3,9.96,29.88,regular
INV100015,2024-10-31,C00127,United Kingdom,P0090,Garden Item 0090,Garden,2,12.93,25.86,regular
INV100015,2024-10-31,C00127,United Kingdom,P0210,Beauty Item 0210,Beauty,4,6.08,24.32,regular
INV100015,2024-10-31,C00127,United Kingdom,P0059,Garden Item 0059,Garden,4,22.24,88.96,regular
INV100201,2024-10-31,C00156,United Kingdom,P0299,Home Item 0299,Home & Kitchen,31,21.43,664.33,regular
INV100201,2024-10-31,C00156,United Kingdom,P0170,Apparel Item 0170,Apparel,30,23.47,704.1,regular
INV100201,2024-10-31,C00156,United Kingdom,P0093,Beauty Item 0093,Beauty,28,8.5,238.0,regular
INV100201,2024-10-31,C00156,United Kingdom,P0264,Home Item 0264,Home & Kitchen,16,15.09,241.44,regular
INV100201,2024-10-31,C00156,United Kingdom,P0179,Toys Item 0179,Toys,20,12.84,256.8,regular
INV100201,2024-10-31,C00156,United Kingdom,P0145,Electronics Item 0145,Electronics Accessories,39,12.37,482.43,regular
INV100201,2024-10-31,C00156,United Kingdom,P0197,Beauty Item 0197,Beauty,33,5.94,196.02,regular
INV100201,2024-10-31,C00156,United Kingdom,P0078,Apparel Item 0078,Apparel,33,24.13,796.29,regular
INV100201,2024-10-31,C00156,United Kingdom,P0221,Sports Item 0221,Sports,19,16.24,308.56,regular
INV100201,2024-10-31,C00156,United Kingdom,P0208,Sports Item 0208,Sports,16,15.86,253.76,regular
INV100201,2024-10-31,C00156,United Kingdom,P0044,Apparel Item 0044,Apparel,22,12.11,266.42,regular
INV100201,2024-10-31,C00156,United Kingdom,P0058,Garden Item 0058,Garden,36,6.72,241.92,regular
INV100201,2024-10-31,C00156,United Kingdom,P0251,Sports Item 0251,Sports,27,6.69,180.63,regular
INV100201,2024-10-31,C00156,United Kingdom,P0056,Toys Item 0056,Toys,34,5.07,172.38,regular
INV100201,2024-10-31,C00156,United Kingdom,P0054,Toys Item 0054,Toys,27,12.72,343.44,regular
INV100201,2024-10-31,C00156,United Kingdom,P0178,Garden Item 0178,Garden,27,13.67,369.09,regular
INV100201,2024-10-31,C00156,United Kingdom,P0157,Toys Item 0157,Toys,30,14.52,435.6,regular
INV100201,2024-10-31,C00156,United Kingdom,P0105,Beauty Item 0105,Beauty,38,9.45,359.1,regular
INV100201,2024-10-31,C00156,United Kingdom,P0100,Electronics Item 0100,Electronics Accessories,25,4.66,116.5,regular
INV100201,2024-10-31,C00156,United Kingdom,P0085,Stationery Item 0085,Stationery,29,3.91,113.39,regular
INV100201,2024-10-31,C00156,United Kingdom,P0086,Toys Item 0086,Toys,37,14.2,525.4,regular
INV100201,2024-10-31,C00156,United Kingdom,P0068,Beauty Item 0068,Beauty,24,6.52,156.48,regular
INV100201,2024-10-31,C00156,United Kingdom,P0002,Garden Item 0002,Garden,35,11.27,394.45,regular
INV100201,2024-10-31,C00156,United Kingdom,P0187,Garden Item 0187,Garden,28,5.7,159.6,regular
INV100201,2024-10-31,C00156,United Kingdom,P0029,Sports Item 0029,Sports,36,14.28,514.08,regular
INV100201,2024-10-31,C00156,United Kingdom,P0132,Apparel Item 0132,Apparel,26,29.94,778.44,regular
INV100201,2024-10-31,C00156,United Kingdom,P0072,Home Item 0072,Home & Kitchen,30,22.87,686.1,regular
INV100201,2024-10-31,C00156,United Kingdom,P0156,Beauty Item 0156,Beauty,23,5.87,135.01,regular
INV100516,2024-10-31,C00372,Germany,P0095,Sports Item 0095,Sports,1,6.85,6.85,loyal
INV100516,2024-10-31,C00372,Germany,P0163,Sports Item 0163,Sports,1,16.1,16.1,loyal
INV100516,2024-10-31,C00372,Germany,P0142,Apparel Item 0142,Apparel,1,14.63,14.63,loyal
INV100516,2024-10-31,C00372,Germany,P0136,Beauty Item 0136,Beauty,1,11.76,11.76,loyal
INV100953,2024-10-31,C00143,Germany,P0098,Beauty Item 0098,Beauty,1,10.79,10.79,champion
INV100953,2024-10-31,C00143,Germany,P0087,Home Item 0087,Home & Kitchen,1,9.17,9.17,champion
INV100953,2024-10-31,C00143,Germany,P0107,Home Item 0107,Home & Kitchen,4,7.79,31.16,champion
INV100953,2024-10-31,C00143,Germany,P0272,Stationery Item 0272,Stationery,2,43.64,87.28,champion
INV101059,2024-10-31,C00409,France,P0020,Sports Item 0020,Sports,4,17.23,68.92,champion
INV101059,2024-10-31,C00409,France,P0055,Toys Item 0055,Toys,5,36.31,181.55,champion
INV101059,2024-10-31,C00409,France,P0201,Electronics Item 0201,Electronics Accessories,2,2.96,5.92,champion
INV101059,2024-10-31,C00409,France,P0052,Beauty Item 0052,Beauty,1,4.18,4.18,champion
INV101059,2024-10-31,C00409,France,P0035,Toys Item 0035,Toys,1,15.71,15.71,champion
INV101059,2024-10-31,C00409,France,P0204,Apparel Item 0204,Apparel,2,44.41,88.82,champion
INV101059,2024-10-31,C00409,France,P0107,Home Item 0107,Home & Kitchen,2,7.79,15.58,champion
INV101059,2024-10-31,C00409,France,P0099,Toys Item 0099,Toys,3,3.9,11.7,champion
INV101059,2024-10-31,C00409,France,P0179,Toys Item 0179,Toys,1,14.27,14.27,champion
INV101059,2024-10-31,C00409,France,P0207,Apparel Item 0207,Apparel,3,10.85,32.55,champion
INV101059,2024-10-31,C00409,France,P0249,Apparel Item 0249,Apparel,4,7.46,29.84,champion
INV101059,2024-10-31,C00409,France,P0116,Stationery Item 0116,Stationery,1,8.27,8.27,champion
INV101059,2024-10-31,C00409,France,P0086,Toys Item 0086,Toys,2,15.78,31.56,champion
INV101059,2024-10-31,C00409,France,P0172,Sports Item 0172,Sports,3,6.08,18.24,champion
INV101059,2024-10-31,C00409,France,P0225,Beauty Item 0225,Beauty,1,4.63,4.63,champion
INV101457,2024-10-31,C00004,United Kingdom,P0018,Beauty Item 0018,Beauty,4,19.88,79.52,loyal
INV101457,2024-10-31,C00004,United Kingdom,P0092,Home Item 0092,Home & Kitchen,3,34.22,102.66,loyal
INV101457,2024-10-31,C00004,United Kingdom,P0166,Electronics Item 0166,Electronics Accessories,4,7.11,28.44,loyal
INV101457,2024-10-31,C00004,United Kingdom,P0106,Garden Item 0106,Garden,4,9.58,38.32,loyal
INV101457,2024-10-31,C00004,United Kingdom,P0077,Home Item 0077,Home & Kitchen,1,8.82,8.82,loyal
INV101457,2024-10-31,C00004,United Kingdom,P0001,Sports Item 0001,Sports,3,20.7,62.1,loyal
INV101457,2024-10-31,C00004,United Kingdom,P0075,Home Item 0075,Home & Kitchen,4,4.7,18.8,loyal
INV101457,2024-10-31,C00004,United Kingdom,P0193,Apparel Item 0193,Apparel,4,22.21,88.84,loyal
INV101457,2024-10-31,C00004,United Kingdom,P0024,Sports Item 0024,Sports,2,9.12,18.24,loyal
INV101457,2024-10-31,C00004,United Kingdom,P0224,Toys Item 0224,Toys,1,6.73,6.73,loyal
INV101457,2024-10-31,C00004,United Kingdom,P0282,Beauty Item 0282,Beauty,2,10.02,20.04,loyal
INV100422,2024-11-01,C00484,Netherlands,P0221,Sports Item 0221,Sports,5,18.04,90.2,at_risk
INV100422,2024-11-01,C00484,Netherlands,P0092,Home Item 0092,Home & Kitchen,2,34.22,68.44,at_risk
INV100422,2024-11-01,C00484,Netherlands,P0201,Electronics Item 0201,Electronics Accessories,3,2.96,8.88,at_risk
INV100422,2024-11-01,C00484,Netherlands,P0261,Stationery Item 0261,Stationery,2,4.53,9.06,at_risk
INV100422,2024-11-01,C00484,Netherlands,P0103,Garden Item 0103,Garden,5,5.64,28.2,at_risk
INV100753,2024-11-01,C00028,Germany,P0082,Home Item 0082,Home & Kitchen,4,2.54,10.16,loyal
INV100753,2024-11-01,C00028,Germany,P0190,Stationery Item 0190,Stationery,2,5.75,11.5,loyal
INV100753,2024-11-01,C00028,Germany,P0020,Sports Item 0020,Sports,3,17.23,51.69,loyal
INV100753,2024-11-01,C00028,Germany,P0238,Beauty Item 0238,Beauty,1,13.56,13.56,loyal
INV100815,2024-11-01,C00164,Germany,P0297,Stationery Item 0297,Stationery,2,18.82,37.64,loyal
INV100815,2024-11-01,C00164,Germany,P0193,Apparel Item 0193,Apparel,1,22.21,22.21,loyal
INV101243,2024-11-01,C00241,Spain,P0089,Apparel Item 0089,Apparel,4,7.02,28.08,loyal
INV101243,2024-11-01,C00241,Spain,P0142,Apparel Item 0142,Apparel,4,14.63,58.52,loyal
INV100531,2024-11-02,C00047,Germany,P0002,Garden Item 0002,Garden,2,12.52,25.04,champion
INV100531,2024-11-02,C00047,Germany,P0122,Stationery Item 0122,Stationery,1,31.73,31.73,champion
INV100531,2024-11-02,C00047,Germany,P0289,Home Item 0289,Home & Kitchen,1,3.62,3.62,champion
INV100531,2024-11-02,C00047,Germany,P0105,Beauty Item 0105,Beauty,4,10.5,42.0,champion
INV100531,2024-11-02,C00047,Germany,P0075,Home Item 0075,Home & Kitchen,3,4.7,14.1,champion
INV100531,2024-11-02,C00047,Germany,P0259,Apparel Item 0259,Apparel,5,12.89,64.45,champion
INV100531,2024-11-02,C00047,Germany,P0266,Beauty Item 0266,Beauty,2,9.2,18.4,champion
INV100531,2024-11-02,C00047,Germany,P0146,Garden Item 0146,Garden,4,10.36,41.44,champion
INV100531,2024-11-02,C00047,Germany,P0059,Garden Item 0059,Garden,4,22.24,88.96,champion
INV100531,2024-11-02,C00047,Germany,P0224,Toys Item 0224,Toys,4,6.73,26.92,champion
INV100531,2024-11-02,C00047,Germany,P0016,Beauty Item 0016,Beauty,5,16.32,81.6,champion
INV100531,2024-11-02,C00047,Germany,P0124,Toys Item 0124,Toys,4,5.36,21.44,champion
INV100653,2024-11-02,C00159,United Kingdom,P0248,Apparel Item 0248,Apparel,5,18.11,90.55,regular
INV100653,2024-11-02,C00159,United Kingdom,P0005,Electronics Item 0005,Electronics Accessories,3,23.02,69.06,regular
INV100653,2024-11-02,C00159,United Kingdom,P0012,Beauty Item 0012,Beauty,3,8.67,26.01,regular
INV100681,2024-11-02,C00278,United Kingdom,P0120,Sports Item 0120,Sports,4,12.93,51.72,loyal
INV100756,2024-11-02,C00320,United Kingdom,P0102,Toys Item 0102,Toys,5,14.39,71.95,loyal
INV100756,2024-11-02,C00320,United Kingdom,P0201,Electronics Item 0201,Electronics Accessories,2,2.96,5.92,loyal
INV100817,2024-11-02,C00327,Spain,P0292,Beauty Item 0292,Beauty,4,5.92,23.68,champion
INV100817,2024-11-02,C00327,Spain,P0211,Garden Item 0211,Garden,1,10.09,10.09,champion
INV100817,2024-11-02,C00327,Spain,P0229,Stationery Item 0229,Stationery,4,10.31,41.24,champion
INV100817,2024-11-02,C00327,Spain,P0054,Toys Item 0054,Toys,1,14.13,14.13,champion
INV100817,2024-11-02,C00327,Spain,P0208,Sports Item 0208,Sports,5,17.62,88.1,champion
INV100817,2024-11-02,C00327,Spain,P0071,Beauty Item 0071,Beauty,2,12.79,25.58,champion
INV100817,2024-11-02,C00327,Spain,P0199,Sports Item 0199,Sports,3,14.62,43.86,champion
INV100817,2024-11-02,C00327,Spain,P0088,Garden Item 0088,Garden,2,25.85,51.7,champion
INV100817,2024-11-02,C00327,Spain,P0253,Toys Item 0253,Toys,3,5.41,16.23,champion
INV100817,2024-11-02,C00327,Spain,P0295,Home Item 0295,Home & Kitchen,3,11.96,35.88,champion
INV100817,2024-11-02,C00327,Spain,P0036,Toys Item 0036,Toys,4,10.76,43.04,champion
INV100817,2024-11-02,C00327,Spain,P0222,Beauty Item 0222,Beauty,4,16.46,65.84,champion
INV100817,2024-11-02,C00327,Spain,P0059,Garden Item 0059,Garden,5,22.24,111.2,champion
INV100820,2024-11-02,C00383,United Kingdom,P0260,Garden Item 0260,Garden,1,17.06,17.06,champion
INV100820,2024-11-02,C00383,United Kingdom,P0276,Apparel Item 0276,Apparel,3,8.49,25.47,champion
INV100820,2024-11-02,C00383,United Kingdom,P0042,Apparel Item 0042,Apparel,2,5.8,11.6,champion
INV100820,2024-11-02,C00383,United Kingdom,P0056,Toys Item 0056,Toys,2,5.63,11.26,champion
INV100820,2024-11-02,C00383,United Kingdom,P0080,Toys Item 0080,Toys,4,10.29,41.16,champion
INV100820,2024-11-02,C00383,United Kingdom,P0177,Apparel Item 0177,Apparel,2,7.91,15.82,champion
INV100820,2024-11-02,C00383,United Kingdom,P0263,Toys Item 0263,Toys,5,10.21,51.05,champion
INV100820,2024-11-02,C00383,United Kingdom,P0192,Garden Item 0192,Garden,5,17.1,85.5,champion
INV100820,2024-11-02,C00383,United Kingdom,P0253,Toys Item 0253,Toys,4,5.41,21.64,champion
INV100820,2024-11-02,C00383,United Kingdom,P0258,Toys Item 0258,Toys,1,17.95,17.95,champion
INV100820,2024-11-02,C00383,United Kingdom,P0195,Apparel Item 0195,Apparel,5,27.22,136.1,champion
INV100820,2024-11-02,C00383,United Kingdom,P0100,Electronics Item 0100,Electronics Accessories,3,5.18,15.54,champion
INV100820,2024-11-02,C00383,United Kingdom,P0108,Garden Item 0108,Garden,4,12.75,51.0,champion
INV100820,2024-11-02,C00383,United Kingdom,P0122,Stationery Item 0122,Stationery,1,31.73,31.73,champion
INV100820,2024-11-02,C00383,United Kingdom,P0078,Apparel Item 0078,Apparel,4,26.81,107.24,champion
INV100940,2024-11-02,C00202,Germany,P0155,Apparel Item 0155,Apparel,3,3.52,10.56,regular
INV100940,2024-11-02,C00202,Germany,P0194,Garden Item 0194,Garden,2,48.13,96.26,regular
INV100940,2024-11-02,C00202,Germany,P0220,Sports Item 0220,Sports,5,13.16,65.8,regular
INV100940,2024-11-02,C00202,Germany,P0137,Beauty Item 0137,Beauty,1,7.15,7.15,regular
INV101119,2024-11-02,C00166,Netherlands,P0208,Sports Item 0208,Sports,2,17.62,35.24,champion
INV101119,2024-11-02,C00166,Netherlands,P0099,Toys Item 0099,Toys,5,3.9,19.5,champion
INV101119,2024-11-02,C00166,Netherlands,P0013,Apparel Item 0013,Apparel,4,6.43,25.72,champion
INV101119,2024-11-02,C00166,Netherlands,P0000,Home Item 0000,Home & Kitchen,4,5.41,21.64,champion
INV101119,2024-11-02,C00166,Netherlands,P0277,Beauty Item 0277,Beauty,2,18.96,37.92,champion
INV101119,2024-11-02,C00166,Netherlands,P0014,Sports Item 0014,Sports,5,10.64,53.2,champion
INV101119,2024-11-02,C00166,Netherlands,P0176,Toys Item 0176,Toys,2,20.55,41.1,champion
INV101119,2024-11-02,C00166,Netherlands,P0141,Sports Item 0141,Sports,2,16.81,33.62,champion
INV101119,2024-11-02,C00166,Netherlands,P0147,Electronics Item 0147,Electronics Accessories,4,21.42,85.68,champion
INV101119,2024-11-02,C00166,Netherlands,P0086,Toys Item 0086,Toys,4,15.78,63.12,champion
INV101119,2024-11-02,C00166,Netherlands,P0022,Garden Item 0022,Garden,2,9.52,19.04,champion
INV101119,2024-11-02,C00166,Netherlands,P0289,Home Item 0289,Home & Kitchen,2,3.62,7.24,champion
INV101305,2024-11-02,C00095,United Kingdom,P0165,Home Item 0165,Home & Kitchen,5,4.44,22.2,champion
INV101305,2024-11-02,C00095,United Kingdom,P0060,Garden Item 0060,Garden,2,5.43,10.86,champion
INV101305,2024-11-02,C00095,United Kingdom,P0190,Stationery Item 0190,Stationery,4,5.75,23.0,champion
INV101305,2024-11-02,C00095,United Kingdom,P0152,Toys Item 0152,Toys,1,42.54,42.54,champion
INV101305,2024-11-02,C00095,United Kingdom,P0216,Stationery Item 0216,Stationery,3,7.88,23.64,champion
INV101305,2024-11-02,C00095,United Kingdom,P0199,Sports Item 0199,Sports,4,14.62,58.48,champion
INV101305,2024-11-02,C00095,United Kingdom,P0272,Stationery Item 0272,Stationery,3,43.64,130.92,champion
INV101305,2024-11-02,C00095,United Kingdom,P0279,Apparel Item 0279,Apparel,3,9.71,29.13,champion
INV101305,2024-11-02,C00095,United Kingdom,P0164,Home Item 0164,Home & Kitchen,1,19.4,19.4,champion
INV100207,2024-11-03,C00295,Germany,P0006,Toys Item 0006,Toys,5,14.64,73.2,champion
INV100207,2024-11-03,C00295,Germany,P0101,Stationery Item 0101,Stationery,2,55.1,110.2,champion
INV100207,2024-11-03,C00295,Germany,P0222,Beauty Item 0222,Beauty,3,16.46,49.38,champion
INV100207,2024-11-03,C00295,Germany,P0005,Electronics Item 0005,Electronics Accessories,5,23.02,115.1,champion
INV100207,2024-11-03,C00295,Germany,P0245,Beauty Item 0245,Beauty,2,3.3,6.6,champion
INV100207,2024-11-03,C00295,Germany,P0108,Garden Item 0108,Garden,4,12.75,51.0,champion
INV100207,2024-11-03,C00295,Germany,P0133,Home Item 0133,Home & Kitchen,1,3.6,3.6,champion
INV100207,2024-11-03,C00295,Germany,P0297,Stationery Item 0297,Stationery,5,18.82,94.1,champion
INV100207,2024-11-03,C00295,Germany,P0034,Apparel Item 0034,Apparel,4,8.29,33.16,champion
INV100456,2024-11-03,C00153,United Kingdom,P0292,Beauty Item 0292,Beauty,3,5.92,17.76,loyal
INV100456,2024-11-03,C00153,United Kingdom,P0221,Sports Item 0221,Sports,3,18.04,54.12,loyal
INV100456,2024-11-03,C00153,United Kingdom,P0201,Electronics Item 0201,Electronics Accessories,5,2.96,14.8,loyal
INV100456,2024-11-03,C00153,United Kingdom,P0109,Apparel Item 0109,Apparel,1,11.92,11.92,loyal
INV100456,2024-11-03,C00153,United Kingdom,P0003,Beauty Item 0003,Beauty,1,11.37,11.37,loyal
INV100747,2024-11-03,C00333,Netherlands,P0260,Garden Item 0260,Garden,3,17.06,51.18,champion
INV100747,2024-11-03,C00333,Netherlands,P0117,Beauty Item 0117,Beauty,5,11.91,59.55,champion
INV100747,2024-11-03,C00333,Netherlands,P0159,Home Item 0159,Home & Kitchen,5,7.2,36.0,champion
INV100747,2024-11-03,C00333,Netherlands,P0077,Home Item 0077,Home & Kitchen,3,8.82,26.46,champion
INV100747,2024-11-03,C00333,Netherlands,P0180,Stationery Item 0180,Stationery,2,9.07,18.14,champion
INV100747,2024-11-03,C00333,Netherlands,P0237,Sports Item 0237,Sports,4,4.87,19.48,champion
INV100747,2024-11-03,C00333,Netherlands,P0043,Electronics Item 0043,Electronics Accessories,4,19.52,78.08,champion
INV100747,2024-11-03,C00333,Netherlands,P0047,Apparel Item 0047,Apparel,3,29.75,89.25,champion
INV100747,2024-11-03,C00333,Netherlands,P0272,Stationery Item 0272,Stationery,2,43.64,87.28,champion
INV100747,2024-11-03,C00333,Netherlands,P0255,Electronics Item 0255,Electronics Accessories,2,2.75,5.5,champion
INV100747,2024-11-03,C00333,Netherlands,P0070,Beauty Item 0070,Beauty,3,12.9,38.7,champion
INV100747,2024-11-03,C00333,Netherlands,P0038,Beauty Item 0038,Beauty,3,4.36,13.08,champion
INV101035,2024-11-03,C00220,Ireland,P0125,Toys Item 0125,Toys,2,25.33,50.66,loyal
INV101035,2024-11-03,C00220,Ireland,P0112,Apparel Item 0112,Apparel,2,14.8,29.6,loyal
INV101124,2024-11-03,C00254,Germany,P0210,Beauty Item 0210,Beauty,5,6.08,30.4,loyal
INV100364,2024-11-04,C00396,Spain,P0125,Toys Item 0125,Toys,5,25.33,126.65,champion
INV100364,2024-11-04,C00396,Spain,P0109,Apparel Item 0109,Apparel,2,11.92,23.84,champion
INV100364,2024-11-04,C00396,Spain,P0227,Garden Item 0227,Garden,3,14.32,42.96,champion
INV100364,2024-11-04,C00396,Spain,P0139,Stationery Item 0139,Stationery,1,2.18,2.18,champion
INV100364,2024-11-04,C00396,Spain,P0191,Stationery Item 0191,Stationery,3,8.67,26.01,champion
INV100364,2024-11-04,C00396,Spain,P0189,Garden Item 0189,Garden,2,9.4,18.8,champion
INV100364,2024-11-04,C00396,Spain,P0235,Sports Item 0235,Sports,2,4.95,9.9,champion
INV100364,2024-11-04,C00396,Spain,P0079,Sports Item 0079,Sports,3,17.36,52.08,champion
INV101155,2024-11-04,C00098,Netherlands,P0002,Garden Item 0002,Garden,3,12.52,37.56,champion
INV101155,2024-11-04,C00098,Netherlands,P0193,Apparel Item 0193,Apparel,3,22.21,66.63,champion
INV101155,2024-11-04,C00098,Netherlands,P0015,Stationery Item 0015,Stationery,3,6.38,19.14,champion
INV101155,2024-11-04,C00098,Netherlands,P0115,Home Item 0115,Home & Kitchen,1,20.54,20.54,champion
INV101373,2024-11-04,C00199,United Kingdom,P0149,Toys Item 0149,Toys,4,6.39,25.56,champion
INV101472,2024-11-04,C00054,Germany,P0079,Sports Item 0079,Sports,2,17.36,34.72,loyal
INV101472,2024-11-04,C00054,Germany,P0228,Toys Item 0228,Toys,3,20.22,60.66,loyal
INV100425,2024-11-05,C00228,Netherlands,P0107,Home Item 0107,Home & Kitchen,4,7.79,31.16,regular
INV100425,2024-11-05,C00228,Netherlands,P0089,Apparel Item 0089,Apparel,4,7.02,28.08,regular
INV100425,2024-11-05,C00228,Netherlands,P0059,Garden Item 0059,Garden,3,22.24,66.72,regular
INV101251,2024-11-05,C00199,United Kingdom,P0204,Apparel Item 0204,Apparel,5,44.41,222.05,champion
INV101251,2024-11-05,C00199,United Kingdom,P0065,Stationery Item 0065,Stationery,5,38.71,193.55,champion
INV101251,2024-11-05,C00199,United Kingdom,P0284,Apparel Item 0284,Apparel,3,22.03,66.09,champion
INV101251,2024-11-05,C00199,United Kingdom,P0298,Stationery Item 0298,Stationery,1,2.24,2.24,champion
INV101251,2024-11-05,C00199,United Kingdom,P0075,Home Item 0075,Home & Kitchen,3,4.7,14.1,champion
INV101251,2024-11-05,C00199,United Kingdom,P0251,Sports Item 0251,Sports,5,7.43,37.15,champion
INV101251,2024-11-05,C00199,United Kingdom,P0083,Apparel Item 0083,Apparel,5,6.29,31.45,champion
INV100604,2024-11-06,C00167,United Kingdom,P0035,Toys Item 0035,Toys,5,15.71,78.55,loyal
INV100604,2024-11-06,C00167,United Kingdom,P0044,Apparel Item 0044,Apparel,2,13.46,26.92,loyal
INV100604,2024-11-06,C00167,United Kingdom,P0168,Sports Item 0168,Sports,3,25.71,77.13,loyal
INV100604,2024-11-06,C00167,United Kingdom,P0010,Sports Item 0010,Sports,4,16.22,64.88,loyal
INV100604,2024-11-06,C00167,United Kingdom,P0073,Garden Item 0073,Garden,2,8.64,17.28,loyal
INV100699,2024-11-06,C00166,Netherlands,P0287,Toys Item 0287,Toys,5,17.98,89.9,champion
INV100699,2024-11-06,C00166,Netherlands,P0262,Home Item 0262,Home & Kitchen,1,8.77,8.77,champion
INV100699,2024-11-06,C00166,Netherlands,P0000,Home Item 0000,Home & Kitchen,1,5.41,5.41,champion
INV100699,2024-11-06,C00166,Netherlands,P0058,Garden Item 0058,Garden,3,7.47,22.41,champion
INV101003,2024-11-06,C00091,Germany,P0167,Sports Item 0167,Sports,2,9.45,18.9,champion
INV101003,2024-11-06,C00091,Germany,P0048,Apparel Item 0048,Apparel,5,12.95,64.75,champion
INV100039,2024-11-07,C00050,Ireland,P0225,Beauty Item 0225,Beauty,4,4.63,18.52,regular
INV100130,2024-11-07,C00347,United Kingdom,P0251,Sports Item 0251,Sports,1,7.43,7.43,regular
INV100130,2024-11-07,C00347,United Kingdom,P0049,Home Item 0049,Home & Kitchen,3,26.16,78.48,regular
INV100130,2024-11-07,C00347,United Kingdom,P0060,Garden Item 0060,Garden,5,5.43,27.15,regular
INV100088,2024-11-08,C00470,Netherlands,P0008,Stationery Item 0008,Stationery,2,7.1,14.2,champion
INV100088,2024-11-08,C00470,Netherlands,P0169,Apparel Item 0169,Apparel,2,6.65,13.3,champion
INV100088,2024-11-08,C00470,Netherlands,P0085,Stationery Item 0085,Stationery,3,4.34,13.02,champion
INV100088,2024-11-08,C00470,Netherlands,P0086,Toys Item 0086,Toys,3,15.78,47.34,champion
INV100088,2024-11-08,C00470,Netherlands,P0057,Beauty Item 0057,Beauty,1,13.72,13.72,champion
INV100088,2024-11-08,C00470,Netherlands,P0073,Garden Item 0073,Garden,3,8.64,25.92,champion
INV100088,2024-11-08,C00470,Netherlands,P0181,Beauty Item 0181,Beauty,1,22.25,22.25,champion
INV100960,2024-11-08,C00286,Spain,P0138,Stationery Item 0138,Stationery,5,23.38,116.9,regular
INV100960,2024-11-08,C00286,Spain,P0053,Garden Item 0053,Garden,4,9.88,39.52,regular
INV100542,2024-11-09,C00273,United Kingdom,P0163,Sports Item 0163,Sports,4,16.1,64.4,loyal
INV100542,2024-11-09,C00273,United Kingdom,P0237,Sports Item 0237,Sports,4,4.87,19.48,loyal
INV100542,2024-11-09,C00273,United Kingdom,P0005,Electronics Item 0005,Electronics Accessories,3,23.02,69.06,loyal
INV100542,2024-11-09,C00273,United Kingdom,P0033,Sports Item 0033,Sports,2,8.82,17.64,loyal
INV100542,2024-11-09,C00273,United Kingdom,P0016,Beauty Item 0016,Beauty,2,16.32,32.64,loyal
INV101100,2024-11-09,C00020,United Kingdom,P0087,Home Item 0087,Home & Kitchen,3,9.17,27.51,champion
INV101100,2024-11-09,C00020,United Kingdom,P0040,Toys Item 0040,Toys,5,25.32,126.6,champion
INV101100,2024-11-09,C00020,United Kingdom,P0119,Stationery Item 0119,Stationery,3,27.78,83.34,champion
INV101100,2024-11-09,C00020,United Kingdom,P0054,Toys Item 0054,Toys,5,14.13,70.65,champion
INV101113,2024-11-09,C00113,France,P0276,Apparel Item 0276,Apparel,4,8.49,33.96,loyal
INV101113,2024-11-09,C00113,France,P0257,Electronics Item 0257,Electronics Accessories,2,16.69,33.38,loyal
INV101113,2024-11-09,C00113,France,P0025,Garden Item 0025,Garden,5,16.76,83.8,loyal
INV101113,2024-11-09,C00113,France,P0099,Toys Item 0099,Toys,1,3.9,3.9,loyal
INV101113,2024-11-09,C00113,France,P0101,Stationery Item 0101,Stationery,4,55.1,220.4,loyal
INV101113,2024-11-09,C00113,France,P0193,Apparel Item 0193,Apparel,1,22.21,22.21,loyal
INV101113,2024-11-09,C00113,France,P0245,Beauty Item 0245,Beauty,4,3.3,13.2,loyal
INV101320,2024-11-09,C00478,United Kingdom,P0236,Toys Item 0236,Toys,4,18.12,72.48,champion
INV101320,2024-11-09,C00478,United Kingdom,P0055,Toys Item 0055,Toys,1,36.31,36.31,champion
INV100265,2024-11-10,C00056,United Kingdom,P0060,Garden Item 0060,Garden,5,5.43,27.15,loyal
INV100265,2024-11-10,C00056,United Kingdom,P0110,Sports Item 0110,Sports,3,14.16,42.48,loyal
INV100265,2024-11-10,C00056,United Kingdom,P0051,Stationery Item 0051,Stationery,5,7.32,36.6,loyal
INV100265,2024-11-10,C00056,United Kingdom,P0126,Sports Item 0126,Sports,1,23.67,23.67,loyal
INV100265,2024-11-10,C00056,United Kingdom,P0014,Sports Item 0014,Sports,2,10.64,21.28,loyal
INV100265,2024-11-10,C00056,United Kingdom,P0272,Stationery Item 0272,Stationery,4,43.64,174.56,loyal
INV100265,2024-11-10,C00056,United Kingdom,P0212,Sports Item 0212,Sports,2,27.54,55.08,loyal
INV100265,2024-11-10,C00056,United Kingdom,P0167,Sports Item 0167,Sports,5,9.45,47.25,loyal
INV100265,2024-11-10,C00056,United Kingdom,P0034,Apparel Item 0034,Apparel,3,8.29,24.87,loyal
INV100312,2024-11-10,C00164,Germany,P0110,Sports Item 0110,Sports,4,14.16,56.64,loyal
INV101057,2024-11-10,C00402,Netherlands,P0102,Toys Item 0102,Toys,5,14.39,71.95,at_risk
INV101057,2024-11-10,C00402,Netherlands,P0014,Sports Item 0014,Sports,3,10.64,31.92,at_risk
INV101057,2024-11-10,C00402,Netherlands,P0002,Garden Item 0002,Garden,2,12.52,25.04,at_risk
INV100057,2024-11-11,C00271,Germany,P0204,Apparel Item 0204,Apparel,5,44.41,222.05,champion
INV100057,2024-11-11,C00271,Germany,P0166,Electronics Item 0166,Electronics Accessories,1,7.11,7.11,champion
INV100057,2024-11-11,C00271,Germany,P0192,Garden Item 0192,Garden,1,17.1,17.1,champion
INV100057,2024-11-11,C00271,Germany,P0240,Garden Item 0240,Garden,5,7.99,39.95,champion
INV100057,2024-11-11,C00271,Germany,P0227,Garden Item 0227,Garden,5,14.32,71.6,champion
INV100155,2024-11-11,C00033,Germany,P0008,Stationery Item 0008,Stationery,5,7.1,35.5,regular
INV100155,2024-11-11,C00033,Germany,P0236,Toys Item 0236,Toys,1,18.12,18.12,regular
INV100155,2024-11-11,C00033,Germany,P0227,Garden Item 0227,Garden,2,14.32,28.64,regular
INV100155,2024-11-11,C00033,Germany,P0146,Garden Item 0146,Garden,5,10.36,51.8,regular
INV100155,2024-11-11,C00033,Germany,P0164,Home Item 0164,Home & Kitchen,1,19.4,19.4,regular
INV100155,2024-11-11,C00033,Germany,P0241,Sports Item 0241,Sports,3,13.49,40.47,regular
INV100560,2024-11-11,C00090,United Kingdom,P0008,Stationery Item 0008,Stationery,5,7.1,35.5,regular
INV100560,2024-11-11,C00090,United Kingdom,P0201,Electronics Item 0201,Electronics Accessories,5,2.96,14.8,regular
INV100560,2024-11-11,C00090,United Kingdom,P0148,Apparel Item 0148,Apparel,5,27.92,139.6,regular
INV100560,2024-11-11,C00090,United Kingdom,P0127,Toys Item 0127,Toys,4,32.0,128.0,regular
INV100560,2024-11-11,C00090,United Kingdom,P0149,Toys Item 0149,Toys,3,6.39,19.17,regular
INV100881,2024-11-11,C00047,Germany,P0090,Garden Item 0090,Garden,1,12.93,12.93,champion
INV100989,2024-11-11,C00320,United Kingdom,P0005,Electronics Item 0005,Electronics Accessories,2,23.02,46.04,loyal
INV100989,2024-11-11,C00320,United Kingdom,P0284,Apparel Item 0284,Apparel,2,22.03,44.06,loyal
INV100989,2024-11-11,C00320,United Kingdom,P0031,Apparel Item 0031,Apparel,5,17.17,85.85,loyal
INV100989,2024-11-11,C00320,United Kingdom,P0228,Toys Item 0228,Toys,5,20.22,101.1,loyal
INV101192,2024-11-11,C00479,Spain,P0298,Stationery Item 0298,Stationery,3,2.24,6.72,champion
INV101192,2024-11-11,C00479,Spain,P0195,Apparel Item 0195,Apparel,4,27.22,108.88,champion
INV101192,2024-11-11,C00479,Spain,P0187,Garden Item 0187,Garden,5,6.33,31.65,champion
INV101192,2024-11-11,C00479,Spain,P0145,Electronics Item 0145,Electronics Accessories,5,13.74,68.7,champion
INV101279,2024-11-11,C00375,Spain,P0288,Stationery Item 0288,Stationery,1,9.96,9.96,regular
INV101279,2024-11-11,C00375,Spain,P0070,Beauty Item 0070,Beauty,1,12.9,12.9,regular
INV101366,2024-11-11,C00144,Germany,P0095,Sports Item 0095,Sports,2,6.85,13.7,loyal
INV101446,2024-11-11,C00387,United Kingdom,P0056,Toys Item 0056,Toys,5,5.63,28.15,champion
INV101446,2024-11-11,C00387,United Kingdom,P0031,Apparel Item 0031,Apparel,1,17.17,17.17,champion
INV101446,2024-11-11,C00387,United Kingdom,P0177,Apparel Item 0177,Apparel,3,7.91,23.73,champion
INV101446,2024-11-11,C00387,United Kingdom,P0106,Garden Item 0106,Garden,3,9.58,28.74,champion
INV101446,2024-11-11,C00387,United Kingdom,P0093,Beauty Item 0093,Beauty,3,9.44,28.32,champion
INV101446,2024-11-11,C00387,United Kingdom,P0051,Stationery Item 0051,Stationery,2,7.32,14.64,champion
INV101446,2024-11-11,C00387,United Kingdom,P0238,Beauty Item 0238,Beauty,2,13.56,27.12,champion
INV101446,2024-11-11,C00387,United Kingdom,P0107,Home Item 0107,Home & Kitchen,2,7.79,15.58,champion
INV101446,2024-11-11,C00387,United Kingdom,P0000,Home Item 0000,Home & Kitchen,5,5.41,27.05,champion
INV101446,2024-11-11,C00387,United Kingdom,P0264,Home Item 0264,Home & Kitchen,5,16.77,83.85,champion
INV101446,2024-11-11,C00387,United Kingdom,P0087,Home Item 0087,Home & Kitchen,1,9.17,9.17,champion
INV101446,2024-11-11,C00387,United Kingdom,P0258,Toys Item 0258,Toys,4,17.95,71.8,champion
INV101446,2024-11-11,C00387,United Kingdom,P0024,Sports Item 0024,Sports,3,9.12,27.36,champion
INV101446,2024-11-11,C00387,United Kingdom,P0294,Toys Item 0294,Toys,2,5.09,10.18,champion
INV101446,2024-11-11,C00387,United Kingdom,P0112,Apparel Item 0112,Apparel,1,14.8,14.8,champion
INV101446,2024-11-11,C00387,United Kingdom,P0217,Electronics Item 0217,Electronics Accessories,4,2.06,8.24,champion
INV101446,2024-11-11,C00387,United Kingdom,P0209,Garden Item 0209,Garden,2,20.19,40.38,champion
INV101481,2024-11-11,C00396,Spain,P0229,Stationery Item 0229,Stationery,3,10.31,30.93,champion
INV101481,2024-11-11,C00396,Spain,P0062,Stationery Item 0062,Stationery,5,32.4,162.0,champion
INV101481,2024-11-11,C00396,Spain,P0254,Garden Item 0254,Garden,5,47.1,235.5,champion
INV101481,2024-11-11,C00396,Spain,P0235,Sports Item 0235,Sports,3,4.95,14.85,champion
INV101481,2024-11-11,C00396,Spain,P0079,Sports Item 0079,Sports,4,17.36,69.44,champion
INV100025,2024-11-12,C00463,Spain,P0269,Electronics Item 0269,Electronics Accessories,2,3.48,6.96,loyal
INV100025,2024-11-12,C00463,Spain,P0164,Home Item 0164,Home & Kitchen,4,19.4,77.6,loyal
INV100064,2024-11-12,C00281,United Kingdom,P0008,Stationery Item 0008,Stationery,5,7.1,35.5,loyal
INV100064,2024-11-12,C00281,United Kingdom,P0263,Toys Item 0263,Toys,5,10.21,51.05,loyal
INV100932,2024-11-12,C00199,United Kingdom,P0185,Home Item 0185,Home & Kitchen,5,22.37,111.85,champion
INV100932,2024-11-12,C00199,United Kingdom,P0083,Apparel Item 0083,Apparel,3,6.29,18.87,champion
INV100932,2024-11-12,C00199,United Kingdom,P0227,Garden Item 0227,Garden,1,14.32,14.32,champion
INV100932,2024-11-12,C00199,United Kingdom,P0092,Home Item 0092,Home & Kitchen,4,34.22,136.88,champion
INV100474,2024-11-13,C00333,Netherlands,P0229,Stationery Item 0229,Stationery,3,10.31,30.93,champion
INV100474,2024-11-13,C00333,Netherlands,P0226,Sports Item 0226,Sports,5,6.07,30.35,champion
INV100474,2024-11-13,C00333,Netherlands,P0287,Toys Item 0287,Toys,1,17.98,17.98,champion
INV100474,2024-11-13,C00333,Netherlands,P0011,Stationery Item 0011,Stationery,1,15.05,15.05,champion
INV100474,2024-11-13,C00333,Netherlands,P0275,Toys Item 0275,Toys,1,7.98,7.98,champion
INV100474,2024-11-13,C00333,Netherlands,P0119,Stationery Item 0119,Stationery,2,27.78,55.56,champion
INV100474,2024-11-13,C00333,Netherlands,P0240,Garden Item 0240,Garden,1,7.99,7.99,champion
INV100474,2024-11-13,C00333,Netherlands,P0266,Beauty Item 0266,Beauty,1,9.2,9.2,champion
INV100474,2024-11-13,C00333,Netherlands,P0061,Stationery Item 0061,Stationery,5,8.19,40.95,champion
INV100474,2024-11-13,C00333,Netherlands,P0227,Garden Item 0227,Garden,3,14.32,42.96,champion
INV100660,2024-11-13,C00326,United Kingdom,P0145,Electronics Item 0145,Electronics Accessories,4,13.74,54.96,loyal
INV100739,2024-11-13,C00083,Germany,P0202,Toys Item 0202,Toys,4,3.81,15.24,regular
INV100739,2024-11-13,C00083,Germany,P0002,Garden Item 0002,Garden,4,12.52,50.08,regular
INV101110,2024-11-13,C00411,United Kingdom,P0021,Sports Item 0021,Sports,3,9.22,27.66,loyal
INV101110,2024-11-13,C00411,United Kingdom,P0030,Toys Item 0030,Toys,5,8.54,42.7,loyal
INV101110,2024-11-13,C00411,United Kingdom,P0291,Sports Item 0291,Sports,1,23.03,23.03,loyal
INV101110,2024-11-13,C00411,United Kingdom,P0245,Beauty Item 0245,Beauty,4,3.3,13.2,loyal
INV101110,2024-11-13,C00411,United Kingdom,P0083,Apparel Item 0083,Apparel,1,6.29,6.29,loyal
INV101110,2024-11-13,C00411,United Kingdom,P0136,Beauty Item 0136,Beauty,2,11.76,23.52,loyal
INV101110,2024-11-13,C00411,United Kingdom,P0241,Sports Item 0241,Sports,3,13.49,40.47,loyal
INV101430,2024-11-13,C00323,United Kingdom,P0205,Home Item 0205,Home & Kitchen,2,7.76,15.52,loyal
INV100223,2024-11-14,C00326,United Kingdom,P0162,Sports Item 0162,Sports,1,19.3,19.3,loyal
INV100223,2024-11-14,C00326,United Kingdom,P0118,Apparel Item 0118,Apparel,3,9.67,29.01,loyal
INV100223,2024-11-14,C00326,United Kingdom,P0003,Beauty Item 0003,Beauty,4,11.37,45.48,loyal
INV100223,2024-11-14,C00326,United Kingdom,P0039,Home Item 0039,Home & Kitchen,2,14.93,29.86,loyal
INV100336,2024-11-14,C00477,France,P0076,Home Item 0076,Home & Kitchen,2,31.68,63.36,champion
INV100336,2024-11-14,C00477,France,P0056,Toys Item 0056,Toys,2,5.63,11.26,champion
INV100336,2024-11-14,C00477,France,P0134,Beauty Item 0134,Beauty,4,8.0,32.0,champion
INV100336,2024-11-14,C00477,France,P0194,Garden Item 0194,Garden,2,48.13,96.26,champion
INV100336,2024-11-14,C00477,France,P0006,Toys Item 0006,Toys,2,14.64,29.28,champion
INV100336,2024-11-14,C00477,France,P0138,Stationery Item 0138,Stationery,2,23.38,46.76,champion
INV100336,2024-11-14,C00477,France,P0048,Apparel Item 0048,Apparel,1,12.95,12.95,champion
INV100336,2024-11-14,C00477,France,P0219,Stationery Item 0219,Stationery,1,10.17,10.17,champion
INV100336,2024-11-14,C00477,France,P0155,Apparel Item 0155,Apparel,3,3.52,10.56,champion
INV100336,2024-11-14,C00477,France,P0161,Home Item 0161,Home & Kitchen,5,6.97,34.85,champion
INV100336,2024-11-14,C00477,France,P0258,Toys Item 0258,Toys,2,17.95,35.9,champion
INV100336,2024-11-14,C00477,France,P0141,Sports Item 0141,Sports,4,16.81,67.24,champion
INV100336,2024-11-14,C00477,France,P0148,Apparel Item 0148,Apparel,2,27.92,55.84,champion
INV100336,2024-11-14,C00477,France,P0052,Beauty Item 0052,Beauty,2,4.18,8.36,champion
INV100622,2024-11-14,C00198,United Kingdom,P0096,Toys Item 0096,Toys,3,10.29,30.87,champion
INV100622,2024-11-14,C00198,United Kingdom,P0177,Apparel Item 0177,Apparel,5,7.91,39.55,champion
INV100622,2024-11-14,C00198,United Kingdom,P0099,Toys Item 0099,Toys,4,3.9,15.6,champion
INV100622,2024-11-14,C00198,United Kingdom,P0264,Home Item 0264,Home & Kitchen,1,16.77,16.77,champion
INV100622,2024-11-14,C00198,United Kingdom,P0043,Electronics Item 0043,Electronics Accessories,5,19.52,97.6,champion
INV100622,2024-11-14,C00198,United Kingdom,P0266,Beauty Item 0266,Beauty,1,9.2,9.2,champion
INV100622,2024-11-14,C00198,United Kingdom,P0085,Stationery Item 0085,Stationery,2,4.34,8.68,champion
INV101084,2024-11-14,C00291,Ireland,P0251,Sports Item 0251,Sports,2,7.43,14.86,loyal
INV101084,2024-11-14,C00291,Ireland,P0159,Home Item 0159,Home & Kitchen,5,7.2,36.0,loyal
INV101084,2024-11-14,C00291,Ireland,P0173,Apparel Item 0173,Apparel,2,19.11,38.22,loyal
INV101084,2024-11-14,C00291,Ireland,P0181,Beauty Item 0181,Beauty,3,22.25,66.75,loyal
INV100637,2024-11-15,C00294,United Kingdom,P0274,Apparel Item 0274,Apparel,5,17.17,85.85,regular
INV100637,2024-11-15,C00294,United Kingdom,P0180,Stationery Item 0180,Stationery,5,9.07,45.35,regular
INV100962,2024-11-15,C00408,Ireland,P0274,Apparel Item 0274,Apparel,3,17.17,51.51,champion
INV100962,2024-11-15,C00408,Ireland,P0167,Sports Item 0167,Sports,4,9.45,37.8,champion
INV100962,2024-11-15,C00408,Ireland,P0013,Apparel Item 0013,Apparel,1,6.43,6.43,champion
INV100962,2024-11-15,C00408,Ireland,P0065,Stationery Item 0065,Stationery,5,38.71,193.55,champion
INV101036,2024-11-15,C00370,United Kingdom,P0256,Home Item 0256,Home & Kitchen,2,10.1,20.2,at_risk
INV101036,2024-11-15,C00370,United Kingdom,P0007,Stationery Item 0007,Stationery,2,19.96,39.92,at_risk
INV101036,2024-11-15,C00370,United Kingdom,P0295,Home Item 0295,Home & Kitchen,5,11.96,59.8,at_risk
INV101036,2024-11-15,C00370,United Kingdom,P0259,Apparel Item 0259,Apparel,1,12.89,12.89,at_risk
INV100211,2024-11-17,C00207,United Kingdom,P0192,Garden Item 0192,Garden,4,17.1,68.4,dormant
INV100602,2024-11-17,C00217,United Kingdom,P0291,Sports Item 0291,Sports,5,23.03,115.15,regular
INV100602,2024-11-17,C00217,United Kingdom,P0262,Home Item 0262,Home & Kitchen,5,8.77,43.85,regular
INV100602,2024-11-17,C00217,United Kingdom,P0050,Apparel Item 0050,Apparel,3,27.66,82.98,regular
INV100602,2024-11-17,C00217,United Kingdom,P0253,Toys Item 0253,Toys,1,5.41,5.41,regular
INV100602,2024-11-17,C00217,United Kingdom,P0284,Apparel Item 0284,Apparel,3,22.03,66.09,regular
INV100602,2024-11-17,C00217,United Kingdom,P0240,Garden Item 0240,Garden,5,7.99,39.95,regular
INV100602,2024-11-17,C00217,United Kingdom,P0227,Garden Item 0227,Garden,3,14.32,42.96,regular
INV100602,2024-11-17,C00217,United Kingdom,P0130,Home Item 0130,Home & Kitchen,3,18.87,56.61,regular
INV100602,2024-11-17,C00217,United Kingdom,P0164,Home Item 0164,Home & Kitchen,1,19.4,19.4,regular
INV100651,2024-11-17,C00293,United Kingdom,P0160,Garden Item 0160,Garden,1,13.38,13.38,loyal
INV100651,2024-11-17,C00293,United Kingdom,P0211,Garden Item 0211,Garden,2,10.09,20.18,loyal
INV100651,2024-11-17,C00293,United Kingdom,P0173,Apparel Item 0173,Apparel,1,19.11,19.11,loyal
INV100651,2024-11-17,C00293,United Kingdom,P0181,Beauty Item 0181,Beauty,1,22.25,22.25,loyal
INV100845,2024-11-17,C00199,United Kingdom,P0167,Sports Item 0167,Sports,5,9.45,47.25,champion
INV100845,2024-11-17,C00199,United Kingdom,P0032,Toys Item 0032,Toys,4,7.2,28.8,champion
INV100845,2024-11-17,C00199,United Kingdom,P0067,Sports Item 0067,Sports,4,14.79,59.16,champion
INV100845,2024-11-17,C00199,United Kingdom,P0061,Stationery Item 0061,Stationery,5,8.19,40.95,champion
INV100965,2024-11-17,C00489,United Kingdom,P0202,Toys Item 0202,Toys,2,3.81,7.62,loyal
INV100965,2024-11-17,C00489,United Kingdom,P0134,Beauty Item 0134,Beauty,1,8.0,8.0,loyal
INV100402,2024-11-18,C00352,France,P0248,Apparel Item 0248,Apparel,5,18.11,90.55,regular
INV100402,2024-11-18,C00352,France,P0289,Home Item 0289,Home & Kitchen,1,3.62,3.62,regular
INV100402,2024-11-18,C00352,France,P0173,Apparel Item 0173,Apparel,4,19.11,76.44,regular
INV100624,2024-11-18,C00365,United Kingdom,P0299,Home Item 0299,Home & Kitchen,5,23.81,119.05,champion
INV100624,2024-11-18,C00365,United Kingdom,P0104,Beauty Item 0104,Beauty,3,15.26,45.78,champion
INV100624,2024-11-18,C00365,United Kingdom,P0101,Stationery Item 0101,Stationery,2,55.1,110.2,champion
INV100624,2024-11-18,C00365,United Kingdom,P0227,Garden Item 0227,Garden,3,14.32,42.96,champion
INV100624,2024-11-18,C00365,United Kingdom,P0108,Garden Item 0108,Garden,4,12.75,51.0,champion
INV100624,2024-11-18,C00365,United Kingdom,P0172,Sports Item 0172,Sports,2,6.08,12.16,champion
INV100624,2024-11-18,C00365,United Kingdom,P0118,Apparel Item 0118,Apparel,2,9.67,19.34,champion
INV101173,2024-11-18,C00145,Spain,P0143,Home Item 0143,Home & Kitchen,1,7.7,7.7,loyal
INV101173,2024-11-18,C00145,Spain,P0060,Garden Item 0060,Garden,1,5.43,5.43,loyal
INV101173,2024-11-18,C00145,Spain,P0261,Stationery Item 0261,Stationery,3,4.53,13.59,loyal
INV101173,2024-11-18,C00145,Spain,P0245,Beauty Item 0245,Beauty,2,3.3,6.6,loyal
INV101173,2024-11-18,C00145,Spain,P0184,Stationery Item 0184,Stationery,1,12.05,12.05,loyal
INV101331,2024-11-18,C00472,France,P0029,Sports Item 0029,Sports,5,15.87,79.35,loyal
INV100476,2024-11-19,C00285,France,P0198,Garden Item 0198,Garden,4,17.59,70.36,regular
INV100476,2024-11-19,C00285,France,P0115,Home Item 0115,Home & Kitchen,2,20.54,41.08,regular
INV100476,2024-11-19,C00285,France,P0037,Toys Item 0037,Toys,1,10.9,10.9,regular
INV100476,2024-11-19,C00285,France,P0212,Sports Item 0212,Sports,2,27.54,55.08,regular
INV100476,2024-11-19,C00285,France,P0210,Beauty Item 0210,Beauty,4,6.08,24.32,regular
INV100659,2024-11-19,C00232,Germany,P0265,Home Item 0265,Home & Kitchen,2,6.17,12.34,loyal
INV100659,2024-11-19,C00232,Germany,P0012,Beauty Item 0012,Beauty,1,8.67,8.67,loyal
INV100659,2024-11-19,C00232,Germany,P0130,Home Item 0130,Home & Kitchen,5,18.87,94.35,loyal
INV100659,2024-11-19,C00232,Germany,P0120,Sports Item 0120,Sports,4,12.93,51.72,loyal
INV100659,2024-11-19,C00232,Germany,P0233,Apparel Item 0233,Apparel,5,25.83,129.15,loyal
INV101252,2024-11-19,C00019,Germany,P0185,Home Item 0185,Home & Kitchen,3,22.37,67.11,loyal
INV101338,2024-11-19,C00432,Netherlands,P0026,Sports Item 0026,Sports,2,9.03,18.06,champion
INV101338,2024-11-19,C00432,Netherlands,P0007,Stationery Item 0007,Stationery,3,19.96,59.88,champion
INV101338,2024-11-19,C00432,Netherlands,P0293,Toys Item 0293,Toys,1,13.85,13.85,champion
INV101338,2024-11-19,C00432,Netherlands,P0239,Apparel Item 0239,Apparel,3,3.39,10.17,champion
INV101338,2024-11-19,C00432,Netherlands,P0166,Electronics Item 0166,Electronics Accessories,5,7.11,35.55,champion
INV101338,2024-11-19,C00432,Netherlands,P0024,Sports Item 0024,Sports,3,9.12,27.36,champion
INV101338,2024-11-19,C00432,Netherlands,P0279,Apparel Item 0279,Apparel,5,9.71,48.55,champion
INV101338,2024-11-19,C00432,Netherlands,P0150,Garden Item 0150,Garden,4,11.59,46.36,champion
INV101338,2024-11-19,C00432,Netherlands,P0121,Toys Item 0121,Toys,1,8.89,8.89,champion
INV101403,2024-11-19,C00012,Netherlands,P0293,Toys Item 0293,Toys,5,13.85,69.25,loyal
INV101403,2024-11-19,C00012,Netherlands,P0265,Home Item 0265,Home & Kitchen,4,6.17,24.68,loyal
INV100913,2024-11-20,C00151,United Kingdom,P0166,Electronics Item 0166,Electronics Accessories,5,7.11,35.55,loyal
INV100913,2024-11-20,C00151,United Kingdom,P0211,Garden Item 0211,Garden,3,10.09,30.27,loyal
INV100919,2024-11-20,C00134,United Kingdom,P0142,Apparel Item 0142,Apparel,2,14.63,29.26,champion
INV100919,2024-11-20,C00134,United Kingdom,P0242,Stationery Item 0242,Stationery,5,7.66,38.3,champion
INV101151,2024-11-20,C00461,Spain,P0276,Apparel Item 0276,Apparel,1,8.49,8.49,loyal
INV101151,2024-11-20,C00461,Spain,P0247,Home Item 0247,Home & Kitchen,3,15.37,46.11,loyal
INV101151,2024-11-20,C00461,Spain,P0101,Stationery Item 0101,Stationery,1,55.1,55.1,loyal
INV101151,2024-11-20,C00461,Spain,P0160,Garden Item 0160,Garden,2,13.38,26.76,loyal
INV101151,2024-11-20,C00461,Spain,P0032,Toys Item 0032,Toys,4,7.2,28.8,loyal
INV101195,2024-11-20,C00157,Netherlands,P0033,Sports Item 0033,Sports,4,8.82,35.28,loyal
INV101195,2024-11-20,C00157,Netherlands,P0019,Electronics Item 0019,Electronics Accessories,2,17.73,35.46,loyal
INV100166,2024-11-21,C00334,United Kingdom,P0292,Beauty Item 0292,Beauty,4,5.92,23.68,loyal
INV100189,2024-11-21,C00241,Spain,P0258,Toys Item 0258,Toys,3,17.95,53.85,loyal
INV100189,2024-11-21,C00241,Spain,P0056,Toys Item 0056,Toys,5,5.63,28.15,loyal
INV100393,2024-11-21,C00468,United Kingdom,P0228,Toys Item 0228,Toys,2,20.22,40.44,loyal
INV100420,2024-11-21,C00143,Germany,P0007,Stationery Item 0007,Stationery,5,19.96,99.8,champion
INV100420,2024-11-21,C00143,Germany,P0031,Apparel Item 0031,Apparel,1,17.17,17.17,champion
INV100420,2024-11-21,C00143,Germany,P0220,Sports Item 0220,Sports,5,13.16,65.8,champion
INV100420,2024-11-21,C00143,Germany,P0072,Home Item 0072,Home & Kitchen,2,25.41,50.82,champion
INV100420,2024-11-21,C00143,Germany,P0109,Apparel Item 0109,Apparel,4,11.92,47.68,champion
INV100420,2024-11-21,C00143,Germany,P0183,Beauty Item 0183,Beauty,5,14.45,72.25,champion
INV100420,2024-11-21,C00143,Germany,P0140,Apparel Item 0140,Apparel,4,15.06,60.24,champion
INV101097,2024-11-21,C00477,France,P0076,Home Item 0076,Home & Kitchen,3,31.68,95.04,champion
INV101097,2024-11-21,C00477,France,P0165,Home Item 0165,Home & Kitchen,2,4.44,8.88,champion
INV101097,2024-11-21,C00477,France,P0154,Home Item 0154,Home & Kitchen,3,12.36,37.08,champion
INV101097,2024-11-21,C00477,France,P0006,Toys Item 0006,Toys,3,14.64,43.92,champion
INV101097,2024-11-21,C00477,France,P0004,Garden Item 0004,Garden,5,18.82,94.1,champion
INV101097,2024-11-21,C00477,France,P0011,Stationery Item 0011,Stationery,3,15.05,45.15,champion
INV101097,2024-11-21,C00477,France,P0262,Home Item 0262,Home & Kitchen,5,8.77,43.85,champion
INV101097,2024-11-21,C00477,France,P0027,Electronics Item 0027,Electronics Accessories,4,19.73,78.92,champion
INV101097,2024-11-21,C00477,France,P0032,Toys Item 0032,Toys,3,7.2,21.6,champion
INV101097,2024-11-21,C00477,France,P0254,Garden Item 0254,Garden,2,47.1,94.2,champion
INV101097,2024-11-21,C00477,France,P0127,Toys Item 0127,Toys,2,32.0,64.0,champion
INV101097,2024-11-21,C00477,France,P0296,Electronics Item 0296,Electronics Accessories,1,13.81,13.81,champion
INV101097,2024-11-21,C00477,France,P0209,Garden Item 0209,Garden,3,20.19,60.57,champion
INV101097,2024-11-21,C00477,France,P0038,Beauty Item 0038,Beauty,5,4.36,21.8,champion
INV100321,2024-11-22,C00348,Germany,P0182,Toys Item 0182,Toys,3,14.77,44.31,champion
INV100321,2024-11-22,C00348,Germany,P0018,Beauty Item 0018,Beauty,2,19.88,39.76,champion
INV100321,2024-11-22,C00348,Germany,P0292,Beauty Item 0292,Beauty,4,5.92,23.68,champion
INV100321,2024-11-22,C00348,Germany,P0080,Toys Item 0080,Toys,3,10.29,30.87,champion
INV100321,2024-11-22,C00348,Germany,P0066,Toys Item 0066,Toys,4,6.01,24.04,champion
INV100321,2024-11-22,C00348,Germany,P0062,Stationery Item 0062,Stationery,4,32.4,129.6,champion
INV100321,2024-11-22,C00348,Germany,P0288,Stationery Item 0288,Stationery,5,9.96,49.8,champion
INV100321,2024-11-22,C00348,Germany,P0139,Stationery Item 0139,Stationery,2,2.18,4.36,champion
INV100321,2024-11-22,C00348,Germany,P0294,Toys Item 0294,Toys,1,5.09,5.09,champion
INV100321,2024-11-22,C00348,Germany,P0127,Toys Item 0127,Toys,3,32.0,96.0,champion
INV100321,2024-11-22,C00348,Germany,P0225,Beauty Item 0225,Beauty,4,4.63,18.52,champion
INV100321,2024-11-22,C00348,Germany,P0094,Apparel Item 0094,Apparel,5,14.15,70.75,champion
INV100357,2024-11-22,C00295,Germany,P0276,Apparel Item 0276,Apparel,2,8.49,16.98,champion
INV100357,2024-11-22,C00295,Germany,P0049,Home Item 0049,Home & Kitchen,2,26.16,52.32,champion
INV100357,2024-11-22,C00295,Germany,P0056,Toys Item 0056,Toys,4,5.63,22.52,champion
INV100357,2024-11-22,C00295,Germany,P0179,Toys Item 0179,Toys,1,14.27,14.27,champion
INV100357,2024-11-22,C00295,Germany,P0087,Home Item 0087,Home & Kitchen,2,9.17,18.34,champion
INV100357,2024-11-22,C00295,Germany,P0017,Toys Item 0017,Toys,2,13.41,26.82,champion
INV100357,2024-11-22,C00295,Germany,P0136,Beauty Item 0136,Beauty,4,11.76,47.04,champion
INV100357,2024-11-22,C00295,Germany,P0158,Garden Item 0158,Garden,5,8.27,41.35,champion
INV100357,2024-11-22,C00295,Germany,P0258,Toys Item 0258,Toys,4,17.95,71.8,champion
INV100357,2024-11-22,C00295,Germany,P0037,Toys Item 0037,Toys,3,10.9,32.7,champion
INV100357,2024-11-22,C00295,Germany,P0256,Home Item 0256,Home & Kitchen,2,10.1,20.2,champion
INV100357,2024-11-22,C00295,Germany,P0010,Sports Item 0010,Sports,5,16.22,81.1,champion
INV100357,2024-11-22,C00295,Germany,P0103,Garden Item 0103,Garden,1,5.64,5.64,champion
INV100550,2024-11-22,C00394,United Kingdom,P0005,Electronics Item 0005,Electronics Accessories,3,23.02,69.06,regular
INV100550,2024-11-22,C00394,United Kingdom,P0160,Garden Item 0160,Garden,3,13.38,40.14,regular
INV100550,2024-11-22,C00394,United Kingdom,P0106,Garden Item 0106,Garden,4,9.58,38.32,regular
INV100561,2024-11-22,C00421,France,P0159,Home Item 0159,Home & Kitchen,4,7.2,28.8,at_risk
INV100452,2024-11-23,C00199,United Kingdom,P0269,Electronics Item 0269,Electronics Accessories,4,3.48,13.92,champion
INV100452,2024-11-23,C00199,United Kingdom,P0145,Electronics Item 0145,Electronics Accessories,1,13.74,13.74,champion
INV100452,2024-11-23,C00199,United Kingdom,P0033,Sports Item 0033,Sports,1,8.82,8.82,champion
INV100452,2024-11-23,C00199,United Kingdom,P0041,Electronics Item 0041,Electronics Accessories,3,18.37,55.11,champion
INV100452,2024-11-23,C00199,United Kingdom,P0064,Beauty Item 0064,Beauty,2,5.73,11.46,champion
INV100754,2024-11-23,C00195,France,P0042,Apparel Item 0042,Apparel,5,5.8,29.0,regular
INV100754,2024-11-23,C00195,France,P0285,Toys Item 0285,Toys,5,5.98,29.9,regular
INV100754,2024-11-23,C00195,France,P0082,Home Item 0082,Home & Kitchen,3,2.54,7.62,regular
INV100754,2024-11-23,C00195,France,P0110,Sports Item 0110,Sports,3,14.16,42.48,regular
INV100754,2024-11-23,C00195,France,P0099,Toys Item 0099,Toys,2,3.9,7.8,regular
INV100754,2024-11-23,C00195,France,P0051,Stationery Item 0051,Stationery,4,7.32,29.28,regular
INV100887,2024-11-23,C00164,Germany,P0148,Apparel Item 0148,Apparel,2,27.92,55.84,loyal
INV100887,2024-11-23,C00164,Germany,P0013,Apparel Item 0013,Apparel,5,6.43,32.15,loyal
INV100887,2024-11-23,C00164,Germany,P0022,Garden Item 0022,Garden,4,9.52,38.08,loyal
INV100887,2024-11-23,C00164,Germany,P0296,Electronics Item 0296,Electronics Accessories,4,13.81,55.24,loyal
INV100928,2024-11-23,C00125,Germany,P0082,Home Item 0082,Home & Kitchen,3,2.54,7.62,loyal
INV100928,2024-11-23,C00125,Germany,P0032,Toys Item 0032,Toys,3,7.2,21.6,loyal
INV100977,2024-11-23,C00143,Germany,P0091,Garden Item 0091,Garden,1,12.22,12.22,champion
INV100977,2024-11-23,C00143,Germany,P0257,Electronics Item 0257,Electronics Accessories,4,16.69,66.76,champion
INV100977,2024-11-23,C00143,Germany,P0149,Toys Item 0149,Toys,4,6.39,25.56,champion
INV100977,2024-11-23,C00143,Germany,P0030,Toys Item 0030,Toys,1,8.54,8.54,champion
INV100977,2024-11-23,C00143,Germany,P0063,Apparel Item 0063,Apparel,5,21.21,106.05,champion
INV100977,2024-11-23,C00143,Germany,P0181,Beauty Item 0181,Beauty,1,22.25,22.25,champion
INV100977,2024-11-23,C00143,Germany,P0206,Stationery Item 0206,Stationery,5,9.37,46.85,champion
INV100977,2024-11-23,C00143,Germany,P0019,Electronics Item 0019,Electronics Accessories,4,17.73,70.92,champion
INV100977,2024-11-23,C00143,Germany,P0151,Toys Item 0151,Toys,2,19.71,39.42,champion
INV100977,2024-11-23,C00143,Germany,P0061,Stationery Item 0061,Stationery,1,8.19,8.19,champion
INV100977,2024-11-23,C00143,Germany,P0202,Toys Item 0202,Toys,4,3.81,15.24,champion
INV100977,2024-11-23,C00143,Germany,P0068,Beauty Item 0068,Beauty,5,7.24,36.2,champion
INV100977,2024-11-23,C00143,Germany,P0002,Garden Item 0002,Garden,3,12.52,37.56,champion
INV100427,2024-11-24,C00327,Spain,P0076,Home Item 0076,Home & Kitchen,4,31.68,126.72,champion
INV100427,2024-11-24,C00327,Spain,P0268,Beauty Item 0268,Beauty,3,10.88,32.64,champion
INV100427,2024-11-24,C00327,Spain,P0239,Apparel Item 0239,Apparel,1,3.39,3.39,champion
INV100427,2024-11-24,C00327,Spain,P0089,Apparel Item 0089,Apparel,1,7.02,7.02,champion
INV100427,2024-11-24,C00327,Spain,P0014,Sports Item 0014,Sports,3,10.64,31.92,champion
INV100427,2024-11-24,C00327,Spain,P0251,Sports Item 0251,Sports,4,7.43,29.72,champion
INV100427,2024-11-24,C00327,Spain,P0183,Beauty Item 0183,Beauty,2,14.45,28.9,champion
INV100427,2024-11-24,C00327,Spain,P0122,Stationery Item 0122,Stationery,4,31.73,126.92,champion
INV100427,2024-11-24,C00327,Spain,P0248,Apparel Item 0248,Apparel,2,18.11,36.22,champion
INV100833,2024-11-24,C00229,United Kingdom,P0024,Sports Item 0024,Sports,5,9.12,45.6,loyal
INV100833,2024-11-24,C00229,United Kingdom,P0242,Stationery Item 0242,Stationery,1,7.66,7.66,loyal
INV101045,2024-11-24,C00103,France,P0080,Toys Item 0080,Toys,4,10.29,41.16,loyal
INV101045,2024-11-24,C00103,France,P0004,Garden Item 0004,Garden,1,18.82,18.82,loyal
INV101045,2024-11-24,C00103,France,P0170,Apparel Item 0170,Apparel,1,26.08,26.08,loyal
INV101045,2024-11-24,C00103,France,P0058,Garden Item 0058,Garden,1,7.47,7.47,loyal
INV101045,2024-11-24,C00103,France,P0149,Toys Item 0149,Toys,5,6.39,31.95,loyal
INV101288,2024-11-24,C00245,United Kingdom,P0185,Home Item 0185,Home & Kitchen,1,22.37,22.37,champion
INV101288,2024-11-24,C00245,United Kingdom,P0097,Stationery Item 0097,Stationery,1,7.93,7.93,champion
INV101288,2024-11-24,C00245,United Kingdom,P0142,Apparel Item 0142,Apparel,5,14.63,73.15,champion
INV101288,2024-11-24,C00245,United Kingdom,P0237,Sports Item 0237,Sports,5,4.87,24.35,champion
INV100488,2024-11-25,C00360,France,P0007,Stationery Item 0007,Stationery,4,19.96,79.84,regular
INV100488,2024-11-25,C00360,France,P0171,Garden Item 0171,Garden,5,6.31,31.55,regular
INV100488,2024-11-25,C00360,France,P0093,Beauty Item 0093,Beauty,4,9.44,37.76,regular
INV100488,2024-11-25,C00360,France,P0156,Beauty Item 0156,Beauty,1,6.52,6.52,regular
INV100488,2024-11-25,C00360,France,P0298,Stationery Item 0298,Stationery,1,2.24,2.24,regular
INV100832,2024-11-25,C00123,Germany,P0001,Sports Item 0001,Sports,3,20.7,62.1,loyal
INV100832,2024-11-25,C00123,Germany,P0201,Electronics Item 0201,Electronics Accessories,4,2.96,11.84,loyal
INV100869,2024-11-25,C00499,France,P0186,Sports Item 0186,Sports,3,11.3,33.9,loyal
INV100869,2024-11-25,C00499,France,P0168,Sports Item 0168,Sports,1,25.71,25.71,loyal
INV100078,2024-11-26,C00111,Netherlands,P0223,Sports Item 0223,Sports,4,37.0,148.0,loyal
INV100078,2024-11-26,C00111,Netherlands,P0079,Sports Item 0079,Sports,5,17.36,86.8,loyal
INV100502,2024-11-26,C00447,United Kingdom,P0253,Toys Item 0253,Toys,3,5.41,16.23,champion
INV100502,2024-11-26,C00447,United Kingdom,P0272,Stationery Item 0272,Stationery,5,43.64,218.2,champion
INV100852,2024-11-26,C00052,Spain,P0292,Beauty Item 0292,Beauty,5,5.92,29.6,champion
INV100852,2024-11-26,C00052,Spain,P0186,Sports Item 0186,Sports,2,11.3,22.6,champion
INV101296,2024-11-26,C00097,United Kingdom,P0096,Toys Item 0096,Toys,5,10.29,51.45,regular
INV101296,2024-11-26,C00097,United Kingdom,P0190,Stationery Item 0190,Stationery,5,5.75,28.75,regular
INV101296,2024-11-26,C00097,United Kingdom,P0089,Apparel Item 0089,Apparel,2,7.02,14.04,regular
INV101296,2024-11-26,C00097,United Kingdom,P0039,Home Item 0039,Home & Kitchen,4,14.93,59.72,regular
INV101296,2024-11-26,C00097,United Kingdom,P0258,Toys Item 0258,Toys,2,17.95,35.9,regular
INV101296,2024-11-26,C00097,United Kingdom,P0083,Apparel Item 0083,Apparel,5,6.29,31.45,regular
INV101296,2024-11-26,C00097,United Kingdom,P0123,Toys Item 0123,Toys,4,19.79,79.16,regular
INV101292,2024-11-27,C00317,United Kingdom,P0204,Apparel Item 0204,Apparel,1,44.41,44.41,loyal
INV101292,2024-11-27,C00317,United Kingdom,P0187,Garden Item 0187,Garden,3,6.33,18.99,loyal
INV101292,2024-11-27,C00317,United Kingdom,P0178,Garden Item 0178,Garden,2,15.19,30.38,loyal
INV101292,2024-11-27,C00317,United Kingdom,P0113,Garden Item 0113,Garden,5,5.12,25.6,loyal
INV101292,2024-11-27,C00317,United Kingdom,P0266,Beauty Item 0266,Beauty,2,9.2,18.4,loyal
INV101354,2024-11-27,C00478,United Kingdom,P0247,Home Item 0247,Home & Kitchen,1,15.37,15.37,champion
INV101354,2024-11-27,C00478,United Kingdom,P0110,Sports Item 0110,Sports,5,14.16,70.8,champion
INV101420,2024-11-27,C00241,Spain,P0166,Electronics Item 0166,Electronics Accessories,2,7.11,14.22,loyal
INV100556,2024-11-28,C00215,Spain,P0055,Toys Item 0055,Toys,1,36.31,36.31,loyal
INV100556,2024-11-28,C00215,Spain,P0263,Toys Item 0263,Toys,3,10.21,30.63,loyal
INV100570,2024-11-28,C00281,United Kingdom,P0043,Electronics Item 0043,Electronics Accessories,1,19.52,19.52,loyal
INV101314,2024-11-28,C00478,United Kingdom,P0142,Apparel Item 0142,Apparel,2,14.63,29.26,champion
INV101314,2024-11-28,C00478,United Kingdom,P0173,Apparel Item 0173,Apparel,4,19.11,76.44,champion
INV101314,2024-11-28,C00478,United Kingdom,P0115,Home Item 0115,Home & Kitchen,3,20.54,61.62,champion
INV101314,2024-11-28,C00478,United Kingdom,P0116,Stationery Item 0116,Stationery,5,8.27,41.35,champion
INV101314,2024-11-28,C00478,United Kingdom,P0022,Garden Item 0022,Garden,3,9.52,28.56,champion
INV101314,2024-11-28,C00478,United Kingdom,P0289,Home Item 0289,Home & Kitchen,1,3.62,3.62,champion
INV101314,2024-11-28,C00478,United Kingdom,P0286,Toys Item 0286,Toys,5,17.4,87.0,champion
INV100043,2024-11-29,C00471,France,P0268,Beauty Item 0268,Beauty,5,10.88,54.4,loyal
INV100043,2024-11-29,C00471,France,P0056,Toys Item 0056,Toys,4,5.63,22.52,loyal
INV100043,2024-11-29,C00471,France,P0180,Stationery Item 0180,Stationery,3,9.07,27.21,loyal
INV100043,2024-11-29,C00471,France,P0273,Stationery Item 0273,Stationery,5,14.81,74.05,loyal
INV100043,2024-11-29,C00471,France,P0286,Toys Item 0286,Toys,3,17.4,52.2,loyal
INV100362,2024-11-29,C00382,United Kingdom,P0249,Apparel Item 0249,Apparel,5,7.46,37.3,champion
INV100362,2024-11-29,C00382,United Kingdom,P0152,Toys Item 0152,Toys,4,42.54,170.16,champion
INV100362,2024-11-29,C00382,United Kingdom,P0148,Apparel Item 0148,Apparel,3,27.92,83.76,champion
INV100362,2024-11-29,C00382,United Kingdom,P0113,Garden Item 0113,Garden,2,5.12,10.24,champion
INV100493,2024-11-29,C00438,United Kingdom,P0270,Electronics Item 0270,Electronics Accessories,3,13.76,41.28,at_risk
INV100553,2024-11-29,C00271,Germany,P0163,Sports Item 0163,Sports,4,16.1,64.4,champion
INV100553,2024-11-29,C00271,Germany,P0270,Electronics Item 0270,Electronics Accessories,4,13.76,55.04,champion
INV100553,2024-11-29,C00271,Germany,P0042,Apparel Item 0042,Apparel,2,5.8,11.6,champion
INV100553,2024-11-29,C00271,Germany,P0134,Beauty Item 0134,Beauty,3,8.0,24.0,champion
INV100553,2024-11-29,C00271,Germany,P0238,Beauty Item 0238,Beauty,5,13.56,67.8,champion
INV100553,2024-11-29,C00271,Germany,P0251,Sports Item 0251,Sports,1,7.43,7.43,champion
INV100553,2024-11-29,C00271,Germany,P0100,Electronics Item 0100,Electronics Accessories,4,5.18,20.72,champion
INV101140,2024-11-29,C00296,Germany,P0190,Stationery Item 0190,Stationery,5,5.75,28.75,regular
INV101140,2024-11-29,C00296,Germany,P0001,Sports Item 0001,Sports,3,20.7,62.1,regular
INV101400,2024-11-29,C00271,Germany,P0229,Stationery Item 0229,Stationery,1,10.31,10.31,champion
INV101400,2024-11-29,C00271,Germany,P0246,Electronics Item 0246,Electronics Accessories,1,13.44,13.44,champion
INV100475,2024-11-30,C00211,France,P0187,Garden Item 0187,Garden,2,6.33,12.66,loyal
INV100475,2024-11-30,C00211,France,P0104,Beauty Item 0104,Beauty,1,15.26,15.26,loyal
INV100475,2024-11-30,C00211,France,P0253,Toys Item 0253,Toys,4,5.41,21.64,loyal
INV100475,2024-11-30,C00211,France,P0123,Toys Item 0123,Toys,2,19.79,39.58,loyal
INV100481,2024-11-30,C00280,United Kingdom,P0186,Sports Item 0186,Sports,2,11.3,22.6,loyal
INV100557,2024-11-30,C00190,United Kingdom,P0018,Beauty Item 0018,Beauty,4,19.88,79.52,loyal
INV100557,2024-11-30,C00190,United Kingdom,P0204,Apparel Item 0204,Apparel,5,44.41,222.05,loyal
INV100557,2024-11-30,C00190,United Kingdom,P0171,Garden Item 0171,Garden,2,6.31,12.62,loyal
INV100557,2024-11-30,C00190,United Kingdom,P0095,Sports Item 0095,Sports,4,6.85,27.4,loyal
INV100557,2024-11-30,C00190,United Kingdom,P0216,Stationery Item 0216,Stationery,1,7.88,7.88,loyal
INV100557,2024-11-30,C00190,United Kingdom,P0256,Home Item 0256,Home & Kitchen,4,10.1,40.4,loyal
INV100557,2024-11-30,C00190,United Kingdom,P0070,Beauty Item 0070,Beauty,3,12.9,38.7,loyal
INV100625,2024-11-30,C00166,Netherlands,P0187,Garden Item 0187,Garden,3,6.33,18.99,champion
INV100625,2024-11-30,C00166,Netherlands,P0215,Stationery Item 0215,Stationery,4,15.43,61.72,champion
INV100625,2024-11-30,C00166,Netherlands,P0178,Garden Item 0178,Garden,3,15.19,45.57,champion
INV100625,2024-11-30,C00166,Netherlands,P0050,Apparel Item 0050,Apparel,3,27.66,82.98,champion
INV100625,2024-11-30,C00166,Netherlands,P0227,Garden Item 0227,Garden,1,14.32,14.32,champion
INV100626,2024-11-30,C00237,United Kingdom,P0004,Garden Item 0004,Garden,2,18.82,37.64,regular
INV100626,2024-11-30,C00237,United Kingdom,P0189,Garden Item 0189,Garden,5,9.4,47.0,regular
INV100626,2024-11-30,C00237,United Kingdom,P0299,Home Item 0299,Home & Kitchen,5,23.81,119.05,regular
INV100626,2024-11-30,C00237,United Kingdom,P0259,Apparel Item 0259,Apparel,1,12.89,12.89,regular
INV100698,2024-11-30,C00024,United Kingdom,P0152,Toys Item 0152,Toys,5,42.54,212.7,loyal
INV100698,2024-11-30,C00024,United Kingdom,P0140,Apparel Item 0140,Apparel,3,15.06,45.18,loyal
INV100700,2024-11-30,C00327,Spain,P0260,Garden Item 0260,Garden,4,17.06,68.24,champion
INV100700,2024-11-30,C00327,Spain,P0299,Home Item 0299,Home & Kitchen,2,23.81,47.62,champion
INV100700,2024-11-30,C00327,Spain,P0208,Sports Item 0208,Sports,4,17.62,70.48,champion
INV100700,2024-11-30,C00327,Spain,P0161,Home Item 0161,Home & Kitchen,1,6.97,6.97,champion
INV100700,2024-11-30,C00327,Spain,P0078,Apparel Item 0078,Apparel,4,26.81,107.24,champion
INV100700,2024-11-30,C00327,Spain,P0135,Beauty Item 0135,Beauty,4,17.3,69.2,champion
INV100700,2024-11-30,C00327,Spain,P0061,Stationery Item 0061,Stationery,3,8.19,24.57,champion
INV100700,2024-11-30,C00327,Spain,P0256,Home Item 0256,Home & Kitchen,4,10.1,40.4,champion
INV100700,2024-11-30,C00327,Spain,P0010,Sports Item 0010,Sports,5,16.22,81.1,champion
INV100700,2024-11-30,C00327,Spain,P0022,Garden Item 0022,Garden,5,9.52,47.6,champion
INV100700,2024-11-30,C00327,Spain,P0194,Garden Item 0194,Garden,3,48.13,144.39,champion
INV100700,2024-11-30,C00327,Spain,P0162,Sports Item 0162,Sports,5,19.3,96.5,champion
INV101131,2024-11-30,C00333,Netherlands,P0009,Sports Item 0009,Sports,2,10.35,20.7,champion
INV101131,2024-11-30,C00333,Netherlands,P0221,Sports Item 0221,Sports,3,18.04,54.12,champion
INV101131,2024-11-30,C00333,Netherlands,P0285,Toys Item 0285,Toys,5,5.98,29.9,champion
INV101131,2024-11-30,C00333,Netherlands,P0226,Sports Item 0226,Sports,4,6.07,24.28,champion
INV101131,2024-11-30,C00333,Netherlands,P0030,Toys Item 0030,Toys,1,8.54,8.54,champion
INV101131,2024-11-30,C00333,Netherlands,P0106,Garden Item 0106,Garden,2,9.58,19.16,champion
INV101131,2024-11-30,C00333,Netherlands,P0155,Apparel Item 0155,Apparel,1,3.52,3.52,champion
INV101131,2024-11-30,C00333,Netherlands,P0039,Home Item 0039,Home & Kitchen,3,14.93,44.79,champion
INV101131,2024-11-30,C00333,Netherlands,P0288,Stationery Item 0288,Stationery,4,9.96,39.84,champion
INV101131,2024-11-30,C00333,Netherlands,P0205,Home Item 0205,Home & Kitchen,4,7.76,31.04,champion
INV101131,2024-11-30,C00333,Netherlands,P0254,Garden Item 0254,Garden,4,47.1,188.4,champion
INV101131,2024-11-30,C00333,Netherlands,P0282,Beauty Item 0282,Beauty,4,10.02,40.08,champion
INV101172,2024-11-30,C00078,Ireland,P0223,Sports Item 0223,Sports,5,37.0,185.0,loyal
INV100085,2024-12-01,C00176,United Kingdom,P0178,Garden Item 0178,Garden,5,15.19,75.95,loyal
INV100085,2024-12-01,C00176,United Kingdom,P0232,Stationery Item 0232,Stationery,1,13.04,13.04,loyal
INV100290,2024-12-01,C00387,United Kingdom,P0031,Apparel Item 0031,Apparel,3,17.17,51.51,champion
INV100290,2024-12-01,C00387,United Kingdom,P0000,Home Item 0000,Home & Kitchen,1,5.41,5.41,champion
INV100458,2024-12-01,C00211,France,P0219,Stationery Item 0219,Stationery,4,10.17,40.68,loyal
INV100458,2024-12-01,C00211,France,P0181,Beauty Item 0181,Beauty,2,22.25,44.5,loyal
INV100617,2024-12-01,C00028,Germany,P0213,Toys Item 0213,Toys,4,13.64,54.56,loyal
INV100617,2024-12-01,C00028,Germany,P0099,Toys Item 0099,Toys,3,3.9,11.7,loyal
INV100617,2024-12-01,C00028,Germany,P0014,Sports Item 0014,Sports,4,10.64,42.56,loyal
INV100617,2024-12-01,C00028,Germany,P0254,Garden Item 0254,Garden,2,47.1,94.2,loyal
INV100617,2024-12-01,C00028,Germany,P0127,Toys Item 0127,Toys,2,32.0,64.0,loyal
INV100710,2024-12-01,C00129,Netherlands,P0018,Beauty Item 0018,Beauty,5,19.88,99.4,champion
INV100710,2024-12-01,C00129,Netherlands,P0102,Toys Item 0102,Toys,2,14.39,28.78,champion
INV100710,2024-12-01,C00129,Netherlands,P0187,Garden Item 0187,Garden,2,6.33,12.66,champion
INV100710,2024-12-01,C00129,Netherlands,P0025,Garden Item 0025,Garden,4,16.76,67.04,champion
INV100710,2024-12-01,C00129,Netherlands,P0178,Garden Item 0178,Garden,1,15.19,15.19,champion
INV100710,2024-12-01,C00129,Netherlands,P0107,Home Item 0107,Home & Kitchen,5,7.79,38.95,champion
INV100710,2024-12-01,C00129,Netherlands,P0086,Toys Item 0086,Toys,4,15.78,63.12,champion
INV100710,2024-12-01,C00129,Netherlands,P0252,Sports Item 0252,Sports,1,8.64,8.64,champion
INV100710,2024-12-01,C00129,Netherlands,P0240,Garden Item 0240,Garden,1,7.99,7.99,champion
INV100710,2024-12-01,C00129,Netherlands,P0207,Apparel Item 0207,Apparel,4,10.85,43.4,champion
INV100710,2024-12-01,C00129,Netherlands,P0116,Stationery Item 0116,Stationery,4,8.27,33.08,champion
INV100710,2024-12-01,C00129,Netherlands,P0202,Toys Item 0202,Toys,2,3.81,7.62,champion
INV100710,2024-12-01,C00129,Netherlands,P0016,Beauty Item 0016,Beauty,4,16.32,65.28,champion
INV100710,2024-12-01,C00129,Netherlands,P0246,Electronics Item 0246,Electronics Accessories,3,13.44,40.32,champion
INV100710,2024-12-01,C00129,Netherlands,P0094,Apparel Item 0094,Apparel,4,14.15,56.6,champion
INV100970,2024-12-01,C00472,France,P0267,Electronics Item 0267,Electronics Accessories,5,11.36,56.8,loyal
INV100970,2024-12-01,C00472,France,P0049,Home Item 0049,Home & Kitchen,1,26.16,26.16,loyal
INV101239,2024-12-01,C00288,France,P0188,Beauty Item 0188,Beauty,1,5.1,5.1,regular
INV101239,2024-12-01,C00288,France,P0018,Beauty Item 0018,Beauty,1,19.88,19.88,regular
INV100646,2024-12-02,C00158,France,P0177,Apparel Item 0177,Apparel,2,7.91,15.82,loyal
INV100646,2024-12-02,C00158,France,P0013,Apparel Item 0013,Apparel,2,6.43,12.86,loyal
INV100646,2024-12-02,C00158,France,P0134,Beauty Item 0134,Beauty,1,8.0,8.0,loyal
INV100646,2024-12-02,C00158,France,P0058,Garden Item 0058,Garden,3,7.47,22.41,loyal
INV101029,2024-12-02,C00348,Germany,P0280,Beauty Item 0280,Beauty,4,6.37,25.48,champion
INV101029,2024-12-02,C00348,Germany,P0206,Stationery Item 0206,Stationery,3,9.37,28.11,champion
INV101029,2024-12-02,C00348,Germany,P0240,Garden Item 0240,Garden,4,7.99,31.96,champion
INV101029,2024-12-02,C00348,Germany,P0227,Garden Item 0227,Garden,3,14.32,42.96,champion
INV101029,2024-12-02,C00348,Germany,P0212,Sports Item 0212,Sports,3,27.54,82.62,champion
INV101159,2024-12-02,C00106,United Kingdom,P0080,Toys Item 0080,Toys,5,10.29,51.45,regular
INV101159,2024-12-02,C00106,United Kingdom,P0179,Toys Item 0179,Toys,2,14.27,28.54,regular
INV101159,2024-12-02,C00106,United Kingdom,P0183,Beauty Item 0183,Beauty,5,14.45,72.25,regular
INV101159,2024-12-02,C00106,United Kingdom,P0254,Garden Item 0254,Garden,1,47.1,47.1,regular
INV101159,2024-12-02,C00106,United Kingdom,P0259,Apparel Item 0259,Apparel,1,12.89,12.89,regular
INV100146,2024-12-03,C00459,France,P0037,Toys Item 0037,Toys,3,10.9,32.7,loyal
INV101238,2024-12-03,C00375,Spain,P0029,Sports Item 0029,Sports,5,15.87,79.35,regular
INV101434,2024-12-03,C00312,Netherlands,P0026,Sports Item 0026,Sports,4,9.03,36.12,regular
INV101330,2024-12-04,C00198,United Kingdom,P0085,Stationery Item 0085,Stationery,1,4.34,4.34,champion
INV101330,2024-12-04,C00198,United Kingdom,P0078,Apparel Item 0078,Apparel,3,26.81,80.43,champion
INV100865,2024-12-05,C00473,France,P0062,Stationery Item 0062,Stationery,3,32.4,97.2,regular
INV100865,2024-12-05,C00473,France,P0245,Beauty Item 0245,Beauty,5,3.3,16.5,regular
INV100865,2024-12-05,C00473,France,P0058,Garden Item 0058,Garden,2,7.47,14.94,regular
INV101215,2024-12-05,C00271,Germany,P0298,Stationery Item 0298,Stationery,2,2.24,4.48,champion
INV101215,2024-12-05,C00271,Germany,P0276,Apparel Item 0276,Apparel,2,8.49,16.98,champion
INV101215,2024-12-05,C00271,Germany,P0068,Beauty Item 0068,Beauty,3,7.24,21.72,champion
INV101215,2024-12-05,C00271,Germany,P0009,Sports Item 0009,Sports,4,10.35,41.4,champion
INV101075,2024-12-06,C00405,Spain,P0295,Home Item 0295,Home & Kitchen,5,11.96,59.8,loyal
INV101217,2024-12-07,C00112,United Kingdom,P0174,Apparel Item 0174,Apparel,4,14.86,59.44,loyal
INV101217,2024-12-07,C00112,United Kingdom,P0012,Beauty Item 0012,Beauty,3,8.67,26.01,loyal
INV101217,2024-12-07,C00112,United Kingdom,P0081,Garden Item 0081,Garden,5,26.84,134.2,loyal
INV101217,2024-12-07,C00112,United Kingdom,P0122,Stationery Item 0122,Stationery,5,31.73,158.65,loyal
INV101217,2024-12-07,C00112,United Kingdom,P0057,Beauty Item 0057,Beauty,3,13.72,41.16,loyal
INV100154,2024-12-08,C00194,United Kingdom,P0180,Stationery Item 0180,Stationery,1,9.07,9.07,loyal
INV100154,2024-12-08,C00194,United Kingdom,P0058,Garden Item 0058,Garden,3,7.47,22.41,loyal
INV100154,2024-12-08,C00194,United Kingdom,P0227,Garden Item 0227,Garden,3,14.32,42.96,loyal
INV100154,2024-12-08,C00194,United Kingdom,P0240,Garden Item 0240,Garden,1,7.99,7.99,loyal
INV100154,2024-12-08,C00194,United Kingdom,P0289,Home Item 0289,Home & Kitchen,5,3.62,18.1,loyal
INV100322,2024-12-08,C00383,United Kingdom,P0203,Sports Item 0203,Sports,4,20.16,80.64,champion
INV100322,2024-12-08,C00383,United Kingdom,P0080,Toys Item 0080,Toys,4,10.29,41.16,champion
INV100322,2024-12-08,C00383,United Kingdom,P0232,Stationery Item 0232,Stationery,4,13.04,52.16,champion
INV100322,2024-12-08,C00383,United Kingdom,P0137,Beauty Item 0137,Beauty,1,7.15,7.15,champion
INV100322,2024-12-08,C00383,United Kingdom,P0025,Garden Item 0025,Garden,4,16.76,67.04,champion
INV100322,2024-12-08,C00383,United Kingdom,P0219,Stationery Item 0219,Stationery,1,10.17,10.17,champion
INV100322,2024-12-08,C00383,United Kingdom,P0262,Home Item 0262,Home & Kitchen,5,8.77,43.85,champion
INV100322,2024-12-08,C00383,United Kingdom,P0176,Toys Item 0176,Toys,5,20.55,102.75,champion
INV100322,2024-12-08,C00383,United Kingdom,P0151,Toys Item 0151,Toys,3,19.71,59.13,champion
INV100322,2024-12-08,C00383,United Kingdom,P0173,Apparel Item 0173,Apparel,4,19.11,76.44,champion
INV100322,2024-12-08,C00383,United Kingdom,P0100,Electronics Item 0100,Electronics Accessories,1,5.18,5.18,champion
INV100322,2024-12-08,C00383,United Kingdom,P0172,Sports Item 0172,Sports,5,6.08,30.4,champion
INV100322,2024-12-08,C00383,United Kingdom,P0048,Apparel Item 0048,Apparel,2,12.95,25.9,champion
INV100322,2024-12-08,C00383,United Kingdom,P0164,Home Item 0164,Home & Kitchen,2,19.4,38.8,champion
INV100322,2024-12-08,C00383,United Kingdom,P0124,Toys Item 0124,Toys,4,5.36,21.44,champion
INV100462,2024-12-08,C00014,United Kingdom,P0128,Stationery Item 0128,Stationery,1,9.37,9.37,loyal
INV100462,2024-12-08,C00014,United Kingdom,P0135,Beauty Item 0135,Beauty,4,17.3,69.2,loyal
INV100904,2024-12-08,C00408,Ireland,P0078,Apparel Item 0078,Apparel,5,26.81,134.05,champion
INV100904,2024-12-08,C00408,Ireland,P0032,Toys Item 0032,Toys,4,7.2,28.8,champion
INV100963,2024-12-08,C00071,Netherlands,P0075,Home Item 0075,Home & Kitchen,5,4.7,23.5,champion
INV100963,2024-12-08,C00071,Netherlands,P0209,Garden Item 0209,Garden,5,20.19,100.95,champion
INV101300,2024-12-08,C00271,Germany,P0145,Electronics Item 0145,Electronics Accessories,1,13.74,13.74,champion
INV101300,2024-12-08,C00271,Germany,P0267,Electronics Item 0267,Electronics Accessories,4,11.36,45.44,champion
INV101300,2024-12-08,C00271,Germany,P0096,Toys Item 0096,Toys,2,10.29,20.58,champion
INV101300,2024-12-08,C00271,Germany,P0201,Electronics Item 0201,Electronics Accessories,4,2.96,11.84,champion
INV101300,2024-12-08,C00271,Germany,P0135,Beauty Item 0135,Beauty,4,17.3,69.2,champion
INV101300,2024-12-08,C00271,Germany,P0184,Stationery Item 0184,Stationery,1,12.05,12.05,champion
INV101300,2024-12-08,C00271,Germany,P0092,Home Item 0092,Home & Kitchen,2,34.22,68.44,champion
INV101300,2024-12-08,C00271,Germany,P0138,Stationery Item 0138,Stationery,5,23.38,116.9,champion
INV101300,2024-12-08,C00271,Germany,P0297,Stationery Item 0297,Stationery,2,18.82,37.64,champion
INV101300,2024-12-08,C00271,Germany,P0207,Apparel Item 0207,Apparel,3,10.85,32.55,champion
INV101300,2024-12-08,C00271,Germany,P0114,Home Item 0114,Home & Kitchen,1,15.7,15.7,champion
INV101300,2024-12-08,C00271,Germany,P0197,Beauty Item 0197,Beauty,4,6.6,26.4,champion
INV101300,2024-12-08,C00271,Germany,P0227,Garden Item 0227,Garden,1,14.32,14.32,champion
INV101300,2024-12-08,C00271,Germany,P0141,Sports Item 0141,Sports,2,16.81,33.62,champion
INV101300,2024-12-08,C00271,Germany,P0078,Apparel Item 0078,Apparel,3,26.81,80.43,champion
INV101300,2024-12-08,C00271,Germany,P0041,Electronics Item 0041,Electronics Accessories,4,18.37,73.48,champion
INV101300,2024-12-08,C00271,Germany,P0068,Beauty Item 0068,Beauty,3,7.24,21.72,champion
INV101300,2024-12-08,C00271,Germany,P0094,Apparel Item 0094,Apparel,5,14.15,70.75,champion
INV100062,2024-12-09,C00447,United Kingdom,P0030,Toys Item 0030,Toys,2,8.54,17.08,champion
INV100062,2024-12-09,C00447,United Kingdom,P0141,Sports Item 0141,Sports,4,16.81,67.24,champion
INV100062,2024-12-09,C00447,United Kingdom,P0235,Sports Item 0235,Sports,4,4.95,19.8,champion
INV100062,2024-12-09,C00447,United Kingdom,P0034,Apparel Item 0034,Apparel,2,8.29,16.58,champion
INV100062,2024-12-09,C00447,United Kingdom,P0079,Sports Item 0079,Sports,4,17.36,69.44,champion
INV100650,2024-12-10,C00317,United Kingdom,P0095,Sports Item 0095,Sports,2,6.85,13.7,loyal
INV100650,2024-12-10,C00317,United Kingdom,P0244,Electronics Item 0244,Electronics Accessories,3,18.65,55.95,loyal
INV100650,2024-12-10,C00317,United Kingdom,P0194,Garden Item 0194,Garden,4,48.13,192.52,loyal
INV100650,2024-12-10,C00317,United Kingdom,P0101,Stationery Item 0101,Stationery,4,55.1,220.4,loyal
INV101317,2024-12-10,C00348,Germany,P0111,Sports Item 0111,Sports,2,52.97,105.94,champion
INV101357,2024-12-10,C00180,Netherlands,P0283,Toys Item 0283,Toys,4,9.72,38.88,loyal
INV101357,2024-12-10,C00180,Netherlands,P0274,Apparel Item 0274,Apparel,1,17.17,17.17,loyal
INV101357,2024-12-10,C00180,Netherlands,P0013,Apparel Item 0013,Apparel,1,6.43,6.43,loyal
INV101357,2024-12-10,C00180,Netherlands,P0162,Sports Item 0162,Sports,4,19.3,77.2,loyal
INV100294,2024-12-11,C00153,United Kingdom,P0276,Apparel Item 0276,Apparel,5,8.49,42.45,loyal
INV100294,2024-12-11,C00153,United Kingdom,P0084,Toys Item 0084,Toys,4,9.13,36.52,loyal
INV100294,2024-12-11,C00153,United Kingdom,P0150,Garden Item 0150,Garden,4,11.59,46.36,loyal
INV100294,2024-12-11,C00153,United Kingdom,P0147,Electronics Item 0147,Electronics Accessories,3,21.42,64.26,loyal
INV100294,2024-12-11,C00153,United Kingdom,P0016,Beauty Item 0016,Beauty,1,16.32,16.32,loyal
INV100897,2024-12-11,C00040,United Kingdom,P0066,Toys Item 0066,Toys,3,6.01,18.03,regular
INV100897,2024-12-11,C00040,United Kingdom,P0221,Sports Item 0221,Sports,3,18.04,54.12,regular
INV101095,2024-12-11,C00241,Spain,P0096,Toys Item 0096,Toys,5,10.29,51.45,loyal
INV101095,2024-12-11,C00241,Spain,P0051,Stationery Item 0051,Stationery,4,7.32,29.28,loyal
INV101095,2024-12-11,C00241,Spain,P0000,Home Item 0000,Home & Kitchen,4,5.41,21.64,loyal
INV101095,2024-12-11,C00241,Spain,P0043,Electronics Item 0043,Electronics Accessories,1,19.52,19.52,loyal
INV101095,2024-12-11,C00241,Spain,P0233,Apparel Item 0233,Apparel,2,25.83,51.66,loyal
INV101353,2024-12-11,C00199,United Kingdom,P0293,Toys Item 0293,Toys,4,13.85,55.4,champion
INV101353,2024-12-11,C00199,United Kingdom,P0143,Home Item 0143,Home & Kitchen,2,7.7,15.4,champion
INV101353,2024-12-11,C00199,United Kingdom,P0106,Garden Item 0106,Garden,4,9.58,38.32,champion
INV101353,2024-12-11,C00199,United Kingdom,P0081,Garden Item 0081,Garden,2,26.84,53.68,champion
INV101353,2024-12-11,C00199,United Kingdom,P0017,Toys Item 0017,Toys,1,13.41,13.41,champion
INV101353,2024-12-11,C00199,United Kingdom,P0245,Beauty Item 0245,Beauty,4,3.3,13.2,champion
INV101353,2024-12-11,C00199,United Kingdom,P0033,Sports Item 0033,Sports,5,8.82,44.1,champion
INV101353,2024-12-11,C00199,United Kingdom,P0224,Toys Item 0224,Toys,3,6.73,20.19,champion
INV101353,2024-12-11,C00199,United Kingdom,P0103,Garden Item 0103,Garden,1,5.64,5.64,champion
INV100192,2024-12-12,C00134,United Kingdom,P0021,Sports Item 0021,Sports,4,9.22,36.88,champion
INV100192,2024-12-12,C00134,United Kingdom,P0095,Sports Item 0095,Sports,1,6.85,6.85,champion
INV100192,2024-12-12,C00134,United Kingdom,P0216,Stationery Item 0216,Stationery,3,7.88,23.64,champion
INV100192,2024-12-12,C00134,United Kingdom,P0109,Apparel Item 0109,Apparel,2,11.92,23.84,champion
INV100192,2024-12-12,C00134,United Kingdom,P0240,Garden Item 0240,Garden,5,7.99,39.95,champion
INV100192,2024-12-12,C00134,United Kingdom,P0227,Garden Item 0227,Garden,3,14.32,42.96,champion
INV100192,2024-12-12,C00134,United Kingdom,P0037,Toys Item 0037,Toys,1,10.9,10.9,champion
INV100192,2024-12-12,C00134,United Kingdom,P0124,Toys Item 0124,Toys,5,5.36,26.8,champion
INV100636,2024-12-12,C00345,Netherlands,P0267,Electronics Item 0267,Electronics Accessories,4,11.36,45.44,loyal
INV100636,2024-12-12,C00345,Netherlands,P0257,Electronics Item 0257,Electronics Accessories,1,16.69,16.69,loyal
INV100636,2024-12-12,C00345,Netherlands,P0134,Beauty Item 0134,Beauty,5,8.0,40.0,loyal
INV100636,2024-12-12,C00345,Netherlands,P0234,Beauty Item 0234,Beauty,2,14.59,29.18,loyal
INV100636,2024-12-12,C00345,Netherlands,P0013,Apparel Item 0013,Apparel,4,6.43,25.72,loyal
INV100636,2024-12-12,C00345,Netherlands,P0014,Sports Item 0014,Sports,1,10.64,10.64,loyal
INV100636,2024-12-12,C00345,Netherlands,P0019,Electronics Item 0019,Electronics Accessories,1,17.73,17.73,loyal
INV100636,2024-12-12,C00345,Netherlands,P0283,Toys Item 0283,Toys,1,9.72,9.72,loyal
INV100636,2024-12-12,C00345,Netherlands,P0196,Stationery Item 0196,Stationery,5,11.07,55.35,loyal
INV100636,2024-12-12,C00345,Netherlands,P0097,Stationery Item 0097,Stationery,2,7.93,15.86,loyal
INV100789,2024-12-12,C00446,Ireland,P0096,Toys Item 0096,Toys,5,10.29,51.45,champion
INV100789,2024-12-12,C00446,Ireland,P0299,Home Item 0299,Home & Kitchen,1,23.81,23.81,champion
INV100789,2024-12-12,C00446,Ireland,P0213,Toys Item 0213,Toys,2,13.64,27.28,champion
INV100789,2024-12-12,C00446,Ireland,P0087,Home Item 0087,Home & Kitchen,3,9.17,27.51,champion
INV100789,2024-12-12,C00446,Ireland,P0184,Stationery Item 0184,Stationery,3,12.05,36.15,champion
INV100789,2024-12-12,C00446,Ireland,P0273,Stationery Item 0273,Stationery,2,14.81,29.62,champion
INV100789,2024-12-12,C00446,Ireland,P0079,Sports Item 0079,Sports,2,17.36,34.72,champion
INV101049,2024-12-12,C00406,Germany,P0204,Apparel Item 0204,Apparel,3,44.41,133.23,loyal
INV101178,2024-12-12,C00276,United Kingdom,P0148,Apparel Item 0148,Apparel,5,27.92,139.6,loyal
INV101178,2024-12-12,C00276,United Kingdom,P0080,Toys Item 0080,Toys,5,10.29,51.45,loyal
INV101178,2024-12-12,C00276,United Kingdom,P0107,Home Item 0107,Home & Kitchen,4,7.79,31.16,loyal
INV101178,2024-12-12,C00276,United Kingdom,P0266,Beauty Item 0266,Beauty,4,9.2,36.8,loyal
INV101178,2024-12-12,C00276,United Kingdom,P0294,Toys Item 0294,Toys,3,5.09,15.27,loyal
INV101178,2024-12-12,C00276,United Kingdom,P0269,Electronics Item 0269,Electronics Accessories,5,3.48,17.4,loyal
INV101178,2024-12-12,C00276,United Kingdom,P0182,Toys Item 0182,Toys,1,14.77,14.77,loyal
INV101460,2024-12-12,C00067,United Kingdom,P0203,Sports Item 0203,Sports,1,20.16,20.16,champion
INV100237,2024-12-13,C00071,Netherlands,P0094,Apparel Item 0094,Apparel,3,14.15,42.45,champion
INV100237,2024-12-13,C00071,Netherlands,P0170,Apparel Item 0170,Apparel,3,26.08,78.24,champion
INV100237,2024-12-13,C00071,Netherlands,P0062,Stationery Item 0062,Stationery,1,32.4,32.4,champion
INV100237,2024-12-13,C00071,Netherlands,P0157,Toys Item 0157,Toys,5,16.13,80.65,champion
INV100237,2024-12-13,C00071,Netherlands,P0111,Sports Item 0111,Sports,3,52.97,158.91,champion
INV100237,2024-12-13,C00071,Netherlands,P0279,Apparel Item 0279,Apparel,2,9.71,19.42,champion
INV100237,2024-12-13,C00071,Netherlands,P0212,Sports Item 0212,Sports,4,27.54,110.16,champion
INV100237,2024-12-13,C00071,Netherlands,P0283,Toys Item 0283,Toys,4,9.72,38.88,champion
INV100237,2024-12-13,C00071,Netherlands,P0133,Home Item 0133,Home & Kitchen,5,3.6,18.0,champion
INV100237,2024-12-13,C00071,Netherlands,P0172,Sports Item 0172,Sports,1,6.08,6.08,champion
INV100237,2024-12-13,C00071,Netherlands,P0210,Beauty Item 0210,Beauty,3,6.08,18.24,champion
INV100237,2024-12-13,C00071,Netherlands,P0218,Electronics Item 0218,Electronics Accessories,1,6.37,6.37,champion
INV100671,2024-12-13,C00091,Germany,P0091,Garden Item 0091,Garden,4,12.22,48.88,champion
INV100671,2024-12-13,C00091,Germany,P0165,Home Item 0165,Home & Kitchen,1,4.44,4.44,champion
INV100671,2024-12-13,C00091,Germany,P0055,Toys Item 0055,Toys,1,36.31,36.31,champion
INV100671,2024-12-13,C00091,Germany,P0074,Beauty Item 0074,Beauty,3,28.74,86.22,champion
INV100671,2024-12-13,C00091,Germany,P0175,Garden Item 0175,Garden,1,15.65,15.65,champion
INV100671,2024-12-13,C00091,Germany,P0220,Sports Item 0220,Sports,1,13.16,13.16,champion
INV100671,2024-12-13,C00091,Germany,P0108,Garden Item 0108,Garden,2,12.75,25.5,champion
INV100671,2024-12-13,C00091,Germany,P0147,Electronics Item 0147,Electronics Accessories,1,21.42,21.42,champion
INV100671,2024-12-13,C00091,Germany,P0112,Apparel Item 0112,Apparel,2,14.8,29.6,champion
INV100903,2024-12-13,C00120,United Kingdom,P0203,Sports Item 0203,Sports,5,20.16,100.8,champion
INV100903,2024-12-13,C00120,United Kingdom,P0211,Garden Item 0211,Garden,2,10.09,20.18,champion
INV100903,2024-12-13,C00120,United Kingdom,P0107,Home Item 0107,Home & Kitchen,4,7.79,31.16,champion
INV100903,2024-12-13,C00120,United Kingdom,P0000,Home Item 0000,Home & Kitchen,4,5.41,21.64,champion
INV100903,2024-12-13,C00120,United Kingdom,P0205,Home Item 0205,Home & Kitchen,5,7.76,38.8,champion
INV100903,2024-12-13,C00120,United Kingdom,P0256,Home Item 0256,Home & Kitchen,3,10.1,30.3,champion
INV100903,2024-12-13,C00120,United Kingdom,P0209,Garden Item 0209,Garden,5,20.19,100.95,champion
INV101021,2024-12-13,C00447,United Kingdom,P0270,Electronics Item 0270,Electronics Accessories,1,13.76,13.76,champion
INV101021,2024-12-13,C00447,United Kingdom,P0204,Apparel Item 0204,Apparel,2,44.41,88.82,champion
INV101021,2024-12-13,C00447,United Kingdom,P0081,Garden Item 0081,Garden,5,26.84,134.2,champion
INV101021,2024-12-13,C00447,United Kingdom,P0200,Garden Item 0200,Garden,1,9.29,9.29,champion
INV101021,2024-12-13,C00447,United Kingdom,P0258,Toys Item 0258,Toys,2,17.95,35.9,champion
INV101021,2024-12-13,C00447,United Kingdom,P0252,Sports Item 0252,Sports,1,8.64,8.64,champion
INV101021,2024-12-13,C00447,United Kingdom,P0210,Beauty Item 0210,Beauty,1,6.08,6.08,champion
INV101067,2024-12-13,C00447,United Kingdom,P0280,Beauty Item 0280,Beauty,3,6.37,19.11,champion
INV101067,2024-12-13,C00447,United Kingdom,P0004,Garden Item 0004,Garden,1,18.82,18.82,champion
INV101067,2024-12-13,C00447,United Kingdom,P0062,Stationery Item 0062,Stationery,4,32.4,129.6,champion
INV101067,2024-12-13,C00447,United Kingdom,P0088,Garden Item 0088,Garden,1,25.85,25.85,champion
INV101067,2024-12-13,C00447,United Kingdom,P0043,Electronics Item 0043,Electronics Accessories,5,19.52,97.6,champion
INV101067,2024-12-13,C00447,United Kingdom,P0081,Garden Item 0081,Garden,2,26.84,53.68,champion
INV101067,2024-12-13,C00447,United Kingdom,P0282,Beauty Item 0282,Beauty,4,10.02,40.08,champion
INV101381,2024-12-13,C00408,Ireland,P0109,Apparel Item 0109,Apparel,3,11.92,35.76,champion
INV101381,2024-12-13,C00408,Ireland,P0100,Electronics Item 0100,Electronics Accessories,2,5.18,10.36,champion
INV101094,2024-12-14,C00359,France,P0229,Stationery Item 0229,Stationery,3,10.31,30.93,champion
INV101094,2024-12-14,C00359,France,P0082,Home Item 0082,Home & Kitchen,5,2.54,12.7,champion
INV101094,2024-12-14,C00359,France,P0234,Beauty Item 0234,Beauty,3,14.59,43.77,champion
INV101094,2024-12-14,C00359,France,P0106,Garden Item 0106,Garden,1,9.58,9.58,champion
INV101094,2024-12-14,C00359,France,P0200,Garden Item 0200,Garden,5,9.29,46.45,champion
INV101094,2024-12-14,C00359,France,P0294,Toys Item 0294,Toys,3,5.09,15.27,champion
INV101094,2024-12-14,C00359,France,P0273,Stationery Item 0273,Stationery,5,14.81,74.05,champion
INV100107,2024-12-15,C00143,Germany,P0163,Sports Item 0163,Sports,2,16.1,32.2,champion
INV100107,2024-12-15,C00143,Germany,P0204,Apparel Item 0204,Apparel,4,44.41,177.64,champion
INV100107,2024-12-15,C00143,Germany,P0137,Beauty Item 0137,Beauty,1,7.15,7.15,champion
INV100107,2024-12-15,C00143,Germany,P0128,Stationery Item 0128,Stationery,5,9.37,46.85,champion
INV100107,2024-12-15,C00143,Germany,P0110,Sports Item 0110,Sports,5,14.16,70.8,champion
INV100107,2024-12-15,C00143,Germany,P0001,Sports Item 0001,Sports,3,20.7,62.1,champion
INV100107,2024-12-15,C00143,Germany,P0120,Sports Item 0120,Sports,3,12.93,38.79,champion
INV100107,2024-12-15,C00143,Germany,P0248,Apparel Item 0248,Apparel,4,18.11,72.44,champion
INV100107,2024-12-15,C00143,Germany,P0241,Sports Item 0241,Sports,1,13.49,13.49,champion
INV100498,2024-12-15,C00020,United Kingdom,P0221,Sports Item 0221,Sports,3,18.04,54.12,champion
INV100498,2024-12-15,C00020,United Kingdom,P0110,Sports Item 0110,Sports,1,14.16,14.16,champion
INV100498,2024-12-15,C00020,United Kingdom,P0216,Stationery Item 0216,Stationery,2,7.88,15.76,champion
INV100498,2024-12-15,C00020,United Kingdom,P0024,Sports Item 0024,Sports,4,9.12,36.48,champion
INV100498,2024-12-15,C00020,United Kingdom,P0168,Sports Item 0168,Sports,5,25.71,128.55,champion
INV100498,2024-12-15,C00020,United Kingdom,P0256,Home Item 0256,Home & Kitchen,4,10.1,40.4,champion
INV100498,2024-12-15,C00020,United Kingdom,P0259,Apparel Item 0259,Apparel,2,12.89,25.78,champion
INV100860,2024-12-15,C00134,United Kingdom,P0173,Apparel Item 0173,Apparel,1,19.11,19.11,champion
INV100860,2024-12-15,C00134,United Kingdom,P0184,Stationery Item 0184,Stationery,4,12.05,48.2,champion
INV100695,2024-12-16,C00397,United Kingdom,P0173,Apparel Item 0173,Apparel,4,19.11,76.44,loyal
INV100695,2024-12-16,C00397,United Kingdom,P0257,Electronics Item 0257,Electronics Accessories,5,16.69,83.45,loyal
INV100695,2024-12-16,C00397,United Kingdom,P0255,Electronics Item 0255,Electronics Accessories,5,2.75,13.75,loyal
INV100695,2024-12-16,C00397,United Kingdom,P0186,Sports Item 0186,Sports,2,11.3,22.6,loyal
INV100282,2024-12-17,C00227,France,P0211,Garden Item 0211,Garden,5,10.09,50.45,champion
INV100661,2024-12-17,C00067,United Kingdom,P0161,Home Item 0161,Home & Kitchen,4,6.97,27.88,champion
INV100661,2024-12-17,C00067,United Kingdom,P0169,Apparel Item 0169,Apparel,3,6.65,19.95,champion
INV101433,2024-12-17,C00141,United Kingdom,P0020,Sports Item 0020,Sports,1,17.23,17.23,dormant
INV101433,2024-12-17,C00141,United Kingdom,P0172,Sports Item 0172,Sports,2,6.08,12.16,dormant
INV100002,2024-12-19,C00252,United Kingdom,P0174,Apparel Item 0174,Apparel,5,14.86,74.3,loyal
INV100002,2024-12-19,C00252,United Kingdom,P0191,Stationery Item 0191,Stationery,1,8.67,8.67,loyal
INV100442,2024-12-19,C00446,Ireland,P0026,Sports Item 0026,Sports,1,9.03,9.03,champion
INV100442,2024-12-19,C00446,Ireland,P0054,Toys Item 0054,Toys,5,14.13,70.65,champion
INV100442,2024-12-19,C00446,Ireland,P0118,Apparel Item 0118,Apparel,2,9.67,19.34,champion
INV100442,2024-12-19,C00446,Ireland,P0251,Sports Item 0251,Sports,1,7.43,7.43,champion
INV100442,2024-12-19,C00446,Ireland,P0149,Toys Item 0149,Toys,1,6.39,6.39,champion
INV100442,2024-12-19,C00446,Ireland,P0140,Apparel Item 0140,Apparel,4,15.06,60.24,champion
INV100442,2024-12-19,C00446,Ireland,P0121,Toys Item 0121,Toys,2,8.89,17.78,champion
INV101106,2024-12-19,C00478,United Kingdom,P0281,Beauty Item 0281,Beauty,3,2.14,6.42,champion
INV101106,2024-12-19,C00478,United Kingdom,P0231,Toys Item 0231,Toys,1,10.98,10.98,champion
INV101106,2024-12-19,C00478,United Kingdom,P0187,Garden Item 0187,Garden,3,6.33,18.99,champion
INV101106,2024-12-19,C00478,United Kingdom,P0125,Toys Item 0125,Toys,3,25.33,75.99,champion
INV101106,2024-12-19,C00478,United Kingdom,P0178,Garden Item 0178,Garden,1,15.19,15.19,champion
INV101106,2024-12-19,C00478,United Kingdom,P0011,Stationery Item 0011,Stationery,3,15.05,45.15,champion
INV101106,2024-12-19,C00478,United Kingdom,P0180,Stationery Item 0180,Stationery,4,9.07,36.28,champion
INV101106,2024-12-19,C00478,United Kingdom,P0277,Beauty Item 0277,Beauty,3,18.96,56.88,champion
INV101106,2024-12-19,C00478,United Kingdom,P0188,Beauty Item 0188,Beauty,1,5.1,5.1,champion
INV101106,2024-12-19,C00478,United Kingdom,P0017,Toys Item 0017,Toys,4,13.41,53.64,champion
INV101106,2024-12-19,C00478,United Kingdom,P0284,Apparel Item 0284,Apparel,3,22.03,66.09,champion
INV101106,2024-12-19,C00478,United Kingdom,P0139,Stationery Item 0139,Stationery,3,2.18,6.54,champion
INV101106,2024-12-19,C00478,United Kingdom,P0113,Garden Item 0113,Garden,1,5.12,5.12,champion
INV101106,2024-12-19,C00478,United Kingdom,P0129,Sports Item 0129,Sports,1,7.01,7.01,champion
INV101106,2024-12-19,C00478,United Kingdom,P0040,Toys Item 0040,Toys,1,25.32,25.32,champion
INV101106,2024-12-19,C00478,United Kingdom,P0217,Electronics Item 0217,Electronics Accessories,5,2.06,10.3,champion
INV101106,2024-12-19,C00478,United Kingdom,P0077,Home Item 0077,Home & Kitchen,2,8.82,17.64,champion
INV101106,2024-12-19,C00478,United Kingdom,P0241,Sports Item 0241,Sports,3,13.49,40.47,champion
INV101118,2024-12-19,C00147,France,P0231,Toys Item 0231,Toys,5,10.98,54.9,champion
INV101118,2024-12-19,C00147,France,P0208,Sports Item 0208,Sports,4,17.62,70.48,champion
INV101118,2024-12-19,C00147,France,P0099,Toys Item 0099,Toys,1,3.9,3.9,champion
INV101118,2024-12-19,C00147,France,P0295,Home Item 0295,Home & Kitchen,5,11.96,59.8,champion
INV101118,2024-12-19,C00147,France,P0168,Sports Item 0168,Sports,1,25.71,25.71,champion
INV101118,2024-12-19,C00147,France,P0290,Garden Item 0290,Garden,3,5.49,16.47,champion
INV101118,2024-12-19,C00147,France,P0040,Toys Item 0040,Toys,5,25.32,126.6,champion
INV101118,2024-12-19,C00147,France,P0123,Toys Item 0123,Toys,1,19.79,19.79,champion
INV100119,2024-12-20,C00147,France,P0045,Electronics Item 0045,Electronics Accessories,2,3.96,7.92,champion
INV100119,2024-12-20,C00147,France,P0024,Sports Item 0024,Sports,2,9.12,18.24,champion
INV100537,2024-12-21,C00381,Netherlands,P0007,Stationery Item 0007,Stationery,5,19.96,99.8,regular
INV100537,2024-12-21,C00381,Netherlands,P0053,Garden Item 0053,Garden,2,9.88,19.76,regular
INV100537,2024-12-21,C00381,Netherlands,P0208,Sports Item 0208,Sports,4,17.62,70.48,regular
INV100537,2024-12-21,C00381,Netherlands,P0062,Stationery Item 0062,Stationery,1,32.4,32.4,regular
INV100537,2024-12-21,C00381,Netherlands,P0039,Home Item 0039,Home & Kitchen,5,14.93,74.65,regular
INV100537,2024-12-21,C00381,Netherlands,P0017,Toys Item 0017,Toys,2,13.41,26.82,regular
INV100628,2024-12-21,C00379,United Kingdom,P0154,Home Item 0154,Home & Kitchen,1,12.36,12.36,champion
INV100628,2024-12-21,C00379,United Kingdom,P0031,Apparel Item 0031,Apparel,4,17.17,68.68,champion
INV100628,2024-12-21,C00379,United Kingdom,P0213,Toys Item 0213,Toys,2,13.64,27.28,champion
INV100628,2024-12-21,C00379,United Kingdom,P0187,Garden Item 0187,Garden,4,6.33,25.32,champion
INV100628,2024-12-21,C00379,United Kingdom,P0125,Toys Item 0125,Toys,5,25.33,126.65,champion
INV100628,2024-12-21,C00379,United Kingdom,P0178,Garden Item 0178,Garden,5,15.19,75.95,champion
INV100628,2024-12-21,C00379,United Kingdom,P0023,Garden Item 0023,Garden,5,6.18,30.9,champion
INV100628,2024-12-21,C00379,United Kingdom,P0105,Beauty Item 0105,Beauty,5,10.5,52.5,champion
INV100945,2024-12-21,C00334,United Kingdom,P0030,Toys Item 0030,Toys,3,8.54,25.62,loyal
INV100945,2024-12-21,C00334,United Kingdom,P0171,Garden Item 0171,Garden,4,6.31,25.24,loyal
INV100945,2024-12-21,C00334,United Kingdom,P0155,Apparel Item 0155,Apparel,2,3.52,7.04,loyal
INV100945,2024-12-21,C00334,United Kingdom,P0278,Toys Item 0278,Toys,3,8.56,25.68,loyal
INV100945,2024-12-21,C00334,United Kingdom,P0207,Apparel Item 0207,Apparel,3,10.85,32.55,loyal
INV100945,2024-12-21,C00334,United Kingdom,P0069,Electronics Item 0069,Electronics Accessories,2,8.37,16.74,loyal
INV100945,2024-12-21,C00334,United Kingdom,P0269,Electronics Item 0269,Electronics Accessories,1,3.48,3.48,loyal
INV100945,2024-12-21,C00334,United Kingdom,P0194,Garden Item 0194,Garden,3,48.13,144.39,loyal
INV100945,2024-12-21,C00334,United Kingdom,P0282,Beauty Item 0282,Beauty,5,10.02,50.1,loyal
INV101427,2024-12-21,C00348,Germany,P0143,Home Item 0143,Home & Kitchen,5,7.7,38.5,champion
INV101427,2024-12-21,C00348,Germany,P0056,Toys Item 0056,Toys,3,5.63,16.89,champion
INV101427,2024-12-21,C00348,Germany,P0226,Sports Item 0226,Sports,5,6.07,30.35,champion
INV101427,2024-12-21,C00348,Germany,P0178,Garden Item 0178,Garden,1,15.19,15.19,champion
INV101427,2024-12-21,C00348,Germany,P0247,Home Item 0247,Home & Kitchen,1,15.37,15.37,champion
INV101427,2024-12-21,C00348,Germany,P0264,Home Item 0264,Home & Kitchen,5,16.77,83.85,champion
INV101427,2024-12-21,C00348,Germany,P0043,Electronics Item 0043,Electronics Accessories,2,19.52,39.04,champion
INV101427,2024-12-21,C00348,Germany,P0272,Stationery Item 0272,Stationery,1,43.64,43.64,champion
INV101427,2024-12-21,C00348,Germany,P0037,Toys Item 0037,Toys,5,10.9,54.5,champion
INV101427,2024-12-21,C00348,Germany,P0212,Sports Item 0212,Sports,3,27.54,82.62,champion
INV101427,2024-12-21,C00348,Germany,P0141,Sports Item 0141,Sports,5,16.81,84.05,champion
INV101427,2024-12-21,C00348,Germany,P0121,Toys Item 0121,Toys,3,8.89,26.67,champion
INV101444,2024-12-22,C00179,Spain,P0253,Toys Item 0253,Toys,5,5.41,27.05,loyal
INV101444,2024-12-22,C00179,Spain,P0049,Home Item 0049,Home & Kitchen,1,26.16,26.16,loyal
INV100742,2024-12-23,C00197,Netherlands,P0177,Apparel Item 0177,Apparel,1,7.91,7.91,loyal
INV100846,2024-12-23,C00487,United Kingdom,P0179,Toys Item 0179,Toys,4,14.27,57.08,champion
INV100846,2024-12-23,C00487,United Kingdom,P0086,Toys Item 0086,Toys,2,15.78,31.56,champion
INV101011,2024-12-23,C00293,United Kingdom,P0138,Stationery Item 0138,Stationery,3,23.38,70.14,loyal
INV101011,2024-12-23,C00293,United Kingdom,P0219,Stationery Item 0219,Stationery,4,10.17,40.68,loyal
INV101011,2024-12-23,C00293,United Kingdom,P0258,Toys Item 0258,Toys,5,17.95,89.75,loyal
INV101011,2024-12-23,C00293,United Kingdom,P0205,Home Item 0205,Home & Kitchen,5,7.76,38.8,loyal
INV101011,2024-12-23,C00293,United Kingdom,P0233,Apparel Item 0233,Apparel,3,25.83,77.49,loyal
INV101012,2024-12-23,C00320,United Kingdom,P0069,Electronics Item 0069,Electronics Accessories,3,8.37,25.11,loyal
INV101012,2024-12-23,C00320,United Kingdom,P0267,Electronics Item 0267,Electronics Accessories,2,11.36,22.72,loyal
INV101012,2024-12-23,C00320,United Kingdom,P0115,Home Item 0115,Home & Kitchen,3,20.54,61.62,loyal
INV101012,2024-12-23,C00320,United Kingdom,P0064,Beauty Item 0064,Beauty,4,5.73,22.92,loyal
INV100246,2024-12-24,C00234,Germany,P0107,Home Item 0107,Home & Kitchen,1,7.79,7.79,loyal
INV100246,2024-12-24,C00234,Germany,P0011,Stationery Item 0011,Stationery,3,15.05,45.15,loyal
INV100246,2024-12-24,C00234,Germany,P0199,Sports Item 0199,Sports,1,14.62,14.62,loyal
INV100246,2024-12-24,C00234,Germany,P0205,Home Item 0205,Home & Kitchen,5,7.76,38.8,loyal
INV100246,2024-12-24,C00234,Germany,P0273,Stationery Item 0273,Stationery,3,14.81,44.43,loyal
INV100246,2024-12-24,C00234,Germany,P0210,Beauty Item 0210,Beauty,2,6.08,12.16,loyal
INV100246,2024-12-24,C00234,Germany,P0164,Home Item 0164,Home & Kitchen,1,19.4,19.4,loyal
INV100486,2024-12-24,C00267,Ireland,P0208,Sports Item 0208,Sports,2,17.62,35.24,champion
INV100486,2024-12-24,C00267,Ireland,P0020,Sports Item 0020,Sports,4,17.23,68.92,champion
INV100486,2024-12-24,C00267,Ireland,P0172,Sports Item 0172,Sports,1,6.08,6.08,champion
INV100268,2024-12-25,C00095,United Kingdom,P0299,Home Item 0299,Home & Kitchen,2,23.81,47.62,champion
INV100268,2024-12-25,C00095,United Kingdom,P0257,Electronics Item 0257,Electronics Accessories,1,16.69,16.69,champion
INV100268,2024-12-25,C00095,United Kingdom,P0015,Stationery Item 0015,Stationery,4,6.38,25.52,champion
INV100268,2024-12-25,C00095,United Kingdom,P0215,Stationery Item 0215,Stationery,2,15.43,30.86,champion
INV100268,2024-12-25,C00095,United Kingdom,P0128,Stationery Item 0128,Stationery,1,9.37,9.37,champion
INV100268,2024-12-25,C00095,United Kingdom,P0019,Electronics Item 0019,Electronics Accessories,3,17.73,53.19,champion
INV100268,2024-12-25,C00095,United Kingdom,P0010,Sports Item 0010,Sports,3,16.22,48.66,champion
INV100268,2024-12-25,C00095,United Kingdom,P0202,Toys Item 0202,Toys,4,3.81,15.24,champion
INV100268,2024-12-25,C00095,United Kingdom,P0034,Apparel Item 0034,Apparel,1,8.29,8.29,champion
INV100812,2024-12-25,C00098,Netherlands,P0212,Sports Item 0212,Sports,5,27.54,137.7,champion
INV100812,2024-12-25,C00098,Netherlands,P0096,Toys Item 0096,Toys,3,10.29,30.87,champion
INV100812,2024-12-25,C00098,Netherlands,P0230,Apparel Item 0230,Apparel,1,13.03,13.03,champion
INV100812,2024-12-25,C00098,Netherlands,P0213,Toys Item 0213,Toys,5,13.64,68.2,champion
INV100812,2024-12-25,C00098,Netherlands,P0187,Garden Item 0187,Garden,2,6.33,12.66,champion
INV100812,2024-12-25,C00098,Netherlands,P0291,Sports Item 0291,Sports,4,23.03,92.12,champion
INV100812,2024-12-25,C00098,Netherlands,P0101,Stationery Item 0101,Stationery,5,55.1,275.5,champion
INV100812,2024-12-25,C00098,Netherlands,P0284,Apparel Item 0284,Apparel,5,22.03,110.15,champion
INV100812,2024-12-25,C00098,Netherlands,P0295,Home Item 0295,Home & Kitchen,1,11.96,11.96,champion
INV100812,2024-12-25,C00098,Netherlands,P0100,Electronics Item 0100,Electronics Accessories,1,5.18,5.18,champion
INV100812,2024-12-25,C00098,Netherlands,P0121,Toys Item 0121,Toys,4,8.89,35.56,champion
INV100812,2024-12-25,C00098,Netherlands,P0131,Stationery Item 0131,Stationery,4,12.06,48.24,champion
INV100812,2024-12-25,C00098,Netherlands,P0086,Toys Item 0086,Toys,5,15.78,78.9,champion
INV100812,2024-12-25,C00098,Netherlands,P0003,Beauty Item 0003,Beauty,3,11.37,34.11,champion
INV101039,2024-12-25,C00306,Spain,P0021,Sports Item 0021,Sports,2,9.22,18.44,loyal
INV101039,2024-12-25,C00306,Spain,P0289,Home Item 0289,Home & Kitchen,5,3.62,18.1,loyal
INV101039,2024-12-25,C00306,Spain,P0024,Sports Item 0024,Sports,3,9.12,27.36,loyal
INV101039,2024-12-25,C00306,Spain,P0262,Home Item 0262,Home & Kitchen,2,8.77,17.54,loyal
INV101176,2024-12-25,C00021,United Kingdom,P0249,Apparel Item 0249,Apparel,2,7.46,14.92,champion
INV101176,2024-12-25,C00021,United Kingdom,P0277,Beauty Item 0277,Beauty,3,18.96,56.88,champion
INV101176,2024-12-25,C00021,United Kingdom,P0179,Toys Item 0179,Toys,4,14.27,57.08,champion
INV101176,2024-12-25,C00021,United Kingdom,P0023,Garden Item 0023,Garden,4,6.18,24.72,champion
INV101176,2024-12-25,C00021,United Kingdom,P0191,Stationery Item 0191,Stationery,1,8.67,8.67,champion
INV101176,2024-12-25,C00021,United Kingdom,P0121,Toys Item 0121,Toys,4,8.89,35.56,champion
INV101176,2024-12-25,C00021,United Kingdom,P0146,Garden Item 0146,Garden,2,10.36,20.72,champion
INV101176,2024-12-25,C00021,United Kingdom,P0070,Beauty Item 0070,Beauty,3,12.9,38.7,champion
INV101176,2024-12-25,C00021,United Kingdom,P0094,Apparel Item 0094,Apparel,1,14.15,14.15,champion
INV100105,2024-12-27,C00162,Netherlands,P0168,Sports Item 0168,Sports,5,25.71,128.55,loyal
INV100286,2024-12-27,C00190,United Kingdom,P0133,Home Item 0133,Home & Kitchen,3,3.6,10.8,loyal
INV100286,2024-12-27,C00190,United Kingdom,P0287,Toys Item 0287,Toys,5,17.98,89.9,loyal
INV100286,2024-12-27,C00190,United Kingdom,P0024,Sports Item 0024,Sports,4,9.12,36.48,loyal
INV100286,2024-12-27,C00190,United Kingdom,P0130,Home Item 0130,Home & Kitchen,5,18.87,94.35,loyal
INV101226,2024-12-28,C00328,United Kingdom,P0268,Beauty Item 0268,Beauty,4,10.88,43.52,loyal
INV101226,2024-12-28,C00328,United Kingdom,P0190,Stationery Item 0190,Stationery,4,5.75,23.0,loyal
INV101226,2024-12-28,C00328,United Kingdom,P0013,Apparel Item 0013,Apparel,4,6.43,25.72,loyal
INV101226,2024-12-28,C00328,United Kingdom,P0119,Stationery Item 0119,Stationery,4,27.78,111.12,loyal
INV101226,2024-12-28,C00328,United Kingdom,P0295,Home Item 0295,Home & Kitchen,2,11.96,23.92,loyal
INV101226,2024-12-28,C00328,United Kingdom,P0141,Sports Item 0141,Sports,5,16.81,84.05,loyal
INV101226,2024-12-28,C00328,United Kingdom,P0078,Apparel Item 0078,Apparel,1,26.81,26.81,loyal
INV100470,2024-12-29,C00465,Germany,P0120,Sports Item 0120,Sports,1,12.93,12.93,loyal
INV100470,2024-12-29,C00465,Germany,P0278,Toys Item 0278,Toys,2,8.56,17.12,loyal
INV100470,2024-12-29,C00465,Germany,P0031,Apparel Item 0031,Apparel,1,17.17,17.17,loyal
INV100470,2024-12-29,C00465,Germany,P0259,Apparel Item 0259,Apparel,3,12.89,38.67,loyal
INV101377,2024-12-29,C00052,Spain,P0292,Beauty Item 0292,Beauty,4,5.92,23.68,champion
INV101377,2024-12-29,C00052,Spain,P0035,Toys Item 0035,Toys,5,15.71,78.55,champion
INV101377,2024-12-29,C00052,Spain,P0285,Toys Item 0285,Toys,5,5.98,29.9,champion
INV101377,2024-12-29,C00052,Spain,P0205,Home Item 0205,Home & Kitchen,5,7.76,38.8,champion
INV101377,2024-12-29,C00052,Spain,P0130,Home Item 0130,Home & Kitchen,3,18.87,56.61,champion
INV101377,2024-12-29,C00052,Spain,P0010,Sports Item 0010,Sports,2,16.22,32.44,champion
INV101377,2024-12-29,C00052,Spain,P0094,Apparel Item 0094,Apparel,1,14.15,14.15,champion
INV100464,2024-12-30,C00078,Ireland,P0281,Beauty Item 0281,Beauty,5,2.14,10.7,loyal
INV100464,2024-12-30,C00078,Ireland,P0092,Home Item 0092,Home & Kitchen,5,34.22,171.1,loyal
INV100464,2024-12-30,C00078,Ireland,P0231,Toys Item 0231,Toys,5,10.98,54.9,loyal
INV100464,2024-12-30,C00078,Ireland,P0114,Home Item 0114,Home & Kitchen,5,15.7,78.5,loyal
INV100464,2024-12-30,C00078,Ireland,P0147,Electronics Item 0147,Electronics Accessories,1,21.42,21.42,loyal
INV100464,2024-12-30,C00078,Ireland,P0002,Garden Item 0002,Garden,4,12.52,50.08,loyal
