date,store_id,category,promo,sales
2023-01-01,S1,Apparel,0,110.0
2023-01-02,S1,Apparel,0,113.0
2023-01-03,S1,Apparel,0,80.0
2023-01-04,S1,Apparel,0,96.0
2023-01-05,S1,Apparel,0,62.0
2023-01-06,S1,Apparel,0,89.0
2023-01-07,S1,Apparel,0,114.0
2023-01-08,S1,Apparel,0,109.0
2023-01-09,S1,Apparel,0,80.0
2023-01-10,S1,Apparel,0,110.0
2023-01-11,S1,Apparel,0,93.0
2023-01-12,S1,Apparel,0,123.0
2023-01-13,S1,Apparel,0,95.0
2023-01-14,S1,Apparel,0,104.0
2023-01-15,S1,Apparel,0,86.0
2023-01-16,S1,Apparel,0,100.0
2023-01-17,S1,Apparel,0,105.0
2023-01-18,S1,Apparel,0,103.0
2023-01-19,S1,Apparel,0,111.0
2023-01-20,S1,Apparel,0,92.0
2023-01-21,S1,Apparel,0,76.0
2023-01-22,S1,Apparel,0,120.0
2023-01-23,S1,Apparel,0,99.0
2023-01-24,S1,Apparel,0,98.0
2023-01-25,S1,Apparel,0,140.0
2023-01-26,S1,Apparel,0,91.0
2023-01-27,S1,Apparel,0,102.0
2023-01-28,S1,Apparel,0,95.0
2023-01-29,S1,Apparel,0,81.0
2023-01-30,S1,Apparel,0,86.0
2023-01-31,S1,Apparel,0,87.0
2023-02-01,S1,Apparel,0,123.0
2023-02-02,S1,Apparel,0,102.0
2023-02-03,S1,Apparel,0,104.0
2023-02-04,S1,Apparel,0,132.0
2023-02-05,S1,Apparel,0,126.0
2023-02-06,S1,Apparel,0,89.0
2023-02-07,S1,Apparel,0,109.0
2023-02-08,S1,Apparel,0,100.0
2023-02-09,S1,Apparel,0,87.0
2023-02-10,S1,Apparel,0,103.0
2023-02-11,S1,Apparel,0,130.0
2023-02-12,S1,Apparel,0,158.0
2023-02-13,S1,Apparel,0,103.0
2023-02-14,S1,Apparel,0,111.0
2023-02-15,S1,Apparel,0,107.0
2023-02-16,S1,Apparel,0,152.0
2023-02-17,S1,Apparel,0,147.0
2023-02-18,S1,Apparel,0,144.0
2023-02-19,S1,Apparel,0,111.0
2023-02-20,S1,Apparel,0,123.0
2023-02-21,S1,Apparel,0,116.0
2023-02-22,S1,Apparel,0,113.0
2023-02-23,S1,Apparel,0,131.0
2023-02-24,S1,Apparel,0,149.0
2023-02-25,S1,Apparel,0,161.0
2023-02-26,S1,Apparel,0,173.0
2023-02-27,S1,Apparel,0,119.0
2023-02-28,S1,Apparel,0,110.0
2023-03-01,S1,Apparel,0,142.0
2023-03-02,S1,Apparel,0,126.0
2023-03-03,S1,Apparel,0,164.0
2023-03-04,S1,Apparel,1,137.0
2023-03-05,S1,Apparel,1,207.0
2023-03-06,S1,Apparel,1,199.0
2023-03-07,S1,Apparel,1,186.0
2023-03-08,S1,Apparel,1,211.0
2023-03-09,S1,Apparel,0,193.0
2023-03-10,S1,Apparel,0,134.0
2023-03-11,S1,Apparel,0,193.0
2023-03-12,S1,Apparel,0,147.0
2023-03-13,S1,Apparel,0,140.0
2023-03-14,S1,Apparel,0,124.0
2023-03-15,S1,Apparel,0,157.0
2023-03-16,S1,Apparel,0,160.0
2023-03-17,S1,Apparel,0,148.0
2023-03-18,S1,Apparel,0,215.0
2023-03-19,S1,Apparel,0,174.0
2023-03-20,S1,Apparel,0,124.0
2023-03-21,S1,Apparel,0,182.0
2023-03-22,S1,Apparel,0,107.0
2023-03-23,S1,Apparel,0,167.0
2023-03-24,S1,Apparel,0,139.0
2023-03-25,S1,Apparel,0,151.0
2023-03-26,S1,Apparel,0,206.0
2023-03-27,S1,Apparel,0,207.0
2023-03-28,S1,Apparel,0,162.0
2023-03-29,S1,Apparel,0,198.0
2023-03-30,S1,Apparel,0,186.0
2023-03-31,S1,Apparel,0,163.0
2023-04-01,S1,Apparel,0,294.0
2023-04-02,S1,Apparel,0,164.0
2023-04-03,S1,Apparel,0,159.0
2023-04-04,S1,Apparel,0,209.0
2023-04-05,S1,Apparel,0,103.0
2023-04-06,S1,Apparel,0,208.0
2023-04-07,S1,Apparel,0,199.0
2023-04-08,S1,Apparel,0,225.0
2023-04-09,S1,Apparel,0,204.0
2023-04-10,S1,Apparel,0,199.0
2023-04-11,S1,Apparel,0,171.0
2023-04-12,S1,Apparel,0,201.0
2023-04-13,S1,Apparel,0,173.0
2023-04-14,S1,Apparel,0,196.0
2023-04-15,S1,Apparel,0,278.0
2023-04-16,S1,Apparel,0,273.0
2023-04-17,S1,Apparel,0,217.0
2023-04-18,S1,Apparel,0,206.0
2023-04-19,S1,Apparel,0,224.0
2023-04-20,S1,Apparel,0,179.0
2023-04-21,S1,Apparel,0,156.0
2023-04-22,S1,Apparel,0,216.0
2023-04-23,S1,Apparel,0,203.0
2023-04-24,S1,Apparel,0,178.0
2023-04-25,S1,Apparel,0,175.0
2023-04-26,S1,Apparel,0,184.0
2023-04-27,S1,Apparel,0,249.0
2023-04-28,S1,Apparel,0,249.0
2023-04-29,S1,Apparel,0,204.0
2023-04-30,S1,Apparel,0,226.0
2023-05-01,S1,Apparel,0,162.0
2023-05-02,S1,Apparel,0,212.0
2023-05-03,S1,Apparel,0,230.0
2023-05-04,S1,Apparel,0,254.0
2023-05-05,S1,Apparel,0,203.0
2023-05-06,S1,Apparel,0,236.0
2023-05-07,S1,Apparel,0,216.0
2023-05-08,S1,Apparel,0,225.0
2023-05-09,S1,Apparel,0,184.0
2023-05-10,S1,Apparel,0,235.0
2023-05-11,S1,Apparel,0,199.0
2023-05-12,S1,Apparel,0,267.0
2023-05-13,S1,Apparel,0,280.0
2023-05-14,S1,Apparel,0,228.0
2023-05-15,S1,Apparel,0,176.0
2023-05-16,S1,Apparel,0,247.0
2023-05-17,S1,Apparel,0,262.0
2023-05-18,S1,Apparel,0,129.0
2023-05-19,S1,Apparel,0,249.0
2023-05-20,S1,Apparel,0,301.0
2023-05-21,S1,Apparel,0,254.0
2023-05-22,S1,Apparel,0,150.0
2023-05-23,S1,Apparel,0,251.0
2023-05-24,S1,Apparel,0,230.0
2023-05-25,S1,Apparel,0,219.0
2023-05-26,S1,Apparel,0,245.0
2023-05-27,S1,Apparel,0,197.0
2023-05-28,S1,Apparel,1,375.0
2023-05-29,S1,Apparel,1,220.0
2023-05-30,S1,Apparel,1,318.0
2023-05-31,S1,Apparel,1,253.0
2023-06-01,S1,Apparel,1,278.0
2023-06-02,S1,Apparel,0,256.0
2023-06-03,S1,Apparel,0,260.0
2023-06-04,S1,Apparel,0,232.0
2023-06-05,S1,Apparel,0,178.0
2023-06-06,S1,Apparel,0,296.0
2023-06-07,S1,Apparel,0,207.0
2023-06-08,S1,Apparel,0,292.0
2023-06-09,S1,Apparel,0,247.0
2023-06-10,S1,Apparel,0,272.0
2023-06-11,S1,Apparel,0,221.0
2023-06-12,S1,Apparel,1,297.0
2023-06-13,S1,Apparel,1,365.0
2023-06-14,S1,Apparel,1,321.0
2023-06-15,S1,Apparel,1,326.0
2023-06-16,S1,Apparel,1,353.0
2023-06-17,S1,Apparel,0,305.0
2023-06-18,S1,Apparel,0,316.0
2023-06-19,S1,Apparel,0,274.0
2023-06-20,S1,Apparel,0,284.0
2023-06-21,S1,Apparel,0,253.0
2023-06-22,S1,Apparel,0,271.0
2023-06-23,S1,Apparel,0,264.0
2023-06-24,S1,Apparel,0,278.0
2023-06-25,S1,Apparel,0,305.0
2023-06-26,S1,Apparel,0,258.0
2023-06-27,S1,Apparel,0,321.0
2023-06-28,S1,Apparel,0,209.0
2023-06-29,S1,Apparel,0,216.0
2023-06-30,S1,Apparel,0,181.0
2023-07-01,S1,Apparel,0,336.0
2023-07-02,S1,Apparel,0,318.0
2023-07-03,S1,Apparel,0,256.0
2023-07-04,S1,Apparel,0,178.0
2023-07-05,S1,Apparel,0,177.0
2023-07-06,S1,Apparel,0,249.0
2023-07-07,S1,Apparel,0,276.0
2023-07-08,S1,Apparel,0,307.0
2023-07-09,S1,Apparel,0,230.0
2023-07-10,S1,Apparel,0,211.0
2023-07-11,S1,Apparel,0,299.0
2023-07-12,S1,Apparel,0,239.0
2023-07-13,S1,Apparel,0,255.0
2023-07-14,S1,Apparel,0,126.0
2023-07-15,S1,Apparel,0,275.0
2023-07-16,S1,Apparel,0,241.0
2023-07-17,S1,Apparel,0,251.0
2023-07-18,S1,Apparel,0,272.0
2023-07-19,S1,Apparel,0,203.0
2023-07-20,S1,Apparel,0,246.0
2023-07-21,S1,Apparel,0,244.0
2023-07-22,S1,Apparel,0,227.0
2023-07-23,S1,Apparel,0,241.0
2023-07-24,S1,Apparel,0,210.0
2023-07-25,S1,Apparel,0,279.0
2023-07-26,S1,Apparel,0,214.0
2023-07-27,S1,Apparel,0,204.0
2023-07-28,S1,Apparel,0,270.0
2023-07-29,S1,Apparel,0,152.0
2023-07-30,S1,Apparel,0,190.0
2023-07-31,S1,Apparel,0,249.0
2023-08-01,S1,Apparel,0,213.0
2023-08-02,S1,Apparel,0,245.0
2023-08-03,S1,Apparel,0,252.0
2023-08-04,S1,Apparel,0,264.0
2023-08-05,S1,Apparel,0,252.0
2023-08-06,S1,Apparel,0,259.0
2023-08-07,S1,Apparel,0,262.0
2023-08-08,S1,Apparel,0,214.0
2023-08-09,S1,Apparel,0,175.0
2023-08-10,S1,Apparel,0,272.0
2023-08-11,S1,Apparel,0,221.0
2023-08-12,S1,Apparel,0,199.0
2023-08-13,S1,Apparel,0,222.0
2023-08-14,S1,Apparel,1,250.0
2023-08-15,S1,Apparel,1,294.0
2023-08-16,S1,Apparel,1,268.0
2023-08-17,S1,Apparel,1,316.0
2023-08-18,S1,Apparel,1,263.0
2023-08-19,S1,Apparel,0,184.0
2023-08-20,S1,Apparel,0,268.0
2023-08-21,S1,Apparel,0,246.0
2023-08-22,S1,Apparel,0,124.0
2023-08-23,S1,Apparel,0,187.0
2023-08-24,S1,Apparel,0,221.0
2023-08-25,S1,Apparel,0,163.0
2023-08-26,S1,Apparel,0,168.0
2023-08-27,S1,Apparel,1,363.0
2023-08-28,S1,Apparel,1,280.0
2023-08-29,S1,Apparel,1,246.0
2023-08-30,S1,Apparel,1,323.0
2023-08-31,S1,Apparel,1,168.0
2023-09-01,S1,Apparel,0,233.0
2023-09-02,S1,Apparel,0,248.0
2023-09-03,S1,Apparel,0,129.0
2023-09-04,S1,Apparel,0,150.0
2023-09-05,S1,Apparel,0,201.0
2023-09-06,S1,Apparel,0,142.0
2023-09-07,S1,Apparel,0,208.0
2023-09-08,S1,Apparel,0,199.0
2023-09-09,S1,Apparel,0,196.0
2023-09-10,S1,Apparel,0,199.0
2023-09-11,S1,Apparel,0,159.0
2023-09-12,S1,Apparel,0,166.0
2023-09-13,S1,Apparel,0,203.0
2023-09-14,S1,Apparel,0,186.0
2023-09-15,S1,Apparel,0,204.0
2023-09-16,S1,Apparel,0,202.0
2023-09-17,S1,Apparel,0,211.0
2023-09-18,S1,Apparel,0,146.0
2023-09-19,S1,Apparel,0,143.0
2023-09-20,S1,Apparel,0,152.0
2023-09-21,S1,Apparel,0,189.0
2023-09-22,S1,Apparel,0,200.0
2023-09-23,S1,Apparel,0,186.0
2023-09-24,S1,Apparel,0,226.0
2023-09-25,S1,Apparel,0,186.0
2023-09-26,S1,Apparel,0,173.0
2023-09-27,S1,Apparel,0,151.0
2023-09-28,S1,Apparel,0,166.0
2023-09-29,S1,Apparel,0,172.0
2023-09-30,S1,Apparel,0,163.0
2023-10-01,S1,Apparel,0,148.0
2023-10-02,S1,Apparel,0,167.0
2023-10-03,S1,Apparel,0,157.0
2023-10-04,S1,Apparel,0,153.0
2023-10-05,S1,Apparel,0,132.0
2023-10-06,S1,Apparel,0,181.0
2023-10-07,S1,Apparel,0,117.0
2023-10-08,S1,Apparel,0,169.0
2023-10-09,S1,Apparel,0,169.0
2023-10-10,S1,Apparel,0,136.0
2023-10-11,S1,Apparel,0,138.0
2023-10-12,S1,Apparel,0,160.0
2023-10-13,S1,Apparel,0,147.0
2023-10-14,S1,Apparel,0,142.0
2023-10-15,S1,Apparel,0,138.0
2023-10-16,S1,Apparel,0,121.0
2023-10-17,S1,Apparel,0,153.0
2023-10-18,S1,Apparel,0,123.0
2023-10-19,S1,Apparel,0,165.0
2023-10-20,S1,Apparel,0,138.0
2023-10-21,S1,Apparel,0,170.0
2023-10-22,S1,Apparel,0,155.0
2023-10-23,S1,Apparel,0,138.0
2023-10-24,S1,Apparel,0,139.0
2023-10-25,S1,Apparel,0,147.0
2023-10-26,S1,Apparel,0,137.0
2023-10-27,S1,Apparel,0,168.0
2023-10-28,S1,Apparel,0,148.0
2023-10-29,S1,Apparel,0,118.0
2023-10-30,S1,Apparel,0,136.0
2023-10-31,S1,Apparel,0,112.0
2023-11-01,S1,Apparel,0,146.0
2023-11-02,S1,Apparel,0,103.0
2023-11-03,S1,Apparel,1,200.0
2023-11-04,S1,Apparel,1,169.0
2023-11-05,S1,Apparel,1,125.0
2023-11-06,S1,Apparel,1,160.0
2023-11-07,S1,Apparel,1,186.0
2023-11-08,S1,Apparel,0,84.0
2023-11-09,S1,Apparel,0,161.0
2023-11-10,S1,Apparel,0,123.0
2023-11-11,S1,Apparel,0,108.0
2023-11-12,S1,Apparel,0,151.0
2023-11-13,S1,Apparel,0,89.0
2023-11-14,S1,Apparel,0,106.0
2023-11-15,S1,Apparel,0,98.0
2023-11-16,S1,Apparel,0,114.0
2023-11-17,S1,Apparel,0,143.0
2023-11-18,S1,Apparel,0,132.0
2023-11-19,S1,Apparel,0,133.0
2023-11-20,S1,Apparel,0,170.0
2023-11-21,S1,Apparel,0,133.0
2023-11-22,S1,Apparel,0,149.0
2023-11-23,S1,Apparel,1,183.0
2023-11-24,S1,Apparel,1,215.0
2023-11-25,S1,Apparel,1,254.0
2023-11-26,S1,Apparel,1,151.0
2023-11-27,S1,Apparel,1,179.0
2023-11-28,S1,Apparel,0,140.0
2023-11-29,S1,Apparel,0,114.0
2023-11-30,S1,Apparel,0,188.0
2023-12-01,S1,Apparel,0,147.0
2023-12-02,S1,Apparel,0,168.0
2023-12-03,S1,Apparel,0,223.0
2023-12-04,S1,Apparel,0,128.0
2023-12-05,S1,Apparel,0,150.0
2023-12-06,S1,Apparel,0,155.0
2023-12-07,S1,Apparel,0,171.0
2023-12-08,S1,Apparel,0,177.0
2023-12-09,S1,Apparel,0,140.0
2023-12-10,S1,Apparel,0,186.0
2023-12-11,S1,Apparel,0,105.0
2023-12-12,S1,Apparel,0,170.0
2023-12-13,S1,Apparel,0,139.0
2023-12-14,S1,Apparel,0,119.0
2023-12-15,S1,Apparel,0,179.0
2023-12-16,S1,Apparel,0,134.0
2023-12-17,S1,Apparel,0,155.0
2023-12-18,S1,Apparel,0,124.0
2023-12-19,S1,Apparel,0,135.0
2023-12-20,S1,Apparel,0,113.0
2023-12-21,S1,Apparel,1,164.0
2023-12-22,S1,Apparel,1,150.0
2023-12-23,S1,Apparel,1,183.0
2023-12-24,S1,Apparel,1,176.0
2023-12-25,S1,Apparel,1,155.0
2023-12-26,S1,Apparel,0,111.0
2023-12-27,S1,Apparel,0,115.0
2023-12-28,S1,Apparel,0,104.0
2023-12-29,S1,Apparel,0,109.0
2023-12-30,S1,Apparel,0,142.0
2023-12-31,S1,Apparel,0,105.0
2024-01-01,S1,Apparel,0,87.0
2024-01-02,S1,Apparel,0,102.0
2024-01-03,S1,Apparel,0,95.0
2024-01-04,S1,Apparel,0,87.0
2024-01-05,S1,Apparel,0,103.0
2024-01-06,S1,Apparel,0,89.0
2024-01-07,S1,Apparel,0,111.0
2024-01-08,S1,Apparel,0,93.0
2024-01-09,S1,Apparel,0,109.0
2024-01-10,S1,Apparel,0,86.0
2024-01-11,S1,Apparel,0,75.0
2024-01-12,S1,Apparel,0,115.0
2024-01-13,S1,Apparel,0,154.0
2024-01-14,S1,Apparel,0,118.0
2024-01-15,S1,Apparel,0,105.0
2024-01-16,S1,Apparel,0,98.0
2024-01-17,S1,Apparel,0,85.0
2024-01-18,S1,Apparel,0,117.0
2024-01-19,S1,Apparel,1,156.0
2024-01-20,S1,Apparel,1,155.0
2024-01-21,S1,Apparel,1,168.0
2024-01-22,S1,Apparel,1,138.0
2024-01-23,S1,Apparel,1,132.0
2024-01-24,S1,Apparel,0,122.0
2024-01-25,S1,Apparel,0,80.0
2024-01-26,S1,Apparel,1,128.0
2024-01-27,S1,Apparel,1,145.0
2024-01-28,S1,Apparel,1,186.0
2024-01-29,S1,Apparel,1,151.0
2024-01-30,S1,Apparel,1,179.0
2024-01-31,S1,Apparel,0,120.0
2024-02-01,S1,Apparel,0,103.0
2024-02-02,S1,Apparel,0,133.0
2024-02-03,S1,Apparel,0,124.0
2024-02-04,S1,Apparel,0,162.0
2024-02-05,S1,Apparel,0,142.0
2024-02-06,S1,Apparel,0,141.0
2024-02-07,S1,Apparel,0,125.0
2024-02-08,S1,Apparel,0,117.0
2024-02-09,S1,Apparel,0,147.0
2024-02-10,S1,Apparel,0,178.0
2024-02-11,S1,Apparel,0,156.0
2024-02-12,S1,Apparel,0,93.0
2024-02-13,S1,Apparel,0,152.0
2024-02-14,S1,Apparel,0,142.0
2024-02-15,S1,Apparel,0,111.0
2024-02-16,S1,Apparel,0,136.0
2024-02-17,S1,Apparel,0,150.0
2024-02-18,S1,Apparel,0,156.0
2024-02-19,S1,Apparel,0,133.0
2024-02-20,S1,Apparel,0,145.0
2024-02-21,S1,Apparel,0,113.0
2024-02-22,S1,Apparel,0,126.0
2024-02-23,S1,Apparel,0,168.0
2024-02-24,S1,Apparel,0,131.0
2024-02-25,S1,Apparel,0,158.0
2024-02-26,S1,Apparel,0,128.0
2024-02-27,S1,Apparel,0,132.0
2024-02-28,S1,Apparel,0,145.0
2024-02-29,S1,Apparel,0,162.0
2024-03-01,S1,Apparel,0,136.0
2024-03-02,S1,Apparel,0,137.0
2024-03-03,S1,Apparel,0,150.0
2024-03-04,S1,Apparel,0,170.0
2024-03-05,S1,Apparel,0,134.0
2024-03-06,S1,Apparel,0,153.0
2024-03-07,S1,Apparel,0,162.0
2024-03-08,S1,Apparel,0,155.0
2024-03-09,S1,Apparel,0,187.0
2024-03-10,S1,Apparel,0,181.0
2024-03-11,S1,Apparel,0,187.0
2024-03-12,S1,Apparel,0,124.0
2024-03-13,S1,Apparel,0,143.0
2024-03-14,S1,Apparel,0,201.0
2024-03-15,S1,Apparel,0,165.0
2024-03-16,S1,Apparel,0,183.0
2024-03-17,S1,Apparel,0,211.0
2024-03-18,S1,Apparel,0,170.0
2024-03-19,S1,Apparel,0,171.0
2024-03-20,S1,Apparel,0,185.0
2024-03-21,S1,Apparel,0,177.0
2024-03-22,S1,Apparel,0,143.0
2024-03-23,S1,Apparel,0,175.0
2024-03-24,S1,Apparel,0,144.0
2024-03-25,S1,Apparel,0,183.0
2024-03-26,S1,Apparel,0,192.0
2024-03-27,S1,Apparel,0,208.0
2024-03-28,S1,Apparel,0,173.0
2024-03-29,S1,Apparel,0,178.0
2024-03-30,S1,Apparel,0,168.0
2024-03-31,S1,Apparel,0,255.0
2024-04-01,S1,Apparel,0,135.0
2024-04-02,S1,Apparel,0,152.0
2024-04-03,S1,Apparel,0,169.0
2024-04-04,S1,Apparel,0,171.0
2024-04-05,S1,Apparel,0,211.0
2024-04-06,S1,Apparel,0,217.0
2024-04-07,S1,Apparel,0,201.0
2024-04-08,S1,Apparel,0,225.0
2024-04-09,S1,Apparel,0,199.0
2024-04-10,S1,Apparel,0,166.0
2024-04-11,S1,Apparel,0,221.0
2024-04-12,S1,Apparel,0,202.0
2024-04-13,S1,Apparel,1,377.0
2024-04-14,S1,Apparel,1,313.0
2024-04-15,S1,Apparel,1,285.0
2024-04-16,S1,Apparel,1,249.0
2024-04-17,S1,Apparel,1,214.0
2024-04-18,S1,Apparel,1,284.0
2024-04-19,S1,Apparel,1,258.0
2024-04-20,S1,Apparel,1,282.0
2024-04-21,S1,Apparel,1,242.0
2024-04-22,S1,Apparel,1,355.0
2024-04-23,S1,Apparel,0,201.0
2024-04-24,S1,Apparel,0,246.0
2024-04-25,S1,Apparel,0,180.0
2024-04-26,S1,Apparel,0,202.0
2024-04-27,S1,Apparel,0,300.0
2024-04-28,S1,Apparel,0,244.0
2024-04-29,S1,Apparel,0,222.0
2024-04-30,S1,Apparel,0,216.0
2024-05-01,S1,Apparel,0,202.0
2024-05-02,S1,Apparel,0,233.0
2024-05-03,S1,Apparel,0,216.0
2024-05-04,S1,Apparel,0,237.0
2024-05-05,S1,Apparel,0,196.0
2024-05-06,S1,Apparel,0,263.0
2024-05-07,S1,Apparel,0,188.0
2024-05-08,S1,Apparel,0,224.0
2024-05-09,S1,Apparel,0,243.0
2024-05-10,S1,Apparel,0,271.0
2024-05-11,S1,Apparel,0,354.0
2024-05-12,S1,Apparel,0,170.0
2024-05-13,S1,Apparel,0,212.0
2024-05-14,S1,Apparel,0,251.0
2024-05-15,S1,Apparel,0,221.0
2024-05-16,S1,Apparel,0,246.0
2024-05-17,S1,Apparel,0,261.0
2024-05-18,S1,Apparel,0,325.0
2024-05-19,S1,Apparel,0,289.0
2024-05-20,S1,Apparel,0,236.0
2024-05-21,S1,Apparel,0,281.0
2024-05-22,S1,Apparel,0,244.0
2024-05-23,S1,Apparel,0,245.0
2024-05-24,S1,Apparel,0,219.0
2024-05-25,S1,Apparel,0,336.0
2024-05-26,S1,Apparel,0,262.0
2024-05-27,S1,Apparel,0,271.0
2024-05-28,S1,Apparel,0,200.0
2024-05-29,S1,Apparel,0,226.0
2024-05-30,S1,Apparel,0,291.0
2024-05-31,S1,Apparel,0,312.0
2024-06-01,S1,Apparel,0,320.0
2024-06-02,S1,Apparel,0,300.0
2024-06-03,S1,Apparel,0,223.0
2024-06-04,S1,Apparel,0,224.0
2024-06-05,S1,Apparel,0,274.0
2024-06-06,S1,Apparel,0,235.0
2024-06-07,S1,Apparel,0,230.0
2024-06-08,S1,Apparel,0,309.0
2024-06-09,S1,Apparel,0,312.0
2024-06-10,S1,Apparel,0,231.0
2024-06-11,S1,Apparel,0,247.0
2024-06-12,S1,Apparel,0,250.0
2024-06-13,S1,Apparel,0,212.0
2024-06-14,S1,Apparel,0,256.0
2024-06-15,S1,Apparel,0,335.0
2024-06-16,S1,Apparel,0,333.0
2024-06-17,S1,Apparel,0,292.0
2024-06-18,S1,Apparel,0,295.0
2024-06-19,S1,Apparel,0,256.0
2024-06-20,S1,Apparel,0,298.0
2024-06-21,S1,Apparel,0,230.0
2024-06-22,S1,Apparel,0,268.0
2024-06-23,S1,Apparel,0,264.0
2024-06-24,S1,Apparel,0,316.0
2024-06-25,S1,Apparel,0,211.0
2024-06-26,S1,Apparel,0,251.0
2024-06-27,S1,Apparel,1,409.0
2024-06-28,S1,Apparel,1,324.0
2024-06-29,S1,Apparel,1,321.0
2024-06-30,S1,Apparel,1,402.0
2024-07-01,S1,Apparel,1,380.0
2024-07-02,S1,Apparel,0,246.0
2024-07-03,S1,Apparel,0,280.0
2024-07-04,S1,Apparel,0,209.0
2024-07-05,S1,Apparel,0,310.0
2024-07-06,S1,Apparel,0,260.0
2024-07-07,S1,Apparel,0,290.0
2024-07-08,S1,Apparel,0,341.0
2024-07-09,S1,Apparel,0,328.0
2024-07-10,S1,Apparel,0,279.0
2024-07-11,S1,Apparel,0,216.0
2024-07-12,S1,Apparel,0,299.0
2024-07-13,S1,Apparel,0,302.0
2024-07-14,S1,Apparel,0,351.0
2024-07-15,S1,Apparel,0,262.0
2024-07-16,S1,Apparel,0,266.0
2024-07-17,S1,Apparel,0,275.0
2024-07-18,S1,Apparel,0,309.0
2024-07-19,S1,Apparel,0,298.0
2024-07-20,S1,Apparel,0,302.0
2024-07-21,S1,Apparel,0,194.0
2024-07-22,S1,Apparel,0,233.0
2024-07-23,S1,Apparel,0,235.0
2024-07-24,S1,Apparel,0,203.0
2024-07-25,S1,Apparel,0,266.0
2024-07-26,S1,Apparel,0,277.0
2024-07-27,S1,Apparel,0,296.0
2024-07-28,S1,Apparel,0,289.0
2024-07-29,S1,Apparel,0,235.0
2024-07-30,S1,Apparel,0,318.0
2024-07-31,S1,Apparel,0,278.0
2024-08-01,S1,Apparel,0,173.0
2024-08-02,S1,Apparel,0,214.0
2024-08-03,S1,Apparel,0,310.0
2024-08-04,S1,Apparel,0,293.0
2024-08-05,S1,Apparel,0,297.0
2024-08-06,S1,Apparel,1,309.0
2024-08-07,S1,Apparel,1,284.0
2024-08-08,S1,Apparel,1,339.0
2024-08-09,S1,Apparel,1,343.0
2024-08-10,S1,Apparel,1,212.0
2024-08-11,S1,Apparel,1,321.0
2024-08-12,S1,Apparel,1,323.0
2024-08-13,S1,Apparel,1,260.0
2024-08-14,S1,Apparel,1,348.0
2024-08-15,S1,Apparel,0,248.0
2024-08-16,S1,Apparel,0,162.0
2024-08-17,S1,Apparel,0,271.0
2024-08-18,S1,Apparel,0,237.0
2024-08-19,S1,Apparel,0,194.0
2024-08-20,S1,Apparel,0,233.0
2024-08-21,S1,Apparel,0,287.0
2024-08-22,S1,Apparel,0,254.0
2024-08-23,S1,Apparel,1,309.0
2024-08-24,S1,Apparel,1,321.0
2024-08-25,S1,Apparel,1,312.0
2024-08-26,S1,Apparel,1,249.0
2024-08-27,S1,Apparel,1,243.0
2024-08-28,S1,Apparel,0,227.0
2024-08-29,S1,Apparel,0,207.0
2024-08-30,S1,Apparel,1,366.0
2024-08-31,S1,Apparel,1,370.0
2024-09-01,S1,Apparel,1,406.0
2024-09-02,S1,Apparel,1,274.0
2024-09-03,S1,Apparel,1,319.0
2024-09-04,S1,Apparel,0,153.0
2024-09-05,S1,Apparel,0,220.0
2024-09-06,S1,Apparel,0,198.0
2024-09-07,S1,Apparel,0,241.0
2024-09-08,S1,Apparel,0,264.0
2024-09-09,S1,Apparel,0,175.0
2024-09-10,S1,Apparel,0,229.0
2024-09-11,S1,Apparel,0,165.0
2024-09-12,S1,Apparel,0,223.0
2024-09-13,S1,Apparel,0,214.0
2024-09-14,S1,Apparel,0,258.0
2024-09-15,S1,Apparel,0,225.0
2024-09-16,S1,Apparel,0,173.0
2024-09-17,S1,Apparel,0,192.0
2024-09-18,S1,Apparel,0,180.0
2024-09-19,S1,Apparel,0,167.0
2024-09-20,S1,Apparel,0,197.0
2024-09-21,S1,Apparel,0,138.0
2024-09-22,S1,Apparel,0,215.0
2024-09-23,S1,Apparel,0,212.0
2024-09-24,S1,Apparel,0,164.0
2024-09-25,S1,Apparel,0,106.0
2024-09-26,S1,Apparel,0,209.0
2024-09-27,S1,Apparel,0,170.0
2024-09-28,S1,Apparel,0,190.0
2024-09-29,S1,Apparel,0,187.0
2024-09-30,S1,Apparel,0,194.0
2024-10-01,S1,Apparel,0,178.0
2024-10-02,S1,Apparel,1,235.0
2024-10-03,S1,Apparel,1,208.0
2024-10-04,S1,Apparel,1,203.0
2024-10-05,S1,Apparel,1,224.0
2024-10-06,S1,Apparel,1,258.0
2024-10-07,S1,Apparel,0,131.0
2024-10-08,S1,Apparel,0,169.0
2024-10-09,S1,Apparel,0,155.0
2024-10-10,S1,Apparel,0,182.0
2024-10-11,S1,Apparel,0,176.0
2024-10-12,S1,Apparel,0,177.0
2024-10-13,S1,Apparel,0,172.0
2024-10-14,S1,Apparel,0,172.0
2024-10-15,S1,Apparel,0,170.0
2024-10-16,S1,Apparel,0,127.0
2024-10-17,S1,Apparel,0,161.0
2024-10-18,S1,Apparel,0,119.0
2024-10-19,S1,Apparel,0,126.0
2024-10-20,S1,Apparel,0,141.0
2024-10-21,S1,Apparel,0,111.0
2024-10-22,S1,Apparel,0,143.0
2024-10-23,S1,Apparel,0,150.0
2024-10-24,S1,Apparel,1,216.0
2024-10-25,S1,Apparel,1,198.0
2024-10-26,S1,Apparel,1,224.0
2024-10-27,S1,Apparel,1,235.0
2024-10-28,S1,Apparel,1,169.0
2024-10-29,S1,Apparel,0,140.0
2024-10-30,S1,Apparel,0,137.0
2024-10-31,S1,Apparel,0,123.0
2024-11-01,S1,Apparel,0,154.0
2024-11-02,S1,Apparel,0,180.0
2024-11-03,S1,Apparel,0,145.0
2024-11-04,S1,Apparel,0,125.0
2024-11-05,S1,Apparel,0,143.0
2024-11-06,S1,Apparel,0,113.0
2024-11-07,S1,Apparel,0,87.0
2024-11-08,S1,Apparel,0,128.0
2024-11-09,S1,Apparel,0,156.0
2024-11-10,S1,Apparel,0,128.0
2024-11-11,S1,Apparel,0,148.0
2024-11-12,S1,Apparel,0,115.0
2024-11-13,S1,Apparel,0,128.0
2024-11-14,S1,Apparel,0,108.0
2024-11-15,S1,Apparel,0,136.0
2024-11-16,S1,Apparel,0,163.0
2024-11-17,S1,Apparel,0,145.0
2024-11-18,S1,Apparel,0,157.0
2024-11-19,S1,Apparel,0,126.0
2024-11-20,S1,Apparel,0,168.0
2024-11-21,S1,Apparel,0,168.0
2024-11-22,S1,Apparel,0,181.0
2024-11-23,S1,Apparel,0,148.0
2024-11-24,S1,Apparel,0,190.0
2024-11-25,S1,Apparel,0,191.0
2024-11-26,S1,Apparel,0,153.0
2024-11-27,S1,Apparel,0,166.0
2024-11-28,S1,Apparel,0,183.0
2024-11-29,S1,Apparel,0,213.0
2024-11-30,S1,Apparel,0,192.0
2024-12-01,S1,Apparel,0,197.0
2024-12-02,S1,Apparel,0,163.0
2024-12-03,S1,Apparel,0,203.0
2024-12-04,S1,Apparel,0,177.0
2024-12-05,S1,Apparel,0,237.0
2024-12-06,S1,Apparel,0,183.0
2024-12-07,S1,Apparel,0,200.0
2024-12-08,S1,Apparel,0,237.0
2024-12-09,S1,Apparel,0,194.0
2024-12-10,S1,Apparel,0,157.0
2024-12-11,S1,Apparel,0,145.0
2024-12-12,S1,Apparel,0,201.0
2024-12-13,S1,Apparel,0,165.0
2024-12-14,S1,Apparel,0,156.0
2024-12-15,S1,Apparel,0,208.0
2024-12-16,S1,Apparel,0,128.0
2024-12-17,S1,Apparel,0,170.0
2024-12-18,S1,Apparel,0,174.0
2024-12-19,S1,Apparel,0,119.0
2024-12-20,S1,Apparel,0,144.0
2024-12-21,S1,Apparel,0,148.0
2024-12-22,S1,Apparel,0,77.0
2024-12-23,S1,Apparel,0,142.0
2024-12-24,S1,Apparel,0,146.0
2024-12-25,S1,Apparel,0,106.0
2024-12-26,S1,Apparel,0,134.0
2024-12-27,S1,Apparel,0,100.0
2024-12-28,S1,Apparel,0,116.0
2024-12-29,S1,Apparel,0,66.0
2024-12-30,S1,Apparel,0,155.0
2024-12-31,S1,Apparel,0,113.0
2025-01-01,S1,Apparel,0,90.0
2025-01-02,S1,Apparel,0,95.0
2025-01-03,S1,Apparel,0,120.0
2025-01-04,S1,Apparel,0,120.0
2025-01-05,S1,Apparel,0,102.0
2025-01-06,S1,Apparel,0,84.0
2025-01-07,S1,Apparel,0,104.0
2025-01-08,S1,Apparel,1,186.0
2025-01-09,S1,Apparel,1,124.0
2025-01-10,S1,Apparel,1,185.0
2025-01-11,S1,Apparel,1,192.0
2025-01-12,S1,Apparel,1,159.0
2025-01-13,S1,Apparel,0,133.0
2025-01-14,S1,Apparel,0,89.0
2025-01-15,S1,Apparel,0,159.0
2025-01-16,S1,Apparel,0,122.0
2025-01-17,S1,Apparel,1,163.0
2025-01-18,S1,Apparel,1,196.0
2025-01-19,S1,Apparel,1,233.0
2025-01-20,S1,Apparel,1,134.0
2025-01-21,S1,Apparel,1,155.0
2025-01-22,S1,Apparel,0,127.0
2025-01-23,S1,Apparel,0,119.0
2025-01-24,S1,Apparel,0,134.0
2025-01-25,S1,Apparel,0,175.0
2025-01-26,S1,Apparel,0,128.0
2025-01-27,S1,Apparel,0,162.0
2025-01-28,S1,Apparel,0,113.0
2025-01-29,S1,Apparel,0,162.0
2025-01-30,S1,Apparel,0,112.0
2025-01-31,S1,Apparel,0,131.0
2025-02-01,S1,Apparel,0,142.0
2025-02-02,S1,Apparel,0,157.0
2025-02-03,S1,Apparel,0,139.0
2025-02-04,S1,Apparel,0,131.0
2025-02-05,S1,Apparel,0,163.0
2025-02-06,S1,Apparel,0,145.0
2025-02-07,S1,Apparel,0,160.0
2025-02-08,S1,Apparel,0,169.0
2025-02-09,S1,Apparel,0,159.0
2025-02-10,S1,Apparel,0,123.0
2025-02-11,S1,Apparel,0,129.0
2025-02-12,S1,Apparel,1,224.0
2025-02-13,S1,Apparel,1,208.0
2025-02-14,S1,Apparel,1,228.0
2025-02-15,S1,Apparel,1,191.0
2025-02-16,S1,Apparel,1,269.0
2025-02-17,S1,Apparel,0,160.0
2025-02-18,S1,Apparel,1,191.0
2025-02-19,S1,Apparel,1,206.0
2025-02-20,S1,Apparel,1,221.0
2025-02-21,S1,Apparel,1,225.0
2025-02-22,S1,Apparel,1,231.0
2025-02-23,S1,Apparel,0,182.0
2025-02-24,S1,Apparel,0,123.0
2025-02-25,S1,Apparel,0,185.0
2025-02-26,S1,Apparel,0,166.0
2025-02-27,S1,Apparel,0,103.0
2025-02-28,S1,Apparel,0,207.0
2025-03-01,S1,Apparel,0,186.0
2025-03-02,S1,Apparel,0,200.0
2025-03-03,S1,Apparel,0,185.0
2025-03-04,S1,Apparel,0,192.0
2025-03-05,S1,Apparel,0,119.0
2025-03-06,S1,Apparel,0,138.0
2025-03-07,S1,Apparel,0,167.0
2025-03-08,S1,Apparel,0,187.0
2025-03-09,S1,Apparel,0,202.0
2025-03-10,S1,Apparel,0,172.0
2025-03-11,S1,Apparel,0,129.0
2025-03-12,S1,Apparel,0,145.0
2025-03-13,S1,Apparel,0,178.0
2025-03-14,S1,Apparel,0,184.0
2025-03-15,S1,Apparel,0,170.0
2025-03-16,S1,Apparel,0,162.0
2025-03-17,S1,Apparel,0,186.0
2025-03-18,S1,Apparel,0,168.0
2025-03-19,S1,Apparel,0,211.0
2025-03-20,S1,Apparel,0,174.0
2025-03-21,S1,Apparel,0,192.0
2025-03-22,S1,Apparel,0,206.0
2025-03-23,S1,Apparel,0,204.0
2025-03-24,S1,Apparel,0,180.0
2025-03-25,S1,Apparel,0,174.0
2025-03-26,S1,Apparel,0,193.0
2025-03-27,S1,Apparel,0,193.0
2025-03-28,S1,Apparel,0,220.0
2025-03-29,S1,Apparel,0,213.0
2025-03-30,S1,Apparel,0,249.0
2025-03-31,S1,Apparel,0,213.0
2025-04-01,S1,Apparel,0,206.0
2025-04-02,S1,Apparel,0,217.0
2025-04-03,S1,Apparel,0,178.0
2025-04-04,S1,Apparel,0,236.0
2025-04-05,S1,Apparel,0,260.0
2025-04-06,S1,Apparel,0,296.0
2025-04-07,S1,Apparel,0,205.0
2025-04-08,S1,Apparel,0,262.0
2025-04-09,S1,Apparel,0,220.0
2025-04-10,S1,Apparel,0,239.0
2025-04-11,S1,Apparel,0,224.0
2025-04-12,S1,Apparel,0,325.0
2025-04-13,S1,Apparel,0,238.0
2025-04-14,S1,Apparel,0,236.0
2025-04-15,S1,Apparel,0,206.0
2025-04-16,S1,Apparel,0,241.0
2025-04-17,S1,Apparel,0,315.0
2025-04-18,S1,Apparel,0,232.0
2025-04-19,S1,Apparel,0,258.0
2025-04-20,S1,Apparel,0,255.0
2025-04-21,S1,Apparel,0,273.0
2025-04-22,S1,Apparel,0,205.0
2025-04-23,S1,Apparel,0,194.0
2025-04-24,S1,Apparel,0,278.0
2025-04-25,S1,Apparel,0,246.0
2025-04-26,S1,Apparel,0,231.0
2025-04-27,S1,Apparel,0,266.0
2025-04-28,S1,Apparel,0,298.0
2025-04-29,S1,Apparel,0,271.0
2025-04-30,S1,Apparel,0,253.0
2025-05-01,S1,Apparel,0,266.0
2025-05-02,S1,Apparel,0,255.0
2025-05-03,S1,Apparel,0,213.0
2025-05-04,S1,Apparel,0,289.0
2025-05-05,S1,Apparel,1,351.0
2025-05-06,S1,Apparel,1,425.0
2025-05-07,S1,Apparel,1,323.0
2025-05-08,S1,Apparel,1,327.0
2025-05-09,S1,Apparel,1,410.0
2025-05-10,S1,Apparel,0,320.0
2025-05-11,S1,Apparel,0,365.0
2025-05-12,S1,Apparel,0,280.0
2025-05-13,S1,Apparel,0,201.0
2025-05-14,S1,Apparel,0,236.0
2025-05-15,S1,Apparel,0,262.0
2025-05-16,S1,Apparel,0,309.0
2025-05-17,S1,Apparel,0,277.0
2025-05-18,S1,Apparel,0,253.0
2025-05-19,S1,Apparel,0,166.0
2025-05-20,S1,Apparel,0,340.0
2025-05-21,S1,Apparel,0,275.0
2025-05-22,S1,Apparel,0,235.0
2025-05-23,S1,Apparel,0,298.0
2025-05-24,S1,Apparel,0,368.0
2025-05-25,S1,Apparel,0,265.0
2025-05-26,S1,Apparel,0,257.0
2025-05-27,S1,Apparel,0,241.0
2025-05-28,S1,Apparel,0,276.0
2025-05-29,S1,Apparel,0,256.0
2025-05-30,S1,Apparel,1,374.0
2025-05-31,S1,Apparel,1,523.0
2025-06-01,S1,Apparel,1,401.0
2025-06-02,S1,Apparel,1,422.0
2025-06-03,S1,Apparel,1,462.0
2025-06-04,S1,Apparel,0,287.0
2025-06-05,S1,Apparel,0,288.0
2025-06-06,S1,Apparel,0,302.0
2025-06-07,S1,Apparel,0,290.0
2025-06-08,S1,Apparel,0,349.0
2025-06-09,S1,Apparel,0,300.0
2025-06-10,S1,Apparel,0,293.0
2025-06-11,S1,Apparel,0,214.0
2025-06-12,S1,Apparel,0,230.0
2025-06-13,S1,Apparel,0,291.0
2025-06-14,S1,Apparel,0,311.0
2025-06-15,S1,Apparel,0,344.0
2025-06-16,S1,Apparel,0,303.0
2025-06-17,S1,Apparel,0,342.0
2025-06-18,S1,Apparel,0,331.0
2025-06-19,S1,Apparel,0,307.0
2025-06-20,S1,Apparel,0,303.0
2025-06-21,S1,Apparel,0,328.0
2025-06-22,S1,Apparel,0,258.0
2025-06-23,S1,Apparel,0,308.0
2025-06-24,S1,Apparel,0,315.0
2025-06-25,S1,Apparel,0,314.0
2025-06-26,S1,Apparel,0,295.0
2025-06-27,S1,Apparel,0,256.0
2025-06-28,S1,Apparel,0,231.0
2025-06-29,S1,Apparel,0,353.0
2025-06-30,S1,Apparel,0,267.0
2025-07-01,S1,Apparel,0,272.0
2025-07-02,S1,Apparel,0,258.0
2025-07-03,S1,Apparel,0,279.0
2025-07-04,S1,Apparel,0,286.0
2025-07-05,S1,Apparel,0,291.0
2025-07-06,S1,Apparel,0,257.0
2025-07-07,S1,Apparel,0,305.0
2025-07-08,S1,Apparel,0,237.0
2025-07-09,S1,Apparel,0,257.0
2025-07-10,S1,Apparel,0,355.0
2025-07-11,S1,Apparel,0,282.0
2025-07-12,S1,Apparel,0,271.0
2025-07-13,S1,Apparel,0,314.0
2025-07-14,S1,Apparel,0,290.0
2025-07-15,S1,Apparel,0,244.0
2025-07-16,S1,Apparel,0,199.0
2025-07-17,S1,Apparel,0,324.0
2025-07-18,S1,Apparel,0,351.0
2025-07-19,S1,Apparel,0,370.0
2025-07-20,S1,Apparel,1,421.0
2025-07-21,S1,Apparel,1,379.0
2025-07-22,S1,Apparel,1,362.0
2025-07-23,S1,Apparel,1,402.0
2025-07-24,S1,Apparel,1,263.0
2025-07-25,S1,Apparel,0,359.0
2025-07-26,S1,Apparel,0,316.0
2025-07-27,S1,Apparel,0,298.0
2025-07-28,S1,Apparel,0,267.0
2025-07-29,S1,Apparel,0,247.0
2025-07-30,S1,Apparel,0,269.0
2025-07-31,S1,Apparel,0,308.0
2025-08-01,S1,Apparel,0,287.0
2025-08-02,S1,Apparel,0,298.0
2025-08-03,S1,Apparel,1,334.0
2025-08-04,S1,Apparel,1,327.0
2025-08-05,S1,Apparel,1,415.0
2025-08-06,S1,Apparel,1,338.0
2025-08-07,S1,Apparel,1,331.0
2025-08-08,S1,Apparel,0,253.0
2025-08-09,S1,Apparel,0,320.0
2025-08-10,S1,Apparel,0,284.0
2025-08-11,S1,Apparel,0,254.0
2025-08-12,S1,Apparel,0,202.0
2025-08-13,S1,Apparel,0,298.0
2025-08-14,S1,Apparel,0,222.0
2025-08-15,S1,Apparel,0,245.0
2025-08-16,S1,Apparel,0,284.0
2025-08-17,S1,Apparel,0,277.0
2025-08-18,S1,Apparel,0,289.0
2025-08-19,S1,Apparel,0,316.0
2025-08-20,S1,Apparel,1,394.0
2025-08-21,S1,Apparel,1,331.0
2025-08-22,S1,Apparel,1,419.0
2025-08-23,S1,Apparel,1,443.0
2025-08-24,S1,Apparel,1,421.0
2025-08-25,S1,Apparel,0,266.0
2025-08-26,S1,Apparel,0,225.0
2025-08-27,S1,Apparel,0,228.0
2025-08-28,S1,Apparel,0,278.0
2025-08-29,S1,Apparel,0,216.0
2025-08-30,S1,Apparel,0,262.0
2025-08-31,S1,Apparel,0,219.0
2025-09-01,S1,Apparel,0,270.0
2025-09-02,S1,Apparel,0,164.0
2025-09-03,S1,Apparel,0,240.0
2025-09-04,S1,Apparel,0,230.0
2025-09-05,S1,Apparel,0,302.0
2025-09-06,S1,Apparel,0,218.0
2025-09-07,S1,Apparel,0,212.0
2025-09-08,S1,Apparel,0,219.0
2025-09-09,S1,Apparel,0,192.0
2025-09-10,S1,Apparel,0,221.0
2025-09-11,S1,Apparel,0,189.0
2025-09-12,S1,Apparel,0,172.0
2025-09-13,S1,Apparel,0,232.0
2025-09-14,S1,Apparel,0,214.0
2025-09-15,S1,Apparel,0,251.0
2025-09-16,S1,Apparel,0,214.0
2025-09-17,S1,Apparel,0,198.0
2025-09-18,S1,Apparel,0,161.0
2025-09-19,S1,Apparel,0,207.0
2025-09-20,S1,Apparel,0,198.0
2025-09-21,S1,Apparel,0,254.0
2025-09-22,S1,Apparel,0,216.0
2025-09-23,S1,Apparel,0,235.0
2025-09-24,S1,Apparel,1,279.0
2025-09-25,S1,Apparel,1,234.0
2025-09-26,S1,Apparel,1,392.0
2025-09-27,S1,Apparel,1,339.0
2025-09-28,S1,Apparel,1,296.0
2025-09-29,S1,Apparel,0,164.0
2025-09-30,S1,Apparel,0,160.0
2025-10-01,S1,Apparel,0,174.0
2025-10-02,S1,Apparel,0,167.0
2025-10-03,S1,Apparel,0,177.0
2025-10-04,S1,Apparel,0,167.0
2025-10-05,S1,Apparel,0,182.0
2025-10-06,S1,Apparel,0,125.0
2025-10-07,S1,Apparel,0,200.0
2025-10-08,S1,Apparel,0,164.0
2025-10-09,S1,Apparel,0,194.0
2025-10-10,S1,Apparel,0,178.0
2025-10-11,S1,Apparel,0,185.0
2025-10-12,S1,Apparel,0,158.0
2025-10-13,S1,Apparel,0,138.0
2025-10-14,S1,Apparel,0,160.0
2025-10-15,S1,Apparel,0,155.0
2025-10-16,S1,Apparel,0,141.0
2025-10-17,S1,Apparel,0,148.0
2025-10-18,S1,Apparel,1,244.0
2025-10-19,S1,Apparel,1,201.0
2025-10-20,S1,Apparel,1,213.0
2025-10-21,S1,Apparel,1,247.0
2025-10-22,S1,Apparel,1,213.0
2025-10-23,S1,Apparel,0,184.0
2025-10-24,S1,Apparel,0,120.0
2025-10-25,S1,Apparel,0,147.0
2025-10-26,S1,Apparel,0,200.0
2025-10-27,S1,Apparel,0,143.0
2025-10-28,S1,Apparel,0,147.0
2025-10-29,S1,Apparel,0,149.0
2025-10-30,S1,Apparel,0,168.0
2025-10-31,S1,Apparel,0,125.0
2025-11-01,S1,Apparel,0,164.0
2025-11-02,S1,Apparel,0,142.0
2025-11-03,S1,Apparel,0,155.0
2025-11-04,S1,Apparel,0,162.0
2025-11-05,S1,Apparel,0,149.0
2025-11-06,S1,Apparel,0,174.0
2025-11-07,S1,Apparel,0,152.0
2025-11-08,S1,Apparel,0,159.0
2025-11-09,S1,Apparel,0,154.0
2025-11-10,S1,Apparel,0,132.0
2025-11-11,S1,Apparel,0,142.0
2025-11-12,S1,Apparel,0,103.0
2025-11-13,S1,Apparel,0,149.0
2025-11-14,S1,Apparel,0,114.0
2025-11-15,S1,Apparel,0,192.0
2025-11-16,S1,Apparel,0,195.0
2025-11-17,S1,Apparel,0,121.0
2025-11-18,S1,Apparel,0,137.0
2025-11-19,S1,Apparel,0,124.0
2025-11-20,S1,Apparel,0,140.0
2025-11-21,S1,Apparel,0,186.0
2025-11-22,S1,Apparel,0,193.0
2025-11-23,S1,Apparel,0,229.0
2025-11-24,S1,Apparel,0,185.0
2025-11-25,S1,Apparel,0,170.0
2025-11-26,S1,Apparel,0,161.0
2025-11-27,S1,Apparel,0,205.0
2025-11-28,S1,Apparel,0,172.0
2025-11-29,S1,Apparel,0,233.0
2025-11-30,S1,Apparel,0,185.0
2025-12-01,S1,Apparel,0,165.0
2025-12-02,S1,Apparel,0,184.0
2025-12-03,S1,Apparel,0,212.0
2025-12-04,S1,Apparel,0,225.0
2025-12-05,S1,Apparel,0,185.0
2025-12-06,S1,Apparel,1,260.0
2025-12-07,S1,Apparel,1,252.0
2025-12-08,S1,Apparel,1,186.0
2025-12-09,S1,Apparel,1,218.0
2025-12-10,S1,Apparel,1,261.0
2025-12-11,S1,Apparel,0,182.0
2025-12-12,S1,Apparel,0,139.0
2025-12-13,S1,Apparel,0,232.0
2025-12-14,S1,Apparel,0,188.0
2025-12-15,S1,Apparel,0,133.0
2025-12-16,S1,Apparel,0,153.0
2025-12-17,S1,Apparel,0,126.0
2025-12-18,S1,Apparel,0,178.0
2025-12-19,S1,Apparel,0,188.0
2025-12-20,S1,Apparel,0,157.0
2025-12-21,S1,Apparel,0,199.0
2025-12-22,S1,Apparel,0,109.0
2025-12-23,S1,Apparel,0,136.0
2025-12-24,S1,Apparel,0,137.0
2025-12-25,S1,Apparel,0,179.0
2025-12-26,S1,Apparel,0,122.0
2025-12-27,S1,Apparel,0,165.0
2025-12-28,S1,Apparel,0,136.0
2025-12-29,S1,Apparel,0,130.0
2025-12-30,S1,Apparel,0,114.0
2023-01-01,S1,Electronics,0,75.0
2023-01-02,S1,Electronics,0,64.0
2023-01-03,S1,Electronics,0,62.0
2023-01-04,S1,Electronics,0,99.0
2023-01-05,S1,Electronics,0,64.0
2023-01-06,S1,Electronics,0,60.0
2023-01-07,S1,Electronics,0,55.0
2023-01-08,S1,Electronics,0,66.0
2023-01-09,S1,Electronics,0,64.0
2023-01-10,S1,Electronics,0,73.0
2023-01-11,S1,Electronics,0,105.0
2023-01-12,S1,Electronics,0,86.0
2023-01-13,S1,Electronics,0,92.0
2023-01-14,S1,Electronics,0,85.0
2023-01-15,S1,Electronics,0,65.0
2023-01-16,S1,Electronics,0,67.0
2023-01-17,S1,Electronics,0,42.0
2023-01-18,S1,Electronics,0,100.0
2023-01-19,S1,Electronics,0,91.0
2023-01-20,S1,Electronics,0,64.0
2023-01-21,S1,Electronics,0,76.0
2023-01-22,S1,Electronics,0,65.0
2023-01-23,S1,Electronics,0,66.0
2023-01-24,S1,Electronics,0,77.0
2023-01-25,S1,Electronics,0,58.0
2023-01-26,S1,Electronics,0,55.0
2023-01-27,S1,Electronics,0,68.0
2023-01-28,S1,Electronics,0,92.0
2023-01-29,S1,Electronics,0,87.0
2023-01-30,S1,Electronics,0,54.0
2023-01-31,S1,Electronics,0,53.0
2023-02-01,S1,Electronics,0,48.0
2023-02-02,S1,Electronics,0,85.0
2023-02-03,S1,Electronics,0,80.0
2023-02-04,S1,Electronics,0,73.0
2023-02-05,S1,Electronics,0,89.0
2023-02-06,S1,Electronics,0,54.0
2023-02-07,S1,Electronics,0,59.0
2023-02-08,S1,Electronics,0,89.0
2023-02-09,S1,Electronics,0,87.0
2023-02-10,S1,Electronics,0,58.0
2023-02-11,S1,Electronics,0,72.0
2023-02-12,S1,Electronics,0,109.0
2023-02-13,S1,Electronics,0,70.0
2023-02-14,S1,Electronics,0,126.0
2023-02-15,S1,Electronics,0,87.0
2023-02-16,S1,Electronics,0,105.0
2023-02-17,S1,Electronics,0,69.0
2023-02-18,S1,Electronics,0,95.0
2023-02-19,S1,Electronics,0,101.0
2023-02-20,S1,Electronics,0,90.0
2023-02-21,S1,Electronics,0,70.0
2023-02-22,S1,Electronics,0,93.0
2023-02-23,S1,Electronics,0,113.0
2023-02-24,S1,Electronics,0,112.0
2023-02-25,S1,Electronics,0,108.0
2023-02-26,S1,Electronics,0,59.0
2023-02-27,S1,Electronics,0,92.0
2023-02-28,S1,Electronics,0,72.0
2023-03-01,S1,Electronics,0,89.0
2023-03-02,S1,Electronics,0,96.0
2023-03-03,S1,Electronics,0,125.0
2023-03-04,S1,Electronics,1,133.0
2023-03-05,S1,Electronics,1,135.0
2023-03-06,S1,Electronics,1,106.0
2023-03-07,S1,Electronics,1,118.0
2023-03-08,S1,Electronics,1,104.0
2023-03-09,S1,Electronics,0,84.0
2023-03-10,S1,Electronics,0,108.0
2023-03-11,S1,Electronics,0,110.0
2023-03-12,S1,Electronics,0,110.0
2023-03-13,S1,Electronics,0,91.0
2023-03-14,S1,Electronics,0,94.0
2023-03-15,S1,Electronics,0,90.0
2023-03-16,S1,Electronics,0,89.0
2023-03-17,S1,Electronics,0,69.0
2023-03-18,S1,Electronics,0,123.0
2023-03-19,S1,Electronics,0,90.0
2023-03-20,S1,Electronics,0,109.0
2023-03-21,S1,Electronics,0,117.0
2023-03-22,S1,Electronics,0,86.0
2023-03-23,S1,Electronics,0,89.0
2023-03-24,S1,Electronics,0,135.0
2023-03-25,S1,Electronics,0,126.0
2023-03-26,S1,Electronics,0,145.0
2023-03-27,S1,Electronics,0,97.0
2023-03-28,S1,Electronics,0,129.0
2023-03-29,S1,Electronics,0,91.0
2023-03-30,S1,Electronics,0,124.0
2023-03-31,S1,Electronics,0,121.0
2023-04-01,S1,Electronics,0,132.0
2023-04-02,S1,Electronics,0,127.0
2023-04-03,S1,Electronics,0,112.0
2023-04-04,S1,Electronics,0,134.0
2023-04-05,S1,Electronics,0,155.0
2023-04-06,S1,Electronics,0,126.0
2023-04-07,S1,Electronics,0,146.0
2023-04-08,S1,Electronics,0,120.0
2023-04-09,S1,Electronics,0,150.0
2023-04-10,S1,Electronics,0,132.0
2023-04-11,S1,Electronics,0,160.0
2023-04-12,S1,Electronics,0,129.0
2023-04-13,S1,Electronics,0,135.0
2023-04-14,S1,Electronics,0,148.0
2023-04-15,S1,Electronics,0,137.0
2023-04-16,S1,Electronics,0,160.0
2023-04-17,S1,Electronics,0,118.0
2023-04-18,S1,Electronics,0,100.0
2023-04-19,S1,Electronics,0,106.0
2023-04-20,S1,Electronics,0,131.0
2023-04-21,S1,Electronics,0,153.0
2023-04-22,S1,Electronics,0,172.0
2023-04-23,S1,Electronics,0,143.0
2023-04-24,S1,Electronics,0,142.0
2023-04-25,S1,Electronics,0,88.0
2023-04-26,S1,Electronics,0,106.0
2023-04-27,S1,Electronics,0,84.0
2023-04-28,S1,Electronics,0,155.0
2023-04-29,S1,Electronics,0,166.0
2023-04-30,S1,Electronics,0,109.0
2023-05-01,S1,Electronics,0,125.0
2023-05-02,S1,Electronics,0,128.0
2023-05-03,S1,Electronics,0,114.0
2023-05-04,S1,Electronics,0,140.0
2023-05-05,S1,Electronics,0,161.0
2023-05-06,S1,Electronics,0,185.0
2023-05-07,S1,Electronics,0,149.0
2023-05-08,S1,Electronics,0,134.0
2023-05-09,S1,Electronics,0,137.0
2023-05-10,S1,Electronics,0,89.0
2023-05-11,S1,Electronics,0,116.0
2023-05-12,S1,Electronics,0,168.0
2023-05-13,S1,Electronics,0,190.0
2023-05-14,S1,Electronics,0,141.0
2023-05-15,S1,Electronics,0,156.0
2023-05-16,S1,Electronics,0,154.0
2023-05-17,S1,Electronics,0,158.0
2023-05-18,S1,Electronics,0,133.0
2023-05-19,S1,Electronics,0,211.0
2023-05-20,S1,Electronics,0,149.0
2023-05-21,S1,Electronics,0,151.0
2023-05-22,S1,Electronics,0,137.0
2023-05-23,S1,Electronics,0,99.0
2023-05-24,S1,Electronics,0,145.0
2023-05-25,S1,Electronics,0,139.0
2023-05-26,S1,Electronics,0,142.0
2023-05-27,S1,Electronics,0,149.0
2023-05-28,S1,Electronics,1,199.0
2023-05-29,S1,Electronics,1,148.0
2023-05-30,S1,Electronics,1,219.0
2023-05-31,S1,Electronics,1,167.0
2023-06-01,S1,Electronics,1,221.0
2023-06-02,S1,Electronics,0,155.0
2023-06-03,S1,Electronics,0,128.0
2023-06-04,S1,Electronics,0,206.0
2023-06-05,S1,Electronics,0,169.0
2023-06-06,S1,Electronics,0,150.0
2023-06-07,S1,Electronics,0,127.0
2023-06-08,S1,Electronics,0,114.0
2023-06-09,S1,Electronics,0,156.0
2023-06-10,S1,Electronics,0,109.0
2023-06-11,S1,Electronics,0,199.0
2023-06-12,S1,Electronics,1,170.0
2023-06-13,S1,Electronics,1,160.0
2023-06-14,S1,Electronics,1,210.0
2023-06-15,S1,Electronics,1,209.0
2023-06-16,S1,Electronics,1,204.0
2023-06-17,S1,Electronics,0,179.0
2023-06-18,S1,Electronics,0,179.0
2023-06-19,S1,Electronics,0,127.0
2023-06-20,S1,Electronics,0,123.0
2023-06-21,S1,Electronics,0,160.0
2023-06-22,S1,Electronics,0,141.0
2023-06-23,S1,Electronics,0,140.0
2023-06-24,S1,Electronics,0,173.0
2023-06-25,S1,Electronics,0,125.0
2023-06-26,S1,Electronics,0,150.0
2023-06-27,S1,Electronics,0,136.0
2023-06-28,S1,Electronics,0,157.0
2023-06-29,S1,Electronics,0,124.0
2023-06-30,S1,Electronics,0,165.0
2023-07-01,S1,Electronics,0,208.0
2023-07-02,S1,Electronics,0,194.0
2023-07-03,S1,Electronics,0,127.0
2023-07-04,S1,Electronics,0,147.0
2023-07-05,S1,Electronics,0,178.0
2023-07-06,S1,Electronics,0,110.0
2023-07-07,S1,Electronics,0,188.0
2023-07-08,S1,Electronics,0,167.0
2023-07-09,S1,Electronics,0,156.0
2023-07-10,S1,Electronics,0,173.0
2023-07-11,S1,Electronics,0,149.0
2023-07-12,S1,Electronics,0,131.0
2023-07-13,S1,Electronics,0,243.0
2023-07-14,S1,Electronics,0,104.0
2023-07-15,S1,Electronics,0,202.0
2023-07-16,S1,Electronics,0,170.0
2023-07-17,S1,Electronics,0,99.0
2023-07-18,S1,Electronics,0,126.0
2023-07-19,S1,Electronics,0,172.0
2023-07-20,S1,Electronics,0,91.0
2023-07-21,S1,Electronics,0,109.0
2023-07-22,S1,Electronics,0,189.0
2023-07-23,S1,Electronics,0,165.0
2023-07-24,S1,Electronics,0,134.0
2023-07-25,S1,Electronics,0,192.0
2023-07-26,S1,Electronics,0,138.0
2023-07-27,S1,Electronics,0,141.0
2023-07-28,S1,Electronics,0,158.0
2023-07-29,S1,Electronics,0,143.0
2023-07-30,S1,Electronics,0,169.0
2023-07-31,S1,Electronics,0,117.0
2023-08-01,S1,Electronics,0,136.0
2023-08-02,S1,Electronics,0,149.0
2023-08-03,S1,Electronics,0,141.0
2023-08-04,S1,Electronics,0,138.0
2023-08-05,S1,Electronics,0,133.0
2023-08-06,S1,Electronics,0,129.0
2023-08-07,S1,Electronics,0,175.0
2023-08-08,S1,Electronics,0,149.0
2023-08-09,S1,Electronics,0,156.0
2023-08-10,S1,Electronics,0,123.0
2023-08-11,S1,Electronics,0,153.0
2023-08-12,S1,Electronics,0,161.0
2023-08-13,S1,Electronics,0,148.0
2023-08-14,S1,Electronics,1,201.0
2023-08-15,S1,Electronics,1,155.0
2023-08-16,S1,Electronics,1,224.0
2023-08-17,S1,Electronics,1,253.0
2023-08-18,S1,Electronics,1,155.0
2023-08-19,S1,Electronics,0,177.0
2023-08-20,S1,Electronics,0,151.0
2023-08-21,S1,Electronics,0,157.0
2023-08-22,S1,Electronics,0,102.0
2023-08-23,S1,Electronics,0,130.0
2023-08-24,S1,Electronics,0,71.0
2023-08-25,S1,Electronics,0,147.0
2023-08-26,S1,Electronics,0,136.0
2023-08-27,S1,Electronics,1,215.0
2023-08-28,S1,Electronics,1,135.0
2023-08-29,S1,Electronics,1,167.0
2023-08-30,S1,Electronics,1,178.0
2023-08-31,S1,Electronics,1,171.0
2023-09-01,S1,Electronics,0,156.0
2023-09-02,S1,Electronics,0,163.0
2023-09-03,S1,Electronics,0,144.0
2023-09-04,S1,Electronics,0,171.0
2023-09-05,S1,Electronics,0,137.0
2023-09-06,S1,Electronics,0,114.0
2023-09-07,S1,Electronics,0,137.0
2023-09-08,S1,Electronics,0,139.0
2023-09-09,S1,Electronics,0,91.0
2023-09-10,S1,Electronics,0,163.0
2023-09-11,S1,Electronics,0,119.0
2023-09-12,S1,Electronics,0,117.0
2023-09-13,S1,Electronics,0,151.0
2023-09-14,S1,Electronics,0,109.0
2023-09-15,S1,Electronics,0,142.0
2023-09-16,S1,Electronics,0,151.0
2023-09-17,S1,Electronics,0,168.0
2023-09-18,S1,Electronics,0,131.0
2023-09-19,S1,Electronics,0,105.0
2023-09-20,S1,Electronics,0,142.0
2023-09-21,S1,Electronics,0,113.0
2023-09-22,S1,Electronics,0,132.0
2023-09-23,S1,Electronics,0,92.0
2023-09-24,S1,Electronics,0,138.0
2023-09-25,S1,Electronics,0,84.0
2023-09-26,S1,Electronics,0,72.0
2023-09-27,S1,Electronics,0,134.0
2023-09-28,S1,Electronics,0,135.0
2023-09-29,S1,Electronics,0,118.0
2023-09-30,S1,Electronics,0,138.0
2023-10-01,S1,Electronics,0,107.0
2023-10-02,S1,Electronics,0,111.0
2023-10-03,S1,Electronics,0,82.0
2023-10-04,S1,Electronics,0,116.0
2023-10-05,S1,Electronics,0,121.0
2023-10-06,S1,Electronics,0,73.0
2023-10-07,S1,Electronics,0,90.0
2023-10-08,S1,Electronics,0,126.0
2023-10-09,S1,Electronics,0,79.0
2023-10-10,S1,Electronics,0,118.0
2023-10-11,S1,Electronics,0,125.0
2023-10-12,S1,Electronics,0,99.0
2023-10-13,S1,Electronics,0,118.0
2023-10-14,S1,Electronics,0,148.0
2023-10-15,S1,Electronics,0,90.0
2023-10-16,S1,Electronics,0,69.0
2023-10-17,S1,Electronics,0,84.0
2023-10-18,S1,Electronics,0,98.0
2023-10-19,S1,Electronics,0,87.0
2023-10-20,S1,Electronics,0,81.0
2023-10-21,S1,Electronics,0,124.0
2023-10-22,S1,Electronics,0,91.0
2023-10-23,S1,Electronics,0,104.0
2023-10-24,S1,Electronics,0,96.0
2023-10-25,S1,Electronics,0,85.0
2023-10-26,S1,Electronics,0,64.0
2023-10-27,S1,Electronics,0,98.0
2023-10-28,S1,Electronics,0,120.0
2023-10-29,S1,Electronics,0,119.0
2023-10-30,S1,Electronics,0,81.0
2023-10-31,S1,Electronics,0,76.0
2023-11-01,S1,Electronics,0,75.0
2023-11-02,S1,Electronics,0,77.0
2023-11-03,S1,Electronics,1,130.0
2023-11-04,S1,Electronics,1,159.0
2023-11-05,S1,Electronics,1,149.0
2023-11-06,S1,Electronics,1,141.0
2023-11-07,S1,Electronics,1,99.0
2023-11-08,S1,Electronics,0,82.0
2023-11-09,S1,Electronics,0,74.0
2023-11-10,S1,Electronics,0,118.0
2023-11-11,S1,Electronics,0,89.0
2023-11-12,S1,Electronics,0,146.0
2023-11-13,S1,Electronics,0,90.0
2023-11-14,S1,Electronics,0,91.0
2023-11-15,S1,Electronics,0,79.0
2023-11-16,S1,Electronics,0,94.0
2023-11-17,S1,Electronics,0,91.0
2023-11-18,S1,Electronics,0,115.0
2023-11-19,S1,Electronics,0,105.0
2023-11-20,S1,Electronics,0,86.0
2023-11-21,S1,Electronics,0,91.0
2023-11-22,S1,Electronics,0,74.0
2023-11-23,S1,Electronics,1,141.0
2023-11-24,S1,Electronics,1,179.0
2023-11-25,S1,Electronics,1,139.0
2023-11-26,S1,Electronics,1,155.0
2023-11-27,S1,Electronics,1,180.0
2023-11-28,S1,Electronics,0,124.0
2023-11-29,S1,Electronics,0,109.0
2023-11-30,S1,Electronics,0,150.0
2023-12-01,S1,Electronics,0,79.0
2023-12-02,S1,Electronics,0,155.0
2023-12-03,S1,Electronics,0,111.0
2023-12-04,S1,Electronics,0,99.0
2023-12-05,S1,Electronics,0,130.0
2023-12-06,S1,Electronics,0,97.0
2023-12-07,S1,Electronics,0,90.0
2023-12-08,S1,Electronics,0,89.0
2023-12-09,S1,Electronics,0,121.0
2023-12-10,S1,Electronics,0,121.0
2023-12-11,S1,Electronics,0,120.0
2023-12-12,S1,Electronics,0,135.0
2023-12-13,S1,Electronics,0,131.0
2023-12-14,S1,Electronics,0,154.0
2023-12-15,S1,Electronics,0,77.0
2023-12-16,S1,Electronics,0,116.0
2023-12-17,S1,Electronics,0,71.0
2023-12-18,S1,Electronics,0,121.0
2023-12-19,S1,Electronics,0,105.0
2023-12-20,S1,Electronics,0,118.0
2023-12-21,S1,Electronics,1,94.0
2023-12-22,S1,Electronics,1,161.0
2023-12-23,S1,Electronics,1,115.0
2023-12-24,S1,Electronics,1,174.0
2023-12-25,S1,Electronics,1,101.0
2023-12-26,S1,Electronics,0,79.0
2023-12-27,S1,Electronics,0,78.0
2023-12-28,S1,Electronics,0,92.0
2023-12-29,S1,Electronics,0,105.0
2023-12-30,S1,Electronics,0,89.0
2023-12-31,S1,Electronics,0,90.0
2024-01-01,S1,Electronics,0,94.0
2024-01-02,S1,Electronics,0,83.0
2024-01-03,S1,Electronics,0,94.0
2024-01-04,S1,Electronics,0,68.0
2024-01-05,S1,Electronics,0,85.0
2024-01-06,S1,Electronics,0,116.0
2024-01-07,S1,Electronics,0,91.0
2024-01-08,S1,Electronics,0,87.0
2024-01-09,S1,Electronics,0,75.0
2024-01-10,S1,Electronics,0,69.0
2024-01-11,S1,Electronics,0,61.0
2024-01-12,S1,Electronics,0,90.0
2024-01-13,S1,Electronics,0,102.0
2024-01-14,S1,Electronics,0,81.0
2024-01-15,S1,Electronics,0,83.0
2024-01-16,S1,Electronics,0,87.0
2024-01-17,S1,Electronics,0,85.0
2024-01-18,S1,Electronics,0,83.0
2024-01-19,S1,Electronics,1,166.0
2024-01-20,S1,Electronics,1,139.0
2024-01-21,S1,Electronics,1,174.0
2024-01-22,S1,Electronics,1,114.0
2024-01-23,S1,Electronics,1,105.0
2024-01-24,S1,Electronics,0,111.0
2024-01-25,S1,Electronics,0,97.0
2024-01-26,S1,Electronics,1,136.0
2024-01-27,S1,Electronics,1,183.0
2024-01-28,S1,Electronics,1,150.0
2024-01-29,S1,Electronics,1,89.0
2024-01-30,S1,Electronics,1,121.0
2024-01-31,S1,Electronics,0,77.0
2024-02-01,S1,Electronics,0,62.0
2024-02-02,S1,Electronics,0,80.0
2024-02-03,S1,Electronics,0,139.0
2024-02-04,S1,Electronics,0,121.0
2024-02-05,S1,Electronics,0,67.0
2024-02-06,S1,Electronics,0,95.0
2024-02-07,S1,Electronics,0,112.0
2024-02-08,S1,Electronics,0,102.0
2024-02-09,S1,Electronics,0,91.0
2024-02-10,S1,Electronics,0,117.0
2024-02-11,S1,Electronics,0,114.0
2024-02-12,S1,Electronics,0,84.0
2024-02-13,S1,Electronics,0,88.0
2024-02-14,S1,Electronics,0,72.0
2024-02-15,S1,Electronics,0,122.0
2024-02-16,S1,Electronics,0,137.0
2024-02-17,S1,Electronics,0,99.0
2024-02-18,S1,Electronics,0,113.0
2024-02-19,S1,Electronics,0,60.0
2024-02-20,S1,Electronics,0,74.0
2024-02-21,S1,Electronics,0,97.0
2024-02-22,S1,Electronics,0,112.0
2024-02-23,S1,Electronics,0,92.0
2024-02-24,S1,Electronics,0,137.0
2024-02-25,S1,Electronics,0,120.0
2024-02-26,S1,Electronics,0,132.0
2024-02-27,S1,Electronics,0,87.0
2024-02-28,S1,Electronics,0,118.0
2024-02-29,S1,Electronics,0,112.0
2024-03-01,S1,Electronics,0,109.0
2024-03-02,S1,Electronics,0,106.0
2024-03-03,S1,Electronics,0,97.0
2024-03-04,S1,Electronics,0,101.0
2024-03-05,S1,Electronics,0,140.0
2024-03-06,S1,Electronics,0,144.0
2024-03-07,S1,Electronics,0,95.0
2024-03-08,S1,Electronics,0,151.0
2024-03-09,S1,Electronics,0,139.0
2024-03-10,S1,Electronics,0,130.0
2024-03-11,S1,Electronics,0,112.0
2024-03-12,S1,Electronics,0,109.0
2024-03-13,S1,Electronics,0,139.0
2024-03-14,S1,Electronics,0,152.0
2024-03-15,S1,Electronics,0,89.0
2024-03-16,S1,Electronics,0,121.0
2024-03-17,S1,Electronics,0,174.0
2024-03-18,S1,Electronics,0,116.0
2024-03-19,S1,Electronics,0,100.0
2024-03-20,S1,Electronics,0,118.0
2024-03-21,S1,Electronics,0,123.0
2024-03-22,S1,Electronics,0,161.0
2024-03-23,S1,Electronics,0,153.0
2024-03-24,S1,Electronics,0,154.0
2024-03-25,S1,Electronics,0,133.0
2024-03-26,S1,Electronics,0,148.0
2024-03-27,S1,Electronics,0,125.0
2024-03-28,S1,Electronics,0,110.0
2024-03-29,S1,Electronics,0,117.0
2024-03-30,S1,Electronics,0,174.0
2024-03-31,S1,Electronics,0,133.0
2024-04-01,S1,Electronics,0,119.0
2024-04-02,S1,Electronics,0,81.0
2024-04-03,S1,Electronics,0,103.0
2024-04-04,S1,Electronics,0,124.0
2024-04-05,S1,Electronics,0,149.0
2024-04-06,S1,Electronics,0,174.0
2024-04-07,S1,Electronics,0,156.0
2024-04-08,S1,Electronics,0,219.0
2024-04-09,S1,Electronics,0,170.0
2024-04-10,S1,Electronics,0,176.0
2024-04-11,S1,Electronics,0,148.0
2024-04-12,S1,Electronics,0,157.0
2024-04-13,S1,Electronics,1,216.0
2024-04-14,S1,Electronics,1,193.0
2024-04-15,S1,Electronics,1,184.0
2024-04-16,S1,Electronics,1,175.0
2024-04-17,S1,Electronics,1,149.0
2024-04-18,S1,Electronics,1,216.0
2024-04-19,S1,Electronics,1,211.0
2024-04-20,S1,Electronics,1,216.0
2024-04-21,S1,Electronics,1,242.0
2024-04-22,S1,Electronics,1,179.0
2024-04-23,S1,Electronics,0,151.0
2024-04-24,S1,Electronics,0,116.0
2024-04-25,S1,Electronics,0,130.0
2024-04-26,S1,Electronics,0,163.0
2024-04-27,S1,Electronics,0,177.0
2024-04-28,S1,Electronics,0,125.0
2024-04-29,S1,Electronics,0,159.0
2024-04-30,S1,Electronics,0,112.0
2024-05-01,S1,Electronics,0,122.0
2024-05-02,S1,Electronics,0,158.0
2024-05-03,S1,Electronics,0,206.0
2024-05-04,S1,Electronics,0,247.0
2024-05-05,S1,Electronics,0,164.0
2024-05-06,S1,Electronics,0,183.0
2024-05-07,S1,Electronics,0,179.0
2024-05-08,S1,Electronics,0,163.0
2024-05-09,S1,Electronics,0,148.0
2024-05-10,S1,Electronics,0,154.0
2024-05-11,S1,Electronics,0,199.0
2024-05-12,S1,Electronics,0,203.0
2024-05-13,S1,Electronics,0,209.0
2024-05-14,S1,Electronics,0,174.0
2024-05-15,S1,Electronics,0,202.0
2024-05-16,S1,Electronics,0,117.0
2024-05-17,S1,Electronics,0,148.0
2024-05-18,S1,Electronics,0,137.0
2024-05-19,S1,Electronics,0,178.0
2024-05-20,S1,Electronics,0,134.0
2024-05-21,S1,Electronics,0,180.0
2024-05-22,S1,Electronics,0,132.0
2024-05-23,S1,Electronics,0,206.0
2024-05-24,S1,Electronics,0,134.0
2024-05-25,S1,Electronics,0,208.0
2024-05-26,S1,Electronics,0,201.0
2024-05-27,S1,Electronics,0,190.0
2024-05-28,S1,Electronics,0,163.0
2024-05-29,S1,Electronics,0,128.0
2024-05-30,S1,Electronics,0,200.0
2024-05-31,S1,Electronics,0,182.0
2024-06-01,S1,Electronics,0,134.0
2024-06-02,S1,Electronics,0,195.0
2024-06-03,S1,Electronics,0,196.0
2024-06-04,S1,Electronics,0,194.0
2024-06-05,S1,Electronics,0,169.0
2024-06-06,S1,Electronics,0,167.0
2024-06-07,S1,Electronics,0,207.0
2024-06-08,S1,Electronics,0,201.0
2024-06-09,S1,Electronics,0,147.0
2024-06-10,S1,Electronics,0,189.0
2024-06-11,S1,Electronics,0,196.0
2024-06-12,S1,Electronics,0,122.0
2024-06-13,S1,Electronics,0,149.0
2024-06-14,S1,Electronics,0,221.0
2024-06-15,S1,Electronics,0,172.0
2024-06-16,S1,Electronics,0,200.0
2024-06-17,S1,Electronics,0,119.0
2024-06-18,S1,Electronics,0,231.0
2024-06-19,S1,Electronics,0,191.0
2024-06-20,S1,Electronics,0,202.0
2024-06-21,S1,Electronics,0,178.0
2024-06-22,S1,Electronics,0,206.0
2024-06-23,S1,Electronics,0,230.0
2024-06-24,S1,Electronics,0,158.0
2024-06-25,S1,Electronics,0,171.0
2024-06-26,S1,Electronics,0,157.0
2024-06-27,S1,Electronics,1,233.0
2024-06-28,S1,Electronics,1,327.0
2024-06-29,S1,Electronics,1,267.0
2024-06-30,S1,Electronics,1,236.0
2024-07-01,S1,Electronics,1,224.0
2024-07-02,S1,Electronics,0,207.0
2024-07-03,S1,Electronics,0,153.0
2024-07-04,S1,Electronics,0,163.0
2024-07-05,S1,Electronics,0,137.0
2024-07-06,S1,Electronics,0,112.0
2024-07-07,S1,Electronics,0,209.0
2024-07-08,S1,Electronics,0,183.0
2024-07-09,S1,Electronics,0,148.0
2024-07-10,S1,Electronics,0,194.0
2024-07-11,S1,Electronics,0,169.0
2024-07-12,S1,Electronics,0,223.0
2024-07-13,S1,Electronics,0,147.0
2024-07-14,S1,Electronics,0,157.0
2024-07-15,S1,Electronics,0,198.0
2024-07-16,S1,Electronics,0,172.0
2024-07-17,S1,Electronics,0,157.0
2024-07-18,S1,Electronics,0,219.0
2024-07-19,S1,Electronics,0,234.0
2024-07-20,S1,Electronics,0,144.0
2024-07-21,S1,Electronics,0,209.0
2024-07-22,S1,Electronics,0,172.0
2024-07-23,S1,Electronics,0,116.0
2024-07-24,S1,Electronics,0,176.0
2024-07-25,S1,Electronics,0,139.0
2024-07-26,S1,Electronics,0,185.0
2024-07-27,S1,Electronics,0,216.0
2024-07-28,S1,Electronics,0,186.0
2024-07-29,S1,Electronics,0,193.0
2024-07-30,S1,Electronics,0,176.0
2024-07-31,S1,Electronics,0,166.0
2024-08-01,S1,Electronics,0,160.0
2024-08-02,S1,Electronics,0,222.0
2024-08-03,S1,Electronics,0,214.0
2024-08-04,S1,Electronics,0,194.0
2024-08-05,S1,Electronics,0,156.0
2024-08-06,S1,Electronics,1,199.0
2024-08-07,S1,Electronics,1,182.0
2024-08-08,S1,Electronics,1,214.0
2024-08-09,S1,Electronics,1,310.0
2024-08-10,S1,Electronics,1,204.0
2024-08-11,S1,Electronics,1,277.0
2024-08-12,S1,Electronics,1,248.0
2024-08-13,S1,Electronics,1,232.0
2024-08-14,S1,Electronics,1,202.0
2024-08-15,S1,Electronics,0,146.0
2024-08-16,S1,Electronics,0,166.0
2024-08-17,S1,Electronics,0,161.0
2024-08-18,S1,Electronics,0,201.0
2024-08-19,S1,Electronics,0,193.0
2024-08-20,S1,Electronics,0,190.0
2024-08-21,S1,Electronics,0,182.0
2024-08-22,S1,Electronics,0,178.0
2024-08-23,S1,Electronics,1,216.0
2024-08-24,S1,Electronics,1,295.0
2024-08-25,S1,Electronics,1,226.0
2024-08-26,S1,Electronics,1,207.0
2024-08-27,S1,Electronics,1,178.0
2024-08-28,S1,Electronics,0,170.0
2024-08-29,S1,Electronics,0,154.0
2024-08-30,S1,Electronics,1,188.0
2024-08-31,S1,Electronics,1,248.0
2024-09-01,S1,Electronics,1,279.0
2024-09-02,S1,Electronics,1,182.0
2024-09-03,S1,Electronics,1,223.0
2024-09-04,S1,Electronics,0,98.0
2024-09-05,S1,Electronics,0,136.0
2024-09-06,S1,Electronics,0,152.0
2024-09-07,S1,Electronics,0,163.0
2024-09-08,S1,Electronics,0,203.0
2024-09-09,S1,Electronics,0,133.0
2024-09-10,S1,Electronics,0,104.0
2024-09-11,S1,Electronics,0,130.0
2024-09-12,S1,Electronics,0,141.0
2024-09-13,S1,Electronics,0,146.0
2024-09-14,S1,Electronics,0,123.0
2024-09-15,S1,Electronics,0,144.0
2024-09-16,S1,Electronics,0,130.0
2024-09-17,S1,Electronics,0,128.0
2024-09-18,S1,Electronics,0,114.0
2024-09-19,S1,Electronics,0,120.0
2024-09-20,S1,Electronics,0,146.0
2024-09-21,S1,Electronics,0,148.0
2024-09-22,S1,Electronics,0,174.0
2024-09-23,S1,Electronics,0,114.0
2024-09-24,S1,Electronics,0,141.0
2024-09-25,S1,Electronics,0,117.0
2024-09-26,S1,Electronics,0,124.0
2024-09-27,S1,Electronics,0,123.0
2024-09-28,S1,Electronics,0,149.0
2024-09-29,S1,Electronics,0,151.0
2024-09-30,S1,Electronics,0,142.0
2024-10-01,S1,Electronics,0,135.0
2024-10-02,S1,Electronics,1,153.0
2024-10-03,S1,Electronics,1,172.0
2024-10-04,S1,Electronics,1,203.0
2024-10-05,S1,Electronics,1,211.0
2024-10-06,S1,Electronics,1,173.0
2024-10-07,S1,Electronics,0,110.0
2024-10-08,S1,Electronics,0,117.0
2024-10-09,S1,Electronics,0,184.0
2024-10-10,S1,Electronics,0,114.0
2024-10-11,S1,Electronics,0,107.0
2024-10-12,S1,Electronics,0,140.0
2024-10-13,S1,Electronics,0,122.0
2024-10-14,S1,Electronics,0,87.0
2024-10-15,S1,Electronics,0,118.0
2024-10-16,S1,Electronics,0,113.0
2024-10-17,S1,Electronics,0,136.0
2024-10-18,S1,Electronics,0,134.0
2024-10-19,S1,Electronics,0,139.0
2024-10-20,S1,Electronics,0,126.0
2024-10-21,S1,Electronics,0,144.0
2024-10-22,S1,Electronics,0,97.0
2024-10-23,S1,Electronics,0,112.0
2024-10-24,S1,Electronics,1,179.0
2024-10-25,S1,Electronics,1,180.0
2024-10-26,S1,Electronics,1,138.0
2024-10-27,S1,Electronics,1,157.0
2024-10-28,S1,Electronics,1,140.0
2024-10-29,S1,Electronics,0,105.0
2024-10-30,S1,Electronics,0,94.0
2024-10-31,S1,Electronics,0,151.0
2024-11-01,S1,Electronics,0,112.0
2024-11-02,S1,Electronics,0,109.0
2024-11-03,S1,Electronics,0,140.0
2024-11-04,S1,Electronics,0,103.0
2024-11-05,S1,Electronics,0,110.0
2024-11-06,S1,Electronics,0,94.0
2024-11-07,S1,Electronics,0,100.0
2024-11-08,S1,Electronics,0,124.0
2024-11-09,S1,Electronics,0,107.0
2024-11-10,S1,Electronics,0,168.0
2024-11-11,S1,Electronics,0,104.0
2024-11-12,S1,Electronics,0,109.0
2024-11-13,S1,Electronics,0,133.0
2024-11-14,S1,Electronics,0,119.0
2024-11-15,S1,Electronics,0,110.0
2024-11-16,S1,Electronics,0,154.0
2024-11-17,S1,Electronics,0,119.0
2024-11-18,S1,Electronics,0,85.0
2024-11-19,S1,Electronics,0,108.0
2024-11-20,S1,Electronics,0,148.0
2024-11-21,S1,Electronics,0,107.0
2024-11-22,S1,Electronics,0,115.0
2024-11-23,S1,Electronics,0,192.0
2024-11-24,S1,Electronics,0,123.0
2024-11-25,S1,Electronics,0,120.0
2024-11-26,S1,Electronics,0,97.0
2024-11-27,S1,Electronics,0,104.0
2024-11-28,S1,Electronics,0,137.0
2024-11-29,S1,Electronics,0,174.0
2024-11-30,S1,Electronics,0,144.0
2024-12-01,S1,Electronics,0,144.0
2024-12-02,S1,Electronics,0,147.0
2024-12-03,S1,Electronics,0,97.0
2024-12-04,S1,Electronics,0,127.0
2024-12-05,S1,Electronics,0,157.0
2024-12-06,S1,Electronics,0,138.0
2024-12-07,S1,Electronics,0,154.0
2024-12-08,S1,Electronics,0,130.0
2024-12-09,S1,Electronics,0,122.0
2024-12-10,S1,Electronics,0,119.0
2024-12-11,S1,Electronics,0,84.0
2024-12-12,S1,Electronics,0,112.0
2024-12-13,S1,Electronics,0,118.0
2024-12-14,S1,Electronics,0,126.0
2024-12-15,S1,Electronics,0,126.0
2024-12-16,S1,Electronics,0,105.0
2024-12-17,S1,Electronics,0,85.0
2024-12-18,S1,Electronics,0,77.0
2024-12-19,S1,Electronics,0,93.0
2024-12-20,S1,Electronics,0,110.0
2024-12-21,S1,Electronics,0,109.0
2024-12-22,S1,Electronics,0,130.0
2024-12-23,S1,Electronics,0,100.0
2024-12-24,S1,Electronics,0,118.0
2024-12-25,S1,Electronics,0,108.0
2024-12-26,S1,Electronics,0,120.0
2024-12-27,S1,Electronics,0,80.0
2024-12-28,S1,Electronics,0,121.0
2024-12-29,S1,Electronics,0,100.0
2024-12-30,S1,Electronics,0,79.0
2024-12-31,S1,Electronics,0,65.0
2025-01-01,S1,Electronics,0,112.0
2025-01-02,S1,Electronics,0,90.0
2025-01-03,S1,Electronics,0,83.0
2025-01-04,S1,Electronics,0,72.0
2025-01-05,S1,Electronics,0,84.0
2025-01-06,S1,Electronics,0,86.0
2025-01-07,S1,Electronics,0,55.0
2025-01-08,S1,Electronics,1,123.0
2025-01-09,S1,Electronics,1,130.0
2025-01-10,S1,Electronics,1,182.0
2025-01-11,S1,Electronics,1,176.0
2025-01-12,S1,Electronics,1,145.0
2025-01-13,S1,Electronics,0,81.0
2025-01-14,S1,Electronics,0,101.0
2025-01-15,S1,Electronics,0,106.0
2025-01-16,S1,Electronics,0,105.0
2025-01-17,S1,Electronics,1,157.0
2025-01-18,S1,Electronics,1,183.0
2025-01-19,S1,Electronics,1,111.0
2025-01-20,S1,Electronics,1,161.0
2025-01-21,S1,Electronics,1,95.0
2025-01-22,S1,Electronics,0,73.0
2025-01-23,S1,Electronics,0,105.0
2025-01-24,S1,Electronics,0,92.0
2025-01-25,S1,Electronics,0,65.0
2025-01-26,S1,Electronics,0,105.0
2025-01-27,S1,Electronics,0,90.0
2025-01-28,S1,Electronics,0,99.0
2025-01-29,S1,Electronics,0,128.0
2025-01-30,S1,Electronics,0,82.0
2025-01-31,S1,Electronics,0,75.0
2025-02-01,S1,Electronics,0,140.0
2025-02-02,S1,Electronics,0,99.0
2025-02-03,S1,Electronics,0,99.0
2025-02-04,S1,Electronics,0,118.0
2025-02-05,S1,Electronics,0,127.0
2025-02-06,S1,Electronics,0,156.0
2025-02-07,S1,Electronics,0,106.0
2025-02-08,S1,Electronics,0,148.0
2025-02-09,S1,Electronics,0,122.0
2025-02-10,S1,Electronics,0,129.0
2025-02-11,S1,Electronics,0,97.0
2025-02-12,S1,Electronics,1,171.0
2025-02-13,S1,Electronics,1,144.0
2025-02-14,S1,Electronics,1,221.0
2025-02-15,S1,Electronics,1,193.0
2025-02-16,S1,Electronics,1,165.0
2025-02-17,S1,Electronics,0,139.0
2025-02-18,S1,Electronics,1,114.0
2025-02-19,S1,Electronics,1,175.0
2025-02-20,S1,Electronics,1,118.0
2025-02-21,S1,Electronics,1,175.0
2025-02-22,S1,Electronics,1,185.0
2025-02-23,S1,Electronics,0,174.0
2025-02-24,S1,Electronics,0,135.0
2025-02-25,S1,Electronics,0,97.0
2025-02-26,S1,Electronics,0,132.0
2025-02-27,S1,Electronics,0,128.0
2025-02-28,S1,Electronics,0,136.0
2025-03-01,S1,Electronics,0,171.0
2025-03-02,S1,Electronics,0,145.0
2025-03-03,S1,Electronics,0,160.0
2025-03-04,S1,Electronics,0,163.0
2025-03-05,S1,Electronics,0,102.0
2025-03-06,S1,Electronics,0,130.0
2025-03-07,S1,Electronics,0,171.0
2025-03-08,S1,Electronics,0,107.0
2025-03-09,S1,Electronics,0,164.0
2025-03-10,S1,Electronics,0,143.0
2025-03-11,S1,Electronics,0,150.0
2025-03-12,S1,Electronics,0,119.0
2025-03-13,S1,Electronics,0,141.0
2025-03-14,S1,Electronics,0,137.0
2025-03-15,S1,Electronics,0,169.0
2025-03-16,S1,Electronics,0,188.0
2025-03-17,S1,Electronics,0,96.0
2025-03-18,S1,Electronics,0,103.0
2025-03-19,S1,Electronics,0,141.0
2025-03-20,S1,Electronics,0,131.0
2025-03-21,S1,Electronics,0,159.0
2025-03-22,S1,Electronics,0,172.0
2025-03-23,S1,Electronics,0,159.0
2025-03-24,S1,Electronics,0,130.0
2025-03-25,S1,Electronics,0,172.0
2025-03-26,S1,Electronics,0,165.0
2025-03-27,S1,Electronics,0,130.0
2025-03-28,S1,Electronics,0,157.0
2025-03-29,S1,Electronics,0,129.0
2025-03-30,S1,Electronics,0,203.0
2025-03-31,S1,Electronics,0,117.0
2025-04-01,S1,Electronics,0,142.0
2025-04-02,S1,Electronics,0,144.0
2025-04-03,S1,Electronics,0,136.0
2025-04-04,S1,Electronics,0,175.0
2025-04-05,S1,Electronics,0,202.0
2025-04-06,S1,Electronics,0,171.0
2025-04-07,S1,Electronics,0,167.0
2025-04-08,S1,Electronics,0,158.0
2025-04-09,S1,Electronics,0,172.0
2025-04-10,S1,Electronics,0,171.0
2025-04-11,S1,Electronics,0,161.0
2025-04-12,S1,Electronics,0,147.0
2025-04-13,S1,Electronics,0,210.0
2025-04-14,S1,Electronics,0,215.0
2025-04-15,S1,Electronics,0,160.0
2025-04-16,S1,Electronics,0,198.0
2025-04-17,S1,Electronics,0,153.0
2025-04-18,S1,Electronics,0,160.0
2025-04-19,S1,Electronics,0,310.0
2025-04-20,S1,Electronics,0,160.0
2025-04-21,S1,Electronics,0,198.0
2025-04-22,S1,Electronics,0,133.0
2025-04-23,S1,Electronics,0,167.0
2025-04-24,S1,Electronics,0,144.0
2025-04-25,S1,Electronics,0,199.0
2025-04-26,S1,Electronics,0,170.0
2025-04-27,S1,Electronics,0,203.0
2025-04-28,S1,Electronics,0,172.0
2025-04-29,S1,Electronics,0,155.0
2025-04-30,S1,Electronics,0,200.0
2025-05-01,S1,Electronics,0,205.0
2025-05-02,S1,Electronics,0,139.0
2025-05-03,S1,Electronics,0,309.0
2025-05-04,S1,Electronics,0,147.0
2025-05-05,S1,Electronics,1,216.0
2025-05-06,S1,Electronics,1,183.0
2025-05-07,S1,Electronics,1,200.0
2025-05-08,S1,Electronics,1,279.0
2025-05-09,S1,Electronics,1,178.0
2025-05-10,S1,Electronics,0,253.0
2025-05-11,S1,Electronics,0,240.0
2025-05-12,S1,Electronics,0,257.0
2025-05-13,S1,Electronics,0,180.0
2025-05-14,S1,Electronics,0,158.0
2025-05-15,S1,Electronics,0,188.0
2025-05-16,S1,Electronics,0,222.0
2025-05-17,S1,Electronics,0,186.0
2025-05-18,S1,Electronics,0,135.0
2025-05-19,S1,Electronics,0,195.0
2025-05-20,S1,Electronics,0,153.0
2025-05-21,S1,Electronics,0,165.0
2025-05-22,S1,Electronics,0,197.0
2025-05-23,S1,Electronics,0,233.0
2025-05-24,S1,Electronics,0,229.0
2025-05-25,S1,Electronics,0,179.0
2025-05-26,S1,Electronics,0,170.0
2025-05-27,S1,Electronics,0,151.0
2025-05-28,S1,Electronics,0,146.0
2025-05-29,S1,Electronics,0,182.0
2025-05-30,S1,Electronics,1,201.0
2025-05-31,S1,Electronics,1,271.0
2025-06-01,S1,Electronics,1,259.0
2025-06-02,S1,Electronics,1,273.0
2025-06-03,S1,Electronics,1,249.0
2025-06-04,S1,Electronics,0,211.0
2025-06-05,S1,Electronics,0,163.0
2025-06-06,S1,Electronics,0,193.0
2025-06-07,S1,Electronics,0,236.0
2025-06-08,S1,Electronics,0,170.0
2025-06-09,S1,Electronics,0,241.0
2025-06-10,S1,Electronics,0,204.0
2025-06-11,S1,Electronics,0,257.0
2025-06-12,S1,Electronics,0,173.0
2025-06-13,S1,Electronics,0,164.0
2025-06-14,S1,Electronics,0,187.0
2025-06-15,S1,Electronics,0,298.0
2025-06-16,S1,Electronics,0,192.0
2025-06-17,S1,Electronics,0,165.0
2025-06-18,S1,Electronics,0,206.0
2025-06-19,S1,Electronics,0,192.0
2025-06-20,S1,Electronics,0,170.0
2025-06-21,S1,Electronics,0,302.0
2025-06-22,S1,Electronics,0,303.0
2025-06-23,S1,Electronics,0,149.0
2025-06-24,S1,Electronics,0,209.0
2025-06-25,S1,Electronics,0,183.0
2025-06-26,S1,Electronics,0,123.0
2025-06-27,S1,Electronics,0,186.0
2025-06-28,S1,Electronics,0,249.0
2025-06-29,S1,Electronics,0,256.0
2025-06-30,S1,Electronics,0,184.0
2025-07-01,S1,Electronics,0,215.0
2025-07-02,S1,Electronics,0,207.0
2025-07-03,S1,Electronics,0,166.0
2025-07-04,S1,Electronics,0,190.0
2025-07-05,S1,Electronics,0,219.0
2025-07-06,S1,Electronics,0,326.0
2025-07-07,S1,Electronics,0,169.0
2025-07-08,S1,Electronics,0,93.0
2025-07-09,S1,Electronics,0,184.0
2025-07-10,S1,Electronics,0,196.0
2025-07-11,S1,Electronics,0,182.0
2025-07-12,S1,Electronics,0,224.0
2025-07-13,S1,Electronics,0,172.0
2025-07-14,S1,Electronics,0,248.0
2025-07-15,S1,Electronics,0,194.0
2025-07-16,S1,Electronics,0,219.0
2025-07-17,S1,Electronics,0,209.0
2025-07-18,S1,Electronics,0,249.0
2025-07-19,S1,Electronics,0,225.0
2025-07-20,S1,Electronics,1,300.0
2025-07-21,S1,Electronics,1,278.0
2025-07-22,S1,Electronics,1,166.0
2025-07-23,S1,Electronics,1,313.0
2025-07-24,S1,Electronics,1,257.0
2025-07-25,S1,Electronics,0,247.0
2025-07-26,S1,Electronics,0,226.0
2025-07-27,S1,Electronics,0,234.0
2025-07-28,S1,Electronics,0,212.0
2025-07-29,S1,Electronics,0,152.0
2025-07-30,S1,Electronics,0,125.0
2025-07-31,S1,Electronics,0,117.0
2025-08-01,S1,Electronics,0,181.0
2025-08-02,S1,Electronics,0,194.0
2025-08-03,S1,Electronics,1,257.0
2025-08-04,S1,Electronics,1,168.0
2025-08-05,S1,Electronics,1,269.0
2025-08-06,S1,Electronics,1,313.0
2025-08-07,S1,Electronics,1,243.0
2025-08-08,S1,Electronics,0,240.0
2025-08-09,S1,Electronics,0,201.0
2025-08-10,S1,Electronics,0,213.0
2025-08-11,S1,Electronics,0,164.0
2025-08-12,S1,Electronics,0,143.0
2025-08-13,S1,Electronics,0,204.0
2025-08-14,S1,Electronics,0,162.0
2025-08-15,S1,Electronics,0,218.0
2025-08-16,S1,Electronics,0,195.0
2025-08-17,S1,Electronics,0,159.0
2025-08-18,S1,Electronics,0,203.0
2025-08-19,S1,Electronics,0,242.0
2025-08-20,S1,Electronics,1,242.0
2025-08-21,S1,Electronics,1,264.0
2025-08-22,S1,Electronics,1,216.0
2025-08-23,S1,Electronics,1,284.0
2025-08-24,S1,Electronics,1,248.0
2025-08-25,S1,Electronics,0,194.0
2025-08-26,S1,Electronics,0,122.0
2025-08-27,S1,Electronics,0,216.0
2025-08-28,S1,Electronics,0,197.0
2025-08-29,S1,Electronics,0,150.0
2025-08-30,S1,Electronics,0,151.0
2025-08-31,S1,Electronics,0,226.0
2025-09-01,S1,Electronics,0,186.0
2025-09-02,S1,Electronics,0,140.0
2025-09-03,S1,Electronics,0,198.0
2025-09-04,S1,Electronics,0,196.0
2025-09-05,S1,Electronics,0,220.0
2025-09-06,S1,Electronics,0,223.0
2025-09-07,S1,Electronics,0,212.0
2025-09-08,S1,Electronics,0,176.0
2025-09-09,S1,Electronics,0,162.0
2025-09-10,S1,Electronics,0,166.0
2025-09-11,S1,Electronics,0,175.0
2025-09-12,S1,Electronics,0,137.0
2025-09-13,S1,Electronics,0,208.0
2025-09-14,S1,Electronics,0,160.0
2025-09-15,S1,Electronics,0,128.0
2025-09-16,S1,Electronics,0,170.0
2025-09-17,S1,Electronics,0,131.0
2025-09-18,S1,Electronics,0,182.0
2025-09-19,S1,Electronics,0,194.0
2025-09-20,S1,Electronics,0,145.0
2025-09-21,S1,Electronics,0,181.0
2025-09-22,S1,Electronics,0,115.0
2025-09-23,S1,Electronics,0,119.0
2025-09-24,S1,Electronics,1,113.0
2025-09-25,S1,Electronics,1,161.0
2025-09-26,S1,Electronics,1,237.0
2025-09-27,S1,Electronics,1,265.0
2025-09-28,S1,Electronics,1,201.0
2025-09-29,S1,Electronics,0,187.0
2025-09-30,S1,Electronics,0,177.0
2025-10-01,S1,Electronics,0,158.0
2025-10-02,S1,Electronics,0,159.0
2025-10-03,S1,Electronics,0,165.0
2025-10-04,S1,Electronics,0,160.0
2025-10-05,S1,Electronics,0,124.0
2025-10-06,S1,Electronics,0,148.0
2025-10-07,S1,Electronics,0,124.0
2025-10-08,S1,Electronics,0,181.0
2025-10-09,S1,Electronics,0,160.0
2025-10-10,S1,Electronics,0,122.0
2025-10-11,S1,Electronics,0,179.0
2025-10-12,S1,Electronics,0,140.0
2025-10-13,S1,Electronics,0,105.0
2025-10-14,S1,Electronics,0,145.0
2025-10-15,S1,Electronics,0,137.0
2025-10-16,S1,Electronics,0,113.0
2025-10-17,S1,Electronics,0,119.0
2025-10-18,S1,Electronics,1,196.0
2025-10-19,S1,Electronics,1,214.0
2025-10-20,S1,Electronics,1,158.0
2025-10-21,S1,Electronics,1,154.0
2025-10-22,S1,Electronics,1,201.0
2025-10-23,S1,Electronics,0,157.0
2025-10-24,S1,Electronics,0,111.0
2025-10-25,S1,Electronics,0,153.0
2025-10-26,S1,Electronics,0,166.0
2025-10-27,S1,Electronics,0,140.0
2025-10-28,S1,Electronics,0,122.0
2025-10-29,S1,Electronics,0,109.0
2025-10-30,S1,Electronics,0,128.0
2025-10-31,S1,Electronics,0,110.0
2025-11-01,S1,Electronics,0,185.0
2025-11-02,S1,Electronics,0,162.0
2025-11-03,S1,Electronics,0,115.0
2025-11-04,S1,Electronics,0,126.0
2025-11-05,S1,Electronics,0,139.0
2025-11-06,S1,Electronics,0,114.0
2025-11-07,S1,Electronics,0,112.0
2025-11-08,S1,Electronics,0,158.0
2025-11-09,S1,Electronics,0,136.0
2025-11-10,S1,Electronics,0,149.0
2025-11-11,S1,Electronics,0,108.0
2025-11-12,S1,Electronics,0,155.0
2025-11-13,S1,Electronics,0,112.0
2025-11-14,S1,Electronics,0,106.0
2025-11-15,S1,Electronics,0,125.0
2025-11-16,S1,Electronics,0,136.0
2025-11-17,S1,Electronics,0,123.0
2025-11-18,S1,Electronics,0,78.0
2025-11-19,S1,Electronics,0,107.0
2025-11-20,S1,Electronics,0,113.0
2025-11-21,S1,Electronics,0,155.0
2025-11-22,S1,Electronics,0,201.0
2025-11-23,S1,Electronics,0,170.0
2025-11-24,S1,Electronics,0,113.0
2025-11-25,S1,Electronics,0,178.0
2025-11-26,S1,Electronics,0,115.0
2025-11-27,S1,Electronics,0,79.0
2025-11-28,S1,Electronics,0,129.0
2025-11-29,S1,Electronics,0,175.0
2025-11-30,S1,Electronics,0,164.0
2025-12-01,S1,Electronics,0,172.0
2025-12-02,S1,Electronics,0,118.0
2025-12-03,S1,Electronics,0,157.0
2025-12-04,S1,Electronics,0,186.0
2025-12-05,S1,Electronics,0,177.0
2025-12-06,S1,Electronics,1,201.0
2025-12-07,S1,Electronics,1,199.0
2025-12-08,S1,Electronics,1,141.0
2025-12-09,S1,Electronics,1,194.0
2025-12-10,S1,Electronics,1,223.0
2025-12-11,S1,Electronics,0,150.0
2025-12-12,S1,Electronics,0,153.0
2025-12-13,S1,Electronics,0,149.0
2025-12-14,S1,Electronics,0,174.0
2025-12-15,S1,Electronics,0,121.0
2025-12-16,S1,Electronics,0,145.0
2025-12-17,S1,Electronics,0,117.0
2025-12-18,S1,Electronics,0,120.0
2025-12-19,S1,Electronics,0,130.0
2025-12-20,S1,Electronics,0,138.0
2025-12-21,S1,Electronics,0,146.0
2025-12-22,S1,Electronics,0,119.0
2025-12-23,S1,Electronics,0,89.0
2025-12-24,S1,Electronics,0,158.0
2025-12-25,S1,Electronics,0,112.0
2025-12-26,S1,Electronics,0,121.0
2025-12-27,S1,Electronics,0,129.0
2025-12-28,S1,Electronics,0,129.0
2025-12-29,S1,Electronics,0,102.0
2025-12-30,S1,Electronics,0,110.0
2023-01-01,S1,Grocery,0,198.0
2023-01-02,S1,Grocery,0,225.0
2023-01-03,S1,Grocery,0,214.0
2023-01-04,S1,Grocery,0,204.0
2023-01-05,S1,Grocery,0,239.0
2023-01-06,S1,Grocery,0,212.0
2023-01-07,S1,Grocery,0,253.0
2023-01-08,S1,Grocery,0,236.0
2023-01-09,S1,Grocery,0,244.0
2023-01-10,S1,Grocery,0,238.0
2023-01-11,S1,Grocery,0,183.0
2023-01-12,S1,Grocery,0,254.0
2023-01-13,S1,Grocery,0,246.0
2023-01-14,S1,Grocery,0,227.0
2023-01-15,S1,Grocery,0,212.0
2023-01-16,S1,Grocery,0,236.0
2023-01-17,S1,Grocery,0,226.0
2023-01-18,S1,Grocery,0,255.0
2023-01-19,S1,Grocery,0,199.0
2023-01-20,S1,Grocery,0,247.0
2023-01-21,S1,Grocery,0,220.0
2023-01-22,S1,Grocery,0,241.0
2023-01-23,S1,Grocery,0,223.0
2023-01-24,S1,Grocery,0,228.0
2023-01-25,S1,Grocery,0,215.0
2023-01-26,S1,Grocery,0,259.0
2023-01-27,S1,Grocery,0,204.0
2023-01-28,S1,Grocery,0,189.0
2023-01-29,S1,Grocery,0,222.0
2023-01-30,S1,Grocery,0,260.0
2023-01-31,S1,Grocery,0,176.0
2023-02-01,S1,Grocery,0,216.0
2023-02-02,S1,Grocery,0,246.0
2023-02-03,S1,Grocery,0,222.0
2023-02-04,S1,Grocery,0,232.0
2023-02-05,S1,Grocery,0,255.0
2023-02-06,S1,Grocery,0,205.0
2023-02-07,S1,Grocery,0,217.0
2023-02-08,S1,Grocery,0,261.0
2023-02-09,S1,Grocery,0,225.0
2023-02-10,S1,Grocery,0,204.0
2023-02-11,S1,Grocery,0,263.0
2023-02-12,S1,Grocery,0,190.0
2023-02-13,S1,Grocery,0,234.0
2023-02-14,S1,Grocery,0,228.0
2023-02-15,S1,Grocery,0,241.0
2023-02-16,S1,Grocery,0,226.0
2023-02-17,S1,Grocery,0,268.0
2023-02-18,S1,Grocery,0,236.0
2023-02-19,S1,Grocery,0,247.0
2023-02-20,S1,Grocery,0,271.0
2023-02-21,S1,Grocery,0,244.0
2023-02-22,S1,Grocery,0,281.0
2023-02-23,S1,Grocery,0,273.0
2023-02-24,S1,Grocery,0,255.0
2023-02-25,S1,Grocery,0,252.0
2023-02-26,S1,Grocery,0,261.0
2023-02-27,S1,Grocery,0,216.0
2023-02-28,S1,Grocery,0,221.0
2023-03-01,S1,Grocery,0,264.0
2023-03-02,S1,Grocery,0,283.0
2023-03-03,S1,Grocery,0,278.0
2023-03-04,S1,Grocery,1,325.0
2023-03-05,S1,Grocery,1,352.0
2023-03-06,S1,Grocery,1,335.0
2023-03-07,S1,Grocery,1,343.0
2023-03-08,S1,Grocery,1,352.0
2023-03-09,S1,Grocery,0,242.0
2023-03-10,S1,Grocery,0,263.0
2023-03-11,S1,Grocery,0,245.0
2023-03-12,S1,Grocery,0,229.0
2023-03-13,S1,Grocery,0,242.0
2023-03-14,S1,Grocery,0,237.0
2023-03-15,S1,Grocery,0,235.0
2023-03-16,S1,Grocery,0,275.0
2023-03-17,S1,Grocery,0,261.0
2023-03-18,S1,Grocery,0,286.0
2023-03-19,S1,Grocery,0,217.0
2023-03-20,S1,Grocery,0,262.0
2023-03-21,S1,Grocery,0,233.0
2023-03-22,S1,Grocery,0,260.0
2023-03-23,S1,Grocery,0,219.0
2023-03-24,S1,Grocery,0,282.0
2023-03-25,S1,Grocery,0,266.0
2023-03-26,S1,Grocery,0,310.0
2023-03-27,S1,Grocery,0,229.0
2023-03-28,S1,Grocery,0,229.0
2023-03-29,S1,Grocery,0,240.0
2023-03-30,S1,Grocery,0,275.0
2023-03-31,S1,Grocery,0,283.0
2023-04-01,S1,Grocery,0,280.0
2023-04-02,S1,Grocery,0,329.0
2023-04-03,S1,Grocery,0,265.0
2023-04-04,S1,Grocery,0,264.0
2023-04-05,S1,Grocery,0,255.0
2023-04-06,S1,Grocery,0,289.0
2023-04-07,S1,Grocery,0,285.0
2023-04-08,S1,Grocery,0,268.0
2023-04-09,S1,Grocery,0,247.0
2023-04-10,S1,Grocery,0,238.0
2023-04-11,S1,Grocery,0,276.0
2023-04-12,S1,Grocery,0,291.0
2023-04-13,S1,Grocery,0,258.0
2023-04-14,S1,Grocery,0,264.0
2023-04-15,S1,Grocery,0,309.0
2023-04-16,S1,Grocery,0,325.0
2023-04-17,S1,Grocery,0,262.0
2023-04-18,S1,Grocery,0,235.0
2023-04-19,S1,Grocery,0,273.0
2023-04-20,S1,Grocery,0,239.0
2023-04-21,S1,Grocery,0,319.0
2023-04-22,S1,Grocery,0,238.0
2023-04-23,S1,Grocery,0,287.0
2023-04-24,S1,Grocery,0,297.0
2023-04-25,S1,Grocery,0,323.0
2023-04-26,S1,Grocery,0,264.0
2023-04-27,S1,Grocery,0,286.0
2023-04-28,S1,Grocery,0,296.0
2023-04-29,S1,Grocery,0,297.0
2023-04-30,S1,Grocery,0,310.0
2023-05-01,S1,Grocery,0,341.0
2023-05-02,S1,Grocery,0,290.0
2023-05-03,S1,Grocery,0,306.0
2023-05-04,S1,Grocery,0,238.0
2023-05-05,S1,Grocery,0,268.0
2023-05-06,S1,Grocery,0,331.0
2023-05-07,S1,Grocery,0,294.0
2023-05-08,S1,Grocery,0,285.0
2023-05-09,S1,Grocery,0,239.0
2023-05-10,S1,Grocery,0,208.0
2023-05-11,S1,Grocery,0,297.0
2023-05-12,S1,Grocery,0,339.0
2023-05-13,S1,Grocery,0,319.0
2023-05-14,S1,Grocery,0,262.0
2023-05-15,S1,Grocery,0,305.0
2023-05-16,S1,Grocery,0,253.0
2023-05-17,S1,Grocery,0,287.0
2023-05-18,S1,Grocery,0,266.0
2023-05-19,S1,Grocery,0,289.0
2023-05-20,S1,Grocery,0,275.0
2023-05-21,S1,Grocery,0,310.0
2023-05-22,S1,Grocery,0,264.0
2023-05-23,S1,Grocery,0,333.0
2023-05-24,S1,Grocery,0,270.0
2023-05-25,S1,Grocery,0,284.0
2023-05-26,S1,Grocery,0,324.0
2023-05-27,S1,Grocery,0,245.0
2023-05-28,S1,Grocery,1,417.0
2023-05-29,S1,Grocery,1,360.0
2023-05-30,S1,Grocery,1,359.0
2023-05-31,S1,Grocery,1,386.0
2023-06-01,S1,Grocery,1,390.0
2023-06-02,S1,Grocery,0,355.0
2023-06-03,S1,Grocery,0,381.0
2023-06-04,S1,Grocery,0,390.0
2023-06-05,S1,Grocery,0,346.0
2023-06-06,S1,Grocery,0,282.0
2023-06-07,S1,Grocery,0,306.0
2023-06-08,S1,Grocery,0,300.0
2023-06-09,S1,Grocery,0,325.0
2023-06-10,S1,Grocery,0,282.0
2023-06-11,S1,Grocery,0,382.0
2023-06-12,S1,Grocery,1,407.0
2023-06-13,S1,Grocery,1,393.0
2023-06-14,S1,Grocery,1,346.0
2023-06-15,S1,Grocery,1,387.0
2023-06-16,S1,Grocery,1,431.0
2023-06-17,S1,Grocery,0,311.0
2023-06-18,S1,Grocery,0,313.0
2023-06-19,S1,Grocery,0,298.0
2023-06-20,S1,Grocery,0,307.0
2023-06-21,S1,Grocery,0,268.0
2023-06-22,S1,Grocery,0,304.0
2023-06-23,S1,Grocery,0,320.0
2023-06-24,S1,Grocery,0,273.0
2023-06-25,S1,Grocery,0,295.0
2023-06-26,S1,Grocery,0,231.0
2023-06-27,S1,Grocery,0,351.0
2023-06-28,S1,Grocery,0,329.0
2023-06-29,S1,Grocery,0,310.0
2023-06-30,S1,Grocery,0,263.0
2023-07-01,S1,Grocery,0,319.0
2023-07-02,S1,Grocery,0,292.0
2023-07-03,S1,Grocery,0,291.0
2023-07-04,S1,Grocery,0,260.0
2023-07-05,S1,Grocery,0,300.0
2023-07-06,S1,Grocery,0,360.0
2023-07-07,S1,Grocery,0,374.0
2023-07-08,S1,Grocery,0,340.0
2023-07-09,S1,Grocery,0,324.0
2023-07-10,S1,Grocery,0,282.0
2023-07-11,S1,Grocery,0,273.0
2023-07-12,S1,Grocery,0,281.0
2023-07-13,S1,Grocery,0,273.0
2023-07-14,S1,Grocery,0,297.0
2023-07-15,S1,Grocery,0,281.0
2023-07-16,S1,Grocery,0,372.0
2023-07-17,S1,Grocery,0,306.0
2023-07-18,S1,Grocery,0,299.0
2023-07-19,S1,Grocery,0,312.0
2023-07-20,S1,Grocery,0,345.0
2023-07-21,S1,Grocery,0,292.0
2023-07-22,S1,Grocery,0,318.0
2023-07-23,S1,Grocery,0,319.0
2023-07-24,S1,Grocery,0,344.0
2023-07-25,S1,Grocery,0,270.0
2023-07-26,S1,Grocery,0,312.0
2023-07-27,S1,Grocery,0,299.0
2023-07-28,S1,Grocery,0,316.0
2023-07-29,S1,Grocery,0,310.0
2023-07-30,S1,Grocery,0,304.0
2023-07-31,S1,Grocery,0,336.0
2023-08-01,S1,Grocery,0,304.0
2023-08-02,S1,Grocery,0,345.0
2023-08-03,S1,Grocery,0,282.0
2023-08-04,S1,Grocery,0,261.0
2023-08-05,S1,Grocery,0,318.0
2023-08-06,S1,Grocery,0,327.0
2023-08-07,S1,Grocery,0,273.0
2023-08-08,S1,Grocery,0,335.0
2023-08-09,S1,Grocery,0,257.0
2023-08-10,S1,Grocery,0,309.0
2023-08-11,S1,Grocery,0,330.0
2023-08-12,S1,Grocery,0,345.0
2023-08-13,S1,Grocery,0,285.0
2023-08-14,S1,Grocery,1,339.0
2023-08-15,S1,Grocery,1,376.0
2023-08-16,S1,Grocery,1,364.0
2023-08-17,S1,Grocery,1,401.0
2023-08-18,S1,Grocery,1,394.0
2023-08-19,S1,Grocery,0,307.0
2023-08-20,S1,Grocery,0,337.0
2023-08-21,S1,Grocery,0,283.0
2023-08-22,S1,Grocery,0,266.0
2023-08-23,S1,Grocery,0,300.0
2023-08-24,S1,Grocery,0,268.0
2023-08-25,S1,Grocery,0,304.0
2023-08-26,S1,Grocery,0,330.0
2023-08-27,S1,Grocery,1,379.0
2023-08-28,S1,Grocery,1,388.0
2023-08-29,S1,Grocery,1,389.0
2023-08-30,S1,Grocery,1,356.0
2023-08-31,S1,Grocery,1,384.0
2023-09-01,S1,Grocery,0,243.0
2023-09-02,S1,Grocery,0,273.0
2023-09-03,S1,Grocery,0,340.0
2023-09-04,S1,Grocery,0,269.0
2023-09-05,S1,Grocery,0,276.0
2023-09-06,S1,Grocery,0,271.0
2023-09-07,S1,Grocery,0,275.0
2023-09-08,S1,Grocery,0,259.0
2023-09-09,S1,Grocery,0,330.0
2023-09-10,S1,Grocery,0,231.0
2023-09-11,S1,Grocery,0,261.0
2023-09-12,S1,Grocery,0,280.0
2023-09-13,S1,Grocery,0,290.0
2023-09-14,S1,Grocery,0,280.0
2023-09-15,S1,Grocery,0,261.0
2023-09-16,S1,Grocery,0,271.0
2023-09-17,S1,Grocery,0,280.0
2023-09-18,S1,Grocery,0,296.0
2023-09-19,S1,Grocery,0,325.0
2023-09-20,S1,Grocery,0,261.0
2023-09-21,S1,Grocery,0,239.0
2023-09-22,S1,Grocery,0,276.0
2023-09-23,S1,Grocery,0,234.0
2023-09-24,S1,Grocery,0,295.0
2023-09-25,S1,Grocery,0,291.0
2023-09-26,S1,Grocery,0,263.0
2023-09-27,S1,Grocery,0,229.0
2023-09-28,S1,Grocery,0,225.0
2023-09-29,S1,Grocery,0,256.0
2023-09-30,S1,Grocery,0,232.0
2023-10-01,S1,Grocery,0,322.0
2023-10-02,S1,Grocery,0,279.0
2023-10-03,S1,Grocery,0,276.0
2023-10-04,S1,Grocery,0,260.0
2023-10-05,S1,Grocery,0,235.0
2023-10-06,S1,Grocery,0,207.0
2023-10-07,S1,Grocery,0,237.0
2023-10-08,S1,Grocery,0,263.0
2023-10-09,S1,Grocery,0,229.0
2023-10-10,S1,Grocery,0,261.0
2023-10-11,S1,Grocery,0,268.0
2023-10-12,S1,Grocery,0,247.0
2023-10-13,S1,Grocery,0,286.0
2023-10-14,S1,Grocery,0,262.0
2023-10-15,S1,Grocery,0,273.0
2023-10-16,S1,Grocery,0,214.0
2023-10-17,S1,Grocery,0,226.0
2023-10-18,S1,Grocery,0,275.0
2023-10-19,S1,Grocery,0,211.0
2023-10-20,S1,Grocery,0,255.0
2023-10-21,S1,Grocery,0,257.0
2023-10-22,S1,Grocery,0,244.0
2023-10-23,S1,Grocery,0,240.0
2023-10-24,S1,Grocery,0,218.0
2023-10-25,S1,Grocery,0,207.0
2023-10-26,S1,Grocery,0,282.0
2023-10-27,S1,Grocery,0,275.0
2023-10-28,S1,Grocery,0,272.0
2023-10-29,S1,Grocery,0,196.0
2023-10-30,S1,Grocery,0,222.0
2023-10-31,S1,Grocery,0,273.0
2023-11-01,S1,Grocery,0,200.0
2023-11-02,S1,Grocery,0,265.0
2023-11-03,S1,Grocery,1,261.0
2023-11-04,S1,Grocery,1,318.0
2023-11-05,S1,Grocery,1,323.0
2023-11-06,S1,Grocery,1,298.0
2023-11-07,S1,Grocery,1,275.0
2023-11-08,S1,Grocery,0,183.0
2023-11-09,S1,Grocery,0,228.0
2023-11-10,S1,Grocery,0,197.0
2023-11-11,S1,Grocery,0,242.0
2023-11-12,S1,Grocery,0,319.0
2023-11-13,S1,Grocery,0,219.0
2023-11-14,S1,Grocery,0,254.0
2023-11-15,S1,Grocery,0,238.0
2023-11-16,S1,Grocery,0,249.0
2023-11-17,S1,Grocery,0,202.0
2023-11-18,S1,Grocery,0,225.0
2023-11-19,S1,Grocery,0,246.0
2023-11-20,S1,Grocery,0,224.0
2023-11-21,S1,Grocery,0,221.0
2023-11-22,S1,Grocery,0,213.0
2023-11-23,S1,Grocery,1,385.0
2023-11-24,S1,Grocery,1,339.0
2023-11-25,S1,Grocery,1,386.0
2023-11-26,S1,Grocery,1,375.0
2023-11-27,S1,Grocery,1,370.0
2023-11-28,S1,Grocery,0,246.0
2023-11-29,S1,Grocery,0,224.0
2023-11-30,S1,Grocery,0,298.0
2023-12-01,S1,Grocery,0,247.0
2023-12-02,S1,Grocery,0,270.0
2023-12-03,S1,Grocery,0,278.0
2023-12-04,S1,Grocery,0,254.0
2023-12-05,S1,Grocery,0,265.0
2023-12-06,S1,Grocery,0,289.0
2023-12-07,S1,Grocery,0,322.0
2023-12-08,S1,Grocery,0,308.0
2023-12-09,S1,Grocery,0,271.0
2023-12-10,S1,Grocery,0,291.0
2023-12-11,S1,Grocery,0,269.0
2023-12-12,S1,Grocery,0,206.0
2023-12-13,S1,Grocery,0,220.0
2023-12-14,S1,Grocery,0,302.0
2023-12-15,S1,Grocery,0,269.0
2023-12-16,S1,Grocery,0,231.0
2023-12-17,S1,Grocery,0,296.0
2023-12-18,S1,Grocery,0,239.0
2023-12-19,S1,Grocery,0,208.0
2023-12-20,S1,Grocery,0,226.0
2023-12-21,S1,Grocery,1,332.0
2023-12-22,S1,Grocery,1,378.0
2023-12-23,S1,Grocery,1,326.0
2023-12-24,S1,Grocery,1,313.0
2023-12-25,S1,Grocery,1,305.0
2023-12-26,S1,Grocery,0,228.0
2023-12-27,S1,Grocery,0,243.0
2023-12-28,S1,Grocery,0,225.0
2023-12-29,S1,Grocery,0,240.0
2023-12-30,S1,Grocery,0,249.0
2023-12-31,S1,Grocery,0,228.0
2024-01-01,S1,Grocery,0,228.0
2024-01-02,S1,Grocery,0,255.0
2024-01-03,S1,Grocery,0,192.0
2024-01-04,S1,Grocery,0,194.0
2024-01-05,S1,Grocery,0,202.0
2024-01-06,S1,Grocery,0,305.0
2024-01-07,S1,Grocery,0,276.0
2024-01-08,S1,Grocery,0,207.0
2024-01-09,S1,Grocery,0,256.0
2024-01-10,S1,Grocery,0,207.0
2024-01-11,S1,Grocery,0,204.0
2024-01-12,S1,Grocery,0,241.0
2024-01-13,S1,Grocery,0,252.0
2024-01-14,S1,Grocery,0,321.0
2024-01-15,S1,Grocery,0,226.0
2024-01-16,S1,Grocery,0,186.0
2024-01-17,S1,Grocery,0,194.0
2024-01-18,S1,Grocery,0,212.0
2024-01-19,S1,Grocery,1,216.0
2024-01-20,S1,Grocery,1,391.0
2024-01-21,S1,Grocery,1,309.0
2024-01-22,S1,Grocery,1,319.0
2024-01-23,S1,Grocery,1,339.0
2024-01-24,S1,Grocery,0,221.0
2024-01-25,S1,Grocery,0,231.0
2024-01-26,S1,Grocery,1,358.0
2024-01-27,S1,Grocery,1,411.0
2024-01-28,S1,Grocery,1,378.0
2024-01-29,S1,Grocery,1,320.0
2024-01-30,S1,Grocery,1,313.0
2024-01-31,S1,Grocery,0,223.0
2024-02-01,S1,Grocery,0,274.0
2024-02-02,S1,Grocery,0,218.0
2024-02-03,S1,Grocery,0,294.0
2024-02-04,S1,Grocery,0,233.0
2024-02-05,S1,Grocery,0,166.0
2024-02-06,S1,Grocery,0,205.0
2024-02-07,S1,Grocery,0,243.0
2024-02-08,S1,Grocery,0,212.0
2024-02-09,S1,Grocery,0,284.0
2024-02-10,S1,Grocery,0,264.0
2024-02-11,S1,Grocery,0,262.0
2024-02-12,S1,Grocery,0,259.0
2024-02-13,S1,Grocery,0,233.0
2024-02-14,S1,Grocery,0,251.0
2024-02-15,S1,Grocery,0,257.0
2024-02-16,S1,Grocery,0,263.0
2024-02-17,S1,Grocery,0,293.0
2024-02-18,S1,Grocery,0,300.0
2024-02-19,S1,Grocery,0,271.0
2024-02-20,S1,Grocery,0,242.0
2024-02-21,S1,Grocery,0,242.0
2024-02-22,S1,Grocery,0,258.0
2024-02-23,S1,Grocery,0,231.0
2024-02-24,S1,Grocery,0,253.0
2024-02-25,S1,Grocery,0,270.0
2024-02-26,S1,Grocery,0,275.0
2024-02-27,S1,Grocery,0,270.0
2024-02-28,S1,Grocery,0,262.0
2024-02-29,S1,Grocery,0,250.0
2024-03-01,S1,Grocery,0,252.0
2024-03-02,S1,Grocery,0,341.0
2024-03-03,S1,Grocery,0,243.0
2024-03-04,S1,Grocery,0,251.0
2024-03-05,S1,Grocery,0,317.0
2024-03-06,S1,Grocery,0,227.0
2024-03-07,S1,Grocery,0,223.0
2024-03-08,S1,Grocery,0,214.0
2024-03-09,S1,Grocery,0,304.0
2024-03-10,S1,Grocery,0,295.0
2024-03-11,S1,Grocery,0,244.0
2024-03-12,S1,Grocery,0,297.0
2024-03-13,S1,Grocery,0,237.0
2024-03-14,S1,Grocery,0,212.0
2024-03-15,S1,Grocery,0,281.0
2024-03-16,S1,Grocery,0,326.0
2024-03-17,S1,Grocery,0,235.0
2024-03-18,S1,Grocery,0,256.0
2024-03-19,S1,Grocery,0,257.0
2024-03-20,S1,Grocery,0,294.0
2024-03-21,S1,Grocery,0,306.0
2024-03-22,S1,Grocery,0,269.0
2024-03-23,S1,Grocery,0,249.0
2024-03-24,S1,Grocery,0,233.0
2024-03-25,S1,Grocery,0,302.0
2024-03-26,S1,Grocery,0,268.0
2024-03-27,S1,Grocery,0,235.0
2024-03-28,S1,Grocery,0,294.0
2024-03-29,S1,Grocery,0,303.0
2024-03-30,S1,Grocery,0,307.0
2024-03-31,S1,Grocery,0,289.0
2024-04-01,S1,Grocery,0,333.0
2024-04-02,S1,Grocery,0,259.0
2024-04-03,S1,Grocery,0,253.0
2024-04-04,S1,Grocery,0,214.0
2024-04-05,S1,Grocery,0,279.0
2024-04-06,S1,Grocery,0,379.0
2024-04-07,S1,Grocery,0,303.0
2024-04-08,S1,Grocery,0,265.0
2024-04-09,S1,Grocery,0,287.0
2024-04-10,S1,Grocery,0,267.0
2024-04-11,S1,Grocery,0,365.0
2024-04-12,S1,Grocery,0,325.0
2024-04-13,S1,Grocery,1,428.0
2024-04-14,S1,Grocery,1,338.0
2024-04-15,S1,Grocery,1,347.0
2024-04-16,S1,Grocery,1,290.0
2024-04-17,S1,Grocery,1,379.0
2024-04-18,S1,Grocery,1,399.0
2024-04-19,S1,Grocery,1,375.0
2024-04-20,S1,Grocery,1,333.0
2024-04-21,S1,Grocery,1,395.0
2024-04-22,S1,Grocery,1,394.0
2024-04-23,S1,Grocery,0,382.0
2024-04-24,S1,Grocery,0,299.0
2024-04-25,S1,Grocery,0,305.0
2024-04-26,S1,Grocery,0,302.0
2024-04-27,S1,Grocery,0,285.0
2024-04-28,S1,Grocery,0,373.0
2024-04-29,S1,Grocery,0,281.0
2024-04-30,S1,Grocery,0,322.0
2024-05-01,S1,Grocery,0,342.0
2024-05-02,S1,Grocery,0,298.0
2024-05-03,S1,Grocery,0,281.0
2024-05-04,S1,Grocery,0,279.0
2024-05-05,S1,Grocery,0,350.0
2024-05-06,S1,Grocery,0,257.0
2024-05-07,S1,Grocery,0,233.0
2024-05-08,S1,Grocery,0,283.0
2024-05-09,S1,Grocery,0,283.0
2024-05-10,S1,Grocery,0,304.0
2024-05-11,S1,Grocery,0,323.0
2024-05-12,S1,Grocery,0,347.0
2024-05-13,S1,Grocery,0,287.0
2024-05-14,S1,Grocery,0,310.0
2024-05-15,S1,Grocery,0,241.0
2024-05-16,S1,Grocery,0,309.0
2024-05-17,S1,Grocery,0,402.0
2024-05-18,S1,Grocery,0,376.0
2024-05-19,S1,Grocery,0,341.0
2024-05-20,S1,Grocery,0,281.0
2024-05-21,S1,Grocery,0,272.0
2024-05-22,S1,Grocery,0,261.0
2024-05-23,S1,Grocery,0,261.0
2024-05-24,S1,Grocery,0,317.0
2024-05-25,S1,Grocery,0,330.0
2024-05-26,S1,Grocery,0,333.0
2024-05-27,S1,Grocery,0,319.0
2024-05-28,S1,Grocery,0,322.0
2024-05-29,S1,Grocery,0,303.0
2024-05-30,S1,Grocery,0,295.0
2024-05-31,S1,Grocery,0,326.0
2024-06-01,S1,Grocery,0,316.0
2024-06-02,S1,Grocery,0,315.0
2024-06-03,S1,Grocery,0,307.0
2024-06-04,S1,Grocery,0,333.0
2024-06-05,S1,Grocery,0,338.0
2024-06-06,S1,Grocery,0,299.0
2024-06-07,S1,Grocery,0,335.0
2024-06-08,S1,Grocery,0,310.0
2024-06-09,S1,Grocery,0,325.0
2024-06-10,S1,Grocery,0,336.0
2024-06-11,S1,Grocery,0,261.0
2024-06-12,S1,Grocery,0,357.0
2024-06-13,S1,Grocery,0,363.0
2024-06-14,S1,Grocery,0,340.0
2024-06-15,S1,Grocery,0,326.0
2024-06-16,S1,Grocery,0,357.0
2024-06-17,S1,Grocery,0,305.0
2024-06-18,S1,Grocery,0,335.0
2024-06-19,S1,Grocery,0,329.0
2024-06-20,S1,Grocery,0,378.0
2024-06-21,S1,Grocery,0,331.0
2024-06-22,S1,Grocery,0,378.0
2024-06-23,S1,Grocery,0,332.0
2024-06-24,S1,Grocery,0,332.0
2024-06-25,S1,Grocery,0,349.0
2024-06-26,S1,Grocery,0,337.0
2024-06-27,S1,Grocery,1,466.0
2024-06-28,S1,Grocery,1,444.0
2024-06-29,S1,Grocery,1,469.0
2024-06-30,S1,Grocery,1,444.0
2024-07-01,S1,Grocery,1,459.0
2024-07-02,S1,Grocery,0,314.0
2024-07-03,S1,Grocery,0,370.0
2024-07-04,S1,Grocery,0,245.0
2024-07-05,S1,Grocery,0,325.0
2024-07-06,S1,Grocery,0,360.0
2024-07-07,S1,Grocery,0,298.0
2024-07-08,S1,Grocery,0,367.0
2024-07-09,S1,Grocery,0,362.0
2024-07-10,S1,Grocery,0,278.0
2024-07-11,S1,Grocery,0,322.0
2024-07-12,S1,Grocery,0,303.0
2024-07-13,S1,Grocery,0,347.0
2024-07-14,S1,Grocery,0,365.0
2024-07-15,S1,Grocery,0,327.0
2024-07-16,S1,Grocery,0,275.0
2024-07-17,S1,Grocery,0,277.0
2024-07-18,S1,Grocery,0,252.0
2024-07-19,S1,Grocery,0,347.0
2024-07-20,S1,Grocery,0,367.0
2024-07-21,S1,Grocery,0,351.0
2024-07-22,S1,Grocery,0,348.0
2024-07-23,S1,Grocery,0,290.0
2024-07-24,S1,Grocery,0,330.0
2024-07-25,S1,Grocery,0,322.0
2024-07-26,S1,Grocery,0,302.0
2024-07-27,S1,Grocery,0,407.0
2024-07-28,S1,Grocery,0,398.0
2024-07-29,S1,Grocery,0,329.0
2024-07-30,S1,Grocery,0,278.0
2024-07-31,S1,Grocery,0,250.0
2024-08-01,S1,Grocery,0,363.0
2024-08-02,S1,Grocery,0,406.0
2024-08-03,S1,Grocery,0,337.0
2024-08-04,S1,Grocery,0,338.0
2024-08-05,S1,Grocery,0,331.0
2024-08-06,S1,Grocery,1,329.0
2024-08-07,S1,Grocery,1,402.0
2024-08-08,S1,Grocery,1,405.0
2024-08-09,S1,Grocery,1,376.0
2024-08-10,S1,Grocery,1,502.0
2024-08-11,S1,Grocery,1,471.0
2024-08-12,S1,Grocery,1,387.0
2024-08-13,S1,Grocery,1,435.0
2024-08-14,S1,Grocery,1,445.0
2024-08-15,S1,Grocery,0,340.0
2024-08-16,S1,Grocery,0,342.0
2024-08-17,S1,Grocery,0,358.0
2024-08-18,S1,Grocery,0,256.0
2024-08-19,S1,Grocery,0,255.0
2024-08-20,S1,Grocery,0,302.0
2024-08-21,S1,Grocery,0,289.0
2024-08-22,S1,Grocery,0,286.0
2024-08-23,S1,Grocery,1,404.0
2024-08-24,S1,Grocery,1,427.0
2024-08-25,S1,Grocery,1,375.0
2024-08-26,S1,Grocery,1,391.0
2024-08-27,S1,Grocery,1,341.0
2024-08-28,S1,Grocery,0,332.0
2024-08-29,S1,Grocery,0,252.0
2024-08-30,S1,Grocery,1,366.0
2024-08-31,S1,Grocery,1,420.0
2024-09-01,S1,Grocery,1,403.0
2024-09-02,S1,Grocery,1,377.0
2024-09-03,S1,Grocery,1,456.0
2024-09-04,S1,Grocery,0,361.0
2024-09-05,S1,Grocery,0,256.0
2024-09-06,S1,Grocery,0,238.0
2024-09-07,S1,Grocery,0,319.0
2024-09-08,S1,Grocery,0,306.0
2024-09-09,S1,Grocery,0,307.0
2024-09-10,S1,Grocery,0,257.0
2024-09-11,S1,Grocery,0,319.0
2024-09-12,S1,Grocery,0,258.0
2024-09-13,S1,Grocery,0,302.0
2024-09-14,S1,Grocery,0,319.0
2024-09-15,S1,Grocery,0,294.0
2024-09-16,S1,Grocery,0,299.0
2024-09-17,S1,Grocery,0,263.0
2024-09-18,S1,Grocery,0,335.0
2024-09-19,S1,Grocery,0,292.0
2024-09-20,S1,Grocery,0,267.0
2024-09-21,S1,Grocery,0,312.0
2024-09-22,S1,Grocery,0,275.0
2024-09-23,S1,Grocery,0,278.0
2024-09-24,S1,Grocery,0,247.0
2024-09-25,S1,Grocery,0,312.0
2024-09-26,S1,Grocery,0,302.0
2024-09-27,S1,Grocery,0,335.0
2024-09-28,S1,Grocery,0,306.0
2024-09-29,S1,Grocery,0,357.0
2024-09-30,S1,Grocery,0,236.0
2024-10-01,S1,Grocery,0,212.0
2024-10-02,S1,Grocery,1,360.0
2024-10-03,S1,Grocery,1,358.0
2024-10-04,S1,Grocery,1,325.0
2024-10-05,S1,Grocery,1,399.0
2024-10-06,S1,Grocery,1,352.0
2024-10-07,S1,Grocery,0,273.0
2024-10-08,S1,Grocery,0,307.0
2024-10-09,S1,Grocery,0,234.0
2024-10-10,S1,Grocery,0,255.0
2024-10-11,S1,Grocery,0,281.0
2024-10-12,S1,Grocery,0,304.0
2024-10-13,S1,Grocery,0,262.0
2024-10-14,S1,Grocery,0,240.0
2024-10-15,S1,Grocery,0,236.0
2024-10-16,S1,Grocery,0,301.0
2024-10-17,S1,Grocery,0,298.0
2024-10-18,S1,Grocery,0,253.0
2024-10-19,S1,Grocery,0,312.0
2024-10-20,S1,Grocery,0,256.0
2024-10-21,S1,Grocery,0,252.0
2024-10-22,S1,Grocery,0,284.0
2024-10-23,S1,Grocery,0,248.0
2024-10-24,S1,Grocery,1,379.0
2024-10-25,S1,Grocery,1,365.0
2024-10-26,S1,Grocery,1,362.0
2024-10-27,S1,Grocery,1,331.0
2024-10-28,S1,Grocery,1,323.0
2024-10-29,S1,Grocery,0,312.0
2024-10-30,S1,Grocery,0,251.0
2024-10-31,S1,Grocery,0,279.0
2024-11-01,S1,Grocery,0,286.0
2024-11-02,S1,Grocery,0,289.0
2024-11-03,S1,Grocery,0,285.0
2024-11-04,S1,Grocery,0,242.0
2024-11-05,S1,Grocery,0,238.0
2024-11-06,S1,Grocery,0,294.0
2024-11-07,S1,Grocery,0,266.0
2024-11-08,S1,Grocery,0,282.0
2024-11-09,S1,Grocery,0,269.0
2024-11-10,S1,Grocery,0,259.0
2024-11-11,S1,Grocery,0,239.0
2024-11-12,S1,Grocery,0,266.0
2024-11-13,S1,Grocery,0,231.0
2024-11-14,S1,Grocery,0,226.0
2024-11-15,S1,Grocery,0,230.0
2024-11-16,S1,Grocery,0,259.0
2024-11-17,S1,Grocery,0,256.0
2024-11-18,S1,Grocery,0,271.0
2024-11-19,S1,Grocery,0,253.0
2024-11-20,S1,Grocery,0,241.0
2024-11-21,S1,Grocery,0,311.0
2024-11-22,S1,Grocery,0,278.0
2024-11-23,S1,Grocery,0,292.0
2024-11-24,S1,Grocery,0,299.0
2024-11-25,S1,Grocery,0,227.0
2024-11-26,S1,Grocery,0,275.0
2024-11-27,S1,Grocery,0,272.0
2024-11-28,S1,Grocery,0,271.0
2024-11-29,S1,Grocery,0,239.0
2024-11-30,S1,Grocery,0,329.0
2024-12-01,S1,Grocery,0,289.0
2024-12-02,S1,Grocery,0,285.0
2024-12-03,S1,Grocery,0,230.0
2024-12-04,S1,Grocery,0,282.0
2024-12-05,S1,Grocery,0,254.0
2024-12-06,S1,Grocery,0,208.0
2024-12-07,S1,Grocery,0,341.0
2024-12-08,S1,Grocery,0,264.0
2024-12-09,S1,Grocery,0,279.0
2024-12-10,S1,Grocery,0,218.0
2024-12-11,S1,Grocery,0,267.0
2024-12-12,S1,Grocery,0,239.0
2024-12-13,S1,Grocery,0,246.0
2024-12-14,S1,Grocery,0,289.0
2024-12-15,S1,Grocery,0,309.0
2024-12-16,S1,Grocery,0,242.0
2024-12-17,S1,Grocery,0,247.0
2024-12-18,S1,Grocery,0,267.0
2024-12-19,S1,Grocery,0,272.0
2024-12-20,S1,Grocery,0,225.0
2024-12-21,S1,Grocery,0,275.0
2024-12-22,S1,Grocery,0,268.0
2024-12-23,S1,Grocery,0,239.0
2024-12-24,S1,Grocery,0,227.0
2024-12-25,S1,Grocery,0,277.0
2024-12-26,S1,Grocery,0,240.0
2024-12-27,S1,Grocery,0,205.0
2024-12-28,S1,Grocery,0,262.0
2024-12-29,S1,Grocery,0,197.0
2024-12-30,S1,Grocery,0,241.0
2024-12-31,S1,Grocery,0,275.0
2025-01-01,S1,Grocery,0,222.0
2025-01-02,S1,Grocery,0,234.0
2025-01-03,S1,Grocery,0,267.0
2025-01-04,S1,Grocery,0,304.0
2025-01-05,S1,Grocery,0,272.0
2025-01-06,S1,Grocery,0,214.0
2025-01-07,S1,Grocery,0,246.0
2025-01-08,S1,Grocery,1,333.0
2025-01-09,S1,Grocery,1,343.0
2025-01-10,S1,Grocery,1,390.0
2025-01-11,S1,Grocery,1,348.0
2025-01-12,S1,Grocery,1,319.0
2025-01-13,S1,Grocery,0,225.0
2025-01-14,S1,Grocery,0,262.0
2025-01-15,S1,Grocery,0,227.0
2025-01-16,S1,Grocery,0,245.0
2025-01-17,S1,Grocery,1,337.0
2025-01-18,S1,Grocery,1,303.0
2025-01-19,S1,Grocery,1,378.0
2025-01-20,S1,Grocery,1,318.0
2025-01-21,S1,Grocery,1,312.0
2025-01-22,S1,Grocery,0,245.0
2025-01-23,S1,Grocery,0,212.0
2025-01-24,S1,Grocery,0,240.0
2025-01-25,S1,Grocery,0,212.0
2025-01-26,S1,Grocery,0,226.0
2025-01-27,S1,Grocery,0,231.0
2025-01-28,S1,Grocery,0,302.0
2025-01-29,S1,Grocery,0,233.0
2025-01-30,S1,Grocery,0,234.0
2025-01-31,S1,Grocery,0,258.0
2025-02-01,S1,Grocery,0,245.0
2025-02-02,S1,Grocery,0,314.0
2025-02-03,S1,Grocery,0,248.0
2025-02-04,S1,Grocery,0,196.0
2025-02-05,S1,Grocery,0,264.0
2025-02-06,S1,Grocery,0,208.0
2025-02-07,S1,Grocery,0,262.0
2025-02-08,S1,Grocery,0,276.0
2025-02-09,S1,Grocery,0,294.0
2025-02-10,S1,Grocery,0,284.0
2025-02-11,S1,Grocery,0,320.0
2025-02-12,S1,Grocery,1,305.0
2025-02-13,S1,Grocery,1,353.0
2025-02-14,S1,Grocery,1,380.0
2025-02-15,S1,Grocery,1,372.0
2025-02-16,S1,Grocery,1,413.0
2025-02-17,S1,Grocery,0,261.0
2025-02-18,S1,Grocery,1,295.0
2025-02-19,S1,Grocery,1,352.0
2025-02-20,S1,Grocery,1,386.0
2025-02-21,S1,Grocery,1,349.0
2025-02-22,S1,Grocery,1,369.0
2025-02-23,S1,Grocery,0,291.0
2025-02-24,S1,Grocery,0,274.0
2025-02-25,S1,Grocery,0,280.0
2025-02-26,S1,Grocery,0,284.0
2025-02-27,S1,Grocery,0,293.0
2025-02-28,S1,Grocery,0,232.0
2025-03-01,S1,Grocery,0,285.0
2025-03-02,S1,Grocery,0,279.0
2025-03-03,S1,Grocery,0,258.0
2025-03-04,S1,Grocery,0,281.0
2025-03-05,S1,Grocery,0,248.0
2025-03-06,S1,Grocery,0,292.0
2025-03-07,S1,Grocery,0,247.0
2025-03-08,S1,Grocery,0,339.0
2025-03-09,S1,Grocery,0,270.0
2025-03-10,S1,Grocery,0,268.0
2025-03-11,S1,Grocery,0,217.0
2025-03-12,S1,Grocery,0,353.0
2025-03-13,S1,Grocery,0,253.0
2025-03-14,S1,Grocery,0,346.0
2025-03-15,S1,Grocery,0,282.0
2025-03-16,S1,Grocery,0,354.0
2025-03-17,S1,Grocery,0,273.0
2025-03-18,S1,Grocery,0,293.0
2025-03-19,S1,Grocery,0,256.0
2025-03-20,S1,Grocery,0,295.0
2025-03-21,S1,Grocery,0,256.0
2025-03-22,S1,Grocery,0,297.0
2025-03-23,S1,Grocery,0,325.0
2025-03-24,S1,Grocery,0,301.0
2025-03-25,S1,Grocery,0,282.0
2025-03-26,S1,Grocery,0,285.0
2025-03-27,S1,Grocery,0,262.0
2025-03-28,S1,Grocery,0,266.0
2025-03-29,S1,Grocery,0,280.0
2025-03-30,S1,Grocery,0,336.0
2025-03-31,S1,Grocery,0,270.0
2025-04-01,S1,Grocery,0,229.0
2025-04-02,S1,Grocery,0,315.0
2025-04-03,S1,Grocery,0,320.0
2025-04-04,S1,Grocery,0,320.0
2025-04-05,S1,Grocery,0,264.0
2025-04-06,S1,Grocery,0,360.0
2025-04-07,S1,Grocery,0,320.0
2025-04-08,S1,Grocery,0,273.0
2025-04-09,S1,Grocery,0,314.0
2025-04-10,S1,Grocery,0,314.0
2025-04-11,S1,Grocery,0,343.0
2025-04-12,S1,Grocery,0,384.0
2025-04-13,S1,Grocery,0,355.0
2025-04-14,S1,Grocery,0,332.0
2025-04-15,S1,Grocery,0,301.0
2025-04-16,S1,Grocery,0,293.0
2025-04-17,S1,Grocery,0,298.0
2025-04-18,S1,Grocery,0,290.0
2025-04-19,S1,Grocery,0,324.0
2025-04-20,S1,Grocery,0,302.0
2025-04-21,S1,Grocery,0,336.0
2025-04-22,S1,Grocery,0,266.0
2025-04-23,S1,Grocery,0,280.0
2025-04-24,S1,Grocery,0,289.0
2025-04-25,S1,Grocery,0,332.0
2025-04-26,S1,Grocery,0,317.0
2025-04-27,S1,Grocery,0,342.0
2025-04-28,S1,Grocery,0,297.0
2025-04-29,S1,Grocery,0,238.0
2025-04-30,S1,Grocery,0,291.0
2025-05-01,S1,Grocery,0,272.0
2025-05-02,S1,Grocery,0,333.0
2025-05-03,S1,Grocery,0,375.0
2025-05-04,S1,Grocery,0,402.0
2025-05-05,S1,Grocery,1,474.0
2025-05-06,S1,Grocery,1,431.0
2025-05-07,S1,Grocery,1,399.0
2025-05-08,S1,Grocery,1,414.0
2025-05-09,S1,Grocery,1,386.0
2025-05-10,S1,Grocery,0,374.0
2025-05-11,S1,Grocery,0,337.0
2025-05-12,S1,Grocery,0,336.0
2025-05-13,S1,Grocery,0,343.0
2025-05-14,S1,Grocery,0,293.0
2025-05-15,S1,Grocery,0,321.0
2025-05-16,S1,Grocery,0,405.0
2025-05-17,S1,Grocery,0,366.0
2025-05-18,S1,Grocery,0,313.0
2025-05-19,S1,Grocery,0,385.0
2025-05-20,S1,Grocery,0,254.0
2025-05-21,S1,Grocery,0,349.0
2025-05-22,S1,Grocery,0,370.0
2025-05-23,S1,Grocery,0,362.0
2025-05-24,S1,Grocery,0,342.0
2025-05-25,S1,Grocery,0,287.0
2025-05-26,S1,Grocery,0,350.0
2025-05-27,S1,Grocery,0,316.0
2025-05-28,S1,Grocery,0,364.0
2025-05-29,S1,Grocery,0,310.0
2025-05-30,S1,Grocery,1,458.0
2025-05-31,S1,Grocery,1,567.0
2025-06-01,S1,Grocery,1,400.0
2025-06-02,S1,Grocery,1,434.0
2025-06-03,S1,Grocery,1,486.0
2025-06-04,S1,Grocery,0,337.0
2025-06-05,S1,Grocery,0,299.0
2025-06-06,S1,Grocery,0,351.0
2025-06-07,S1,Grocery,0,369.0
2025-06-08,S1,Grocery,0,360.0
2025-06-09,S1,Grocery,0,364.0
2025-06-10,S1,Grocery,0,346.0
2025-06-11,S1,Grocery,0,363.0
2025-06-12,S1,Grocery,0,390.0
2025-06-13,S1,Grocery,0,344.0
2025-06-14,S1,Grocery,0,355.0
2025-06-15,S1,Grocery,0,305.0
2025-06-16,S1,Grocery,0,298.0
2025-06-17,S1,Grocery,0,312.0
2025-06-18,S1,Grocery,0,321.0
2025-06-19,S1,Grocery,0,362.0
2025-06-20,S1,Grocery,0,289.0
2025-06-21,S1,Grocery,0,400.0
2025-06-22,S1,Grocery,0,393.0
2025-06-23,S1,Grocery,0,319.0
2025-06-24,S1,Grocery,0,323.0
2025-06-25,S1,Grocery,0,398.0
2025-06-26,S1,Grocery,0,320.0
2025-06-27,S1,Grocery,0,251.0
2025-06-28,S1,Grocery,0,312.0
2025-06-29,S1,Grocery,0,367.0
2025-06-30,S1,Grocery,0,292.0
2025-07-01,S1,Grocery,0,303.0
2025-07-02,S1,Grocery,0,327.0
2025-07-03,S1,Grocery,0,333.0
2025-07-04,S1,Grocery,0,333.0
2025-07-05,S1,Grocery,0,371.0
2025-07-06,S1,Grocery,0,364.0
2025-07-07,S1,Grocery,0,320.0
2025-07-08,S1,Grocery,0,364.0
2025-07-09,S1,Grocery,0,277.0
2025-07-10,S1,Grocery,0,309.0
2025-07-11,S1,Grocery,0,351.0
2025-07-12,S1,Grocery,0,378.0
2025-07-13,S1,Grocery,0,432.0
2025-07-14,S1,Grocery,0,252.0
2025-07-15,S1,Grocery,0,291.0
2025-07-16,S1,Grocery,0,313.0
2025-07-17,S1,Grocery,0,290.0
2025-07-18,S1,Grocery,0,327.0
2025-07-19,S1,Grocery,0,324.0
2025-07-20,S1,Grocery,1,447.0
2025-07-21,S1,Grocery,1,386.0
2025-07-22,S1,Grocery,1,448.0
2025-07-23,S1,Grocery,1,369.0
2025-07-24,S1,Grocery,1,381.0
2025-07-25,S1,Grocery,0,420.0
2025-07-26,S1,Grocery,0,340.0
2025-07-27,S1,Grocery,0,394.0
2025-07-28,S1,Grocery,0,311.0
2025-07-29,S1,Grocery,0,293.0
2025-07-30,S1,Grocery,0,309.0
2025-07-31,S1,Grocery,0,325.0
2025-08-01,S1,Grocery,0,302.0
2025-08-02,S1,Grocery,0,385.0
2025-08-03,S1,Grocery,1,575.0
2025-08-04,S1,Grocery,1,472.0
2025-08-05,S1,Grocery,1,415.0
2025-08-06,S1,Grocery,1,365.0
2025-08-07,S1,Grocery,1,374.0
2025-08-08,S1,Grocery,0,296.0
2025-08-09,S1,Grocery,0,331.0
2025-08-10,S1,Grocery,0,329.0
2025-08-11,S1,Grocery,0,362.0
2025-08-12,S1,Grocery,0,369.0
2025-08-13,S1,Grocery,0,303.0
2025-08-14,S1,Grocery,0,321.0
2025-08-15,S1,Grocery,0,336.0
2025-08-16,S1,Grocery,0,308.0
2025-08-17,S1,Grocery,0,320.0
2025-08-18,S1,Grocery,0,359.0
2025-08-19,S1,Grocery,0,340.0
2025-08-20,S1,Grocery,1,465.0
2025-08-21,S1,Grocery,1,423.0
2025-08-22,S1,Grocery,1,421.0
2025-08-23,S1,Grocery,1,564.0
2025-08-24,S1,Grocery,1,489.0
2025-08-25,S1,Grocery,0,288.0
2025-08-26,S1,Grocery,0,261.0
2025-08-27,S1,Grocery,0,254.0
2025-08-28,S1,Grocery,0,305.0
2025-08-29,S1,Grocery,0,298.0
2025-08-30,S1,Grocery,0,334.0
2025-08-31,S1,Grocery,0,357.0
2025-09-01,S1,Grocery,0,309.0
2025-09-02,S1,Grocery,0,307.0
2025-09-03,S1,Grocery,0,278.0
2025-09-04,S1,Grocery,0,347.0
2025-09-05,S1,Grocery,0,273.0
2025-09-06,S1,Grocery,0,309.0
2025-09-07,S1,Grocery,0,364.0
2025-09-08,S1,Grocery,0,287.0
2025-09-09,S1,Grocery,0,246.0
2025-09-10,S1,Grocery,0,277.0
2025-09-11,S1,Grocery,0,358.0
2025-09-12,S1,Grocery,0,352.0
2025-09-13,S1,Grocery,0,341.0
2025-09-14,S1,Grocery,0,298.0
2025-09-15,S1,Grocery,0,276.0
2025-09-16,S1,Grocery,0,364.0
2025-09-17,S1,Grocery,0,304.0
2025-09-18,S1,Grocery,0,309.0
2025-09-19,S1,Grocery,0,343.0
2025-09-20,S1,Grocery,0,342.0
2025-09-21,S1,Grocery,0,273.0
2025-09-22,S1,Grocery,0,263.0
2025-09-23,S1,Grocery,0,252.0
2025-09-24,S1,Grocery,1,339.0
2025-09-25,S1,Grocery,1,467.0
2025-09-26,S1,Grocery,1,319.0
2025-09-27,S1,Grocery,1,435.0
2025-09-28,S1,Grocery,1,478.0
2025-09-29,S1,Grocery,0,273.0
2025-09-30,S1,Grocery,0,251.0
2025-10-01,S1,Grocery,0,290.0
2025-10-02,S1,Grocery,0,265.0
2025-10-03,S1,Grocery,0,252.0
2025-10-04,S1,Grocery,0,196.0
2025-10-05,S1,Grocery,0,227.0
2025-10-06,S1,Grocery,0,266.0
2025-10-07,S1,Grocery,0,236.0
2025-10-08,S1,Grocery,0,311.0
2025-10-09,S1,Grocery,0,223.0
2025-10-10,S1,Grocery,0,243.0
2025-10-11,S1,Grocery,0,342.0
2025-10-12,S1,Grocery,0,253.0
2025-10-13,S1,Grocery,0,296.0
2025-10-14,S1,Grocery,0,252.0
2025-10-15,S1,Grocery,0,287.0
2025-10-16,S1,Grocery,0,274.0
2025-10-17,S1,Grocery,0,272.0
2025-10-18,S1,Grocery,1,410.0
2025-10-19,S1,Grocery,1,365.0
2025-10-20,S1,Grocery,1,377.0
2025-10-21,S1,Grocery,1,345.0
2025-10-22,S1,Grocery,1,369.0
2025-10-23,S1,Grocery,0,279.0
2025-10-24,S1,Grocery,0,305.0
2025-10-25,S1,Grocery,0,322.0
2025-10-26,S1,Grocery,0,256.0
2025-10-27,S1,Grocery,0,200.0
2025-10-28,S1,Grocery,0,291.0
2025-10-29,S1,Grocery,0,239.0
2025-10-30,S1,Grocery,0,317.0
2025-10-31,S1,Grocery,0,275.0
2025-11-01,S1,Grocery,0,290.0
2025-11-02,S1,Grocery,0,261.0
2025-11-03,S1,Grocery,0,244.0
2025-11-04,S1,Grocery,0,287.0
2025-11-05,S1,Grocery,0,288.0
2025-11-06,S1,Grocery,0,258.0
2025-11-07,S1,Grocery,0,277.0
2025-11-08,S1,Grocery,0,250.0
2025-11-09,S1,Grocery,0,282.0
2025-11-10,S1,Grocery,0,254.0
2025-11-11,S1,Grocery,0,239.0
2025-11-12,S1,Grocery,0,239.0
2025-11-13,S1,Grocery,0,207.0
2025-11-14,S1,Grocery,0,281.0
2025-11-15,S1,Grocery,0,262.0
2025-11-16,S1,Grocery,0,285.0
2025-11-17,S1,Grocery,0,282.0
2025-11-18,S1,Grocery,0,296.0
2025-11-19,S1,Grocery,0,288.0
2025-11-20,S1,Grocery,0,272.0
2025-11-21,S1,Grocery,0,258.0
2025-11-22,S1,Grocery,0,318.0
2025-11-23,S1,Grocery,0,345.0
2025-11-24,S1,Grocery,0,286.0
2025-11-25,S1,Grocery,0,278.0
2025-11-26,S1,Grocery,0,302.0
2025-11-27,S1,Grocery,0,278.0
2025-11-28,S1,Grocery,0,353.0
2025-11-29,S1,Grocery,0,302.0
2025-11-30,S1,Grocery,0,273.0
2025-12-01,S1,Grocery,0,252.0
2025-12-02,S1,Grocery,0,292.0
2025-12-03,S1,Grocery,0,360.0
2025-12-04,S1,Grocery,0,268.0
2025-12-05,S1,Grocery,0,232.0
2025-12-06,S1,Grocery,1,436.0
2025-12-07,S1,Grocery,1,431.0
2025-12-08,S1,Grocery,1,366.0
2025-12-09,S1,Grocery,1,326.0
2025-12-10,S1,Grocery,1,384.0
2025-12-11,S1,Grocery,0,257.0
2025-12-12,S1,Grocery,0,248.0
2025-12-13,S1,Grocery,0,312.0
2025-12-14,S1,Grocery,0,271.0
2025-12-15,S1,Grocery,0,280.0
2025-12-16,S1,Grocery,0,285.0
2025-12-17,S1,Grocery,0,258.0
2025-12-18,S1,Grocery,0,295.0
2025-12-19,S1,Grocery,0,279.0
2025-12-20,S1,Grocery,0,347.0
2025-12-21,S1,Grocery,0,286.0
2025-12-22,S1,Grocery,0,207.0
2025-12-23,S1,Grocery,0,259.0
2025-12-24,S1,Grocery,0,257.0
2025-12-25,S1,Grocery,0,261.0
2025-12-26,S1,Grocery,0,291.0
2025-12-27,S1,Grocery,0,292.0
2025-12-28,S1,Grocery,0,268.0
2025-12-29,S1,Grocery,0,249.0
2025-12-30,S1,Grocery,0,276.0
2023-01-01,S2,Apparel,0,102.0
2023-01-02,S2,Apparel,0,81.0
2023-01-03,S2,Apparel,0,49.0
2023-01-04,S2,Apparel,0,73.0
2023-01-05,S2,Apparel,0,85.0
2023-01-06,S2,Apparel,0,109.0
2023-01-07,S2,Apparel,0,111.0
2023-01-08,S2,Apparel,0,90.0
2023-01-09,S2,Apparel,0,78.0
2023-01-10,S2,Apparel,0,77.0
2023-01-11,S2,Apparel,0,84.0
2023-01-12,S2,Apparel,0,81.0
2023-01-13,S2,Apparel,0,68.0
2023-01-14,S2,Apparel,0,82.0
2023-01-15,S2,Apparel,0,118.0
2023-01-16,S2,Apparel,0,82.0
2023-01-17,S2,Apparel,0,93.0
2023-01-18,S2,Apparel,0,83.0
2023-01-19,S2,Apparel,0,65.0
2023-01-20,S2,Apparel,0,89.0
2023-01-21,S2,Apparel,0,56.0
2023-01-22,S2,Apparel,0,103.0
2023-01-23,S2,Apparel,0,54.0
2023-01-24,S2,Apparel,0,93.0
2023-01-25,S2,Apparel,0,100.0
2023-01-26,S2,Apparel,0,113.0
2023-01-27,S2,Apparel,0,96.0
2023-01-28,S2,Apparel,0,94.0
2023-01-29,S2,Apparel,0,93.0
2023-01-30,S2,Apparel,0,89.0
2023-01-31,S2,Apparel,0,72.0
2023-02-01,S2,Apparel,0,101.0
2023-02-02,S2,Apparel,0,109.0
2023-02-03,S2,Apparel,0,113.0
2023-02-04,S2,Apparel,0,88.0
2023-02-05,S2,Apparel,0,113.0
2023-02-06,S2,Apparel,0,91.0
2023-02-07,S2,Apparel,0,93.0
2023-02-08,S2,Apparel,0,97.0
2023-02-09,S2,Apparel,0,108.0
2023-02-10,S2,Apparel,0,91.0
2023-02-11,S2,Apparel,0,102.0
2023-02-12,S2,Apparel,0,85.0
2023-02-13,S2,Apparel,0,91.0
2023-02-14,S2,Apparel,0,92.0
2023-02-15,S2,Apparel,0,96.0
2023-02-16,S2,Apparel,0,112.0
2023-02-17,S2,Apparel,0,78.0
2023-02-18,S2,Apparel,0,147.0
2023-02-19,S2,Apparel,0,148.0
2023-02-20,S2,Apparel,0,110.0
2023-02-21,S2,Apparel,0,120.0
2023-02-22,S2,Apparel,0,92.0
2023-02-23,S2,Apparel,0,98.0
2023-02-24,S2,Apparel,0,172.0
2023-02-25,S2,Apparel,0,117.0
2023-02-26,S2,Apparel,0,126.0
2023-02-27,S2,Apparel,0,113.0
2023-02-28,S2,Apparel,0,128.0
2023-03-01,S2,Apparel,0,130.0
2023-03-02,S2,Apparel,0,130.0
2023-03-03,S2,Apparel,0,82.0
2023-03-04,S2,Apparel,0,112.0
2023-03-05,S2,Apparel,0,149.0
2023-03-06,S2,Apparel,0,104.0
2023-03-07,S2,Apparel,0,108.0
2023-03-08,S2,Apparel,0,101.0
2023-03-09,S2,Apparel,0,90.0
2023-03-10,S2,Apparel,0,94.0
2023-03-11,S2,Apparel,0,113.0
2023-03-12,S2,Apparel,0,144.0
2023-03-13,S2,Apparel,0,120.0
2023-03-14,S2,Apparel,0,136.0
2023-03-15,S2,Apparel,0,160.0
2023-03-16,S2,Apparel,0,131.0
2023-03-17,S2,Apparel,1,242.0
2023-03-18,S2,Apparel,1,201.0
2023-03-19,S2,Apparel,1,229.0
2023-03-20,S2,Apparel,1,212.0
2023-03-21,S2,Apparel,1,178.0
2023-03-22,S2,Apparel,1,203.0
2023-03-23,S2,Apparel,1,231.0
2023-03-24,S2,Apparel,1,167.0
2023-03-25,S2,Apparel,1,178.0
2023-03-26,S2,Apparel,1,187.0
2023-03-27,S2,Apparel,0,165.0
2023-03-28,S2,Apparel,0,150.0
2023-03-29,S2,Apparel,0,146.0
2023-03-30,S2,Apparel,0,163.0
2023-03-31,S2,Apparel,0,167.0
2023-04-01,S2,Apparel,0,146.0
2023-04-02,S2,Apparel,0,141.0
2023-04-03,S2,Apparel,0,148.0
2023-04-04,S2,Apparel,0,147.0
2023-04-05,S2,Apparel,0,138.0
2023-04-06,S2,Apparel,0,126.0
2023-04-07,S2,Apparel,0,135.0
2023-04-08,S2,Apparel,0,191.0
2023-04-09,S2,Apparel,0,130.0
2023-04-10,S2,Apparel,0,146.0
2023-04-11,S2,Apparel,0,176.0
2023-04-12,S2,Apparel,0,110.0
2023-04-13,S2,Apparel,1,220.0
2023-04-14,S2,Apparel,1,192.0
2023-04-15,S2,Apparel,1,266.0
2023-04-16,S2,Apparel,1,220.0
2023-04-17,S2,Apparel,1,276.0
2023-04-18,S2,Apparel,0,176.0
2023-04-19,S2,Apparel,0,130.0
2023-04-20,S2,Apparel,0,159.0
2023-04-21,S2,Apparel,0,185.0
2023-04-22,S2,Apparel,0,166.0
2023-04-23,S2,Apparel,0,195.0
2023-04-24,S2,Apparel,1,280.0
2023-04-25,S2,Apparel,1,243.0
2023-04-26,S2,Apparel,1,256.0
2023-04-27,S2,Apparel,1,211.0
2023-04-28,S2,Apparel,1,242.0
2023-04-29,S2,Apparel,0,236.0
2023-04-30,S2,Apparel,1,321.0
2023-05-01,S2,Apparel,1,250.0
2023-05-02,S2,Apparel,1,308.0
2023-05-03,S2,Apparel,1,267.0
2023-05-04,S2,Apparel,1,330.0
2023-05-05,S2,Apparel,0,129.0
2023-05-06,S2,Apparel,0,183.0
2023-05-07,S2,Apparel,0,168.0
2023-05-08,S2,Apparel,0,177.0
2023-05-09,S2,Apparel,0,185.0
2023-05-10,S2,Apparel,0,171.0
2023-05-11,S2,Apparel,0,177.0
2023-05-12,S2,Apparel,0,207.0
2023-05-13,S2,Apparel,0,248.0
2023-05-14,S2,Apparel,0,266.0
2023-05-15,S2,Apparel,0,186.0
2023-05-16,S2,Apparel,0,210.0
2023-05-17,S2,Apparel,0,183.0
2023-05-18,S2,Apparel,0,204.0
2023-05-19,S2,Apparel,0,175.0
2023-05-20,S2,Apparel,0,199.0
2023-05-21,S2,Apparel,0,224.0
2023-05-22,S2,Apparel,0,202.0
2023-05-23,S2,Apparel,0,107.0
2023-05-24,S2,Apparel,0,220.0
2023-05-25,S2,Apparel,0,174.0
2023-05-26,S2,Apparel,0,207.0
2023-05-27,S2,Apparel,0,187.0
2023-05-28,S2,Apparel,0,217.0
2023-05-29,S2,Apparel,0,218.0
2023-05-30,S2,Apparel,0,187.0
2023-05-31,S2,Apparel,0,203.0
2023-06-01,S2,Apparel,0,164.0
2023-06-02,S2,Apparel,0,182.0
2023-06-03,S2,Apparel,0,196.0
2023-06-04,S2,Apparel,0,206.0
2023-06-05,S2,Apparel,1,294.0
2023-06-06,S2,Apparel,1,266.0
2023-06-07,S2,Apparel,1,292.0
2023-06-08,S2,Apparel,1,258.0
2023-06-09,S2,Apparel,1,259.0
2023-06-10,S2,Apparel,0,270.0
2023-06-11,S2,Apparel,0,272.0
2023-06-12,S2,Apparel,0,246.0
2023-06-13,S2,Apparel,0,241.0
2023-06-14,S2,Apparel,0,222.0
2023-06-15,S2,Apparel,0,237.0
2023-06-16,S2,Apparel,0,233.0
2023-06-17,S2,Apparel,0,210.0
2023-06-18,S2,Apparel,0,284.0
2023-06-19,S2,Apparel,0,199.0
2023-06-20,S2,Apparel,0,220.0
2023-06-21,S2,Apparel,0,227.0
2023-06-22,S2,Apparel,0,183.0
2023-06-23,S2,Apparel,0,196.0
2023-06-24,S2,Apparel,0,249.0
2023-06-25,S2,Apparel,0,222.0
2023-06-26,S2,Apparel,0,214.0
2023-06-27,S2,Apparel,0,136.0
2023-06-28,S2,Apparel,0,207.0
2023-06-29,S2,Apparel,0,163.0
2023-06-30,S2,Apparel,0,285.0
2023-07-01,S2,Apparel,1,373.0
2023-07-02,S2,Apparel,1,377.0
2023-07-03,S2,Apparel,1,284.0
2023-07-04,S2,Apparel,1,351.0
2023-07-05,S2,Apparel,1,341.0
2023-07-06,S2,Apparel,1,272.0
2023-07-07,S2,Apparel,0,198.0
2023-07-08,S2,Apparel,0,236.0
2023-07-09,S2,Apparel,0,247.0
2023-07-10,S2,Apparel,0,273.0
2023-07-11,S2,Apparel,0,198.0
2023-07-12,S2,Apparel,0,144.0
2023-07-13,S2,Apparel,0,248.0
2023-07-14,S2,Apparel,0,245.0
2023-07-15,S2,Apparel,0,215.0
2023-07-16,S2,Apparel,0,179.0
2023-07-17,S2,Apparel,0,167.0
2023-07-18,S2,Apparel,0,242.0
2023-07-19,S2,Apparel,0,205.0
2023-07-20,S2,Apparel,0,185.0
2023-07-21,S2,Apparel,0,226.0
2023-07-22,S2,Apparel,0,227.0
2023-07-23,S2,Apparel,0,272.0
2023-07-24,S2,Apparel,1,270.0
2023-07-25,S2,Apparel,1,243.0
2023-07-26,S2,Apparel,1,250.0
2023-07-27,S2,Apparel,1,203.0
2023-07-28,S2,Apparel,1,222.0
2023-07-29,S2,Apparel,0,203.0
2023-07-30,S2,Apparel,0,222.0
2023-07-31,S2,Apparel,0,160.0
2023-08-01,S2,Apparel,0,212.0
2023-08-02,S2,Apparel,0,212.0
2023-08-03,S2,Apparel,0,202.0
2023-08-04,S2,Apparel,0,180.0
2023-08-05,S2,Apparel,0,209.0
2023-08-06,S2,Apparel,0,178.0
2023-08-07,S2,Apparel,0,162.0
2023-08-08,S2,Apparel,0,167.0
2023-08-09,S2,Apparel,0,202.0
2023-08-10,S2,Apparel,0,127.0
2023-08-11,S2,Apparel,0,257.0
2023-08-12,S2,Apparel,0,189.0
2023-08-13,S2,Apparel,0,207.0
2023-08-14,S2,Apparel,0,147.0
2023-08-15,S2,Apparel,0,153.0
2023-08-16,S2,Apparel,0,172.0
2023-08-17,S2,Apparel,0,195.0
2023-08-18,S2,Apparel,0,204.0
2023-08-19,S2,Apparel,0,212.0
2023-08-20,S2,Apparel,0,206.0
2023-08-21,S2,Apparel,0,229.0
2023-08-22,S2,Apparel,0,185.0
2023-08-23,S2,Apparel,0,158.0
2023-08-24,S2,Apparel,0,167.0
2023-08-25,S2,Apparel,0,169.0
2023-08-26,S2,Apparel,0,203.0
2023-08-27,S2,Apparel,0,236.0
2023-08-28,S2,Apparel,0,185.0
2023-08-29,S2,Apparel,0,201.0
2023-08-30,S2,Apparel,0,174.0
2023-08-31,S2,Apparel,0,170.0
2023-09-01,S2,Apparel,0,212.0
2023-09-02,S2,Apparel,0,184.0
2023-09-03,S2,Apparel,0,210.0
2023-09-04,S2,Apparel,0,176.0
2023-09-05,S2,Apparel,0,179.0
2023-09-06,S2,Apparel,0,159.0
2023-09-07,S2,Apparel,0,122.0
2023-09-08,S2,Apparel,0,159.0
2023-09-09,S2,Apparel,1,250.0
2023-09-10,S2,Apparel,1,231.0
2023-09-11,S2,Apparel,1,223.0
2023-09-12,S2,Apparel,1,195.0
2023-09-13,S2,Apparel,1,232.0
2023-09-14,S2,Apparel,0,159.0
2023-09-15,S2,Apparel,0,159.0
2023-09-16,S2,Apparel,0,178.0
2023-09-17,S2,Apparel,0,136.0
2023-09-18,S2,Apparel,0,137.0
2023-09-19,S2,Apparel,0,113.0
2023-09-20,S2,Apparel,0,157.0
2023-09-21,S2,Apparel,0,145.0
2023-09-22,S2,Apparel,0,161.0
2023-09-23,S2,Apparel,0,207.0
2023-09-24,S2,Apparel,0,162.0
2023-09-25,S2,Apparel,0,181.0
2023-09-26,S2,Apparel,0,158.0
2023-09-27,S2,Apparel,0,162.0
2023-09-28,S2,Apparel,1,196.0
2023-09-29,S2,Apparel,1,219.0
2023-09-30,S2,Apparel,1,225.0
2023-10-01,S2,Apparel,1,151.0
2023-10-02,S2,Apparel,1,145.0
2023-10-03,S2,Apparel,0,133.0
2023-10-04,S2,Apparel,0,127.0
2023-10-05,S2,Apparel,0,123.0
2023-10-06,S2,Apparel,0,171.0
2023-10-07,S2,Apparel,0,124.0
2023-10-08,S2,Apparel,0,129.0
2023-10-09,S2,Apparel,0,149.0
2023-10-10,S2,Apparel,0,138.0
2023-10-11,S2,Apparel,0,102.0
2023-10-12,S2,Apparel,0,118.0
2023-10-13,S2,Apparel,0,168.0
2023-10-14,S2,Apparel,0,137.0
2023-10-15,S2,Apparel,0,135.0
2023-10-16,S2,Apparel,0,101.0
2023-10-17,S2,Apparel,0,112.0
2023-10-18,S2,Apparel,0,118.0
2023-10-19,S2,Apparel,0,143.0
2023-10-20,S2,Apparel,0,91.0
2023-10-21,S2,Apparel,0,86.0
2023-10-22,S2,Apparel,0,133.0
2023-10-23,S2,Apparel,0,129.0
2023-10-24,S2,Apparel,1,173.0
2023-10-25,S2,Apparel,1,174.0
2023-10-26,S2,Apparel,1,121.0
2023-10-27,S2,Apparel,1,140.0
2023-10-28,S2,Apparel,1,155.0
2023-10-29,S2,Apparel,0,147.0
2023-10-30,S2,Apparel,0,116.0
2023-10-31,S2,Apparel,0,114.0
2023-11-01,S2,Apparel,0,81.0
2023-11-02,S2,Apparel,0,103.0
2023-11-03,S2,Apparel,0,78.0
2023-11-04,S2,Apparel,0,96.0
2023-11-05,S2,Apparel,0,129.0
2023-11-06,S2,Apparel,0,115.0
2023-11-07,S2,Apparel,0,106.0
2023-11-08,S2,Apparel,0,72.0
2023-11-09,S2,Apparel,0,92.0
2023-11-10,S2,Apparel,0,120.0
2023-11-11,S2,Apparel,0,113.0
2023-11-12,S2,Apparel,0,99.0
2023-11-13,S2,Apparel,0,99.0
2023-11-14,S2,Apparel,0,96.0
2023-11-15,S2,Apparel,0,126.0
2023-11-16,S2,Apparel,1,134.0
2023-11-17,S2,Apparel,1,149.0
2023-11-18,S2,Apparel,1,196.0
2023-11-19,S2,Apparel,1,176.0
2023-11-20,S2,Apparel,1,136.0
2023-11-21,S2,Apparel,0,135.0
2023-11-22,S2,Apparel,0,135.0
2023-11-23,S2,Apparel,0,99.0
2023-11-24,S2,Apparel,0,160.0
2023-11-25,S2,Apparel,0,139.0
2023-11-26,S2,Apparel,0,155.0
2023-11-27,S2,Apparel,0,118.0
2023-11-28,S2,Apparel,0,160.0
2023-11-29,S2,Apparel,0,100.0
2023-11-30,S2,Apparel,0,92.0
2023-12-01,S2,Apparel,0,126.0
2023-12-02,S2,Apparel,0,210.0
2023-12-03,S2,Apparel,0,184.0
2023-12-04,S2,Apparel,0,137.0
2023-12-05,S2,Apparel,0,157.0
2023-12-06,S2,Apparel,0,142.0
2023-12-07,S2,Apparel,0,142.0
2023-12-08,S2,Apparel,1,237.0
2023-12-09,S2,Apparel,1,217.0
2023-12-10,S2,Apparel,1,228.0
2023-12-11,S2,Apparel,1,180.0
2023-12-12,S2,Apparel,1,163.0
2023-12-13,S2,Apparel,0,119.0
2023-12-14,S2,Apparel,0,122.0
2023-12-15,S2,Apparel,0,130.0
2023-12-16,S2,Apparel,0,116.0
2023-12-17,S2,Apparel,0,109.0
2023-12-18,S2,Apparel,0,124.0
2023-12-19,S2,Apparel,0,145.0
2023-12-20,S2,Apparel,0,104.0
2023-12-21,S2,Apparel,0,111.0
2023-12-22,S2,Apparel,0,116.0
2023-12-23,S2,Apparel,0,131.0
2023-12-24,S2,Apparel,0,128.0
2023-12-25,S2,Apparel,0,82.0
2023-12-26,S2,Apparel,0,99.0
2023-12-27,S2,Apparel,0,110.0
2023-12-28,S2,Apparel,0,76.0
2023-12-29,S2,Apparel,0,75.0
2023-12-30,S2,Apparel,0,98.0
2023-12-31,S2,Apparel,0,100.0
2024-01-01,S2,Apparel,0,89.0
2024-01-02,S2,Apparel,0,71.0
2024-01-03,S2,Apparel,0,100.0
2024-01-04,S2,Apparel,0,116.0
2024-01-05,S2,Apparel,0,69.0
2024-01-06,S2,Apparel,0,96.0
2024-01-07,S2,Apparel,0,130.0
2024-01-08,S2,Apparel,0,91.0
2024-01-09,S2,Apparel,0,98.0
2024-01-10,S2,Apparel,0,99.0
2024-01-11,S2,Apparel,0,87.0
2024-01-12,S2,Apparel,1,92.0
2024-01-13,S2,Apparel,1,126.0
2024-01-14,S2,Apparel,1,138.0
2024-01-15,S2,Apparel,1,109.0
2024-01-16,S2,Apparel,1,105.0
2024-01-17,S2,Apparel,0,101.0
2024-01-18,S2,Apparel,0,115.0
2024-01-19,S2,Apparel,0,97.0
2024-01-20,S2,Apparel,0,106.0
2024-01-21,S2,Apparel,0,85.0
2024-01-22,S2,Apparel,0,108.0
2024-01-23,S2,Apparel,0,76.0
2024-01-24,S2,Apparel,0,139.0
2024-01-25,S2,Apparel,0,67.0
2024-01-26,S2,Apparel,0,119.0
2024-01-27,S2,Apparel,0,113.0
2024-01-28,S2,Apparel,0,111.0
2024-01-29,S2,Apparel,0,86.0
2024-01-30,S2,Apparel,0,92.0
2024-01-31,S2,Apparel,0,113.0
2024-02-01,S2,Apparel,0,92.0
2024-02-02,S2,Apparel,0,121.0
2024-02-03,S2,Apparel,0,127.0
2024-02-04,S2,Apparel,0,112.0
2024-02-05,S2,Apparel,0,101.0
2024-02-06,S2,Apparel,0,108.0
2024-02-07,S2,Apparel,0,101.0
2024-02-08,S2,Apparel,0,120.0
2024-02-09,S2,Apparel,0,99.0
2024-02-10,S2,Apparel,0,131.0
2024-02-11,S2,Apparel,0,115.0
2024-02-12,S2,Apparel,0,81.0
2024-02-13,S2,Apparel,0,115.0
2024-02-14,S2,Apparel,0,147.0
2024-02-15,S2,Apparel,0,120.0
2024-02-16,S2,Apparel,0,116.0
2024-02-17,S2,Apparel,0,157.0
2024-02-18,S2,Apparel,0,166.0
2024-02-19,S2,Apparel,0,118.0
2024-02-20,S2,Apparel,1,141.0
2024-02-21,S2,Apparel,1,145.0
2024-02-22,S2,Apparel,1,177.0
2024-02-23,S2,Apparel,1,144.0
2024-02-24,S2,Apparel,1,239.0
2024-02-25,S2,Apparel,0,133.0
2024-02-26,S2,Apparel,0,122.0
2024-02-27,S2,Apparel,0,140.0
2024-02-28,S2,Apparel,0,156.0
2024-02-29,S2,Apparel,0,145.0
2024-03-01,S2,Apparel,0,165.0
2024-03-02,S2,Apparel,0,136.0
2024-03-03,S2,Apparel,0,150.0
2024-03-04,S2,Apparel,0,135.0
2024-03-05,S2,Apparel,0,107.0
2024-03-06,S2,Apparel,0,154.0
2024-03-07,S2,Apparel,0,147.0
2024-03-08,S2,Apparel,0,161.0
2024-03-09,S2,Apparel,0,142.0
2024-03-10,S2,Apparel,0,148.0
2024-03-11,S2,Apparel,0,141.0
2024-03-12,S2,Apparel,0,117.0
2024-03-13,S2,Apparel,0,127.0
2024-03-14,S2,Apparel,0,140.0
2024-03-15,S2,Apparel,0,169.0
2024-03-16,S2,Apparel,0,151.0
2024-03-17,S2,Apparel,1,262.0
2024-03-18,S2,Apparel,1,223.0
2024-03-19,S2,Apparel,1,232.0
2024-03-20,S2,Apparel,1,159.0
2024-03-21,S2,Apparel,1,234.0
2024-03-22,S2,Apparel,0,134.0
2024-03-23,S2,Apparel,0,165.0
2024-03-24,S2,Apparel,0,135.0
2024-03-25,S2,Apparel,0,133.0
2024-03-26,S2,Apparel,0,157.0
2024-03-27,S2,Apparel,0,137.0
2024-03-28,S2,Apparel,0,129.0
2024-03-29,S2,Apparel,0,194.0
2024-03-30,S2,Apparel,0,167.0
2024-03-31,S2,Apparel,0,197.0
2024-04-01,S2,Apparel,0,191.0
2024-04-02,S2,Apparel,1,153.0
2024-04-03,S2,Apparel,1,214.0
2024-04-04,S2,Apparel,1,219.0
2024-04-05,S2,Apparel,1,274.0
2024-04-06,S2,Apparel,1,291.0
2024-04-07,S2,Apparel,0,204.0
2024-04-08,S2,Apparel,0,148.0
2024-04-09,S2,Apparel,0,119.0
2024-04-10,S2,Apparel,0,174.0
2024-04-11,S2,Apparel,0,181.0
2024-04-12,S2,Apparel,0,192.0
2024-04-13,S2,Apparel,0,217.0
2024-04-14,S2,Apparel,0,209.0
2024-04-15,S2,Apparel,0,191.0
2024-04-16,S2,Apparel,0,153.0
2024-04-17,S2,Apparel,0,206.0
2024-04-18,S2,Apparel,0,263.0
2024-04-19,S2,Apparel,0,205.0
2024-04-20,S2,Apparel,0,225.0
2024-04-21,S2,Apparel,0,240.0
2024-04-22,S2,Apparel,0,166.0
2024-04-23,S2,Apparel,0,172.0
2024-04-24,S2,Apparel,0,202.0
2024-04-25,S2,Apparel,0,212.0
2024-04-26,S2,Apparel,0,208.0
2024-04-27,S2,Apparel,0,279.0
2024-04-28,S2,Apparel,1,313.0
2024-04-29,S2,Apparel,1,206.0
2024-04-30,S2,Apparel,1,341.0
2024-05-01,S2,Apparel,1,306.0
2024-05-02,S2,Apparel,1,264.0
2024-05-03,S2,Apparel,0,264.0
2024-05-04,S2,Apparel,0,227.0
2024-05-05,S2,Apparel,0,177.0
2024-05-06,S2,Apparel,0,213.0
2024-05-07,S2,Apparel,0,232.0
2024-05-08,S2,Apparel,0,210.0
2024-05-09,S2,Apparel,0,189.0
2024-05-10,S2,Apparel,0,226.0
2024-05-11,S2,Apparel,0,211.0
2024-05-12,S2,Apparel,0,205.0
2024-05-13,S2,Apparel,0,191.0
2024-05-14,S2,Apparel,0,181.0
2024-05-15,S2,Apparel,0,263.0
2024-05-16,S2,Apparel,0,284.0
2024-05-17,S2,Apparel,0,253.0
2024-05-18,S2,Apparel,0,221.0
2024-05-19,S2,Apparel,0,234.0
2024-05-20,S2,Apparel,0,197.0
2024-05-21,S2,Apparel,0,251.0
2024-05-22,S2,Apparel,0,200.0
2024-05-23,S2,Apparel,0,290.0
2024-05-24,S2,Apparel,0,262.0
2024-05-25,S2,Apparel,0,219.0
2024-05-26,S2,Apparel,0,264.0
2024-05-27,S2,Apparel,0,219.0
2024-05-28,S2,Apparel,0,178.0
2024-05-29,S2,Apparel,0,232.0
2024-05-30,S2,Apparel,0,186.0
2024-05-31,S2,Apparel,0,296.0
2024-06-01,S2,Apparel,0,238.0
2024-06-02,S2,Apparel,0,208.0
2024-06-03,S2,Apparel,0,207.0
2024-06-04,S2,Apparel,0,185.0
2024-06-05,S2,Apparel,0,188.0
2024-06-06,S2,Apparel,0,227.0
2024-06-07,S2,Apparel,0,230.0
2024-06-08,S2,Apparel,0,198.0
2024-06-09,S2,Apparel,0,170.0
2024-06-10,S2,Apparel,0,197.0
2024-06-11,S2,Apparel,0,266.0
2024-06-12,S2,Apparel,0,195.0
2024-06-13,S2,Apparel,0,232.0
2024-06-14,S2,Apparel,0,229.0
2024-06-15,S2,Apparel,0,287.0
2024-06-16,S2,Apparel,0,268.0
2024-06-17,S2,Apparel,0,210.0
2024-06-18,S2,Apparel,0,225.0
2024-06-19,S2,Apparel,0,252.0
2024-06-20,S2,Apparel,0,223.0
2024-06-21,S2,Apparel,0,289.0
2024-06-22,S2,Apparel,0,239.0
2024-06-23,S2,Apparel,0,273.0
2024-06-24,S2,Apparel,0,180.0
2024-06-25,S2,Apparel,0,156.0
2024-06-26,S2,Apparel,0,222.0
2024-06-27,S2,Apparel,0,290.0
2024-06-28,S2,Apparel,0,283.0
2024-06-29,S2,Apparel,0,225.0
2024-06-30,S2,Apparel,0,292.0
2024-07-01,S2,Apparel,0,189.0
2024-07-02,S2,Apparel,0,175.0
2024-07-03,S2,Apparel,0,205.0
2024-07-04,S2,Apparel,0,230.0
2024-07-05,S2,Apparel,0,210.0
2024-07-06,S2,Apparel,0,274.0
2024-07-07,S2,Apparel,0,188.0
2024-07-08,S2,Apparel,0,188.0
2024-07-09,S2,Apparel,1,366.0
2024-07-10,S2,Apparel,1,303.0
2024-07-11,S2,Apparel,1,324.0
2024-07-12,S2,Apparel,1,307.0
2024-07-13,S2,Apparel,1,305.0
2024-07-14,S2,Apparel,0,278.0
2024-07-15,S2,Apparel,0,259.0
2024-07-16,S2,Apparel,0,177.0
2024-07-17,S2,Apparel,0,154.0
2024-07-18,S2,Apparel,0,275.0
2024-07-19,S2,Apparel,0,218.0
2024-07-20,S2,Apparel,0,263.0
2024-07-21,S2,Apparel,0,237.0
2024-07-22,S2,Apparel,0,241.0
2024-07-23,S2,Apparel,0,205.0
2024-07-24,S2,Apparel,0,286.0
2024-07-25,S2,Apparel,0,168.0
2024-07-26,S2,Apparel,0,195.0
2024-07-27,S2,Apparel,0,201.0
2024-07-28,S2,Apparel,1,288.0
2024-07-29,S2,Apparel,1,287.0
2024-07-30,S2,Apparel,1,295.0
2024-07-31,S2,Apparel,1,303.0
2024-08-01,S2,Apparel,1,261.0
2024-08-02,S2,Apparel,0,224.0
2024-08-03,S2,Apparel,0,248.0
2024-08-04,S2,Apparel,0,186.0
2024-08-05,S2,Apparel,0,191.0
2024-08-06,S2,Apparel,0,169.0
2024-08-07,S2,Apparel,0,238.0
2024-08-08,S2,Apparel,0,161.0
2024-08-09,S2,Apparel,0,178.0
2024-08-10,S2,Apparel,0,252.0
2024-08-11,S2,Apparel,0,212.0
2024-08-12,S2,Apparel,0,139.0
2024-08-13,S2,Apparel,0,193.0
2024-08-14,S2,Apparel,0,198.0
2024-08-15,S2,Apparel,0,191.0
2024-08-16,S2,Apparel,0,198.0
2024-08-17,S2,Apparel,0,227.0
2024-08-18,S2,Apparel,0,190.0
2024-08-19,S2,Apparel,0,203.0
2024-08-20,S2,Apparel,0,186.0
2024-08-21,S2,Apparel,0,185.0
2024-08-22,S2,Apparel,0,213.0
2024-08-23,S2,Apparel,0,190.0
2024-08-24,S2,Apparel,0,203.0
2024-08-25,S2,Apparel,0,133.0
2024-08-26,S2,Apparel,1,223.0
2024-08-27,S2,Apparel,1,277.0
2024-08-28,S2,Apparel,1,258.0
2024-08-29,S2,Apparel,1,250.0
2024-08-30,S2,Apparel,1,264.0
2024-08-31,S2,Apparel,0,213.0
2024-09-01,S2,Apparel,0,205.0
2024-09-02,S2,Apparel,0,134.0
2024-09-03,S2,Apparel,0,192.0
2024-09-04,S2,Apparel,0,164.0
2024-09-05,S2,Apparel,0,154.0
2024-09-06,S2,Apparel,0,123.0
2024-09-07,S2,Apparel,0,193.0
2024-09-08,S2,Apparel,0,228.0
2024-09-09,S2,Apparel,0,168.0
2024-09-10,S2,Apparel,0,111.0
2024-09-11,S2,Apparel,0,148.0
2024-09-12,S2,Apparel,0,187.0
2024-09-13,S2,Apparel,0,207.0
2024-09-14,S2,Apparel,0,241.0
2024-09-15,S2,Apparel,0,135.0
2024-09-16,S2,Apparel,1,206.0
2024-09-17,S2,Apparel,1,236.0
2024-09-18,S2,Apparel,1,245.0
2024-09-19,S2,Apparel,1,200.0
2024-09-20,S2,Apparel,1,210.0
2024-09-21,S2,Apparel,0,210.0
2024-09-22,S2,Apparel,0,189.0
2024-09-23,S2,Apparel,0,179.0
2024-09-24,S2,Apparel,0,164.0
2024-09-25,S2,Apparel,0,145.0
2024-09-26,S2,Apparel,0,169.0
2024-09-27,S2,Apparel,0,194.0
2024-09-28,S2,Apparel,0,184.0
2024-09-29,S2,Apparel,0,161.0
2024-09-30,S2,Apparel,0,143.0
2024-10-01,S2,Apparel,0,167.0
2024-10-02,S2,Apparel,0,132.0
2024-10-03,S2,Apparel,0,157.0
2024-10-04,S2,Apparel,0,134.0
2024-10-05,S2,Apparel,0,146.0
2024-10-06,S2,Apparel,0,150.0
2024-10-07,S2,Apparel,0,157.0
2024-10-08,S2,Apparel,0,117.0
2024-10-09,S2,Apparel,0,149.0
2024-10-10,S2,Apparel,0,185.0
2024-10-11,S2,Apparel,0,142.0
2024-10-12,S2,Apparel,0,160.0
2024-10-13,S2,Apparel,0,134.0
2024-10-14,S2,Apparel,0,158.0
2024-10-15,S2,Apparel,0,130.0
2024-10-16,S2,Apparel,0,148.0
2024-10-17,S2,Apparel,0,143.0
2024-10-18,S2,Apparel,0,110.0
2024-10-19,S2,Apparel,0,120.0
2024-10-20,S2,Apparel,0,128.0
2024-10-21,S2,Apparel,0,131.0
2024-10-22,S2,Apparel,0,116.0
2024-10-23,S2,Apparel,0,111.0
2024-10-24,S2,Apparel,0,109.0
2024-10-25,S2,Apparel,0,154.0
2024-10-26,S2,Apparel,0,144.0
2024-10-27,S2,Apparel,0,157.0
2024-10-28,S2,Apparel,0,98.0
2024-10-29,S2,Apparel,0,112.0
2024-10-30,S2,Apparel,0,124.0
2024-10-31,S2,Apparel,0,107.0
2024-11-01,S2,Apparel,0,121.0
2024-11-02,S2,Apparel,0,106.0
2024-11-03,S2,Apparel,0,142.0
2024-11-04,S2,Apparel,0,146.0
2024-11-05,S2,Apparel,0,116.0
2024-11-06,S2,Apparel,0,128.0
2024-11-07,S2,Apparel,0,92.0
2024-11-08,S2,Apparel,0,107.0
2024-11-09,S2,Apparel,0,116.0
2024-11-10,S2,Apparel,0,115.0
2024-11-11,S2,Apparel,0,133.0
2024-11-12,S2,Apparel,0,129.0
2024-11-13,S2,Apparel,0,129.0
2024-11-14,S2,Apparel,0,123.0
2024-11-15,S2,Apparel,0,131.0
2024-11-16,S2,Apparel,0,140.0
2024-11-17,S2,Apparel,0,116.0
2024-11-18,S2,Apparel,0,125.0
2024-11-19,S2,Apparel,0,121.0
2024-11-20,S2,Apparel,0,156.0
2024-11-21,S2,Apparel,0,117.0
2024-11-22,S2,Apparel,0,158.0
2024-11-23,S2,Apparel,0,143.0
2024-11-24,S2,Apparel,0,157.0
2024-11-25,S2,Apparel,0,133.0
2024-11-26,S2,Apparel,0,125.0
2024-11-27,S2,Apparel,0,157.0
2024-11-28,S2,Apparel,0,132.0
2024-11-29,S2,Apparel,0,215.0
2024-11-30,S2,Apparel,0,176.0
2024-12-01,S2,Apparel,0,184.0
2024-12-02,S2,Apparel,0,146.0
2024-12-03,S2,Apparel,0,132.0
2024-12-04,S2,Apparel,0,145.0
2024-12-05,S2,Apparel,0,144.0
2024-12-06,S2,Apparel,0,184.0
2024-12-07,S2,Apparel,0,182.0
2024-12-08,S2,Apparel,0,150.0
2024-12-09,S2,Apparel,0,154.0
2024-12-10,S2,Apparel,0,138.0
2024-12-11,S2,Apparel,0,151.0
2024-12-12,S2,Apparel,0,165.0
2024-12-13,S2,Apparel,0,120.0
2024-12-14,S2,Apparel,0,123.0
2024-12-15,S2,Apparel,0,157.0
2024-12-16,S2,Apparel,0,144.0
2024-12-17,S2,Apparel,0,104.0
2024-12-18,S2,Apparel,0,103.0
2024-12-19,S2,Apparel,0,105.0
2024-12-20,S2,Apparel,0,128.0
2024-12-21,S2,Apparel,0,127.0
2024-12-22,S2,Apparel,0,119.0
2024-12-23,S2,Apparel,0,75.0
2024-12-24,S2,Apparel,0,144.0
2024-12-25,S2,Apparel,0,129.0
2024-12-26,S2,Apparel,0,112.0
2024-12-27,S2,Apparel,0,126.0
2024-12-28,S2,Apparel,0,106.0
2024-12-29,S2,Apparel,0,116.0
2024-12-30,S2,Apparel,0,92.0
2024-12-31,S2,Apparel,0,85.0
2025-01-01,S2,Apparel,0,113.0
2025-01-02,S2,Apparel,0,70.0
2025-01-03,S2,Apparel,0,94.0
2025-01-04,S2,Apparel,0,92.0
2025-01-05,S2,Apparel,0,104.0
2025-01-06,S2,Apparel,0,75.0
2025-01-07,S2,Apparel,0,113.0
2025-01-08,S2,Apparel,0,83.0
2025-01-09,S2,Apparel,0,122.0
2025-01-10,S2,Apparel,0,90.0
2025-01-11,S2,Apparel,0,102.0
2025-01-12,S2,Apparel,0,112.0
2025-01-13,S2,Apparel,0,85.0
2025-01-14,S2,Apparel,0,93.0
2025-01-15,S2,Apparel,0,87.0
2025-01-16,S2,Apparel,0,101.0
2025-01-17,S2,Apparel,0,112.0
2025-01-18,S2,Apparel,0,116.0
2025-01-19,S2,Apparel,0,141.0
2025-01-20,S2,Apparel,0,113.0
2025-01-21,S2,Apparel,0,96.0
2025-01-22,S2,Apparel,1,165.0
2025-01-23,S2,Apparel,1,144.0
2025-01-24,S2,Apparel,1,130.0
2025-01-25,S2,Apparel,1,140.0
2025-01-26,S2,Apparel,1,175.0
2025-01-27,S2,Apparel,0,110.0
2025-01-28,S2,Apparel,0,105.0
2025-01-29,S2,Apparel,0,88.0
2025-01-30,S2,Apparel,0,92.0
2025-01-31,S2,Apparel,0,101.0
2025-02-01,S2,Apparel,0,127.0
2025-02-02,S2,Apparel,0,119.0
2025-02-03,S2,Apparel,0,83.0
2025-02-04,S2,Apparel,0,119.0
2025-02-05,S2,Apparel,0,103.0
2025-02-06,S2,Apparel,0,85.0
2025-02-07,S2,Apparel,0,122.0
2025-02-08,S2,Apparel,0,118.0
2025-02-09,S2,Apparel,0,141.0
2025-02-10,S2,Apparel,0,127.0
2025-02-11,S2,Apparel,0,134.0
2025-02-12,S2,Apparel,0,110.0
2025-02-13,S2,Apparel,0,133.0
2025-02-14,S2,Apparel,0,124.0
2025-02-15,S2,Apparel,0,151.0
2025-02-16,S2,Apparel,0,107.0
2025-02-17,S2,Apparel,0,144.0
2025-02-18,S2,Apparel,0,128.0
2025-02-19,S2,Apparel,0,126.0
2025-02-20,S2,Apparel,0,134.0
2025-02-21,S2,Apparel,0,139.0
2025-02-22,S2,Apparel,0,136.0
2025-02-23,S2,Apparel,0,135.0
2025-02-24,S2,Apparel,0,131.0
2025-02-25,S2,Apparel,0,164.0
2025-02-26,S2,Apparel,0,156.0
2025-02-27,S2,Apparel,0,135.0
2025-02-28,S2,Apparel,0,153.0
2025-03-01,S2,Apparel,0,125.0
2025-03-02,S2,Apparel,0,132.0
2025-03-03,S2,Apparel,0,145.0
2025-03-04,S2,Apparel,0,175.0
2025-03-05,S2,Apparel,0,144.0
2025-03-06,S2,Apparel,0,162.0
2025-03-07,S2,Apparel,0,147.0
2025-03-08,S2,Apparel,0,169.0
2025-03-09,S2,Apparel,0,202.0
2025-03-10,S2,Apparel,0,131.0
2025-03-11,S2,Apparel,0,95.0
2025-03-12,S2,Apparel,0,164.0
2025-03-13,S2,Apparel,0,154.0
2025-03-14,S2,Apparel,0,185.0
2025-03-15,S2,Apparel,0,175.0
2025-03-16,S2,Apparel,1,247.0
2025-03-17,S2,Apparel,1,274.0
2025-03-18,S2,Apparel,1,238.0
2025-03-19,S2,Apparel,1,191.0
2025-03-20,S2,Apparel,1,263.0
2025-03-21,S2,Apparel,0,161.0
2025-03-22,S2,Apparel,0,187.0
2025-03-23,S2,Apparel,0,178.0
2025-03-24,S2,Apparel,0,153.0
2025-03-25,S2,Apparel,0,149.0
2025-03-26,S2,Apparel,0,148.0
2025-03-27,S2,Apparel,0,212.0
2025-03-28,S2,Apparel,0,174.0
2025-03-29,S2,Apparel,0,256.0
2025-03-30,S2,Apparel,0,265.0
2025-03-31,S2,Apparel,0,201.0
2025-04-01,S2,Apparel,0,167.0
2025-04-02,S2,Apparel,0,185.0
2025-04-03,S2,Apparel,0,239.0
2025-04-04,S2,Apparel,0,201.0
2025-04-05,S2,Apparel,0,227.0
2025-04-06,S2,Apparel,0,207.0
2025-04-07,S2,Apparel,0,140.0
2025-04-08,S2,Apparel,0,205.0
2025-04-09,S2,Apparel,0,173.0
2025-04-10,S2,Apparel,0,188.0
2025-04-11,S2,Apparel,0,217.0
2025-04-12,S2,Apparel,0,266.0
2025-04-13,S2,Apparel,0,219.0
2025-04-14,S2,Apparel,0,224.0
2025-04-15,S2,Apparel,0,208.0
2025-04-16,S2,Apparel,0,219.0
2025-04-17,S2,Apparel,0,237.0
2025-04-18,S2,Apparel,0,246.0
2025-04-19,S2,Apparel,0,231.0
2025-04-20,S2,Apparel,0,207.0
2025-04-21,S2,Apparel,0,230.0
2025-04-22,S2,Apparel,0,208.0
2025-04-23,S2,Apparel,0,184.0
2025-04-24,S2,Apparel,0,209.0
2025-04-25,S2,Apparel,0,226.0
2025-04-26,S2,Apparel,0,209.0
2025-04-27,S2,Apparel,0,221.0
2025-04-28,S2,Apparel,0,169.0
2025-04-29,S2,Apparel,0,261.0
2025-04-30,S2,Apparel,0,243.0
2025-05-01,S2,Apparel,0,228.0
2025-05-02,S2,Apparel,0,207.0
2025-05-03,S2,Apparel,0,228.0
2025-05-04,S2,Apparel,0,191.0
2025-05-05,S2,Apparel,0,232.0
2025-05-06,S2,Apparel,0,220.0
2025-05-07,S2,Apparel,0,223.0
2025-05-08,S2,Apparel,0,267.0
2025-05-09,S2,Apparel,0,219.0
2025-05-10,S2,Apparel,0,251.0
2025-05-11,S2,Apparel,0,277.0
2025-05-12,S2,Apparel,0,241.0
2025-05-13,S2,Apparel,0,206.0
2025-05-14,S2,Apparel,0,179.0
2025-05-15,S2,Apparel,0,245.0
2025-05-16,S2,Apparel,0,264.0
2025-05-17,S2,Apparel,0,297.0
2025-05-18,S2,Apparel,0,307.0
2025-05-19,S2,Apparel,0,234.0
2025-05-20,S2,Apparel,0,242.0
2025-05-21,S2,Apparel,0,265.0
2025-05-22,S2,Apparel,0,266.0
2025-05-23,S2,Apparel,0,239.0
2025-05-24,S2,Apparel,0,196.0
2025-05-25,S2,Apparel,0,318.0
2025-05-26,S2,Apparel,0,270.0
2025-05-27,S2,Apparel,0,245.0
2025-05-28,S2,Apparel,0,256.0
2025-05-29,S2,Apparel,0,256.0
2025-05-30,S2,Apparel,0,218.0
2025-05-31,S2,Apparel,0,290.0
2025-06-01,S2,Apparel,0,250.0
2025-06-02,S2,Apparel,0,201.0
2025-06-03,S2,Apparel,1,319.0
2025-06-04,S2,Apparel,1,292.0
2025-06-05,S2,Apparel,1,330.0
2025-06-06,S2,Apparel,1,296.0
2025-06-07,S2,Apparel,1,346.0
2025-06-08,S2,Apparel,0,243.0
2025-06-09,S2,Apparel,0,237.0
2025-06-10,S2,Apparel,0,190.0
2025-06-11,S2,Apparel,0,340.0
2025-06-12,S2,Apparel,0,274.0
2025-06-13,S2,Apparel,0,297.0
2025-06-14,S2,Apparel,1,347.0
2025-06-15,S2,Apparel,1,330.0
2025-06-16,S2,Apparel,1,355.0
2025-06-17,S2,Apparel,1,367.0
2025-06-18,S2,Apparel,1,478.0
2025-06-19,S2,Apparel,0,275.0
2025-06-20,S2,Apparel,0,197.0
2025-06-21,S2,Apparel,0,246.0
2025-06-22,S2,Apparel,0,285.0
2025-06-23,S2,Apparel,0,177.0
2025-06-24,S2,Apparel,0,304.0
2025-06-25,S2,Apparel,0,284.0
2025-06-26,S2,Apparel,0,256.0
2025-06-27,S2,Apparel,1,367.0
2025-06-28,S2,Apparel,1,382.0
2025-06-29,S2,Apparel,1,413.0
2025-06-30,S2,Apparel,1,349.0
2025-07-01,S2,Apparel,1,373.0
2025-07-02,S2,Apparel,0,208.0
2025-07-03,S2,Apparel,0,202.0
2025-07-04,S2,Apparel,0,239.0
2025-07-05,S2,Apparel,0,238.0
2025-07-06,S2,Apparel,0,234.0
2025-07-07,S2,Apparel,0,190.0
2025-07-08,S2,Apparel,0,284.0
2025-07-09,S2,Apparel,0,221.0
2025-07-10,S2,Apparel,0,238.0
2025-07-11,S2,Apparel,0,297.0
2025-07-12,S2,Apparel,0,274.0
2025-07-13,S2,Apparel,0,212.0
2025-07-14,S2,Apparel,0,210.0
2025-07-15,S2,Apparel,0,283.0
2025-07-16,S2,Apparel,0,289.0
2025-07-17,S2,Apparel,0,259.0
2025-07-18,S2,Apparel,0,215.0
2025-07-19,S2,Apparel,0,243.0
2025-07-20,S2,Apparel,0,280.0
2025-07-21,S2,Apparel,0,253.0
2025-07-22,S2,Apparel,0,254.0
2025-07-23,S2,Apparel,0,300.0
2025-07-24,S2,Apparel,0,219.0
2025-07-25,S2,Apparel,0,195.0
2025-07-26,S2,Apparel,0,293.0
2025-07-27,S2,Apparel,0,310.0
2025-07-28,S2,Apparel,0,240.0
2025-07-29,S2,Apparel,0,254.0
2025-07-30,S2,Apparel,0,224.0
2025-07-31,S2,Apparel,1,320.0
2025-08-01,S2,Apparel,1,323.0
2025-08-02,S2,Apparel,1,348.0
2025-08-03,S2,Apparel,1,339.0
2025-08-04,S2,Apparel,1,210.0
2025-08-05,S2,Apparel,0,194.0
2025-08-06,S2,Apparel,0,258.0
2025-08-07,S2,Apparel,0,210.0
2025-08-08,S2,Apparel,0,247.0
2025-08-09,S2,Apparel,0,212.0
2025-08-10,S2,Apparel,0,193.0
2025-08-11,S2,Apparel,0,222.0
2025-08-12,S2,Apparel,0,245.0
2025-08-13,S2,Apparel,0,160.0
2025-08-14,S2,Apparel,0,230.0
2025-08-15,S2,Apparel,0,200.0
2025-08-16,S2,Apparel,0,255.0
2025-08-17,S2,Apparel,0,241.0
2025-08-18,S2,Apparel,0,207.0
2025-08-19,S2,Apparel,0,178.0
2025-08-20,S2,Apparel,0,205.0
2025-08-21,S2,Apparel,0,211.0
2025-08-22,S2,Apparel,0,160.0
2025-08-23,S2,Apparel,0,247.0
2025-08-24,S2,Apparel,0,268.0
2025-08-25,S2,Apparel,0,227.0
2025-08-26,S2,Apparel,0,203.0
2025-08-27,S2,Apparel,0,225.0
2025-08-28,S2,Apparel,0,230.0
2025-08-29,S2,Apparel,0,181.0
2025-08-30,S2,Apparel,0,206.0
2025-08-31,S2,Apparel,0,218.0
2025-09-01,S2,Apparel,0,192.0
2025-09-02,S2,Apparel,0,197.0
2025-09-03,S2,Apparel,0,181.0
2025-09-04,S2,Apparel,0,163.0
2025-09-05,S2,Apparel,0,168.0
2025-09-06,S2,Apparel,0,220.0
2025-09-07,S2,Apparel,0,172.0
2025-09-08,S2,Apparel,0,184.0
2025-09-09,S2,Apparel,0,161.0
2025-09-10,S2,Apparel,0,204.0
2025-09-11,S2,Apparel,0,171.0
2025-09-12,S2,Apparel,0,226.0
2025-09-13,S2,Apparel,0,220.0
2025-09-14,S2,Apparel,0,204.0
2025-09-15,S2,Apparel,0,180.0
2025-09-16,S2,Apparel,0,123.0
2025-09-17,S2,Apparel,0,220.0
2025-09-18,S2,Apparel,0,204.0
2025-09-19,S2,Apparel,0,166.0
2025-09-20,S2,Apparel,0,172.0
2025-09-21,S2,Apparel,0,164.0
2025-09-22,S2,Apparel,0,195.0
2025-09-23,S2,Apparel,0,148.0
2025-09-24,S2,Apparel,0,197.0
2025-09-25,S2,Apparel,0,158.0
2025-09-26,S2,Apparel,0,142.0
2025-09-27,S2,Apparel,0,180.0
2025-09-28,S2,Apparel,0,177.0
2025-09-29,S2,Apparel,0,160.0
2025-09-30,S2,Apparel,0,185.0
2025-10-01,S2,Apparel,0,147.0
2025-10-02,S2,Apparel,0,137.0
2025-10-03,S2,Apparel,0,193.0
2025-10-04,S2,Apparel,0,152.0
2025-10-05,S2,Apparel,0,175.0
2025-10-06,S2,Apparel,0,130.0
2025-10-07,S2,Apparel,0,165.0
2025-10-08,S2,Apparel,0,135.0
2025-10-09,S2,Apparel,0,137.0
2025-10-10,S2,Apparel,0,164.0
2025-10-11,S2,Apparel,0,205.0
2025-10-12,S2,Apparel,0,134.0
2025-10-13,S2,Apparel,0,164.0
2025-10-14,S2,Apparel,0,114.0
2025-10-15,S2,Apparel,0,120.0
2025-10-16,S2,Apparel,0,151.0
2025-10-17,S2,Apparel,0,113.0
2025-10-18,S2,Apparel,1,231.0
2025-10-19,S2,Apparel,1,180.0
2025-10-20,S2,Apparel,1,140.0
2025-10-21,S2,Apparel,1,168.0
2025-10-22,S2,Apparel,1,206.0
2025-10-23,S2,Apparel,0,147.0
2025-10-24,S2,Apparel,0,98.0
2025-10-25,S2,Apparel,0,136.0
2025-10-26,S2,Apparel,0,118.0
2025-10-27,S2,Apparel,0,99.0
2025-10-28,S2,Apparel,0,135.0
2025-10-29,S2,Apparel,0,165.0
2025-10-30,S2,Apparel,0,137.0
2025-10-31,S2,Apparel,0,138.0
2025-11-01,S2,Apparel,0,171.0
2025-11-02,S2,Apparel,0,151.0
2025-11-03,S2,Apparel,0,139.0
2025-11-04,S2,Apparel,0,99.0
2025-11-05,S2,Apparel,0,109.0
2025-11-06,S2,Apparel,0,135.0
2025-11-07,S2,Apparel,0,133.0
2025-11-08,S2,Apparel,0,128.0
2025-11-09,S2,Apparel,0,146.0
2025-11-10,S2,Apparel,0,106.0
2025-11-11,S2,Apparel,0,133.0
2025-11-12,S2,Apparel,0,134.0
2025-11-13,S2,Apparel,0,128.0
2025-11-14,S2,Apparel,0,129.0
2025-11-15,S2,Apparel,0,146.0
2025-11-16,S2,Apparel,0,135.0
2025-11-17,S2,Apparel,0,92.0
2025-11-18,S2,Apparel,0,150.0
2025-11-19,S2,Apparel,0,147.0
2025-11-20,S2,Apparel,0,165.0
2025-11-21,S2,Apparel,0,152.0
2025-11-22,S2,Apparel,0,178.0
2025-11-23,S2,Apparel,0,161.0
2025-11-24,S2,Apparel,0,160.0
2025-11-25,S2,Apparel,0,147.0
2025-11-26,S2,Apparel,0,143.0
2025-11-27,S2,Apparel,0,156.0
2025-11-28,S2,Apparel,0,201.0
2025-11-29,S2,Apparel,0,190.0
2025-11-30,S2,Apparel,0,220.0
2025-12-01,S2,Apparel,0,174.0
2025-12-02,S2,Apparel,0,133.0
2025-12-03,S2,Apparel,0,169.0
2025-12-04,S2,Apparel,0,174.0
2025-12-05,S2,Apparel,0,127.0
2025-12-06,S2,Apparel,0,208.0
2025-12-07,S2,Apparel,0,179.0
2025-12-08,S2,Apparel,0,167.0
2025-12-09,S2,Apparel,0,150.0
2025-12-10,S2,Apparel,0,134.0
2025-12-11,S2,Apparel,0,157.0
2025-12-12,S2,Apparel,0,173.0
2025-12-13,S2,Apparel,0,184.0
2025-12-14,S2,Apparel,0,148.0
2025-12-15,S2,Apparel,0,146.0
2025-12-16,S2,Apparel,0,131.0
2025-12-17,S2,Apparel,0,175.0
2025-12-18,S2,Apparel,0,150.0
2025-12-19,S2,Apparel,0,131.0
2025-12-20,S2,Apparel,0,188.0
2025-12-21,S2,Apparel,0,132.0
2025-12-22,S2,Apparel,0,148.0
2025-12-23,S2,Apparel,1,187.0
2025-12-24,S2,Apparel,1,191.0
2025-12-25,S2,Apparel,1,134.0
2025-12-26,S2,Apparel,1,204.0
2025-12-27,S2,Apparel,1,187.0
2025-12-28,S2,Apparel,0,162.0
2025-12-29,S2,Apparel,0,91.0
2025-12-30,S2,Apparel,0,134.0
2023-01-01,S2,Electronics,0,51.0
2023-01-02,S2,Electronics,0,76.0
2023-01-03,S2,Electronics,0,80.0
2023-01-04,S2,Electronics,0,67.0
2023-01-05,S2,Electronics,0,46.0
2023-01-06,S2,Electronics,0,59.0
2023-01-07,S2,Electronics,0,86.0
2023-01-08,S2,Electronics,0,40.0
2023-01-09,S2,Electronics,0,68.0
2023-01-10,S2,Electronics,0,47.0
2023-01-11,S2,Electronics,0,55.0
2023-01-12,S2,Electronics,0,58.0
2023-01-13,S2,Electronics,0,67.0
2023-01-14,S2,Electronics,0,59.0
2023-01-15,S2,Electronics,0,54.0
2023-01-16,S2,Electronics,0,73.0
2023-01-17,S2,Electronics,0,62.0
2023-01-18,S2,Electronics,0,60.0
2023-01-19,S2,Electronics,0,44.0
2023-01-20,S2,Electronics,0,78.0
2023-01-21,S2,Electronics,0,76.0
2023-01-22,S2,Electronics,0,73.0
2023-01-23,S2,Electronics,0,44.0
2023-01-24,S2,Electronics,0,82.0
2023-01-25,S2,Electronics,0,57.0
2023-01-26,S2,Electronics,0,53.0
2023-01-27,S2,Electronics,0,94.0
2023-01-28,S2,Electronics,0,80.0
2023-01-29,S2,Electronics,0,61.0
2023-01-30,S2,Electronics,0,61.0
2023-01-31,S2,Electronics,0,48.0
2023-02-01,S2,Electronics,0,63.0
2023-02-02,S2,Electronics,0,69.0
2023-02-03,S2,Electronics,0,89.0
2023-02-04,S2,Electronics,0,76.0
2023-02-05,S2,Electronics,0,95.0
2023-02-06,S2,Electronics,0,74.0
2023-02-07,S2,Electronics,0,72.0
2023-02-08,S2,Electronics,0,70.0
2023-02-09,S2,Electronics,0,65.0
2023-02-10,S2,Electronics,0,56.0
2023-02-11,S2,Electronics,0,99.0
2023-02-12,S2,Electronics,0,58.0
2023-02-13,S2,Electronics,0,66.0
2023-02-14,S2,Electronics,0,60.0
2023-02-15,S2,Electronics,0,68.0
2023-02-16,S2,Electronics,0,61.0
2023-02-17,S2,Electronics,0,96.0
2023-02-18,S2,Electronics,0,90.0
2023-02-19,S2,Electronics,0,98.0
2023-02-20,S2,Electronics,0,54.0
2023-02-21,S2,Electronics,0,94.0
2023-02-22,S2,Electronics,0,79.0
2023-02-23,S2,Electronics,0,68.0
2023-02-24,S2,Electronics,0,69.0
2023-02-25,S2,Electronics,0,67.0
2023-02-26,S2,Electronics,0,75.0
2023-02-27,S2,Electronics,0,74.0
2023-02-28,S2,Electronics,0,70.0
2023-03-01,S2,Electronics,0,85.0
2023-03-02,S2,Electronics,0,58.0
2023-03-03,S2,Electronics,0,89.0
2023-03-04,S2,Electronics,0,78.0
2023-03-05,S2,Electronics,0,80.0
2023-03-06,S2,Electronics,0,82.0
2023-03-07,S2,Electronics,0,98.0
2023-03-08,S2,Electronics,0,63.0
2023-03-09,S2,Electronics,0,55.0
2023-03-10,S2,Electronics,0,78.0
2023-03-11,S2,Electronics,0,113.0
2023-03-12,S2,Electronics,0,91.0
2023-03-13,S2,Electronics,0,74.0
2023-03-14,S2,Electronics,0,76.0
2023-03-15,S2,Electronics,0,95.0
2023-03-16,S2,Electronics,0,99.0
2023-03-17,S2,Electronics,1,141.0
2023-03-18,S2,Electronics,1,129.0
2023-03-19,S2,Electronics,1,141.0
2023-03-20,S2,Electronics,1,99.0
2023-03-21,S2,Electronics,1,124.0
2023-03-22,S2,Electronics,1,88.0
2023-03-23,S2,Electronics,1,145.0
2023-03-24,S2,Electronics,1,104.0
2023-03-25,S2,Electronics,1,154.0
2023-03-26,S2,Electronics,1,174.0
2023-03-27,S2,Electronics,0,88.0
2023-03-28,S2,Electronics,0,130.0
2023-03-29,S2,Electronics,0,113.0
2023-03-30,S2,Electronics,0,110.0
2023-03-31,S2,Electronics,0,91.0
2023-04-01,S2,Electronics,0,153.0
2023-04-02,S2,Electronics,0,147.0
2023-04-03,S2,Electronics,0,108.0
2023-04-04,S2,Electronics,0,114.0
2023-04-05,S2,Electronics,0,120.0
2023-04-06,S2,Electronics,0,87.0
2023-04-07,S2,Electronics,0,131.0
2023-04-08,S2,Electronics,0,125.0
2023-04-09,S2,Electronics,0,108.0
2023-04-10,S2,Electronics,0,122.0
2023-04-11,S2,Electronics,0,104.0
2023-04-12,S2,Electronics,0,93.0
2023-04-13,S2,Electronics,1,116.0
2023-04-14,S2,Electronics,1,162.0
2023-04-15,S2,Electronics,1,179.0
2023-04-16,S2,Electronics,1,171.0
2023-04-17,S2,Electronics,1,110.0
2023-04-18,S2,Electronics,0,111.0
2023-04-19,S2,Electronics,0,92.0
2023-04-20,S2,Electronics,0,88.0
2023-04-21,S2,Electronics,0,102.0
2023-04-22,S2,Electronics,0,129.0
2023-04-23,S2,Electronics,0,101.0
2023-04-24,S2,Electronics,1,147.0
2023-04-25,S2,Electronics,1,91.0
2023-04-26,S2,Electronics,1,173.0
2023-04-27,S2,Electronics,1,149.0
2023-04-28,S2,Electronics,1,133.0
2023-04-29,S2,Electronics,0,158.0
2023-04-30,S2,Electronics,1,151.0
2023-05-01,S2,Electronics,1,135.0
2023-05-02,S2,Electronics,1,124.0
2023-05-03,S2,Electronics,1,126.0
2023-05-04,S2,Electronics,1,118.0
2023-05-05,S2,Electronics,0,123.0
2023-05-06,S2,Electronics,0,107.0
2023-05-07,S2,Electronics,0,107.0
2023-05-08,S2,Electronics,0,139.0
2023-05-09,S2,Electronics,0,116.0
2023-05-10,S2,Electronics,0,94.0
2023-05-11,S2,Electronics,0,82.0
2023-05-12,S2,Electronics,0,119.0
2023-05-13,S2,Electronics,0,90.0
2023-05-14,S2,Electronics,0,164.0
2023-05-15,S2,Electronics,0,103.0
2023-05-16,S2,Electronics,0,146.0
2023-05-17,S2,Electronics,0,154.0
2023-05-18,S2,Electronics,0,114.0
2023-05-19,S2,Electronics,0,129.0
2023-05-20,S2,Electronics,0,161.0
2023-05-21,S2,Electronics,0,186.0
2023-05-22,S2,Electronics,0,115.0
2023-05-23,S2,Electronics,0,94.0
2023-05-24,S2,Electronics,0,113.0
2023-05-25,S2,Electronics,0,99.0
2023-05-26,S2,Electronics,0,148.0
2023-05-27,S2,Electronics,0,139.0
2023-05-28,S2,Electronics,0,180.0
2023-05-29,S2,Electronics,0,148.0
2023-05-30,S2,Electronics,0,155.0
2023-05-31,S2,Electronics,0,96.0
2023-06-01,S2,Electronics,0,133.0
2023-06-02,S2,Electronics,0,176.0
2023-06-03,S2,Electronics,0,204.0
2023-06-04,S2,Electronics,0,164.0
2023-06-05,S2,Electronics,1,221.0
2023-06-06,S2,Electronics,1,128.0
2023-06-07,S2,Electronics,1,167.0
2023-06-08,S2,Electronics,1,175.0
2023-06-09,S2,Electronics,1,158.0
2023-06-10,S2,Electronics,0,130.0
2023-06-11,S2,Electronics,0,146.0
2023-06-12,S2,Electronics,0,103.0
2023-06-13,S2,Electronics,0,72.0
2023-06-14,S2,Electronics,0,106.0
2023-06-15,S2,Electronics,0,112.0
2023-06-16,S2,Electronics,0,91.0
2023-06-17,S2,Electronics,0,174.0
2023-06-18,S2,Electronics,0,173.0
2023-06-19,S2,Electronics,0,161.0
2023-06-20,S2,Electronics,0,174.0
2023-06-21,S2,Electronics,0,75.0
2023-06-22,S2,Electronics,0,161.0
2023-06-23,S2,Electronics,0,167.0
2023-06-24,S2,Electronics,0,140.0
2023-06-25,S2,Electronics,0,119.0
2023-06-26,S2,Electronics,0,129.0
2023-06-27,S2,Electronics,0,160.0
2023-06-28,S2,Electronics,0,120.0
2023-06-29,S2,Electronics,0,133.0
2023-06-30,S2,Electronics,0,157.0
2023-07-01,S2,Electronics,1,215.0
2023-07-02,S2,Electronics,1,197.0
2023-07-03,S2,Electronics,1,174.0
2023-07-04,S2,Electronics,1,212.0
2023-07-05,S2,Electronics,1,208.0
2023-07-06,S2,Electronics,1,124.0
2023-07-07,S2,Electronics,0,165.0
2023-07-08,S2,Electronics,0,161.0
2023-07-09,S2,Electronics,0,143.0
2023-07-10,S2,Electronics,0,169.0
2023-07-11,S2,Electronics,0,128.0
2023-07-12,S2,Electronics,0,169.0
2023-07-13,S2,Electronics,0,153.0
2023-07-14,S2,Electronics,0,128.0
2023-07-15,S2,Electronics,0,126.0
2023-07-16,S2,Electronics,0,156.0
2023-07-17,S2,Electronics,0,101.0
2023-07-18,S2,Electronics,0,128.0
2023-07-19,S2,Electronics,0,135.0
2023-07-20,S2,Electronics,0,106.0
2023-07-21,S2,Electronics,0,156.0
2023-07-22,S2,Electronics,0,133.0
2023-07-23,S2,Electronics,0,202.0
2023-07-24,S2,Electronics,1,171.0
2023-07-25,S2,Electronics,1,206.0
2023-07-26,S2,Electronics,1,189.0
2023-07-27,S2,Electronics,1,232.0
2023-07-28,S2,Electronics,1,196.0
2023-07-29,S2,Electronics,0,187.0
2023-07-30,S2,Electronics,0,136.0
2023-07-31,S2,Electronics,0,139.0
2023-08-01,S2,Electronics,0,85.0
2023-08-02,S2,Electronics,0,115.0
2023-08-03,S2,Electronics,0,112.0
2023-08-04,S2,Electronics,0,152.0
2023-08-05,S2,Electronics,0,129.0
2023-08-06,S2,Electronics,0,119.0
2023-08-07,S2,Electronics,0,93.0
2023-08-08,S2,Electronics,0,89.0
2023-08-09,S2,Electronics,0,73.0
2023-08-10,S2,Electronics,0,143.0
2023-08-11,S2,Electronics,0,140.0
2023-08-12,S2,Electronics,0,197.0
2023-08-13,S2,Electronics,0,143.0
2023-08-14,S2,Electronics,0,114.0
2023-08-15,S2,Electronics,0,136.0
2023-08-16,S2,Electronics,0,132.0
2023-08-17,S2,Electronics,0,146.0
2023-08-18,S2,Electronics,0,114.0
2023-08-19,S2,Electronics,0,159.0
2023-08-20,S2,Electronics,0,119.0
2023-08-21,S2,Electronics,0,119.0
2023-08-22,S2,Electronics,0,134.0
2023-08-23,S2,Electronics,0,129.0
2023-08-24,S2,Electronics,0,91.0
2023-08-25,S2,Electronics,0,147.0
2023-08-26,S2,Electronics,0,143.0
2023-08-27,S2,Electronics,0,125.0
2023-08-28,S2,Electronics,0,85.0
2023-08-29,S2,Electronics,0,80.0
2023-08-30,S2,Electronics,0,138.0
2023-08-31,S2,Electronics,0,129.0
2023-09-01,S2,Electronics,0,99.0
2023-09-02,S2,Electronics,0,109.0
2023-09-03,S2,Electronics,0,120.0
2023-09-04,S2,Electronics,0,85.0
2023-09-05,S2,Electronics,0,158.0
2023-09-06,S2,Electronics,0,110.0
2023-09-07,S2,Electronics,0,117.0
2023-09-08,S2,Electronics,0,94.0
2023-09-09,S2,Electronics,1,147.0
2023-09-10,S2,Electronics,1,138.0
2023-09-11,S2,Electronics,1,129.0
2023-09-12,S2,Electronics,1,117.0
2023-09-13,S2,Electronics,1,155.0
2023-09-14,S2,Electronics,0,124.0
2023-09-15,S2,Electronics,0,96.0
2023-09-16,S2,Electronics,0,112.0
2023-09-17,S2,Electronics,0,104.0
2023-09-18,S2,Electronics,0,118.0
2023-09-19,S2,Electronics,0,89.0
2023-09-20,S2,Electronics,0,106.0
2023-09-21,S2,Electronics,0,109.0
2023-09-22,S2,Electronics,0,98.0
2023-09-23,S2,Electronics,0,127.0
2023-09-24,S2,Electronics,0,97.0
2023-09-25,S2,Electronics,0,99.0
2023-09-26,S2,Electronics,0,110.0
2023-09-27,S2,Electronics,0,114.0
2023-09-28,S2,Electronics,1,137.0
2023-09-29,S2,Electronics,1,130.0
2023-09-30,S2,Electronics,1,197.0
2023-10-01,S2,Electronics,1,130.0
2023-10-02,S2,Electronics,1,92.0
2023-10-03,S2,Electronics,0,71.0
2023-10-04,S2,Electronics,0,111.0
2023-10-05,S2,Electronics,0,97.0
2023-10-06,S2,Electronics,0,101.0
2023-10-07,S2,Electronics,0,95.0
2023-10-08,S2,Electronics,0,87.0
2023-10-09,S2,Electronics,0,98.0
2023-10-10,S2,Electronics,0,77.0
2023-10-11,S2,Electronics,0,85.0
2023-10-12,S2,Electronics,0,119.0
2023-10-13,S2,Electronics,0,97.0
2023-10-14,S2,Electronics,0,104.0
2023-10-15,S2,Electronics,0,132.0
2023-10-16,S2,Electronics,0,74.0
2023-10-17,S2,Electronics,0,79.0
2023-10-18,S2,Electronics,0,105.0
2023-10-19,S2,Electronics,0,108.0
2023-10-20,S2,Electronics,0,69.0
2023-10-21,S2,Electronics,0,58.0
2023-10-22,S2,Electronics,0,80.0
2023-10-23,S2,Electronics,0,92.0
2023-10-24,S2,Electronics,1,69.0
2023-10-25,S2,Electronics,1,96.0
2023-10-26,S2,Electronics,1,119.0
2023-10-27,S2,Electronics,1,132.0
2023-10-28,S2,Electronics,1,137.0
2023-10-29,S2,Electronics,0,83.0
2023-10-30,S2,Electronics,0,78.0
2023-10-31,S2,Electronics,0,98.0
2023-11-01,S2,Electronics,0,70.0
2023-11-02,S2,Electronics,0,73.0
2023-11-03,S2,Electronics,0,75.0
2023-11-04,S2,Electronics,0,76.0
2023-11-05,S2,Electronics,0,94.0
2023-11-06,S2,Electronics,0,71.0
2023-11-07,S2,Electronics,0,97.0
2023-11-08,S2,Electronics,0,79.0
2023-11-09,S2,Electronics,0,85.0
2023-11-10,S2,Electronics,0,53.0
2023-11-11,S2,Electronics,0,64.0
2023-11-12,S2,Electronics,0,100.0
2023-11-13,S2,Electronics,0,72.0
2023-11-14,S2,Electronics,0,80.0
2023-11-15,S2,Electronics,0,81.0
2023-11-16,S2,Electronics,1,100.0
2023-11-17,S2,Electronics,1,101.0
2023-11-18,S2,Electronics,1,129.0
2023-11-19,S2,Electronics,1,108.0
2023-11-20,S2,Electronics,1,107.0
2023-11-21,S2,Electronics,0,100.0
2023-11-22,S2,Electronics,0,98.0
2023-11-23,S2,Electronics,0,65.0
2023-11-24,S2,Electronics,0,98.0
2023-11-25,S2,Electronics,0,123.0
2023-11-26,S2,Electronics,0,75.0
2023-11-27,S2,Electronics,0,85.0
2023-11-28,S2,Electronics,0,89.0
2023-11-29,S2,Electronics,0,84.0
2023-11-30,S2,Electronics,0,126.0
2023-12-01,S2,Electronics,0,77.0
2023-12-02,S2,Electronics,0,126.0
2023-12-03,S2,Electronics,0,110.0
2023-12-04,S2,Electronics,0,107.0
2023-12-05,S2,Electronics,0,98.0
2023-12-06,S2,Electronics,0,71.0
2023-12-07,S2,Electronics,0,99.0
2023-12-08,S2,Electronics,1,93.0
2023-12-09,S2,Electronics,1,184.0
2023-12-10,S2,Electronics,1,151.0
2023-12-11,S2,Electronics,1,128.0
2023-12-12,S2,Electronics,1,116.0
2023-12-13,S2,Electronics,0,81.0
2023-12-14,S2,Electronics,0,99.0
2023-12-15,S2,Electronics,0,95.0
2023-12-16,S2,Electronics,0,105.0
2023-12-17,S2,Electronics,0,79.0
2023-12-18,S2,Electronics,0,90.0
2023-12-19,S2,Electronics,0,52.0
2023-12-20,S2,Electronics,0,68.0
2023-12-21,S2,Electronics,0,64.0
2023-12-22,S2,Electronics,0,82.0
2023-12-23,S2,Electronics,0,60.0
2023-12-24,S2,Electronics,0,99.0
2023-12-25,S2,Electronics,0,97.0
2023-12-26,S2,Electronics,0,46.0
2023-12-27,S2,Electronics,0,64.0
2023-12-28,S2,Electronics,0,80.0
2023-12-29,S2,Electronics,0,65.0
2023-12-30,S2,Electronics,0,75.0
2023-12-31,S2,Electronics,0,87.0
2024-01-01,S2,Electronics,0,64.0
2024-01-02,S2,Electronics,0,64.0
2024-01-03,S2,Electronics,0,58.0
2024-01-04,S2,Electronics,0,62.0
2024-01-05,S2,Electronics,0,75.0
2024-01-06,S2,Electronics,0,61.0
2024-01-07,S2,Electronics,0,78.0
2024-01-08,S2,Electronics,0,79.0
2024-01-09,S2,Electronics,0,53.0
2024-01-10,S2,Electronics,0,89.0
2024-01-11,S2,Electronics,0,63.0
2024-01-12,S2,Electronics,1,104.0
2024-01-13,S2,Electronics,1,110.0
2024-01-14,S2,Electronics,1,91.0
2024-01-15,S2,Electronics,1,72.0
2024-01-16,S2,Electronics,1,110.0
2024-01-17,S2,Electronics,0,60.0
2024-01-18,S2,Electronics,0,62.0
2024-01-19,S2,Electronics,0,85.0
2024-01-20,S2,Electronics,0,114.0
2024-01-21,S2,Electronics,0,103.0
2024-01-22,S2,Electronics,0,57.0
2024-01-23,S2,Electronics,0,89.0
2024-01-24,S2,Electronics,0,66.0
2024-01-25,S2,Electronics,0,71.0
2024-01-26,S2,Electronics,0,80.0
2024-01-27,S2,Electronics,0,66.0
2024-01-28,S2,Electronics,0,81.0
2024-01-29,S2,Electronics,0,75.0
2024-01-30,S2,Electronics,0,71.0
2024-01-31,S2,Electronics,0,104.0
2024-02-01,S2,Electronics,0,90.0
2024-02-02,S2,Electronics,0,113.0
2024-02-03,S2,Electronics,0,107.0
2024-02-04,S2,Electronics,0,90.0
2024-02-05,S2,Electronics,0,100.0
2024-02-06,S2,Electronics,0,51.0
2024-02-07,S2,Electronics,0,55.0
2024-02-08,S2,Electronics,0,56.0
2024-02-09,S2,Electronics,0,74.0
2024-02-10,S2,Electronics,0,108.0
2024-02-11,S2,Electronics,0,59.0
2024-02-12,S2,Electronics,0,81.0
2024-02-13,S2,Electronics,0,89.0
2024-02-14,S2,Electronics,0,72.0
2024-02-15,S2,Electronics,0,72.0
2024-02-16,S2,Electronics,0,66.0
2024-02-17,S2,Electronics,0,87.0
2024-02-18,S2,Electronics,0,127.0
2024-02-19,S2,Electronics,0,98.0
2024-02-20,S2,Electronics,1,144.0
2024-02-21,S2,Electronics,1,126.0
2024-02-22,S2,Electronics,1,99.0
2024-02-23,S2,Electronics,1,110.0
2024-02-24,S2,Electronics,1,144.0
2024-02-25,S2,Electronics,0,93.0
2024-02-26,S2,Electronics,0,90.0
2024-02-27,S2,Electronics,0,96.0
2024-02-28,S2,Electronics,0,87.0
2024-02-29,S2,Electronics,0,105.0
2024-03-01,S2,Electronics,0,116.0
2024-03-02,S2,Electronics,0,112.0
2024-03-03,S2,Electronics,0,89.0
2024-03-04,S2,Electronics,0,112.0
2024-03-05,S2,Electronics,0,105.0
2024-03-06,S2,Electronics,0,81.0
2024-03-07,S2,Electronics,0,98.0
2024-03-08,S2,Electronics,0,101.0
2024-03-09,S2,Electronics,0,125.0
2024-03-10,S2,Electronics,0,127.0
2024-03-11,S2,Electronics,0,126.0
2024-03-12,S2,Electronics,0,117.0
2024-03-13,S2,Electronics,0,96.0
2024-03-14,S2,Electronics,0,101.0
2024-03-15,S2,Electronics,0,108.0
2024-03-16,S2,Electronics,0,144.0
2024-03-17,S2,Electronics,1,134.0
2024-03-18,S2,Electronics,1,104.0
2024-03-19,S2,Electronics,1,120.0
2024-03-20,S2,Electronics,1,142.0
2024-03-21,S2,Electronics,1,149.0
2024-03-22,S2,Electronics,0,94.0
2024-03-23,S2,Electronics,0,110.0
2024-03-24,S2,Electronics,0,146.0
2024-03-25,S2,Electronics,0,108.0
2024-03-26,S2,Electronics,0,96.0
2024-03-27,S2,Electronics,0,130.0
2024-03-28,S2,Electronics,0,121.0
2024-03-29,S2,Electronics,0,127.0
2024-03-30,S2,Electronics,0,132.0
2024-03-31,S2,Electronics,0,173.0
2024-04-01,S2,Electronics,0,102.0
2024-04-02,S2,Electronics,1,160.0
2024-04-03,S2,Electronics,1,121.0
2024-04-04,S2,Electronics,1,141.0
2024-04-05,S2,Electronics,1,171.0
2024-04-06,S2,Electronics,1,140.0
2024-04-07,S2,Electronics,0,139.0
2024-04-08,S2,Electronics,0,105.0
2024-04-09,S2,Electronics,0,116.0
2024-04-10,S2,Electronics,0,148.0
2024-04-11,S2,Electronics,0,130.0
2024-04-12,S2,Electronics,0,155.0
2024-04-13,S2,Electronics,0,120.0
2024-04-14,S2,Electronics,0,152.0
2024-04-15,S2,Electronics,0,129.0
2024-04-16,S2,Electronics,0,139.0
2024-04-17,S2,Electronics,0,136.0
2024-04-18,S2,Electronics,0,94.0
2024-04-19,S2,Electronics,0,138.0
2024-04-20,S2,Electronics,0,168.0
2024-04-21,S2,Electronics,0,173.0
2024-04-22,S2,Electronics,0,152.0
2024-04-23,S2,Electronics,0,104.0
2024-04-24,S2,Electronics,0,101.0
2024-04-25,S2,Electronics,0,124.0
2024-04-26,S2,Electronics,0,182.0
2024-04-27,S2,Electronics,0,193.0
2024-04-28,S2,Electronics,1,225.0
2024-04-29,S2,Electronics,1,139.0
2024-04-30,S2,Electronics,1,171.0
2024-05-01,S2,Electronics,1,97.0
2024-05-02,S2,Electronics,1,206.0
2024-05-03,S2,Electronics,0,165.0
2024-05-04,S2,Electronics,0,159.0
2024-05-05,S2,Electronics,0,152.0
2024-05-06,S2,Electronics,0,160.0
2024-05-07,S2,Electronics,0,141.0
2024-05-08,S2,Electronics,0,130.0
2024-05-09,S2,Electronics,0,131.0
2024-05-10,S2,Electronics,0,148.0
2024-05-11,S2,Electronics,0,146.0
2024-05-12,S2,Electronics,0,147.0
2024-05-13,S2,Electronics,0,158.0
2024-05-14,S2,Electronics,0,149.0
2024-05-15,S2,Electronics,0,130.0
2024-05-16,S2,Electronics,0,122.0
2024-05-17,S2,Electronics,0,143.0
2024-05-18,S2,Electronics,0,175.0
2024-05-19,S2,Electronics,0,135.0
2024-05-20,S2,Electronics,0,139.0
2024-05-21,S2,Electronics,0,131.0
2024-05-22,S2,Electronics,0,102.0
2024-05-23,S2,Electronics,0,158.0
2024-05-24,S2,Electronics,0,172.0
2024-05-25,S2,Electronics,0,157.0
2024-05-26,S2,Electronics,0,176.0
2024-05-27,S2,Electronics,0,151.0
2024-05-28,S2,Electronics,0,100.0
2024-05-29,S2,Electronics,0,164.0
2024-05-30,S2,Electronics,0,131.0
2024-05-31,S2,Electronics,0,118.0
2024-06-01,S2,Electronics,0,155.0
2024-06-02,S2,Electronics,0,148.0
2024-06-03,S2,Electronics,0,145.0
2024-06-04,S2,Electronics,0,177.0
2024-06-05,S2,Electronics,0,110.0
2024-06-06,S2,Electronics,0,135.0
2024-06-07,S2,Electronics,0,146.0
2024-06-08,S2,Electronics,0,174.0
2024-06-09,S2,Electronics,0,180.0
2024-06-10,S2,Electronics,0,127.0
2024-06-11,S2,Electronics,0,180.0
2024-06-12,S2,Electronics,0,148.0
2024-06-13,S2,Electronics,0,161.0
2024-06-14,S2,Electronics,0,157.0
2024-06-15,S2,Electronics,0,158.0
2024-06-16,S2,Electronics,0,172.0
2024-06-17,S2,Electronics,0,150.0
2024-06-18,S2,Electronics,0,156.0
2024-06-19,S2,Electronics,0,130.0
2024-06-20,S2,Electronics,0,232.0
2024-06-21,S2,Electronics,0,162.0
2024-06-22,S2,Electronics,0,132.0
2024-06-23,S2,Electronics,0,184.0
2024-06-24,S2,Electronics,0,140.0
2024-06-25,S2,Electronics,0,191.0
2024-06-26,S2,Electronics,0,119.0
2024-06-27,S2,Electronics,0,152.0
2024-06-28,S2,Electronics,0,162.0
2024-06-29,S2,Electronics,0,131.0
2024-06-30,S2,Electronics,0,192.0
2024-07-01,S2,Electronics,0,112.0
2024-07-02,S2,Electronics,0,178.0
2024-07-03,S2,Electronics,0,133.0
2024-07-04,S2,Electronics,0,122.0
2024-07-05,S2,Electronics,0,143.0
2024-07-06,S2,Electronics,0,160.0
2024-07-07,S2,Electronics,0,193.0
2024-07-08,S2,Electronics,0,148.0
2024-07-09,S2,Electronics,1,131.0
2024-07-10,S2,Electronics,1,216.0
2024-07-11,S2,Electronics,1,144.0
2024-07-12,S2,Electronics,1,205.0
2024-07-13,S2,Electronics,1,248.0
2024-07-14,S2,Electronics,0,232.0
2024-07-15,S2,Electronics,0,137.0
2024-07-16,S2,Electronics,0,130.0
2024-07-17,S2,Electronics,0,163.0
2024-07-18,S2,Electronics,0,158.0
2024-07-19,S2,Electronics,0,220.0
2024-07-20,S2,Electronics,0,146.0
2024-07-21,S2,Electronics,0,203.0
2024-07-22,S2,Electronics,0,113.0
2024-07-23,S2,Electronics,0,164.0
2024-07-24,S2,Electronics,0,121.0
2024-07-25,S2,Electronics,0,142.0
2024-07-26,S2,Electronics,0,148.0
2024-07-27,S2,Electronics,0,151.0
2024-07-28,S2,Electronics,1,266.0
2024-07-29,S2,Electronics,1,229.0
2024-07-30,S2,Electronics,1,203.0
2024-07-31,S2,Electronics,1,217.0
2024-08-01,S2,Electronics,1,228.0
2024-08-02,S2,Electronics,0,203.0
2024-08-03,S2,Electronics,0,161.0
2024-08-04,S2,Electronics,0,141.0
2024-08-05,S2,Electronics,0,141.0
2024-08-06,S2,Electronics,0,159.0
2024-08-07,S2,Electronics,0,159.0
2024-08-08,S2,Electronics,0,134.0
2024-08-09,S2,Electronics,0,125.0
2024-08-10,S2,Electronics,0,164.0
2024-08-11,S2,Electronics,0,160.0
2024-08-12,S2,Electronics,0,102.0
2024-08-13,S2,Electronics,0,153.0
2024-08-14,S2,Electronics,0,141.0
2024-08-15,S2,Electronics,0,162.0
2024-08-16,S2,Electronics,0,137.0
2024-08-17,S2,Electronics,0,191.0
2024-08-18,S2,Electronics,0,172.0
2024-08-19,S2,Electronics,0,133.0
2024-08-20,S2,Electronics,0,150.0
2024-08-21,S2,Electronics,0,126.0
2024-08-22,S2,Electronics,0,120.0
2024-08-23,S2,Electronics,0,146.0
2024-08-24,S2,Electronics,0,137.0
2024-08-25,S2,Electronics,0,217.0
2024-08-26,S2,Electronics,1,180.0
2024-08-27,S2,Electronics,1,124.0
2024-08-28,S2,Electronics,1,123.0
2024-08-29,S2,Electronics,1,175.0
2024-08-30,S2,Electronics,1,194.0
2024-08-31,S2,Electronics,0,124.0
2024-09-01,S2,Electronics,0,134.0
2024-09-02,S2,Electronics,0,108.0
2024-09-03,S2,Electronics,0,99.0
2024-09-04,S2,Electronics,0,87.0
2024-09-05,S2,Electronics,0,86.0
2024-09-06,S2,Electronics,0,82.0
2024-09-07,S2,Electronics,0,126.0
2024-09-08,S2,Electronics,0,144.0
2024-09-09,S2,Electronics,0,105.0
2024-09-10,S2,Electronics,0,107.0
2024-09-11,S2,Electronics,0,91.0
2024-09-12,S2,Electronics,0,137.0
2024-09-13,S2,Electronics,0,144.0
2024-09-14,S2,Electronics,0,127.0
2024-09-15,S2,Electronics,0,109.0
2024-09-16,S2,Electronics,1,169.0
2024-09-17,S2,Electronics,1,133.0
2024-09-18,S2,Electronics,1,142.0
2024-09-19,S2,Electronics,1,140.0
2024-09-20,S2,Electronics,1,131.0
2024-09-21,S2,Electronics,0,108.0
2024-09-22,S2,Electronics,0,104.0
2024-09-23,S2,Electronics,0,118.0
2024-09-24,S2,Electronics,0,129.0
2024-09-25,S2,Electronics,0,100.0
2024-09-26,S2,Electronics,0,93.0
2024-09-27,S2,Electronics,0,103.0
2024-09-28,S2,Electronics,0,156.0
2024-09-29,S2,Electronics,0,113.0
2024-09-30,S2,Electronics,0,115.0
2024-10-01,S2,Electronics,0,78.0
2024-10-02,S2,Electronics,0,135.0
2024-10-03,S2,Electronics,0,84.0
2024-10-04,S2,Electronics,0,102.0
2024-10-05,S2,Electronics,0,110.0
2024-10-06,S2,Electronics,0,124.0
2024-10-07,S2,Electronics,0,102.0
2024-10-08,S2,Electronics,0,101.0
2024-10-09,S2,Electronics,0,100.0
2024-10-10,S2,Electronics,0,91.0
2024-10-11,S2,Electronics,0,117.0
2024-10-12,S2,Electronics,0,104.0
2024-10-13,S2,Electronics,0,113.0
2024-10-14,S2,Electronics,0,107.0
2024-10-15,S2,Electronics,0,84.0
2024-10-16,S2,Electronics,0,98.0
2024-10-17,S2,Electronics,0,103.0
2024-10-18,S2,Electronics,0,106.0
2024-10-19,S2,Electronics,0,111.0
2024-10-20,S2,Electronics,0,105.0
2024-10-21,S2,Electronics,0,101.0
2024-10-22,S2,Electronics,0,89.0
2024-10-23,S2,Electronics,0,85.0
2024-10-24,S2,Electronics,0,154.0
2024-10-25,S2,Electronics,0,103.0
2024-10-26,S2,Electronics,0,131.0
2024-10-27,S2,Electronics,0,98.0
2024-10-28,S2,Electronics,0,109.0
2024-10-29,S2,Electronics,0,70.0
2024-10-30,S2,Electronics,0,113.0
2024-10-31,S2,Electronics,0,86.0
2024-11-01,S2,Electronics,0,116.0
2024-11-02,S2,Electronics,0,118.0
2024-11-03,S2,Electronics,0,82.0
2024-11-04,S2,Electronics,0,85.0
2024-11-05,S2,Electronics,0,70.0
2024-11-06,S2,Electronics,0,93.0
2024-11-07,S2,Electronics,0,84.0
2024-11-08,S2,Electronics,0,123.0
2024-11-09,S2,Electronics,0,71.0
2024-11-10,S2,Electronics,0,95.0
2024-11-11,S2,Electronics,0,53.0
2024-11-12,S2,Electronics,0,68.0
2024-11-13,S2,Electronics,0,99.0
2024-11-14,S2,Electronics,0,96.0
2024-11-15,S2,Electronics,0,116.0
2024-11-16,S2,Electronics,0,118.0
2024-11-17,S2,Electronics,0,110.0
2024-11-18,S2,Electronics,0,97.0
2024-11-19,S2,Electronics,0,77.0
2024-11-20,S2,Electronics,0,85.0
2024-11-21,S2,Electronics,0,131.0
2024-11-22,S2,Electronics,0,121.0
2024-11-23,S2,Electronics,0,133.0
2024-11-24,S2,Electronics,0,91.0
2024-11-25,S2,Electronics,0,92.0
2024-11-26,S2,Electronics,0,153.0
2024-11-27,S2,Electronics,0,91.0
2024-11-28,S2,Electronics,0,94.0
2024-11-29,S2,Electronics,0,146.0
2024-11-30,S2,Electronics,0,106.0
2024-12-01,S2,Electronics,0,91.0
2024-12-02,S2,Electronics,0,119.0
2024-12-03,S2,Electronics,0,131.0
2024-12-04,S2,Electronics,0,100.0
2024-12-05,S2,Electronics,0,120.0
2024-12-06,S2,Electronics,0,70.0
2024-12-07,S2,Electronics,0,161.0
2024-12-08,S2,Electronics,0,131.0
2024-12-09,S2,Electronics,0,140.0
2024-12-10,S2,Electronics,0,115.0
2024-12-11,S2,Electronics,0,100.0
2024-12-12,S2,Electronics,0,143.0
2024-12-13,S2,Electronics,0,94.0
2024-12-14,S2,Electronics,0,133.0
2024-12-15,S2,Electronics,0,81.0
2024-12-16,S2,Electronics,0,98.0
2024-12-17,S2,Electronics,0,122.0
2024-12-18,S2,Electronics,0,79.0
2024-12-19,S2,Electronics,0,112.0
2024-12-20,S2,Electronics,0,81.0
2024-12-21,S2,Electronics,0,148.0
2024-12-22,S2,Electronics,0,110.0
2024-12-23,S2,Electronics,0,95.0
2024-12-24,S2,Electronics,0,89.0
2024-12-25,S2,Electronics,0,74.0
2024-12-26,S2,Electronics,0,84.0
2024-12-27,S2,Electronics,0,109.0
2024-12-28,S2,Electronics,0,101.0
2024-12-29,S2,Electronics,0,110.0
2024-12-30,S2,Electronics,0,95.0
2024-12-31,S2,Electronics,0,70.0
2025-01-01,S2,Electronics,0,86.0
2025-01-02,S2,Electronics,0,61.0
2025-01-03,S2,Electronics,0,110.0
2025-01-04,S2,Electronics,0,109.0
2025-01-05,S2,Electronics,0,79.0
2025-01-06,S2,Electronics,0,54.0
2025-01-07,S2,Electronics,0,69.0
2025-01-08,S2,Electronics,0,70.0
2025-01-09,S2,Electronics,0,95.0
2025-01-10,S2,Electronics,0,66.0
2025-01-11,S2,Electronics,0,99.0
2025-01-12,S2,Electronics,0,131.0
2025-01-13,S2,Electronics,0,90.0
2025-01-14,S2,Electronics,0,96.0
2025-01-15,S2,Electronics,0,79.0
2025-01-16,S2,Electronics,0,99.0
2025-01-17,S2,Electronics,0,72.0
2025-01-18,S2,Electronics,0,127.0
2025-01-19,S2,Electronics,0,94.0
2025-01-20,S2,Electronics,0,90.0
2025-01-21,S2,Electronics,0,68.0
2025-01-22,S2,Electronics,1,139.0
2025-01-23,S2,Electronics,1,92.0
2025-01-24,S2,Electronics,1,85.0
2025-01-25,S2,Electronics,1,131.0
2025-01-26,S2,Electronics,1,112.0
2025-01-27,S2,Electronics,0,57.0
2025-01-28,S2,Electronics,0,104.0
2025-01-29,S2,Electronics,0,93.0
2025-01-30,S2,Electronics,0,74.0
2025-01-31,S2,Electronics,0,110.0
2025-02-01,S2,Electronics,0,115.0
2025-02-02,S2,Electronics,0,119.0
2025-02-03,S2,Electronics,0,84.0
2025-02-04,S2,Electronics,0,91.0
2025-02-05,S2,Electronics,0,112.0
2025-02-06,S2,Electronics,0,92.0
2025-02-07,S2,Electronics,0,80.0
2025-02-08,S2,Electronics,0,118.0
2025-02-09,S2,Electronics,0,54.0
2025-02-10,S2,Electronics,0,82.0
2025-02-11,S2,Electronics,0,114.0
2025-02-12,S2,Electronics,0,78.0
2025-02-13,S2,Electronics,0,105.0
2025-02-14,S2,Electronics,0,107.0
2025-02-15,S2,Electronics,0,90.0
2025-02-16,S2,Electronics,0,88.0
2025-02-17,S2,Electronics,0,94.0
2025-02-18,S2,Electronics,0,103.0
2025-02-19,S2,Electronics,0,123.0
2025-02-20,S2,Electronics,0,92.0
2025-02-21,S2,Electronics,0,61.0
2025-02-22,S2,Electronics,0,132.0
2025-02-23,S2,Electronics,0,92.0
2025-02-24,S2,Electronics,0,121.0
2025-02-25,S2,Electronics,0,66.0
2025-02-26,S2,Electronics,0,98.0
2025-02-27,S2,Electronics,0,119.0
2025-02-28,S2,Electronics,0,127.0
2025-03-01,S2,Electronics,0,166.0
2025-03-02,S2,Electronics,0,118.0
2025-03-03,S2,Electronics,0,125.0
2025-03-04,S2,Electronics,0,118.0
2025-03-05,S2,Electronics,0,106.0
2025-03-06,S2,Electronics,0,122.0
2025-03-07,S2,Electronics,0,148.0
2025-03-08,S2,Electronics,0,121.0
2025-03-09,S2,Electronics,0,128.0
2025-03-10,S2,Electronics,0,117.0
2025-03-11,S2,Electronics,0,116.0
2025-03-12,S2,Electronics,0,65.0
2025-03-13,S2,Electronics,0,124.0
2025-03-14,S2,Electronics,0,134.0
2025-03-15,S2,Electronics,0,147.0
2025-03-16,S2,Electronics,1,171.0
2025-03-17,S2,Electronics,1,152.0
2025-03-18,S2,Electronics,1,207.0
2025-03-19,S2,Electronics,1,208.0
2025-03-20,S2,Electronics,1,142.0
2025-03-21,S2,Electronics,0,177.0
2025-03-22,S2,Electronics,0,193.0
2025-03-23,S2,Electronics,0,140.0
2025-03-24,S2,Electronics,0,135.0
2025-03-25,S2,Electronics,0,142.0
2025-03-26,S2,Electronics,0,170.0
2025-03-27,S2,Electronics,0,161.0
2025-03-28,S2,Electronics,0,145.0
2025-03-29,S2,Electronics,0,136.0
2025-03-30,S2,Electronics,0,128.0
2025-03-31,S2,Electronics,0,141.0
2025-04-01,S2,Electronics,0,94.0
2025-04-02,S2,Electronics,0,131.0
2025-04-03,S2,Electronics,0,160.0
2025-04-04,S2,Electronics,0,163.0
2025-04-05,S2,Electronics,0,153.0
2025-04-06,S2,Electronics,0,218.0
2025-04-07,S2,Electronics,0,117.0
2025-04-08,S2,Electronics,0,115.0
2025-04-09,S2,Electronics,0,96.0
2025-04-10,S2,Electronics,0,140.0
2025-04-11,S2,Electronics,0,129.0
2025-04-12,S2,Electronics,0,219.0
2025-04-13,S2,Electronics,0,173.0
2025-04-14,S2,Electronics,0,78.0
2025-04-15,S2,Electronics,0,149.0
2025-04-16,S2,Electronics,0,131.0
2025-04-17,S2,Electronics,0,157.0
2025-04-18,S2,Electronics,0,189.0
2025-04-19,S2,Electronics,0,197.0
2025-04-20,S2,Electronics,0,126.0
2025-04-21,S2,Electronics,0,155.0
2025-04-22,S2,Electronics,0,147.0
2025-04-23,S2,Electronics,0,117.0
2025-04-24,S2,Electronics,0,160.0
2025-04-25,S2,Electronics,0,165.0
2025-04-26,S2,Electronics,0,158.0
2025-04-27,S2,Electronics,0,148.0
2025-04-28,S2,Electronics,0,195.0
2025-04-29,S2,Electronics,0,149.0
2025-04-30,S2,Electronics,0,185.0
2025-05-01,S2,Electronics,0,149.0
2025-05-02,S2,Electronics,0,171.0
2025-05-03,S2,Electronics,0,201.0
2025-05-04,S2,Electronics,0,176.0
2025-05-05,S2,Electronics,0,161.0
2025-05-06,S2,Electronics,0,175.0
2025-05-07,S2,Electronics,0,161.0
2025-05-08,S2,Electronics,0,169.0
2025-05-09,S2,Electronics,0,126.0
2025-05-10,S2,Electronics,0,179.0
2025-05-11,S2,Electronics,0,213.0
2025-05-12,S2,Electronics,0,162.0
2025-05-13,S2,Electronics,0,135.0
2025-05-14,S2,Electronics,0,150.0
2025-05-15,S2,Electronics,0,160.0
2025-05-16,S2,Electronics,0,138.0
2025-05-17,S2,Electronics,0,154.0
2025-05-18,S2,Electronics,0,190.0
2025-05-19,S2,Electronics,0,179.0
2025-05-20,S2,Electronics,0,157.0
2025-05-21,S2,Electronics,0,177.0
2025-05-22,S2,Electronics,0,178.0
2025-05-23,S2,Electronics,0,203.0
2025-05-24,S2,Electronics,0,238.0
2025-05-25,S2,Electronics,0,148.0
2025-05-26,S2,Electronics,0,143.0
2025-05-27,S2,Electronics,0,152.0
2025-05-28,S2,Electronics,0,197.0
2025-05-29,S2,Electronics,0,189.0
2025-05-30,S2,Electronics,0,114.0
2025-05-31,S2,Electronics,0,202.0
2025-06-01,S2,Electronics,0,138.0
2025-06-02,S2,Electronics,0,130.0
2025-06-03,S2,Electronics,1,258.0
2025-06-04,S2,Electronics,1,192.0
2025-06-05,S2,Electronics,1,279.0
2025-06-06,S2,Electronics,1,287.0
2025-06-07,S2,Electronics,1,261.0
2025-06-08,S2,Electronics,0,214.0
2025-06-09,S2,Electronics,0,210.0
2025-06-10,S2,Electronics,0,103.0
2025-06-11,S2,Electronics,0,153.0
2025-06-12,S2,Electronics,0,153.0
2025-06-13,S2,Electronics,0,163.0
2025-06-14,S2,Electronics,1,209.0
2025-06-15,S2,Electronics,1,253.0
2025-06-16,S2,Electronics,1,205.0
2025-06-17,S2,Electronics,1,183.0
2025-06-18,S2,Electronics,1,195.0
2025-06-19,S2,Electronics,0,226.0
2025-06-20,S2,Electronics,0,231.0
2025-06-21,S2,Electronics,0,170.0
2025-06-22,S2,Electronics,0,189.0
2025-06-23,S2,Electronics,0,126.0
2025-06-24,S2,Electronics,0,154.0
2025-06-25,S2,Electronics,0,147.0
2025-06-26,S2,Electronics,0,133.0
2025-06-27,S2,Electronics,1,244.0
2025-06-28,S2,Electronics,1,262.0
2025-06-29,S2,Electronics,1,188.0
2025-06-30,S2,Electronics,1,230.0
2025-07-01,S2,Electronics,1,299.0
2025-07-02,S2,Electronics,0,172.0
2025-07-03,S2,Electronics,0,149.0
2025-07-04,S2,Electronics,0,200.0
2025-07-05,S2,Electronics,0,156.0
2025-07-06,S2,Electronics,0,239.0
2025-07-07,S2,Electronics,0,205.0
2025-07-08,S2,Electronics,0,156.0
2025-07-09,S2,Electronics,0,161.0
2025-07-10,S2,Electronics,0,132.0
2025-07-11,S2,Electronics,0,221.0
2025-07-12,S2,Electronics,0,180.0
2025-07-13,S2,Electronics,0,196.0
2025-07-14,S2,Electronics,0,176.0
2025-07-15,S2,Electronics,0,133.0
2025-07-16,S2,Electronics,0,181.0
2025-07-17,S2,Electronics,0,184.0
2025-07-18,S2,Electronics,0,195.0
2025-07-19,S2,Electronics,0,149.0
2025-07-20,S2,Electronics,0,189.0
2025-07-21,S2,Electronics,0,211.0
2025-07-22,S2,Electronics,0,184.0
2025-07-23,S2,Electronics,0,159.0
2025-07-24,S2,Electronics,0,179.0
2025-07-25,S2,Electronics,0,181.0
2025-07-26,S2,Electronics,0,225.0
2025-07-27,S2,Electronics,0,167.0
2025-07-28,S2,Electronics,0,157.0
2025-07-29,S2,Electronics,0,145.0
2025-07-30,S2,Electronics,0,105.0
2025-07-31,S2,Electronics,1,249.0
2025-08-01,S2,Electronics,1,250.0
2025-08-02,S2,Electronics,1,239.0
2025-08-03,S2,Electronics,1,162.0
2025-08-04,S2,Electronics,1,232.0
2025-08-05,S2,Electronics,0,135.0
2025-08-06,S2,Electronics,0,128.0
2025-08-07,S2,Electronics,0,194.0
2025-08-08,S2,Electronics,0,195.0
2025-08-09,S2,Electronics,0,239.0
2025-08-10,S2,Electronics,0,210.0
2025-08-11,S2,Electronics,0,144.0
2025-08-12,S2,Electronics,0,210.0
2025-08-13,S2,Electronics,0,136.0
2025-08-14,S2,Electronics,0,159.0
2025-08-15,S2,Electronics,0,147.0
2025-08-16,S2,Electronics,0,190.0
2025-08-17,S2,Electronics,0,187.0
2025-08-18,S2,Electronics,0,153.0
2025-08-19,S2,Electronics,0,129.0
2025-08-20,S2,Electronics,0,150.0
2025-08-21,S2,Electronics,0,219.0
2025-08-22,S2,Electronics,0,163.0
2025-08-23,S2,Electronics,0,185.0
2025-08-24,S2,Electronics,0,150.0
2025-08-25,S2,Electronics,0,96.0
2025-08-26,S2,Electronics,0,171.0
2025-08-27,S2,Electronics,0,143.0
2025-08-28,S2,Electronics,0,145.0
2025-08-29,S2,Electronics,0,132.0
2025-08-30,S2,Electronics,0,187.0
2025-08-31,S2,Electronics,0,153.0
2025-09-01,S2,Electronics,0,125.0
2025-09-02,S2,Electronics,0,144.0
2025-09-03,S2,Electronics,0,158.0
2025-09-04,S2,Electronics,0,125.0
2025-09-05,S2,Electronics,0,193.0
2025-09-06,S2,Electronics,0,159.0
2025-09-07,S2,Electronics,0,162.0
2025-09-08,S2,Electronics,0,96.0
2025-09-09,S2,Electronics,0,143.0
2025-09-10,S2,Electronics,0,153.0
2025-09-11,S2,Electronics,0,101.0
2025-09-12,S2,Electronics,0,201.0
2025-09-13,S2,Electronics,0,169.0
2025-09-14,S2,Electronics,0,123.0
2025-09-15,S2,Electronics,0,122.0
2025-09-16,S2,Electronics,0,141.0
2025-09-17,S2,Electronics,0,161.0
2025-09-18,S2,Electronics,0,148.0
2025-09-19,S2,Electronics,0,138.0
2025-09-20,S2,Electronics,0,148.0
2025-09-21,S2,Electronics,0,136.0
2025-09-22,S2,Electronics,0,142.0
2025-09-23,S2,Electronics,0,83.0
2025-09-24,S2,Electronics,0,176.0
2025-09-25,S2,Electronics,0,115.0
2025-09-26,S2,Electronics,0,134.0
2025-09-27,S2,Electronics,0,153.0
2025-09-28,S2,Electronics,0,117.0
2025-09-29,S2,Electronics,0,135.0
2025-09-30,S2,Electronics,0,120.0
2025-10-01,S2,Electronics,0,123.0
2025-10-02,S2,Electronics,0,117.0
2025-10-03,S2,Electronics,0,123.0
2025-10-04,S2,Electronics,0,172.0
2025-10-05,S2,Electronics,0,149.0
2025-10-06,S2,Electronics,0,79.0
2025-10-07,S2,Electronics,0,120.0
2025-10-08,S2,Electronics,0,168.0
2025-10-09,S2,Electronics,0,163.0
2025-10-10,S2,Electronics,0,96.0
2025-10-11,S2,Electronics,0,110.0
2025-10-12,S2,Electronics,0,108.0
2025-10-13,S2,Electronics,0,87.0
2025-10-14,S2,Electronics,0,117.0
2025-10-15,S2,Electronics,0,117.0
2025-10-16,S2,Electronics,0,93.0
2025-10-17,S2,Electronics,0,139.0
2025-10-18,S2,Electronics,1,163.0
2025-10-19,S2,Electronics,1,178.0
2025-10-20,S2,Electronics,1,143.0
2025-10-21,S2,Electronics,1,93.0
2025-10-22,S2,Electronics,1,171.0
2025-10-23,S2,Electronics,0,129.0
2025-10-24,S2,Electronics,0,93.0
2025-10-25,S2,Electronics,0,102.0
2025-10-26,S2,Electronics,0,86.0
2025-10-27,S2,Electronics,0,87.0
2025-10-28,S2,Electronics,0,53.0
2025-10-29,S2,Electronics,0,99.0
2025-10-30,S2,Electronics,0,82.0
2025-10-31,S2,Electronics,0,108.0
2025-11-01,S2,Electronics,0,63.0
2025-11-02,S2,Electronics,0,85.0
2025-11-03,S2,Electronics,0,115.0
2025-11-04,S2,Electronics,0,72.0
2025-11-05,S2,Electronics,0,88.0
2025-11-06,S2,Electronics,0,94.0
2025-11-07,S2,Electronics,0,82.0
2025-11-08,S2,Electronics,0,106.0
2025-11-09,S2,Electronics,0,87.0
2025-11-10,S2,Electronics,0,86.0
2025-11-11,S2,Electronics,0,95.0
2025-11-12,S2,Electronics,0,118.0
2025-11-13,S2,Electronics,0,112.0
2025-11-14,S2,Electronics,0,135.0
2025-11-15,S2,Electronics,0,100.0
2025-11-16,S2,Electronics,0,115.0
2025-11-17,S2,Electronics,0,133.0
2025-11-18,S2,Electronics,0,109.0
2025-11-19,S2,Electronics,0,86.0
2025-11-20,S2,Electronics,0,136.0
2025-11-21,S2,Electronics,0,106.0
2025-11-22,S2,Electronics,0,135.0
2025-11-23,S2,Electronics,0,113.0
2025-11-24,S2,Electronics,0,84.0
2025-11-25,S2,Electronics,0,109.0
2025-11-26,S2,Electronics,0,117.0
2025-11-27,S2,Electronics,0,120.0
2025-11-28,S2,Electronics,0,140.0
2025-11-29,S2,Electronics,0,174.0
2025-11-30,S2,Electronics,0,182.0
2025-12-01,S2,Electronics,0,174.0
2025-12-02,S2,Electronics,0,123.0
2025-12-03,S2,Electronics,0,146.0
2025-12-04,S2,Electronics,0,85.0
2025-12-05,S2,Electronics,0,139.0
2025-12-06,S2,Electronics,0,136.0
2025-12-07,S2,Electronics,0,107.0
2025-12-08,S2,Electronics,0,108.0
2025-12-09,S2,Electronics,0,136.0
2025-12-10,S2,Electronics,0,133.0
2025-12-11,S2,Electronics,0,104.0
2025-12-12,S2,Electronics,0,79.0
2025-12-13,S2,Electronics,0,139.0
2025-12-14,S2,Electronics,0,137.0
2025-12-15,S2,Electronics,0,166.0
2025-12-16,S2,Electronics,0,137.0
2025-12-17,S2,Electronics,0,92.0
2025-12-18,S2,Electronics,0,95.0
2025-12-19,S2,Electronics,0,149.0
2025-12-20,S2,Electronics,0,170.0
2025-12-21,S2,Electronics,0,142.0
2025-12-22,S2,Electronics,0,88.0
2025-12-23,S2,Electronics,1,102.0
2025-12-24,S2,Electronics,1,186.0
2025-12-25,S2,Electronics,1,120.0
2025-12-26,S2,Electronics,1,186.0
2025-12-27,S2,Electronics,1,199.0
2025-12-28,S2,Electronics,0,105.0
2025-12-29,S2,Electronics,0,103.0
2025-12-30,S2,Electronics,0,88.0
2023-01-01,S2,Grocery,0,159.0
2023-01-02,S2,Grocery,0,200.0
2023-01-03,S2,Grocery,0,160.0
2023-01-04,S2,Grocery,0,187.0
2023-01-05,S2,Grocery,0,174.0
2023-01-06,S2,Grocery,0,219.0
2023-01-07,S2,Grocery,0,177.0
2023-01-08,S2,Grocery,0,208.0
2023-01-09,S2,Grocery,0,173.0
2023-01-10,S2,Grocery,0,189.0
2023-01-11,S2,Grocery,0,160.0
2023-01-12,S2,Grocery,0,191.0
2023-01-13,S2,Grocery,0,192.0
2023-01-14,S2,Grocery,0,179.0
2023-01-15,S2,Grocery,0,199.0
2023-01-16,S2,Grocery,0,151.0
2023-01-17,S2,Grocery,0,180.0
2023-01-18,S2,Grocery,0,207.0
2023-01-19,S2,Grocery,0,183.0
2023-01-20,S2,Grocery,0,183.0
2023-01-21,S2,Grocery,0,209.0
2023-01-22,S2,Grocery,0,206.0
2023-01-23,S2,Grocery,0,207.0
2023-01-24,S2,Grocery,0,176.0
2023-01-25,S2,Grocery,0,194.0
2023-01-26,S2,Grocery,0,141.0
2023-01-27,S2,Grocery,0,255.0
2023-01-28,S2,Grocery,0,234.0
2023-01-29,S2,Grocery,0,234.0
2023-01-30,S2,Grocery,0,175.0
2023-01-31,S2,Grocery,0,200.0
2023-02-01,S2,Grocery,0,163.0
2023-02-02,S2,Grocery,0,191.0
2023-02-03,S2,Grocery,0,214.0
2023-02-04,S2,Grocery,0,175.0
2023-02-05,S2,Grocery,0,176.0
2023-02-06,S2,Grocery,0,233.0
2023-02-07,S2,Grocery,0,161.0
2023-02-08,S2,Grocery,0,230.0
2023-02-09,S2,Grocery,0,173.0
2023-02-10,S2,Grocery,0,187.0
2023-02-11,S2,Grocery,0,223.0
2023-02-12,S2,Grocery,0,244.0
2023-02-13,S2,Grocery,0,186.0
2023-02-14,S2,Grocery,0,203.0
2023-02-15,S2,Grocery,0,208.0
2023-02-16,S2,Grocery,0,187.0
2023-02-17,S2,Grocery,0,217.0
2023-02-18,S2,Grocery,0,226.0
2023-02-19,S2,Grocery,0,253.0
2023-02-20,S2,Grocery,0,201.0
2023-02-21,S2,Grocery,0,237.0
2023-02-22,S2,Grocery,0,175.0
2023-02-23,S2,Grocery,0,219.0
2023-02-24,S2,Grocery,0,263.0
2023-02-25,S2,Grocery,0,213.0
2023-02-26,S2,Grocery,0,214.0
2023-02-27,S2,Grocery,0,190.0
2023-02-28,S2,Grocery,0,201.0
2023-03-01,S2,Grocery,0,217.0
2023-03-02,S2,Grocery,0,181.0
2023-03-03,S2,Grocery,0,190.0
2023-03-04,S2,Grocery,0,231.0
2023-03-05,S2,Grocery,0,212.0
2023-03-06,S2,Grocery,0,182.0
2023-03-07,S2,Grocery,0,194.0
2023-03-08,S2,Grocery,0,209.0
2023-03-09,S2,Grocery,0,219.0
2023-03-10,S2,Grocery,0,209.0
2023-03-11,S2,Grocery,0,231.0
2023-03-12,S2,Grocery,0,200.0
2023-03-13,S2,Grocery,0,221.0
2023-03-14,S2,Grocery,0,217.0
2023-03-15,S2,Grocery,0,255.0
2023-03-16,S2,Grocery,0,214.0
2023-03-17,S2,Grocery,1,345.0
2023-03-18,S2,Grocery,1,309.0
2023-03-19,S2,Grocery,1,363.0
2023-03-20,S2,Grocery,1,306.0
2023-03-21,S2,Grocery,1,318.0
2023-03-22,S2,Grocery,1,278.0
2023-03-23,S2,Grocery,1,271.0
2023-03-24,S2,Grocery,1,298.0
2023-03-25,S2,Grocery,1,346.0
2023-03-26,S2,Grocery,1,297.0
2023-03-27,S2,Grocery,0,205.0
2023-03-28,S2,Grocery,0,279.0
2023-03-29,S2,Grocery,0,242.0
2023-03-30,S2,Grocery,0,224.0
2023-03-31,S2,Grocery,0,231.0
2023-04-01,S2,Grocery,0,290.0
2023-04-02,S2,Grocery,0,231.0
2023-04-03,S2,Grocery,0,224.0
2023-04-04,S2,Grocery,0,223.0
2023-04-05,S2,Grocery,0,233.0
2023-04-06,S2,Grocery,0,198.0
2023-04-07,S2,Grocery,0,225.0
2023-04-08,S2,Grocery,0,222.0
2023-04-09,S2,Grocery,0,221.0
2023-04-10,S2,Grocery,0,234.0
2023-04-11,S2,Grocery,0,176.0
2023-04-12,S2,Grocery,0,220.0
2023-04-13,S2,Grocery,1,316.0
2023-04-14,S2,Grocery,1,290.0
2023-04-15,S2,Grocery,1,338.0
2023-04-16,S2,Grocery,1,313.0
2023-04-17,S2,Grocery,1,341.0
2023-04-18,S2,Grocery,0,282.0
2023-04-19,S2,Grocery,0,200.0
2023-04-20,S2,Grocery,0,243.0
2023-04-21,S2,Grocery,0,232.0
2023-04-22,S2,Grocery,0,279.0
2023-04-23,S2,Grocery,0,227.0
2023-04-24,S2,Grocery,1,343.0
2023-04-25,S2,Grocery,1,342.0
2023-04-26,S2,Grocery,1,348.0
2023-04-27,S2,Grocery,1,353.0
2023-04-28,S2,Grocery,1,292.0
2023-04-29,S2,Grocery,0,284.0
2023-04-30,S2,Grocery,1,311.0
2023-05-01,S2,Grocery,1,350.0
2023-05-02,S2,Grocery,1,312.0
2023-05-03,S2,Grocery,1,294.0
2023-05-04,S2,Grocery,1,318.0
2023-05-05,S2,Grocery,0,213.0
2023-05-06,S2,Grocery,0,260.0
2023-05-07,S2,Grocery,0,248.0
2023-05-08,S2,Grocery,0,292.0
2023-05-09,S2,Grocery,0,231.0
2023-05-10,S2,Grocery,0,267.0
2023-05-11,S2,Grocery,0,229.0
2023-05-12,S2,Grocery,0,252.0
2023-05-13,S2,Grocery,0,263.0
2023-05-14,S2,Grocery,0,290.0
2023-05-15,S2,Grocery,0,251.0
2023-05-16,S2,Grocery,0,278.0
2023-05-17,S2,Grocery,0,311.0
2023-05-18,S2,Grocery,0,254.0
2023-05-19,S2,Grocery,0,274.0
2023-05-20,S2,Grocery,0,254.0
2023-05-21,S2,Grocery,0,287.0
2023-05-22,S2,Grocery,0,258.0
2023-05-23,S2,Grocery,0,246.0
2023-05-24,S2,Grocery,0,241.0
2023-05-25,S2,Grocery,0,218.0
2023-05-26,S2,Grocery,0,271.0
2023-05-27,S2,Grocery,0,272.0
2023-05-28,S2,Grocery,0,275.0
2023-05-29,S2,Grocery,0,301.0
2023-05-30,S2,Grocery,0,253.0
2023-05-31,S2,Grocery,0,255.0
2023-06-01,S2,Grocery,0,291.0
2023-06-02,S2,Grocery,0,200.0
2023-06-03,S2,Grocery,0,338.0
2023-06-04,S2,Grocery,0,246.0
2023-06-05,S2,Grocery,1,339.0
2023-06-06,S2,Grocery,1,367.0
2023-06-07,S2,Grocery,1,372.0
2023-06-08,S2,Grocery,1,438.0
2023-06-09,S2,Grocery,1,382.0
2023-06-10,S2,Grocery,0,244.0
2023-06-11,S2,Grocery,0,268.0
2023-06-12,S2,Grocery,0,284.0
2023-06-13,S2,Grocery,0,233.0
2023-06-14,S2,Grocery,0,277.0
2023-06-15,S2,Grocery,0,293.0
2023-06-16,S2,Grocery,0,290.0
2023-06-17,S2,Grocery,0,256.0
2023-06-18,S2,Grocery,0,291.0
2023-06-19,S2,Grocery,0,245.0
2023-06-20,S2,Grocery,0,238.0
2023-06-21,S2,Grocery,0,275.0
2023-06-22,S2,Grocery,0,244.0
2023-06-23,S2,Grocery,0,226.0
2023-06-24,S2,Grocery,0,270.0
2023-06-25,S2,Grocery,0,222.0
2023-06-26,S2,Grocery,0,242.0
2023-06-27,S2,Grocery,0,289.0
2023-06-28,S2,Grocery,0,270.0
2023-06-29,S2,Grocery,0,248.0
2023-06-30,S2,Grocery,0,309.0
2023-07-01,S2,Grocery,1,386.0
2023-07-02,S2,Grocery,1,402.0
2023-07-03,S2,Grocery,1,356.0
2023-07-04,S2,Grocery,1,349.0
2023-07-05,S2,Grocery,1,408.0
2023-07-06,S2,Grocery,1,397.0
2023-07-07,S2,Grocery,0,276.0
2023-07-08,S2,Grocery,0,313.0
2023-07-09,S2,Grocery,0,258.0
2023-07-10,S2,Grocery,0,270.0
2023-07-11,S2,Grocery,0,242.0
2023-07-12,S2,Grocery,0,265.0
2023-07-13,S2,Grocery,0,279.0
2023-07-14,S2,Grocery,0,230.0
2023-07-15,S2,Grocery,0,251.0
2023-07-16,S2,Grocery,0,271.0
2023-07-17,S2,Grocery,0,237.0
2023-07-18,S2,Grocery,0,201.0
2023-07-19,S2,Grocery,0,207.0
2023-07-20,S2,Grocery,0,267.0
2023-07-21,S2,Grocery,0,272.0
2023-07-22,S2,Grocery,0,287.0
2023-07-23,S2,Grocery,0,265.0
2023-07-24,S2,Grocery,1,245.0
2023-07-25,S2,Grocery,1,321.0
2023-07-26,S2,Grocery,1,361.0
2023-07-27,S2,Grocery,1,329.0
2023-07-28,S2,Grocery,1,357.0
2023-07-29,S2,Grocery,0,237.0
2023-07-30,S2,Grocery,0,244.0
2023-07-31,S2,Grocery,0,238.0
2023-08-01,S2,Grocery,0,254.0
2023-08-02,S2,Grocery,0,237.0
2023-08-03,S2,Grocery,0,234.0
2023-08-04,S2,Grocery,0,273.0
2023-08-05,S2,Grocery,0,298.0
2023-08-06,S2,Grocery,0,283.0
2023-08-07,S2,Grocery,0,284.0
2023-08-08,S2,Grocery,0,227.0
2023-08-09,S2,Grocery,0,267.0
2023-08-10,S2,Grocery,0,252.0
2023-08-11,S2,Grocery,0,244.0
2023-08-12,S2,Grocery,0,213.0
2023-08-13,S2,Grocery,0,315.0
2023-08-14,S2,Grocery,0,235.0
2023-08-15,S2,Grocery,0,196.0
2023-08-16,S2,Grocery,0,271.0
2023-08-17,S2,Grocery,0,277.0
2023-08-18,S2,Grocery,0,268.0
2023-08-19,S2,Grocery,0,257.0
2023-08-20,S2,Grocery,0,314.0
2023-08-21,S2,Grocery,0,226.0
2023-08-22,S2,Grocery,0,219.0
2023-08-23,S2,Grocery,0,237.0
2023-08-24,S2,Grocery,0,223.0
2023-08-25,S2,Grocery,0,261.0
2023-08-26,S2,Grocery,0,256.0
2023-08-27,S2,Grocery,0,290.0
2023-08-28,S2,Grocery,0,211.0
2023-08-29,S2,Grocery,0,201.0
2023-08-30,S2,Grocery,0,269.0
2023-08-31,S2,Grocery,0,238.0
2023-09-01,S2,Grocery,0,203.0
2023-09-02,S2,Grocery,0,222.0
2023-09-03,S2,Grocery,0,234.0
2023-09-04,S2,Grocery,0,204.0
2023-09-05,S2,Grocery,0,263.0
2023-09-06,S2,Grocery,0,231.0
2023-09-07,S2,Grocery,0,204.0
2023-09-08,S2,Grocery,0,235.0
2023-09-09,S2,Grocery,1,370.0
2023-09-10,S2,Grocery,1,308.0
2023-09-11,S2,Grocery,1,319.0
2023-09-12,S2,Grocery,1,287.0
2023-09-13,S2,Grocery,1,317.0
2023-09-14,S2,Grocery,0,220.0
2023-09-15,S2,Grocery,0,205.0
2023-09-16,S2,Grocery,0,215.0
2023-09-17,S2,Grocery,0,225.0
2023-09-18,S2,Grocery,0,237.0
2023-09-19,S2,Grocery,0,233.0
2023-09-20,S2,Grocery,0,221.0
2023-09-21,S2,Grocery,0,206.0
2023-09-22,S2,Grocery,0,245.0
2023-09-23,S2,Grocery,0,276.0
2023-09-24,S2,Grocery,0,215.0
2023-09-25,S2,Grocery,0,233.0
2023-09-26,S2,Grocery,0,199.0
2023-09-27,S2,Grocery,0,229.0
2023-09-28,S2,Grocery,1,292.0
2023-09-29,S2,Grocery,1,340.0
2023-09-30,S2,Grocery,1,336.0
2023-10-01,S2,Grocery,1,334.0
2023-10-02,S2,Grocery,1,248.0
2023-10-03,S2,Grocery,0,223.0
2023-10-04,S2,Grocery,0,212.0
2023-10-05,S2,Grocery,0,215.0
2023-10-06,S2,Grocery,0,213.0
2023-10-07,S2,Grocery,0,265.0
2023-10-08,S2,Grocery,0,223.0
2023-10-09,S2,Grocery,0,218.0
2023-10-10,S2,Grocery,0,183.0
2023-10-11,S2,Grocery,0,199.0
2023-10-12,S2,Grocery,0,226.0
2023-10-13,S2,Grocery,0,204.0
2023-10-14,S2,Grocery,0,209.0
2023-10-15,S2,Grocery,0,235.0
2023-10-16,S2,Grocery,0,227.0
2023-10-17,S2,Grocery,0,220.0
2023-10-18,S2,Grocery,0,251.0
2023-10-19,S2,Grocery,0,193.0
2023-10-20,S2,Grocery,0,219.0
2023-10-21,S2,Grocery,0,257.0
2023-10-22,S2,Grocery,0,223.0
2023-10-23,S2,Grocery,0,170.0
2023-10-24,S2,Grocery,1,301.0
2023-10-25,S2,Grocery,1,249.0
2023-10-26,S2,Grocery,1,304.0
2023-10-27,S2,Grocery,1,265.0
2023-10-28,S2,Grocery,1,250.0
2023-10-29,S2,Grocery,0,178.0
2023-10-30,S2,Grocery,0,206.0
2023-10-31,S2,Grocery,0,228.0
2023-11-01,S2,Grocery,0,179.0
2023-11-02,S2,Grocery,0,200.0
2023-11-03,S2,Grocery,0,211.0
2023-11-04,S2,Grocery,0,244.0
2023-11-05,S2,Grocery,0,239.0
2023-11-06,S2,Grocery,0,207.0
2023-11-07,S2,Grocery,0,198.0
2023-11-08,S2,Grocery,0,176.0
2023-11-09,S2,Grocery,0,226.0
2023-11-10,S2,Grocery,0,156.0
2023-11-11,S2,Grocery,0,170.0
2023-11-12,S2,Grocery,0,204.0
2023-11-13,S2,Grocery,0,248.0
2023-11-14,S2,Grocery,0,148.0
2023-11-15,S2,Grocery,0,198.0
2023-11-16,S2,Grocery,1,321.0
2023-11-17,S2,Grocery,1,281.0
2023-11-18,S2,Grocery,1,381.0
2023-11-19,S2,Grocery,1,332.0
2023-11-20,S2,Grocery,1,248.0
2023-11-21,S2,Grocery,0,165.0
2023-11-22,S2,Grocery,0,203.0
2023-11-23,S2,Grocery,0,234.0
2023-11-24,S2,Grocery,0,217.0
2023-11-25,S2,Grocery,0,229.0
2023-11-26,S2,Grocery,0,222.0
2023-11-27,S2,Grocery,0,230.0
2023-11-28,S2,Grocery,0,234.0
2023-11-29,S2,Grocery,0,254.0
2023-11-30,S2,Grocery,0,220.0
2023-12-01,S2,Grocery,0,204.0
2023-12-02,S2,Grocery,0,226.0
2023-12-03,S2,Grocery,0,229.0
2023-12-04,S2,Grocery,0,217.0
2023-12-05,S2,Grocery,0,239.0
2023-12-06,S2,Grocery,0,247.0
2023-12-07,S2,Grocery,0,242.0
2023-12-08,S2,Grocery,1,293.0
2023-12-09,S2,Grocery,1,272.0
2023-12-10,S2,Grocery,1,328.0
2023-12-11,S2,Grocery,1,273.0
2023-12-12,S2,Grocery,1,281.0
2023-12-13,S2,Grocery,0,244.0
2023-12-14,S2,Grocery,0,217.0
2023-12-15,S2,Grocery,0,234.0
2023-12-16,S2,Grocery,0,212.0
2023-12-17,S2,Grocery,0,221.0
2023-12-18,S2,Grocery,0,198.0
2023-12-19,S2,Grocery,0,194.0
2023-12-20,S2,Grocery,0,199.0
2023-12-21,S2,Grocery,0,222.0
2023-12-22,S2,Grocery,0,233.0
2023-12-23,S2,Grocery,0,224.0
2023-12-24,S2,Grocery,0,190.0
2023-12-25,S2,Grocery,0,163.0
2023-12-26,S2,Grocery,0,212.0
2023-12-27,S2,Grocery,0,218.0
2023-12-28,S2,Grocery,0,191.0
2023-12-29,S2,Grocery,0,195.0
2023-12-30,S2,Grocery,0,209.0
2023-12-31,S2,Grocery,0,237.0
2024-01-01,S2,Grocery,0,200.0
2024-01-02,S2,Grocery,0,180.0
2024-01-03,S2,Grocery,0,160.0
2024-01-04,S2,Grocery,0,196.0
2024-01-05,S2,Grocery,0,214.0
2024-01-06,S2,Grocery,0,181.0
2024-01-07,S2,Grocery,0,203.0
2024-01-08,S2,Grocery,0,213.0
2024-01-09,S2,Grocery,0,208.0
2024-01-10,S2,Grocery,0,211.0
2024-01-11,S2,Grocery,0,189.0
2024-01-12,S2,Grocery,1,292.0
2024-01-13,S2,Grocery,1,276.0
2024-01-14,S2,Grocery,1,350.0
2024-01-15,S2,Grocery,1,269.0
2024-01-16,S2,Grocery,1,296.0
2024-01-17,S2,Grocery,0,187.0
2024-01-18,S2,Grocery,0,199.0
2024-01-19,S2,Grocery,0,205.0
2024-01-20,S2,Grocery,0,230.0
2024-01-21,S2,Grocery,0,237.0
2024-01-22,S2,Grocery,0,227.0
2024-01-23,S2,Grocery,0,171.0
2024-01-24,S2,Grocery,0,193.0
2024-01-25,S2,Grocery,0,189.0
2024-01-26,S2,Grocery,0,160.0
2024-01-27,S2,Grocery,0,237.0
2024-01-28,S2,Grocery,0,205.0
2024-01-29,S2,Grocery,0,200.0
2024-01-30,S2,Grocery,0,231.0
2024-01-31,S2,Grocery,0,213.0
2024-02-01,S2,Grocery,0,232.0
2024-02-02,S2,Grocery,0,220.0
2024-02-03,S2,Grocery,0,238.0
2024-02-04,S2,Grocery,0,196.0
2024-02-05,S2,Grocery,0,208.0
2024-02-06,S2,Grocery,0,190.0
2024-02-07,S2,Grocery,0,189.0
2024-02-08,S2,Grocery,0,238.0
2024-02-09,S2,Grocery,0,212.0
2024-02-10,S2,Grocery,0,186.0
2024-02-11,S2,Grocery,0,200.0
2024-02-12,S2,Grocery,0,198.0
2024-02-13,S2,Grocery,0,205.0
2024-02-14,S2,Grocery,0,175.0
2024-02-15,S2,Grocery,0,189.0
2024-02-16,S2,Grocery,0,202.0
2024-02-17,S2,Grocery,0,235.0
2024-02-18,S2,Grocery,0,240.0
2024-02-19,S2,Grocery,0,270.0
2024-02-20,S2,Grocery,1,257.0
2024-02-21,S2,Grocery,1,240.0
2024-02-22,S2,Grocery,1,331.0
2024-02-23,S2,Grocery,1,340.0
2024-02-24,S2,Grocery,1,343.0
2024-02-25,S2,Grocery,0,219.0
2024-02-26,S2,Grocery,0,242.0
2024-02-27,S2,Grocery,0,172.0
2024-02-28,S2,Grocery,0,209.0
2024-02-29,S2,Grocery,0,250.0
2024-03-01,S2,Grocery,0,214.0
2024-03-02,S2,Grocery,0,266.0
2024-03-03,S2,Grocery,0,267.0
2024-03-04,S2,Grocery,0,210.0
2024-03-05,S2,Grocery,0,248.0
2024-03-06,S2,Grocery,0,221.0
2024-03-07,S2,Grocery,0,214.0
2024-03-08,S2,Grocery,0,222.0
2024-03-09,S2,Grocery,0,257.0
2024-03-10,S2,Grocery,0,240.0
2024-03-11,S2,Grocery,0,228.0
2024-03-12,S2,Grocery,0,206.0
2024-03-13,S2,Grocery,0,228.0
2024-03-14,S2,Grocery,0,246.0
2024-03-15,S2,Grocery,0,239.0
2024-03-16,S2,Grocery,0,223.0
2024-03-17,S2,Grocery,1,305.0
2024-03-18,S2,Grocery,1,306.0
2024-03-19,S2,Grocery,1,288.0
2024-03-20,S2,Grocery,1,262.0
2024-03-21,S2,Grocery,1,336.0
2024-03-22,S2,Grocery,0,226.0
2024-03-23,S2,Grocery,0,259.0
2024-03-24,S2,Grocery,0,278.0
2024-03-25,S2,Grocery,0,223.0
2024-03-26,S2,Grocery,0,257.0
2024-03-27,S2,Grocery,0,247.0
2024-03-28,S2,Grocery,0,211.0
2024-03-29,S2,Grocery,0,252.0
2024-03-30,S2,Grocery,0,257.0
2024-03-31,S2,Grocery,0,233.0
2024-04-01,S2,Grocery,0,225.0
2024-04-02,S2,Grocery,1,326.0
2024-04-03,S2,Grocery,1,372.0
2024-04-04,S2,Grocery,1,350.0
2024-04-05,S2,Grocery,1,342.0
2024-04-06,S2,Grocery,1,331.0
2024-04-07,S2,Grocery,0,282.0
2024-04-08,S2,Grocery,0,190.0
2024-04-09,S2,Grocery,0,224.0
2024-04-10,S2,Grocery,0,231.0
2024-04-11,S2,Grocery,0,249.0
2024-04-12,S2,Grocery,0,283.0
2024-04-13,S2,Grocery,0,263.0
2024-04-14,S2,Grocery,0,259.0
2024-04-15,S2,Grocery,0,230.0
2024-04-16,S2,Grocery,0,230.0
2024-04-17,S2,Grocery,0,244.0
2024-04-18,S2,Grocery,0,233.0
2024-04-19,S2,Grocery,0,306.0
2024-04-20,S2,Grocery,0,296.0
2024-04-21,S2,Grocery,0,284.0
2024-04-22,S2,Grocery,0,286.0
2024-04-23,S2,Grocery,0,223.0
2024-04-24,S2,Grocery,0,257.0
2024-04-25,S2,Grocery,0,218.0
2024-04-26,S2,Grocery,0,301.0
2024-04-27,S2,Grocery,0,251.0
2024-04-28,S2,Grocery,1,348.0
2024-04-29,S2,Grocery,1,405.0
2024-04-30,S2,Grocery,1,342.0
2024-05-01,S2,Grocery,1,293.0
2024-05-02,S2,Grocery,1,318.0
2024-05-03,S2,Grocery,0,276.0
2024-05-04,S2,Grocery,0,294.0
2024-05-05,S2,Grocery,0,320.0
2024-05-06,S2,Grocery,0,277.0
2024-05-07,S2,Grocery,0,292.0
2024-05-08,S2,Grocery,0,291.0
2024-05-09,S2,Grocery,0,260.0
2024-05-10,S2,Grocery,0,286.0
2024-05-11,S2,Grocery,0,325.0
2024-05-12,S2,Grocery,0,244.0
2024-05-13,S2,Grocery,0,272.0
2024-05-14,S2,Grocery,0,231.0
2024-05-15,S2,Grocery,0,253.0
2024-05-16,S2,Grocery,0,264.0
2024-05-17,S2,Grocery,0,298.0
2024-05-18,S2,Grocery,0,313.0
2024-05-19,S2,Grocery,0,313.0
2024-05-20,S2,Grocery,0,247.0
2024-05-21,S2,Grocery,0,254.0
2024-05-22,S2,Grocery,0,266.0
2024-05-23,S2,Grocery,0,312.0
2024-05-24,S2,Grocery,0,282.0
2024-05-25,S2,Grocery,0,263.0
2024-05-26,S2,Grocery,0,347.0
2024-05-27,S2,Grocery,0,301.0
2024-05-28,S2,Grocery,0,250.0
2024-05-29,S2,Grocery,0,244.0
2024-05-30,S2,Grocery,0,283.0
2024-05-31,S2,Grocery,0,265.0
2024-06-01,S2,Grocery,0,283.0
2024-06-02,S2,Grocery,0,253.0
2024-06-03,S2,Grocery,0,258.0
2024-06-04,S2,Grocery,0,312.0
2024-06-05,S2,Grocery,0,272.0
2024-06-06,S2,Grocery,0,310.0
2024-06-07,S2,Grocery,0,311.0
2024-06-08,S2,Grocery,0,273.0
2024-06-09,S2,Grocery,0,278.0
2024-06-10,S2,Grocery,0,270.0
2024-06-11,S2,Grocery,0,249.0
2024-06-12,S2,Grocery,0,251.0
2024-06-13,S2,Grocery,0,282.0
2024-06-14,S2,Grocery,0,263.0
2024-06-15,S2,Grocery,0,378.0
2024-06-16,S2,Grocery,0,305.0
2024-06-17,S2,Grocery,0,247.0
2024-06-18,S2,Grocery,0,256.0
2024-06-19,S2,Grocery,0,234.0
2024-06-20,S2,Grocery,0,273.0
2024-06-21,S2,Grocery,0,276.0
2024-06-22,S2,Grocery,0,316.0
2024-06-23,S2,Grocery,0,276.0
2024-06-24,S2,Grocery,0,275.0
2024-06-25,S2,Grocery,0,209.0
2024-06-26,S2,Grocery,0,206.0
2024-06-27,S2,Grocery,0,268.0
2024-06-28,S2,Grocery,0,273.0
2024-06-29,S2,Grocery,0,310.0
2024-06-30,S2,Grocery,0,250.0
2024-07-01,S2,Grocery,0,230.0
2024-07-02,S2,Grocery,0,253.0
2024-07-03,S2,Grocery,0,256.0
2024-07-04,S2,Grocery,0,290.0
2024-07-05,S2,Grocery,0,246.0
2024-07-06,S2,Grocery,0,291.0
2024-07-07,S2,Grocery,0,285.0
2024-07-08,S2,Grocery,0,290.0
2024-07-09,S2,Grocery,1,293.0
2024-07-10,S2,Grocery,1,359.0
2024-07-11,S2,Grocery,1,367.0
2024-07-12,S2,Grocery,1,336.0
2024-07-13,S2,Grocery,1,442.0
2024-07-14,S2,Grocery,0,281.0
2024-07-15,S2,Grocery,0,252.0
2024-07-16,S2,Grocery,0,262.0
2024-07-17,S2,Grocery,0,309.0
2024-07-18,S2,Grocery,0,286.0
2024-07-19,S2,Grocery,0,297.0
2024-07-20,S2,Grocery,0,264.0
2024-07-21,S2,Grocery,0,275.0
2024-07-22,S2,Grocery,0,279.0
2024-07-23,S2,Grocery,0,288.0
2024-07-24,S2,Grocery,0,278.0
2024-07-25,S2,Grocery,0,250.0
2024-07-26,S2,Grocery,0,288.0
2024-07-27,S2,Grocery,0,350.0
2024-07-28,S2,Grocery,1,410.0
2024-07-29,S2,Grocery,1,375.0
2024-07-30,S2,Grocery,1,369.0
2024-07-31,S2,Grocery,1,354.0
2024-08-01,S2,Grocery,1,330.0
2024-08-02,S2,Grocery,0,305.0
2024-08-03,S2,Grocery,0,258.0
2024-08-04,S2,Grocery,0,334.0
2024-08-05,S2,Grocery,0,298.0
2024-08-06,S2,Grocery,0,240.0
2024-08-07,S2,Grocery,0,232.0
2024-08-08,S2,Grocery,0,272.0
2024-08-09,S2,Grocery,0,241.0
2024-08-10,S2,Grocery,0,343.0
2024-08-11,S2,Grocery,0,326.0
2024-08-12,S2,Grocery,0,228.0
2024-08-13,S2,Grocery,0,290.0
2024-08-14,S2,Grocery,0,190.0
2024-08-15,S2,Grocery,0,315.0
2024-08-16,S2,Grocery,0,315.0
2024-08-17,S2,Grocery,0,325.0
2024-08-18,S2,Grocery,0,282.0
2024-08-19,S2,Grocery,0,240.0
2024-08-20,S2,Grocery,0,234.0
2024-08-21,S2,Grocery,0,260.0
2024-08-22,S2,Grocery,0,231.0
2024-08-23,S2,Grocery,0,256.0
2024-08-24,S2,Grocery,0,321.0
2024-08-25,S2,Grocery,0,299.0
2024-08-26,S2,Grocery,1,388.0
2024-08-27,S2,Grocery,1,263.0
2024-08-28,S2,Grocery,1,302.0
2024-08-29,S2,Grocery,1,305.0
2024-08-30,S2,Grocery,1,409.0
2024-08-31,S2,Grocery,0,313.0
2024-09-01,S2,Grocery,0,310.0
2024-09-02,S2,Grocery,0,249.0
2024-09-03,S2,Grocery,0,227.0
2024-09-04,S2,Grocery,0,251.0
2024-09-05,S2,Grocery,0,233.0
2024-09-06,S2,Grocery,0,229.0
2024-09-07,S2,Grocery,0,309.0
2024-09-08,S2,Grocery,0,206.0
2024-09-09,S2,Grocery,0,294.0
2024-09-10,S2,Grocery,0,218.0
2024-09-11,S2,Grocery,0,243.0
2024-09-12,S2,Grocery,0,241.0
2024-09-13,S2,Grocery,0,287.0
2024-09-14,S2,Grocery,0,237.0
2024-09-15,S2,Grocery,0,288.0
2024-09-16,S2,Grocery,1,344.0
2024-09-17,S2,Grocery,1,360.0
2024-09-18,S2,Grocery,1,371.0
2024-09-19,S2,Grocery,1,296.0
2024-09-20,S2,Grocery,1,297.0
2024-09-21,S2,Grocery,0,312.0
2024-09-22,S2,Grocery,0,258.0
2024-09-23,S2,Grocery,0,251.0
2024-09-24,S2,Grocery,0,277.0
2024-09-25,S2,Grocery,0,243.0
2024-09-26,S2,Grocery,0,227.0
2024-09-27,S2,Grocery,0,274.0
2024-09-28,S2,Grocery,0,263.0
2024-09-29,S2,Grocery,0,316.0
2024-09-30,S2,Grocery,0,254.0
2024-10-01,S2,Grocery,0,227.0
2024-10-02,S2,Grocery,0,185.0
2024-10-03,S2,Grocery,0,195.0
2024-10-04,S2,Grocery,0,232.0
2024-10-05,S2,Grocery,0,299.0
2024-10-06,S2,Grocery,0,246.0
2024-10-07,S2,Grocery,0,232.0
2024-10-08,S2,Grocery,0,200.0
2024-10-09,S2,Grocery,0,212.0
2024-10-10,S2,Grocery,0,240.0
2024-10-11,S2,Grocery,0,207.0
2024-10-12,S2,Grocery,0,223.0
2024-10-13,S2,Grocery,0,260.0
2024-10-14,S2,Grocery,0,237.0
2024-10-15,S2,Grocery,0,211.0
2024-10-16,S2,Grocery,0,221.0
2024-10-17,S2,Grocery,0,232.0
2024-10-18,S2,Grocery,0,196.0
2024-10-19,S2,Grocery,0,272.0
2024-10-20,S2,Grocery,0,244.0
2024-10-21,S2,Grocery,0,259.0
2024-10-22,S2,Grocery,0,187.0
2024-10-23,S2,Grocery,0,206.0
2024-10-24,S2,Grocery,0,220.0
2024-10-25,S2,Grocery,0,225.0
2024-10-26,S2,Grocery,0,258.0
2024-10-27,S2,Grocery,0,262.0
2024-10-28,S2,Grocery,0,203.0
2024-10-29,S2,Grocery,0,178.0
2024-10-30,S2,Grocery,0,231.0
2024-10-31,S2,Grocery,0,212.0
2024-11-01,S2,Grocery,0,199.0
2024-11-02,S2,Grocery,0,244.0
2024-11-03,S2,Grocery,0,196.0
2024-11-04,S2,Grocery,0,158.0
2024-11-05,S2,Grocery,0,214.0
2024-11-06,S2,Grocery,0,237.0
2024-11-07,S2,Grocery,0,213.0
2024-11-08,S2,Grocery,0,241.0
2024-11-09,S2,Grocery,0,254.0
2024-11-10,S2,Grocery,0,233.0
2024-11-11,S2,Grocery,0,202.0
2024-11-12,S2,Grocery,0,228.0
2024-11-13,S2,Grocery,0,255.0
2024-11-14,S2,Grocery,0,222.0
2024-11-15,S2,Grocery,0,194.0
2024-11-16,S2,Grocery,0,280.0
2024-11-17,S2,Grocery,0,248.0
2024-11-18,S2,Grocery,0,173.0
2024-11-19,S2,Grocery,0,198.0
2024-11-20,S2,Grocery,0,240.0
2024-11-21,S2,Grocery,0,253.0
2024-11-22,S2,Grocery,0,272.0
2024-11-23,S2,Grocery,0,237.0
2024-11-24,S2,Grocery,0,223.0
2024-11-25,S2,Grocery,0,235.0
2024-11-26,S2,Grocery,0,186.0
2024-11-27,S2,Grocery,0,224.0
2024-11-28,S2,Grocery,0,206.0
2024-11-29,S2,Grocery,0,281.0
2024-11-30,S2,Grocery,0,237.0
2024-12-01,S2,Grocery,0,244.0
2024-12-02,S2,Grocery,0,250.0
2024-12-03,S2,Grocery,0,192.0
2024-12-04,S2,Grocery,0,216.0
2024-12-05,S2,Grocery,0,177.0
2024-12-06,S2,Grocery,0,279.0
2024-12-07,S2,Grocery,0,258.0
2024-12-08,S2,Grocery,0,236.0
2024-12-09,S2,Grocery,0,255.0
2024-12-10,S2,Grocery,0,227.0
2024-12-11,S2,Grocery,0,220.0
2024-12-12,S2,Grocery,0,219.0
2024-12-13,S2,Grocery,0,197.0
2024-12-14,S2,Grocery,0,261.0
2024-12-15,S2,Grocery,0,199.0
2024-12-16,S2,Grocery,0,193.0
2024-12-17,S2,Grocery,0,208.0
2024-12-18,S2,Grocery,0,209.0
2024-12-19,S2,Grocery,0,199.0
2024-12-20,S2,Grocery,0,184.0
2024-12-21,S2,Grocery,0,244.0
2024-12-22,S2,Grocery,0,263.0
2024-12-23,S2,Grocery,0,214.0
2024-12-24,S2,Grocery,0,206.0
2024-12-25,S2,Grocery,0,187.0
2024-12-26,S2,Grocery,0,197.0
2024-12-27,S2,Grocery,0,208.0
2024-12-28,S2,Grocery,0,260.0
2024-12-29,S2,Grocery,0,226.0
2024-12-30,S2,Grocery,0,209.0
2024-12-31,S2,Grocery,0,221.0
2025-01-01,S2,Grocery,0,217.0
2025-01-02,S2,Grocery,0,224.0
2025-01-03,S2,Grocery,0,169.0
2025-01-04,S2,Grocery,0,168.0
2025-01-05,S2,Grocery,0,211.0
2025-01-06,S2,Grocery,0,199.0
2025-01-07,S2,Grocery,0,195.0
2025-01-08,S2,Grocery,0,197.0
2025-01-09,S2,Grocery,0,237.0
2025-01-10,S2,Grocery,0,184.0
2025-01-11,S2,Grocery,0,266.0
2025-01-12,S2,Grocery,0,194.0
2025-01-13,S2,Grocery,0,247.0
2025-01-14,S2,Grocery,0,187.0
2025-01-15,S2,Grocery,0,204.0
2025-01-16,S2,Grocery,0,197.0
2025-01-17,S2,Grocery,0,254.0
2025-01-18,S2,Grocery,0,253.0
2025-01-19,S2,Grocery,0,257.0
2025-01-20,S2,Grocery,0,174.0
2025-01-21,S2,Grocery,0,229.0
2025-01-22,S2,Grocery,1,310.0
2025-01-23,S2,Grocery,1,321.0
2025-01-24,S2,Grocery,1,277.0
2025-01-25,S2,Grocery,1,283.0
2025-01-26,S2,Grocery,1,268.0
2025-01-27,S2,Grocery,0,212.0
2025-01-28,S2,Grocery,0,218.0
2025-01-29,S2,Grocery,0,215.0
2025-01-30,S2,Grocery,0,197.0
2025-01-31,S2,Grocery,0,257.0
2025-02-01,S2,Grocery,0,224.0
2025-02-02,S2,Grocery,0,210.0
2025-02-03,S2,Grocery,0,182.0
2025-02-04,S2,Grocery,0,215.0
2025-02-05,S2,Grocery,0,188.0
2025-02-06,S2,Grocery,0,247.0
2025-02-07,S2,Grocery,0,186.0
2025-02-08,S2,Grocery,0,262.0
2025-02-09,S2,Grocery,0,199.0
2025-02-10,S2,Grocery,0,227.0
2025-02-11,S2,Grocery,0,178.0
2025-02-12,S2,Grocery,0,257.0
2025-02-13,S2,Grocery,0,248.0
2025-02-14,S2,Grocery,0,250.0
2025-02-15,S2,Grocery,0,250.0
2025-02-16,S2,Grocery,0,203.0
2025-02-17,S2,Grocery,0,188.0
2025-02-18,S2,Grocery,0,231.0
2025-02-19,S2,Grocery,0,234.0
2025-02-20,S2,Grocery,0,226.0
2025-02-21,S2,Grocery,0,208.0
2025-02-22,S2,Grocery,0,221.0
2025-02-23,S2,Grocery,0,230.0
2025-02-24,S2,Grocery,0,233.0
2025-02-25,S2,Grocery,0,212.0
2025-02-26,S2,Grocery,0,243.0
2025-02-27,S2,Grocery,0,240.0
2025-02-28,S2,Grocery,0,244.0
2025-03-01,S2,Grocery,0,267.0
2025-03-02,S2,Grocery,0,227.0
2025-03-03,S2,Grocery,0,207.0
2025-03-04,S2,Grocery,0,215.0
2025-03-05,S2,Grocery,0,249.0
2025-03-06,S2,Grocery,0,215.0
2025-03-07,S2,Grocery,0,279.0
2025-03-08,S2,Grocery,0,247.0
2025-03-09,S2,Grocery,0,250.0
2025-03-10,S2,Grocery,0,232.0
2025-03-11,S2,Grocery,0,291.0
2025-03-12,S2,Grocery,0,206.0
2025-03-13,S2,Grocery,0,244.0
2025-03-14,S2,Grocery,0,273.0
2025-03-15,S2,Grocery,0,261.0
2025-03-16,S2,Grocery,1,375.0
2025-03-17,S2,Grocery,1,350.0
2025-03-18,S2,Grocery,1,311.0
2025-03-19,S2,Grocery,1,327.0
2025-03-20,S2,Grocery,1,357.0
2025-03-21,S2,Grocery,0,256.0
2025-03-22,S2,Grocery,0,253.0
2025-03-23,S2,Grocery,0,307.0
2025-03-24,S2,Grocery,0,221.0
2025-03-25,S2,Grocery,0,262.0
2025-03-26,S2,Grocery,0,265.0
2025-03-27,S2,Grocery,0,248.0
2025-03-28,S2,Grocery,0,230.0
2025-03-29,S2,Grocery,0,272.0
2025-03-30,S2,Grocery,0,245.0
2025-03-31,S2,Grocery,0,237.0
2025-04-01,S2,Grocery,0,232.0
2025-04-02,S2,Grocery,0,240.0
2025-04-03,S2,Grocery,0,270.0
2025-04-04,S2,Grocery,0,271.0
2025-04-05,S2,Grocery,0,246.0
2025-04-06,S2,Grocery,0,206.0
2025-04-07,S2,Grocery,0,260.0
2025-04-08,S2,Grocery,0,245.0
2025-04-09,S2,Grocery,0,245.0
2025-04-10,S2,Grocery,0,241.0
2025-04-11,S2,Grocery,0,219.0
2025-04-12,S2,Grocery,0,237.0
2025-04-13,S2,Grocery,0,268.0
2025-04-14,S2,Grocery,0,225.0
2025-04-15,S2,Grocery,0,275.0
2025-04-16,S2,Grocery,0,274.0
2025-04-17,S2,Grocery,0,227.0
2025-04-18,S2,Grocery,0,302.0
2025-04-19,S2,Grocery,0,315.0
2025-04-20,S2,Grocery,0,262.0
2025-04-21,S2,Grocery,0,291.0
2025-04-22,S2,Grocery,0,250.0
2025-04-23,S2,Grocery,0,252.0
2025-04-24,S2,Grocery,0,280.0
2025-04-25,S2,Grocery,0,341.0
2025-04-26,S2,Grocery,0,312.0
2025-04-27,S2,Grocery,0,305.0
2025-04-28,S2,Grocery,0,318.0
2025-04-29,S2,Grocery,0,360.0
2025-04-30,S2,Grocery,0,269.0
2025-05-01,S2,Grocery,0,217.0
2025-05-02,S2,Grocery,0,326.0
2025-05-03,S2,Grocery,0,276.0
2025-05-04,S2,Grocery,0,281.0
2025-05-05,S2,Grocery,0,287.0
2025-05-06,S2,Grocery,0,268.0
2025-05-07,S2,Grocery,0,308.0
2025-05-08,S2,Grocery,0,277.0
2025-05-09,S2,Grocery,0,250.0
2025-05-10,S2,Grocery,0,279.0
2025-05-11,S2,Grocery,0,335.0
2025-05-12,S2,Grocery,0,266.0
2025-05-13,S2,Grocery,0,245.0
2025-05-14,S2,Grocery,0,250.0
2025-05-15,S2,Grocery,0,231.0
2025-05-16,S2,Grocery,0,327.0
2025-05-17,S2,Grocery,0,328.0
2025-05-18,S2,Grocery,0,263.0
2025-05-19,S2,Grocery,0,258.0
2025-05-20,S2,Grocery,0,254.0
2025-05-21,S2,Grocery,0,337.0
2025-05-22,S2,Grocery,0,230.0
2025-05-23,S2,Grocery,0,262.0
2025-05-24,S2,Grocery,0,277.0
2025-05-25,S2,Grocery,0,292.0
2025-05-26,S2,Grocery,0,244.0
2025-05-27,S2,Grocery,0,279.0
2025-05-28,S2,Grocery,0,272.0
2025-05-29,S2,Grocery,0,258.0
2025-05-30,S2,Grocery,0,283.0
2025-05-31,S2,Grocery,0,318.0
2025-06-01,S2,Grocery,0,273.0
2025-06-02,S2,Grocery,0,283.0
2025-06-03,S2,Grocery,1,379.0
2025-06-04,S2,Grocery,1,371.0
2025-06-05,S2,Grocery,1,453.0
2025-06-06,S2,Grocery,1,429.0
2025-06-07,S2,Grocery,1,394.0
2025-06-08,S2,Grocery,0,310.0
2025-06-09,S2,Grocery,0,249.0
2025-06-10,S2,Grocery,0,290.0
2025-06-11,S2,Grocery,0,263.0
2025-06-12,S2,Grocery,0,228.0
2025-06-13,S2,Grocery,0,314.0
2025-06-14,S2,Grocery,1,377.0
2025-06-15,S2,Grocery,1,327.0
2025-06-16,S2,Grocery,1,428.0
2025-06-17,S2,Grocery,1,410.0
2025-06-18,S2,Grocery,1,415.0
2025-06-19,S2,Grocery,0,307.0
2025-06-20,S2,Grocery,0,281.0
2025-06-21,S2,Grocery,0,359.0
2025-06-22,S2,Grocery,0,324.0
2025-06-23,S2,Grocery,0,338.0
2025-06-24,S2,Grocery,0,277.0
2025-06-25,S2,Grocery,0,273.0
2025-06-26,S2,Grocery,0,300.0
2025-06-27,S2,Grocery,1,361.0
2025-06-28,S2,Grocery,1,417.0
2025-06-29,S2,Grocery,1,385.0
2025-06-30,S2,Grocery,1,421.0
2025-07-01,S2,Grocery,1,331.0
2025-07-02,S2,Grocery,0,294.0
2025-07-03,S2,Grocery,0,295.0
2025-07-04,S2,Grocery,0,255.0
2025-07-05,S2,Grocery,0,311.0
2025-07-06,S2,Grocery,0,318.0
2025-07-07,S2,Grocery,0,279.0
2025-07-08,S2,Grocery,0,277.0
2025-07-09,S2,Grocery,0,310.0
2025-07-10,S2,Grocery,0,235.0
2025-07-11,S2,Grocery,0,273.0
2025-07-12,S2,Grocery,0,292.0
2025-07-13,S2,Grocery,0,338.0
2025-07-14,S2,Grocery,0,282.0
2025-07-15,S2,Grocery,0,279.0
2025-07-16,S2,Grocery,0,285.0
2025-07-17,S2,Grocery,0,325.0
2025-07-18,S2,Grocery,0,336.0
2025-07-19,S2,Grocery,0,307.0
2025-07-20,S2,Grocery,0,345.0
2025-07-21,S2,Grocery,0,327.0
2025-07-22,S2,Grocery,0,233.0
2025-07-23,S2,Grocery,0,314.0
2025-07-24,S2,Grocery,0,306.0
2025-07-25,S2,Grocery,0,290.0
2025-07-26,S2,Grocery,0,278.0
2025-07-27,S2,Grocery,0,256.0
2025-07-28,S2,Grocery,0,289.0
2025-07-29,S2,Grocery,0,253.0
2025-07-30,S2,Grocery,0,281.0
2025-07-31,S2,Grocery,1,374.0
2025-08-01,S2,Grocery,1,356.0
2025-08-02,S2,Grocery,1,475.0
2025-08-03,S2,Grocery,1,391.0
2025-08-04,S2,Grocery,1,422.0
2025-08-05,S2,Grocery,0,274.0
2025-08-06,S2,Grocery,0,228.0
2025-08-07,S2,Grocery,0,255.0
2025-08-08,S2,Grocery,0,315.0
2025-08-09,S2,Grocery,0,298.0
2025-08-10,S2,Grocery,0,271.0
2025-08-11,S2,Grocery,0,260.0
2025-08-12,S2,Grocery,0,265.0
2025-08-13,S2,Grocery,0,230.0
2025-08-14,S2,Grocery,0,262.0
2025-08-15,S2,Grocery,0,282.0
2025-08-16,S2,Grocery,0,282.0
2025-08-17,S2,Grocery,0,267.0
2025-08-18,S2,Grocery,0,258.0
2025-08-19,S2,Grocery,0,247.0
2025-08-20,S2,Grocery,0,248.0
2025-08-21,S2,Grocery,0,258.0
2025-08-22,S2,Grocery,0,274.0
2025-08-23,S2,Grocery,0,281.0
2025-08-24,S2,Grocery,0,259.0
2025-08-25,S2,Grocery,0,306.0
2025-08-26,S2,Grocery,0,218.0
2025-08-27,S2,Grocery,0,252.0
2025-08-28,S2,Grocery,0,309.0
2025-08-29,S2,Grocery,0,315.0
2025-08-30,S2,Grocery,0,287.0
2025-08-31,S2,Grocery,0,273.0
2025-09-01,S2,Grocery,0,217.0
2025-09-02,S2,Grocery,0,220.0
2025-09-03,S2,Grocery,0,245.0
2025-09-04,S2,Grocery,0,266.0
2025-09-05,S2,Grocery,0,280.0
2025-09-06,S2,Grocery,0,219.0
2025-09-07,S2,Grocery,0,274.0
2025-09-08,S2,Grocery,0,271.0
2025-09-09,S2,Grocery,0,302.0
2025-09-10,S2,Grocery,0,229.0
2025-09-11,S2,Grocery,0,290.0
2025-09-12,S2,Grocery,0,273.0
2025-09-13,S2,Grocery,0,284.0
2025-09-14,S2,Grocery,0,238.0
2025-09-15,S2,Grocery,0,239.0
2025-09-16,S2,Grocery,0,306.0
2025-09-17,S2,Grocery,0,256.0
2025-09-18,S2,Grocery,0,230.0
2025-09-19,S2,Grocery,0,247.0
2025-09-20,S2,Grocery,0,261.0
2025-09-21,S2,Grocery,0,229.0
2025-09-22,S2,Grocery,0,280.0
2025-09-23,S2,Grocery,0,266.0
2025-09-24,S2,Grocery,0,208.0
2025-09-25,S2,Grocery,0,267.0
2025-09-26,S2,Grocery,0,287.0
2025-09-27,S2,Grocery,0,289.0
2025-09-28,S2,Grocery,0,283.0
2025-09-29,S2,Grocery,0,248.0
2025-09-30,S2,Grocery,0,248.0
2025-10-01,S2,Grocery,0,178.0
2025-10-02,S2,Grocery,0,233.0
2025-10-03,S2,Grocery,0,214.0
2025-10-04,S2,Grocery,0,237.0
2025-10-05,S2,Grocery,0,197.0
2025-10-06,S2,Grocery,0,249.0
2025-10-07,S2,Grocery,0,223.0
2025-10-08,S2,Grocery,0,259.0
2025-10-09,S2,Grocery,0,225.0
2025-10-10,S2,Grocery,0,231.0
2025-10-11,S2,Grocery,0,264.0
2025-10-12,S2,Grocery,0,256.0
2025-10-13,S2,Grocery,0,191.0
2025-10-14,S2,Grocery,0,262.0
2025-10-15,S2,Grocery,0,234.0
2025-10-16,S2,Grocery,0,255.0
2025-10-17,S2,Grocery,0,210.0
2025-10-18,S2,Grocery,1,377.0
2025-10-19,S2,Grocery,1,410.0
2025-10-20,S2,Grocery,1,283.0
2025-10-21,S2,Grocery,1,313.0
2025-10-22,S2,Grocery,1,349.0
2025-10-23,S2,Grocery,0,270.0
2025-10-24,S2,Grocery,0,226.0
2025-10-25,S2,Grocery,0,270.0
2025-10-26,S2,Grocery,0,280.0
2025-10-27,S2,Grocery,0,216.0
2025-10-28,S2,Grocery,0,273.0
2025-10-29,S2,Grocery,0,248.0
2025-10-30,S2,Grocery,0,266.0
2025-10-31,S2,Grocery,0,254.0
2025-11-01,S2,Grocery,0,229.0
2025-11-02,S2,Grocery,0,238.0
2025-11-03,S2,Grocery,0,205.0
2025-11-04,S2,Grocery,0,195.0
2025-11-05,S2,Grocery,0,214.0
2025-11-06,S2,Grocery,0,241.0
2025-11-07,S2,Grocery,0,294.0
2025-11-08,S2,Grocery,0,247.0
2025-11-09,S2,Grocery,0,205.0
2025-11-10,S2,Grocery,0,272.0
2025-11-11,S2,Grocery,0,230.0
2025-11-12,S2,Grocery,0,234.0
2025-11-13,S2,Grocery,0,210.0
2025-11-14,S2,Grocery,0,211.0
2025-11-15,S2,Grocery,0,242.0
2025-11-16,S2,Grocery,0,236.0
2025-11-17,S2,Grocery,0,262.0
2025-11-18,S2,Grocery,0,240.0
2025-11-19,S2,Grocery,0,214.0
2025-11-20,S2,Grocery,0,229.0
2025-11-21,S2,Grocery,0,241.0
2025-11-22,S2,Grocery,0,267.0
2025-11-23,S2,Grocery,0,242.0
2025-11-24,S2,Grocery,0,218.0
2025-11-25,S2,Grocery,0,215.0
2025-11-26,S2,Grocery,0,216.0
2025-11-27,S2,Grocery,0,261.0
2025-11-28,S2,Grocery,0,266.0
2025-11-29,S2,Grocery,0,293.0
2025-11-30,S2,Grocery,0,288.0
2025-12-01,S2,Grocery,0,228.0
2025-12-02,S2,Grocery,0,259.0
2025-12-03,S2,Grocery,0,230.0
2025-12-04,S2,Grocery,0,254.0
2025-12-05,S2,Grocery,0,272.0
2025-12-06,S2,Grocery,0,302.0
2025-12-07,S2,Grocery,0,258.0
2025-12-08,S2,Grocery,0,251.0
2025-12-09,S2,Grocery,0,280.0
2025-12-10,S2,Grocery,0,234.0
2025-12-11,S2,Grocery,0,235.0
2025-12-12,S2,Grocery,0,256.0
2025-12-13,S2,Grocery,0,268.0
2025-12-14,S2,Grocery,0,235.0
2025-12-15,S2,Grocery,0,241.0
2025-12-16,S2,Grocery,0,282.0
2025-12-17,S2,Grocery,0,224.0
2025-12-18,S2,Grocery,0,244.0
2025-12-19,S2,Grocery,0,254.0
2025-12-20,S2,Grocery,0,214.0
2025-12-21,S2,Grocery,0,233.0
2025-12-22,S2,Grocery,0,257.0
2025-12-23,S2,Grocery,1,273.0
2025-12-24,S2,Grocery,1,274.0
2025-12-25,S2,Grocery,1,252.0
2025-12-26,S2,Grocery,1,368.0
2025-12-27,S2,Grocery,1,288.0
2025-12-28,S2,Grocery,0,291.0
2025-12-29,S2,Grocery,0,239.0
2025-12-30,S2,Grocery,0,192.0
2023-01-01,S3,Apparel,0,66.0
2023-01-02,S3,Apparel,0,70.0
2023-01-03,S3,Apparel,0,66.0
2023-01-04,S3,Apparel,0,64.0
2023-01-05,S3,Apparel,0,90.0
2023-01-06,S3,Apparel,0,65.0
2023-01-07,S3,Apparel,0,75.0
2023-01-08,S3,Apparel,0,56.0
2023-01-09,S3,Apparel,0,55.0
2023-01-10,S3,Apparel,0,81.0
2023-01-11,S3,Apparel,0,66.0
2023-01-12,S3,Apparel,0,65.0
2023-01-13,S3,Apparel,0,87.0
2023-01-14,S3,Apparel,0,83.0
2023-01-15,S3,Apparel,0,75.0
2023-01-16,S3,Apparel,0,51.0
2023-01-17,S3,Apparel,0,69.0
2023-01-18,S3,Apparel,0,63.0
2023-01-19,S3,Apparel,0,57.0
2023-01-20,S3,Apparel,0,59.0
2023-01-21,S3,Apparel,0,83.0
2023-01-22,S3,Apparel,0,75.0
2023-01-23,S3,Apparel,0,47.0
2023-01-24,S3,Apparel,0,72.0
2023-01-25,S3,Apparel,0,62.0
2023-01-26,S3,Apparel,0,67.0
2023-01-27,S3,Apparel,0,90.0
2023-01-28,S3,Apparel,0,82.0
2023-01-29,S3,Apparel,0,75.0
2023-01-30,S3,Apparel,0,90.0
2023-01-31,S3,Apparel,0,72.0
2023-02-01,S3,Apparel,0,90.0
2023-02-02,S3,Apparel,0,79.0
2023-02-03,S3,Apparel,0,63.0
2023-02-04,S3,Apparel,0,118.0
2023-02-05,S3,Apparel,0,89.0
2023-02-06,S3,Apparel,0,63.0
2023-02-07,S3,Apparel,0,62.0
2023-02-08,S3,Apparel,0,65.0
2023-02-09,S3,Apparel,0,101.0
2023-02-10,S3,Apparel,0,78.0
2023-02-11,S3,Apparel,0,63.0
2023-02-12,S3,Apparel,0,88.0
2023-02-13,S3,Apparel,0,61.0
2023-02-14,S3,Apparel,0,90.0
2023-02-15,S3,Apparel,0,77.0
2023-02-16,S3,Apparel,0,106.0
2023-02-17,S3,Apparel,0,70.0
2023-02-18,S3,Apparel,0,92.0
2023-02-19,S3,Apparel,0,70.0
2023-02-20,S3,Apparel,0,76.0
2023-02-21,S3,Apparel,0,84.0
2023-02-22,S3,Apparel,0,103.0
2023-02-23,S3,Apparel,0,85.0
2023-02-24,S3,Apparel,0,71.0
2023-02-25,S3,Apparel,1,156.0
2023-02-26,S3,Apparel,1,128.0
2023-02-27,S3,Apparel,1,109.0
2023-02-28,S3,Apparel,1,121.0
2023-03-01,S3,Apparel,1,172.0
2023-03-02,S3,Apparel,0,78.0
2023-03-03,S3,Apparel,0,84.0
2023-03-04,S3,Apparel,0,108.0
2023-03-05,S3,Apparel,0,62.0
2023-03-06,S3,Apparel,0,108.0
2023-03-07,S3,Apparel,0,97.0
2023-03-08,S3,Apparel,0,98.0
2023-03-09,S3,Apparel,0,85.0
2023-03-10,S3,Apparel,0,146.0
2023-03-11,S3,Apparel,0,110.0
2023-03-12,S3,Apparel,0,122.0
2023-03-13,S3,Apparel,0,98.0
2023-03-14,S3,Apparel,0,116.0
2023-03-15,S3,Apparel,0,114.0
2023-03-16,S3,Apparel,0,103.0
2023-03-17,S3,Apparel,0,134.0
2023-03-18,S3,Apparel,0,115.0
2023-03-19,S3,Apparel,0,73.0
2023-03-20,S3,Apparel,0,109.0
2023-03-21,S3,Apparel,0,91.0
2023-03-22,S3,Apparel,0,139.0
2023-03-23,S3,Apparel,0,107.0
2023-03-24,S3,Apparel,0,150.0
2023-03-25,S3,Apparel,0,137.0
2023-03-26,S3,Apparel,0,130.0
2023-03-27,S3,Apparel,0,106.0
2023-03-28,S3,Apparel,0,149.0
2023-03-29,S3,Apparel,0,83.0
2023-03-30,S3,Apparel,1,152.0
2023-03-31,S3,Apparel,1,197.0
2023-04-01,S3,Apparel,1,209.0
2023-04-02,S3,Apparel,1,195.0
2023-04-03,S3,Apparel,1,213.0
2023-04-04,S3,Apparel,0,93.0
2023-04-05,S3,Apparel,0,104.0
2023-04-06,S3,Apparel,0,143.0
2023-04-07,S3,Apparel,0,147.0
2023-04-08,S3,Apparel,1,207.0
2023-04-09,S3,Apparel,1,210.0
2023-04-10,S3,Apparel,1,212.0
2023-04-11,S3,Apparel,1,187.0
2023-04-12,S3,Apparel,1,215.0
2023-04-13,S3,Apparel,0,111.0
2023-04-14,S3,Apparel,0,118.0
2023-04-15,S3,Apparel,0,148.0
2023-04-16,S3,Apparel,0,141.0
2023-04-17,S3,Apparel,1,197.0
2023-04-18,S3,Apparel,1,181.0
2023-04-19,S3,Apparel,1,191.0
2023-04-20,S3,Apparel,1,179.0
2023-04-21,S3,Apparel,1,176.0
2023-04-22,S3,Apparel,1,216.0
2023-04-23,S3,Apparel,1,159.0
2023-04-24,S3,Apparel,1,220.0
2023-04-25,S3,Apparel,1,165.0
2023-04-26,S3,Apparel,0,145.0
2023-04-27,S3,Apparel,0,162.0
2023-04-28,S3,Apparel,0,107.0
2023-04-29,S3,Apparel,0,151.0
2023-04-30,S3,Apparel,0,122.0
2023-05-01,S3,Apparel,0,168.0
2023-05-02,S3,Apparel,0,131.0
2023-05-03,S3,Apparel,0,137.0
2023-05-04,S3,Apparel,0,163.0
2023-05-05,S3,Apparel,0,87.0
2023-05-06,S3,Apparel,0,168.0
2023-05-07,S3,Apparel,0,199.0
2023-05-08,S3,Apparel,0,138.0
2023-05-09,S3,Apparel,1,221.0
2023-05-10,S3,Apparel,1,228.0
2023-05-11,S3,Apparel,1,205.0
2023-05-12,S3,Apparel,1,211.0
2023-05-13,S3,Apparel,1,221.0
2023-05-14,S3,Apparel,0,172.0
2023-05-15,S3,Apparel,0,128.0
2023-05-16,S3,Apparel,0,172.0
2023-05-17,S3,Apparel,0,163.0
2023-05-18,S3,Apparel,0,136.0
2023-05-19,S3,Apparel,0,164.0
2023-05-20,S3,Apparel,0,195.0
2023-05-21,S3,Apparel,0,182.0
2023-05-22,S3,Apparel,0,195.0
2023-05-23,S3,Apparel,0,129.0
2023-05-24,S3,Apparel,0,193.0
2023-05-25,S3,Apparel,0,152.0
2023-05-26,S3,Apparel,0,151.0
2023-05-27,S3,Apparel,0,167.0
2023-05-28,S3,Apparel,0,194.0
2023-05-29,S3,Apparel,0,162.0
2023-05-30,S3,Apparel,0,148.0
2023-05-31,S3,Apparel,0,167.0
2023-06-01,S3,Apparel,0,174.0
2023-06-02,S3,Apparel,0,179.0
2023-06-03,S3,Apparel,0,154.0
2023-06-04,S3,Apparel,0,154.0
2023-06-05,S3,Apparel,0,195.0
2023-06-06,S3,Apparel,0,136.0
2023-06-07,S3,Apparel,0,172.0
2023-06-08,S3,Apparel,0,148.0
2023-06-09,S3,Apparel,0,185.0
2023-06-10,S3,Apparel,0,201.0
2023-06-11,S3,Apparel,0,174.0
2023-06-12,S3,Apparel,0,231.0
2023-06-13,S3,Apparel,0,149.0
2023-06-14,S3,Apparel,0,165.0
2023-06-15,S3,Apparel,0,164.0
2023-06-16,S3,Apparel,0,150.0
2023-06-17,S3,Apparel,0,175.0
2023-06-18,S3,Apparel,0,172.0
2023-06-19,S3,Apparel,1,240.0
2023-06-20,S3,Apparel,1,223.0
2023-06-21,S3,Apparel,1,204.0
2023-06-22,S3,Apparel,1,229.0
2023-06-23,S3,Apparel,1,300.0
2023-06-24,S3,Apparel,0,166.0
2023-06-25,S3,Apparel,0,190.0
2023-06-26,S3,Apparel,0,208.0
2023-06-27,S3,Apparel,0,187.0
2023-06-28,S3,Apparel,0,177.0
2023-06-29,S3,Apparel,0,103.0
2023-06-30,S3,Apparel,0,169.0
2023-07-01,S3,Apparel,0,148.0
2023-07-02,S3,Apparel,0,133.0
2023-07-03,S3,Apparel,0,199.0
2023-07-04,S3,Apparel,0,154.0
2023-07-05,S3,Apparel,0,123.0
2023-07-06,S3,Apparel,0,166.0
2023-07-07,S3,Apparel,0,218.0
2023-07-08,S3,Apparel,0,217.0
2023-07-09,S3,Apparel,0,162.0
2023-07-10,S3,Apparel,0,164.0
2023-07-11,S3,Apparel,0,152.0
2023-07-12,S3,Apparel,0,193.0
2023-07-13,S3,Apparel,0,133.0
2023-07-14,S3,Apparel,0,165.0
2023-07-15,S3,Apparel,1,250.0
2023-07-16,S3,Apparel,1,225.0
2023-07-17,S3,Apparel,1,235.0
2023-07-18,S3,Apparel,1,147.0
2023-07-19,S3,Apparel,1,217.0
2023-07-20,S3,Apparel,0,154.0
2023-07-21,S3,Apparel,0,153.0
2023-07-22,S3,Apparel,0,178.0
2023-07-23,S3,Apparel,0,202.0
2023-07-24,S3,Apparel,0,133.0
2023-07-25,S3,Apparel,0,152.0
2023-07-26,S3,Apparel,0,126.0
2023-07-27,S3,Apparel,0,138.0
2023-07-28,S3,Apparel,0,240.0
2023-07-29,S3,Apparel,0,148.0
2023-07-30,S3,Apparel,0,128.0
2023-07-31,S3,Apparel,0,196.0
2023-08-01,S3,Apparel,0,136.0
2023-08-02,S3,Apparel,0,166.0
2023-08-03,S3,Apparel,0,144.0
2023-08-04,S3,Apparel,0,107.0
2023-08-05,S3,Apparel,0,153.0
2023-08-06,S3,Apparel,0,172.0
2023-08-07,S3,Apparel,0,167.0
2023-08-08,S3,Apparel,0,111.0
2023-08-09,S3,Apparel,0,143.0
2023-08-10,S3,Apparel,0,163.0
2023-08-11,S3,Apparel,0,163.0
2023-08-12,S3,Apparel,0,177.0
2023-08-13,S3,Apparel,0,162.0
2023-08-14,S3,Apparel,0,166.0
2023-08-15,S3,Apparel,0,171.0
2023-08-16,S3,Apparel,0,100.0
2023-08-17,S3,Apparel,0,151.0
2023-08-18,S3,Apparel,0,156.0
2023-08-19,S3,Apparel,0,170.0
2023-08-20,S3,Apparel,0,156.0
2023-08-21,S3,Apparel,0,115.0
2023-08-22,S3,Apparel,0,147.0
2023-08-23,S3,Apparel,0,157.0
2023-08-24,S3,Apparel,0,127.0
2023-08-25,S3,Apparel,0,161.0
2023-08-26,S3,Apparel,0,161.0
2023-08-27,S3,Apparel,0,188.0
2023-08-28,S3,Apparel,0,127.0
2023-08-29,S3,Apparel,0,120.0
2023-08-30,S3,Apparel,0,122.0
2023-08-31,S3,Apparel,0,115.0
2023-09-01,S3,Apparel,0,150.0
2023-09-02,S3,Apparel,0,138.0
2023-09-03,S3,Apparel,0,126.0
2023-09-04,S3,Apparel,0,131.0
2023-09-05,S3,Apparel,0,121.0
2023-09-06,S3,Apparel,0,144.0
2023-09-07,S3,Apparel,0,154.0
2023-09-08,S3,Apparel,0,110.0
2023-09-09,S3,Apparel,0,140.0
2023-09-10,S3,Apparel,0,141.0
2023-09-11,S3,Apparel,0,121.0
2023-09-12,S3,Apparel,0,107.0
2023-09-13,S3,Apparel,0,117.0
2023-09-14,S3,Apparel,1,174.0
2023-09-15,S3,Apparel,1,163.0
2023-09-16,S3,Apparel,1,215.0
2023-09-17,S3,Apparel,1,223.0
2023-09-18,S3,Apparel,1,157.0
2023-09-19,S3,Apparel,1,198.0
2023-09-20,S3,Apparel,1,153.0
2023-09-21,S3,Apparel,1,178.0
2023-09-22,S3,Apparel,1,168.0
2023-09-23,S3,Apparel,1,181.0
2023-09-24,S3,Apparel,0,129.0
2023-09-25,S3,Apparel,0,96.0
2023-09-26,S3,Apparel,0,98.0
2023-09-27,S3,Apparel,0,102.0
2023-09-28,S3,Apparel,0,162.0
2023-09-29,S3,Apparel,1,168.0
2023-09-30,S3,Apparel,1,205.0
2023-10-01,S3,Apparel,1,144.0
2023-10-02,S3,Apparel,1,161.0
2023-10-03,S3,Apparel,1,141.0
2023-10-04,S3,Apparel,0,113.0
2023-10-05,S3,Apparel,0,64.0
2023-10-06,S3,Apparel,0,149.0
2023-10-07,S3,Apparel,0,96.0
2023-10-08,S3,Apparel,0,117.0
2023-10-09,S3,Apparel,0,76.0
2023-10-10,S3,Apparel,0,85.0
2023-10-11,S3,Apparel,0,66.0
2023-10-12,S3,Apparel,0,110.0
2023-10-13,S3,Apparel,0,88.0
2023-10-14,S3,Apparel,0,110.0
2023-10-15,S3,Apparel,0,104.0
2023-10-16,S3,Apparel,0,64.0
2023-10-17,S3,Apparel,0,99.0
2023-10-18,S3,Apparel,0,88.0
2023-10-19,S3,Apparel,0,96.0
2023-10-20,S3,Apparel,0,102.0
2023-10-21,S3,Apparel,0,88.0
2023-10-22,S3,Apparel,0,106.0
2023-10-23,S3,Apparel,0,91.0
2023-10-24,S3,Apparel,0,78.0
2023-10-25,S3,Apparel,0,93.0
2023-10-26,S3,Apparel,0,92.0
2023-10-27,S3,Apparel,0,98.0
2023-10-28,S3,Apparel,0,116.0
2023-10-29,S3,Apparel,0,97.0
2023-10-30,S3,Apparel,0,81.0
2023-10-31,S3,Apparel,0,76.0
2023-11-01,S3,Apparel,0,97.0
2023-11-02,S3,Apparel,0,67.0
2023-11-03,S3,Apparel,0,100.0
2023-11-04,S3,Apparel,0,119.0
2023-11-05,S3,Apparel,0,101.0
2023-11-06,S3,Apparel,0,71.0
2023-11-07,S3,Apparel,0,104.0
2023-11-08,S3,Apparel,0,79.0
2023-11-09,S3,Apparel,0,69.0
2023-11-10,S3,Apparel,0,61.0
2023-11-11,S3,Apparel,0,85.0
2023-11-12,S3,Apparel,0,85.0
2023-11-13,S3,Apparel,0,78.0
2023-11-14,S3,Apparel,0,66.0
2023-11-15,S3,Apparel,0,55.0
2023-11-16,S3,Apparel,0,82.0
2023-11-17,S3,Apparel,0,93.0
2023-11-18,S3,Apparel,0,81.0
2023-11-19,S3,Apparel,1,121.0
2023-11-20,S3,Apparel,1,124.0
2023-11-21,S3,Apparel,1,124.0
2023-11-22,S3,Apparel,1,156.0
2023-11-23,S3,Apparel,1,153.0
2023-11-24,S3,Apparel,1,124.0
2023-11-25,S3,Apparel,1,135.0
2023-11-26,S3,Apparel,1,149.0
2023-11-27,S3,Apparel,1,159.0
2023-11-28,S3,Apparel,0,134.0
2023-11-29,S3,Apparel,0,115.0
2023-11-30,S3,Apparel,0,82.0
2023-12-01,S3,Apparel,0,125.0
2023-12-02,S3,Apparel,0,150.0
2023-12-03,S3,Apparel,0,127.0
2023-12-04,S3,Apparel,0,92.0
2023-12-05,S3,Apparel,0,79.0
2023-12-06,S3,Apparel,0,122.0
2023-12-07,S3,Apparel,0,129.0
2023-12-08,S3,Apparel,0,89.0
2023-12-09,S3,Apparel,0,109.0
2023-12-10,S3,Apparel,0,122.0
2023-12-11,S3,Apparel,0,125.0
2023-12-12,S3,Apparel,0,109.0
2023-12-13,S3,Apparel,0,104.0
2023-12-14,S3,Apparel,0,106.0
2023-12-15,S3,Apparel,0,87.0
2023-12-16,S3,Apparel,0,121.0
2023-12-17,S3,Apparel,0,117.0
2023-12-18,S3,Apparel,0,87.0
2023-12-19,S3,Apparel,0,96.0
2023-12-20,S3,Apparel,0,93.0
2023-12-21,S3,Apparel,0,91.0
2023-12-22,S3,Apparel,0,67.0
2023-12-23,S3,Apparel,0,106.0
2023-12-24,S3,Apparel,1,140.0
2023-12-25,S3,Apparel,1,83.0
2023-12-26,S3,Apparel,1,120.0
2023-12-27,S3,Apparel,1,105.0
2023-12-28,S3,Apparel,1,117.0
2023-12-29,S3,Apparel,0,79.0
2023-12-30,S3,Apparel,0,97.0
2023-12-31,S3,Apparel,0,71.0
2024-01-01,S3,Apparel,0,71.0
2024-01-02,S3,Apparel,0,50.0
2024-01-03,S3,Apparel,0,55.0
2024-01-04,S3,Apparel,0,58.0
2024-01-05,S3,Apparel,0,81.0
2024-01-06,S3,Apparel,0,74.0
2024-01-07,S3,Apparel,0,65.0
2024-01-08,S3,Apparel,0,62.0
2024-01-09,S3,Apparel,0,58.0
2024-01-10,S3,Apparel,0,78.0
2024-01-11,S3,Apparel,0,62.0
2024-01-12,S3,Apparel,0,80.0
2024-01-13,S3,Apparel,0,92.0
2024-01-14,S3,Apparel,0,76.0
2024-01-15,S3,Apparel,0,80.0
2024-01-16,S3,Apparel,0,58.0
2024-01-17,S3,Apparel,0,73.0
2024-01-18,S3,Apparel,0,60.0
2024-01-19,S3,Apparel,0,83.0
2024-01-20,S3,Apparel,0,62.0
2024-01-21,S3,Apparel,0,78.0
2024-01-22,S3,Apparel,0,107.0
2024-01-23,S3,Apparel,0,83.0
2024-01-24,S3,Apparel,0,77.0
2024-01-25,S3,Apparel,0,78.0
2024-01-26,S3,Apparel,0,101.0
2024-01-27,S3,Apparel,0,73.0
2024-01-28,S3,Apparel,0,96.0
2024-01-29,S3,Apparel,0,76.0
2024-01-30,S3,Apparel,0,76.0
2024-01-31,S3,Apparel,0,110.0
2024-02-01,S3,Apparel,0,87.0
2024-02-02,S3,Apparel,0,80.0
2024-02-03,S3,Apparel,0,106.0
2024-02-04,S3,Apparel,0,107.0
2024-02-05,S3,Apparel,0,89.0
2024-02-06,S3,Apparel,0,74.0
2024-02-07,S3,Apparel,0,111.0
2024-02-08,S3,Apparel,0,100.0
2024-02-09,S3,Apparel,0,91.0
2024-02-10,S3,Apparel,0,116.0
2024-02-11,S3,Apparel,0,105.0
2024-02-12,S3,Apparel,0,115.0
2024-02-13,S3,Apparel,0,86.0
2024-02-14,S3,Apparel,0,73.0
2024-02-15,S3,Apparel,0,79.0
2024-02-16,S3,Apparel,0,105.0
2024-02-17,S3,Apparel,0,60.0
2024-02-18,S3,Apparel,0,94.0
2024-02-19,S3,Apparel,0,119.0
2024-02-20,S3,Apparel,0,87.0
2024-02-21,S3,Apparel,0,91.0
2024-02-22,S3,Apparel,0,82.0
2024-02-23,S3,Apparel,0,80.0
2024-02-24,S3,Apparel,0,128.0
2024-02-25,S3,Apparel,0,92.0
2024-02-26,S3,Apparel,0,79.0
2024-02-27,S3,Apparel,0,79.0
2024-02-28,S3,Apparel,0,99.0
2024-02-29,S3,Apparel,0,106.0
2024-03-01,S3,Apparel,0,137.0
2024-03-02,S3,Apparel,0,133.0
2024-03-03,S3,Apparel,0,131.0
2024-03-04,S3,Apparel,0,129.0
2024-03-05,S3,Apparel,0,125.0
2024-03-06,S3,Apparel,0,115.0
2024-03-07,S3,Apparel,0,90.0
2024-03-08,S3,Apparel,0,115.0
2024-03-09,S3,Apparel,0,156.0
2024-03-10,S3,Apparel,0,161.0
2024-03-11,S3,Apparel,0,127.0
2024-03-12,S3,Apparel,0,117.0
2024-03-13,S3,Apparel,0,124.0
2024-03-14,S3,Apparel,0,105.0
2024-03-15,S3,Apparel,0,151.0
2024-03-16,S3,Apparel,0,137.0
2024-03-17,S3,Apparel,0,143.0
2024-03-18,S3,Apparel,0,111.0
2024-03-19,S3,Apparel,0,135.0
2024-03-20,S3,Apparel,0,114.0
2024-03-21,S3,Apparel,0,113.0
2024-03-22,S3,Apparel,0,134.0
2024-03-23,S3,Apparel,0,163.0
2024-03-24,S3,Apparel,0,158.0
2024-03-25,S3,Apparel,0,120.0
2024-03-26,S3,Apparel,0,140.0
2024-03-27,S3,Apparel,0,114.0
2024-03-28,S3,Apparel,0,132.0
2024-03-29,S3,Apparel,0,114.0
2024-03-30,S3,Apparel,0,166.0
2024-03-31,S3,Apparel,0,125.0
2024-04-01,S3,Apparel,0,129.0
2024-04-02,S3,Apparel,0,140.0
2024-04-03,S3,Apparel,0,173.0
2024-04-04,S3,Apparel,0,119.0
2024-04-05,S3,Apparel,0,146.0
2024-04-06,S3,Apparel,0,176.0
2024-04-07,S3,Apparel,0,179.0
2024-04-08,S3,Apparel,0,118.0
2024-04-09,S3,Apparel,0,148.0
2024-04-10,S3,Apparel,0,112.0
2024-04-11,S3,Apparel,0,143.0
2024-04-12,S3,Apparel,0,137.0
2024-04-13,S3,Apparel,0,166.0
2024-04-14,S3,Apparel,0,171.0
2024-04-15,S3,Apparel,0,132.0
2024-04-16,S3,Apparel,0,152.0
2024-04-17,S3,Apparel,0,169.0
2024-04-18,S3,Apparel,0,128.0
2024-04-19,S3,Apparel,0,123.0
2024-04-20,S3,Apparel,0,161.0
2024-04-21,S3,Apparel,0,194.0
2024-04-22,S3,Apparel,0,173.0
2024-04-23,S3,Apparel,0,152.0
2024-04-24,S3,Apparel,0,134.0
2024-04-25,S3,Apparel,0,172.0
2024-04-26,S3,Apparel,0,220.0
2024-04-27,S3,Apparel,0,160.0
2024-04-28,S3,Apparel,0,193.0
2024-04-29,S3,Apparel,0,148.0
2024-04-30,S3,Apparel,0,154.0
2024-05-01,S3,Apparel,0,183.0
2024-05-02,S3,Apparel,1,199.0
2024-05-03,S3,Apparel,1,273.0
2024-05-04,S3,Apparel,1,186.0
2024-05-05,S3,Apparel,1,317.0
2024-05-06,S3,Apparel,1,197.0
2024-05-07,S3,Apparel,1,201.0
2024-05-08,S3,Apparel,1,206.0
2024-05-09,S3,Apparel,1,169.0
2024-05-10,S3,Apparel,0,143.0
2024-05-11,S3,Apparel,0,200.0
2024-05-12,S3,Apparel,0,224.0
2024-05-13,S3,Apparel,1,215.0
2024-05-14,S3,Apparel,1,326.0
2024-05-15,S3,Apparel,1,221.0
2024-05-16,S3,Apparel,1,277.0
2024-05-17,S3,Apparel,1,220.0
2024-05-18,S3,Apparel,1,268.0
2024-05-19,S3,Apparel,1,231.0
2024-05-20,S3,Apparel,1,174.0
2024-05-21,S3,Apparel,1,252.0
2024-05-22,S3,Apparel,1,255.0
2024-05-23,S3,Apparel,1,230.0
2024-05-24,S3,Apparel,1,307.0
2024-05-25,S3,Apparel,1,251.0
2024-05-26,S3,Apparel,0,138.0
2024-05-27,S3,Apparel,0,151.0
2024-05-28,S3,Apparel,0,197.0
2024-05-29,S3,Apparel,0,185.0
2024-05-30,S3,Apparel,0,188.0
2024-05-31,S3,Apparel,1,285.0
2024-06-01,S3,Apparel,1,236.0
2024-06-02,S3,Apparel,1,245.0
2024-06-03,S3,Apparel,1,286.0
2024-06-04,S3,Apparel,1,238.0
2024-06-05,S3,Apparel,1,227.0
2024-06-06,S3,Apparel,1,255.0
2024-06-07,S3,Apparel,1,284.0
2024-06-08,S3,Apparel,1,242.0
2024-06-09,S3,Apparel,0,174.0
2024-06-10,S3,Apparel,0,124.0
2024-06-11,S3,Apparel,0,151.0
2024-06-12,S3,Apparel,0,181.0
2024-06-13,S3,Apparel,0,192.0
2024-06-14,S3,Apparel,0,172.0
2024-06-15,S3,Apparel,0,225.0
2024-06-16,S3,Apparel,0,232.0
2024-06-17,S3,Apparel,0,234.0
2024-06-18,S3,Apparel,0,149.0
2024-06-19,S3,Apparel,0,182.0
2024-06-20,S3,Apparel,0,199.0
2024-06-21,S3,Apparel,0,163.0
2024-06-22,S3,Apparel,0,186.0
2024-06-23,S3,Apparel,0,145.0
2024-06-24,S3,Apparel,0,241.0
2024-06-25,S3,Apparel,0,160.0
2024-06-26,S3,Apparel,0,170.0
2024-06-27,S3,Apparel,0,134.0
2024-06-28,S3,Apparel,0,252.0
2024-06-29,S3,Apparel,0,226.0
2024-06-30,S3,Apparel,0,200.0
2024-07-01,S3,Apparel,0,144.0
2024-07-02,S3,Apparel,0,137.0
2024-07-03,S3,Apparel,0,162.0
2024-07-04,S3,Apparel,0,154.0
2024-07-05,S3,Apparel,0,226.0
2024-07-06,S3,Apparel,0,182.0
2024-07-07,S3,Apparel,0,230.0
2024-07-08,S3,Apparel,0,167.0
2024-07-09,S3,Apparel,0,197.0
2024-07-10,S3,Apparel,0,182.0
2024-07-11,S3,Apparel,0,166.0
2024-07-12,S3,Apparel,0,162.0
2024-07-13,S3,Apparel,0,158.0
2024-07-14,S3,Apparel,0,169.0
2024-07-15,S3,Apparel,0,175.0
2024-07-16,S3,Apparel,0,207.0
2024-07-17,S3,Apparel,0,174.0
2024-07-18,S3,Apparel,0,202.0
2024-07-19,S3,Apparel,0,171.0
2024-07-20,S3,Apparel,0,220.0
2024-07-21,S3,Apparel,0,232.0
2024-07-22,S3,Apparel,0,181.0
2024-07-23,S3,Apparel,0,159.0
2024-07-24,S3,Apparel,0,150.0
2024-07-25,S3,Apparel,0,193.0
2024-07-26,S3,Apparel,0,136.0
2024-07-27,S3,Apparel,0,204.0
2024-07-28,S3,Apparel,0,199.0
2024-07-29,S3,Apparel,0,188.0
2024-07-30,S3,Apparel,0,200.0
2024-07-31,S3,Apparel,0,142.0
2024-08-01,S3,Apparel,0,193.0
2024-08-02,S3,Apparel,0,128.0
2024-08-03,S3,Apparel,0,171.0
2024-08-04,S3,Apparel,0,206.0
2024-08-05,S3,Apparel,0,169.0
2024-08-06,S3,Apparel,0,169.0
2024-08-07,S3,Apparel,0,170.0
2024-08-08,S3,Apparel,0,118.0
2024-08-09,S3,Apparel,0,191.0
2024-08-10,S3,Apparel,0,155.0
2024-08-11,S3,Apparel,0,144.0
2024-08-12,S3,Apparel,0,154.0
2024-08-13,S3,Apparel,0,160.0
2024-08-14,S3,Apparel,0,140.0
2024-08-15,S3,Apparel,0,196.0
2024-08-16,S3,Apparel,0,146.0
2024-08-17,S3,Apparel,0,176.0
2024-08-18,S3,Apparel,0,161.0
2024-08-19,S3,Apparel,0,175.0
2024-08-20,S3,Apparel,0,152.0
2024-08-21,S3,Apparel,0,204.0
2024-08-22,S3,Apparel,0,144.0
2024-08-23,S3,Apparel,0,172.0
2024-08-24,S3,Apparel,0,211.0
2024-08-25,S3,Apparel,0,164.0
2024-08-26,S3,Apparel,0,157.0
2024-08-27,S3,Apparel,0,118.0
2024-08-28,S3,Apparel,0,203.0
2024-08-29,S3,Apparel,0,139.0
2024-08-30,S3,Apparel,0,102.0
2024-08-31,S3,Apparel,0,170.0
2024-09-01,S3,Apparel,0,193.0
2024-09-02,S3,Apparel,0,116.0
2024-09-03,S3,Apparel,0,157.0
2024-09-04,S3,Apparel,0,94.0
2024-09-05,S3,Apparel,0,156.0
2024-09-06,S3,Apparel,0,142.0
2024-09-07,S3,Apparel,0,91.0
2024-09-08,S3,Apparel,0,156.0
2024-09-09,S3,Apparel,0,87.0
2024-09-10,S3,Apparel,0,121.0
2024-09-11,S3,Apparel,0,141.0
2024-09-12,S3,Apparel,0,130.0
2024-09-13,S3,Apparel,0,142.0
2024-09-14,S3,Apparel,0,82.0
2024-09-15,S3,Apparel,0,135.0
2024-09-16,S3,Apparel,0,134.0
2024-09-17,S3,Apparel,1,220.0
2024-09-18,S3,Apparel,1,154.0
2024-09-19,S3,Apparel,1,229.0
2024-09-20,S3,Apparel,1,164.0
2024-09-21,S3,Apparel,1,220.0
2024-09-22,S3,Apparel,0,127.0
2024-09-23,S3,Apparel,0,120.0
2024-09-24,S3,Apparel,0,155.0
2024-09-25,S3,Apparel,0,123.0
2024-09-26,S3,Apparel,0,127.0
2024-09-27,S3,Apparel,0,123.0
2024-09-28,S3,Apparel,0,103.0
2024-09-29,S3,Apparel,0,124.0
2024-09-30,S3,Apparel,0,84.0
2024-10-01,S3,Apparel,0,118.0
2024-10-02,S3,Apparel,0,104.0
2024-10-03,S3,Apparel,0,102.0
2024-10-04,S3,Apparel,0,126.0
2024-10-05,S3,Apparel,0,111.0
2024-10-06,S3,Apparel,0,111.0
2024-10-07,S3,Apparel,0,102.0
2024-10-08,S3,Apparel,0,115.0
2024-10-09,S3,Apparel,0,91.0
2024-10-10,S3,Apparel,0,93.0
2024-10-11,S3,Apparel,0,159.0
2024-10-12,S3,Apparel,0,116.0
2024-10-13,S3,Apparel,0,120.0
2024-10-14,S3,Apparel,0,94.0
2024-10-15,S3,Apparel,0,96.0
2024-10-16,S3,Apparel,0,53.0
2024-10-17,S3,Apparel,0,79.0
2024-10-18,S3,Apparel,0,93.0
2024-10-19,S3,Apparel,0,92.0
2024-10-20,S3,Apparel,0,128.0
2024-10-21,S3,Apparel,0,98.0
2024-10-22,S3,Apparel,0,98.0
2024-10-23,S3,Apparel,0,115.0
2024-10-24,S3,Apparel,0,108.0
2024-10-25,S3,Apparel,0,98.0
2024-10-26,S3,Apparel,0,122.0
2024-10-27,S3,Apparel,0,73.0
2024-10-28,S3,Apparel,0,95.0
2024-10-29,S3,Apparel,0,70.0
2024-10-30,S3,Apparel,0,127.0
2024-10-31,S3,Apparel,0,114.0
2024-11-01,S3,Apparel,0,107.0
2024-11-02,S3,Apparel,0,87.0
2024-11-03,S3,Apparel,0,120.0
2024-11-04,S3,Apparel,0,131.0
2024-11-05,S3,Apparel,0,118.0
2024-11-06,S3,Apparel,0,94.0
2024-11-07,S3,Apparel,0,108.0
2024-11-08,S3,Apparel,0,79.0
2024-11-09,S3,Apparel,0,101.0
2024-11-10,S3,Apparel,0,92.0
2024-11-11,S3,Apparel,0,93.0
2024-11-12,S3,Apparel,0,127.0
2024-11-13,S3,Apparel,0,98.0
2024-11-14,S3,Apparel,1,130.0
2024-11-15,S3,Apparel,1,133.0
2024-11-16,S3,Apparel,1,153.0
2024-11-17,S3,Apparel,1,105.0
2024-11-18,S3,Apparel,1,108.0
2024-11-19,S3,Apparel,0,99.0
2024-11-20,S3,Apparel,0,125.0
2024-11-21,S3,Apparel,0,111.0
2024-11-22,S3,Apparel,0,112.0
2024-11-23,S3,Apparel,0,109.0
2024-11-24,S3,Apparel,0,89.0
2024-11-25,S3,Apparel,0,146.0
2024-11-26,S3,Apparel,0,140.0
2024-11-27,S3,Apparel,0,120.0
2024-11-28,S3,Apparel,0,118.0
2024-11-29,S3,Apparel,0,109.0
2024-11-30,S3,Apparel,0,126.0
2024-12-01,S3,Apparel,0,140.0
2024-12-02,S3,Apparel,0,123.0
2024-12-03,S3,Apparel,0,137.0
2024-12-04,S3,Apparel,0,99.0
2024-12-05,S3,Apparel,0,138.0
2024-12-06,S3,Apparel,0,125.0
2024-12-07,S3,Apparel,0,167.0
2024-12-08,S3,Apparel,0,142.0
2024-12-09,S3,Apparel,0,97.0
2024-12-10,S3,Apparel,0,113.0
2024-12-11,S3,Apparel,0,88.0
2024-12-12,S3,Apparel,0,117.0
2024-12-13,S3,Apparel,0,111.0
2024-12-14,S3,Apparel,0,158.0
2024-12-15,S3,Apparel,0,100.0
2024-12-16,S3,Apparel,0,96.0
2024-12-17,S3,Apparel,0,101.0
2024-12-18,S3,Apparel,0,69.0
2024-12-19,S3,Apparel,0,96.0
2024-12-20,S3,Apparel,0,91.0
2024-12-21,S3,Apparel,0,111.0
2024-12-22,S3,Apparel,0,125.0
2024-12-23,S3,Apparel,0,76.0
2024-12-24,S3,Apparel,0,107.0
2024-12-25,S3,Apparel,0,58.0
2024-12-26,S3,Apparel,0,81.0
2024-12-27,S3,Apparel,0,86.0
2024-12-28,S3,Apparel,0,98.0
2024-12-29,S3,Apparel,0,99.0
2024-12-30,S3,Apparel,0,80.0
2024-12-31,S3,Apparel,0,75.0
2025-01-01,S3,Apparel,0,84.0
2025-01-02,S3,Apparel,0,70.0
2025-01-03,S3,Apparel,0,73.0
2025-01-04,S3,Apparel,0,83.0
2025-01-05,S3,Apparel,0,90.0
2025-01-06,S3,Apparel,0,67.0
2025-01-07,S3,Apparel,0,71.0
2025-01-08,S3,Apparel,0,81.0
2025-01-09,S3,Apparel,0,75.0
2025-01-10,S3,Apparel,0,77.0
2025-01-11,S3,Apparel,0,71.0
2025-01-12,S3,Apparel,0,74.0
2025-01-13,S3,Apparel,0,63.0
2025-01-14,S3,Apparel,0,90.0
2025-01-15,S3,Apparel,0,83.0
2025-01-16,S3,Apparel,0,82.0
2025-01-17,S3,Apparel,0,66.0
2025-01-18,S3,Apparel,0,99.0
2025-01-19,S3,Apparel,0,83.0
2025-01-20,S3,Apparel,0,90.0
2025-01-21,S3,Apparel,0,93.0
2025-01-22,S3,Apparel,0,62.0
2025-01-23,S3,Apparel,0,65.0
2025-01-24,S3,Apparel,0,87.0
2025-01-25,S3,Apparel,0,98.0
2025-01-26,S3,Apparel,0,91.0
2025-01-27,S3,Apparel,0,100.0
2025-01-28,S3,Apparel,0,79.0
2025-01-29,S3,Apparel,0,89.0
2025-01-30,S3,Apparel,0,92.0
2025-01-31,S3,Apparel,0,86.0
2025-02-01,S3,Apparel,0,70.0
2025-02-02,S3,Apparel,0,82.0
2025-02-03,S3,Apparel,0,106.0
2025-02-04,S3,Apparel,0,71.0
2025-02-05,S3,Apparel,0,103.0
2025-02-06,S3,Apparel,0,108.0
2025-02-07,S3,Apparel,0,81.0
2025-02-08,S3,Apparel,0,95.0
2025-02-09,S3,Apparel,0,95.0
2025-02-10,S3,Apparel,0,126.0
2025-02-11,S3,Apparel,0,69.0
2025-02-12,S3,Apparel,0,115.0
2025-02-13,S3,Apparel,0,106.0
2025-02-14,S3,Apparel,0,115.0
2025-02-15,S3,Apparel,0,111.0
2025-02-16,S3,Apparel,0,128.0
2025-02-17,S3,Apparel,0,113.0
2025-02-18,S3,Apparel,0,65.0
2025-02-19,S3,Apparel,0,96.0
2025-02-20,S3,Apparel,0,84.0
2025-02-21,S3,Apparel,0,120.0
2025-02-22,S3,Apparel,0,94.0
2025-02-23,S3,Apparel,0,109.0
2025-02-24,S3,Apparel,0,101.0
2025-02-25,S3,Apparel,0,118.0
2025-02-26,S3,Apparel,0,104.0
2025-02-27,S3,Apparel,0,108.0
2025-02-28,S3,Apparel,0,115.0
2025-03-01,S3,Apparel,0,123.0
2025-03-02,S3,Apparel,0,127.0
2025-03-03,S3,Apparel,0,81.0
2025-03-04,S3,Apparel,0,119.0
2025-03-05,S3,Apparel,0,106.0
2025-03-06,S3,Apparel,0,111.0
2025-03-07,S3,Apparel,0,113.0
2025-03-08,S3,Apparel,0,147.0
2025-03-09,S3,Apparel,0,135.0
2025-03-10,S3,Apparel,0,157.0
2025-03-11,S3,Apparel,0,111.0
2025-03-12,S3,Apparel,0,140.0
2025-03-13,S3,Apparel,0,130.0
2025-03-14,S3,Apparel,0,139.0
2025-03-15,S3,Apparel,0,152.0
2025-03-16,S3,Apparel,0,134.0
2025-03-17,S3,Apparel,0,126.0
2025-03-18,S3,Apparel,0,122.0
2025-03-19,S3,Apparel,0,181.0
2025-03-20,S3,Apparel,0,125.0
2025-03-21,S3,Apparel,0,170.0
2025-03-22,S3,Apparel,0,134.0
2025-03-23,S3,Apparel,0,152.0
2025-03-24,S3,Apparel,0,144.0
2025-03-25,S3,Apparel,0,142.0
2025-03-26,S3,Apparel,0,112.0
2025-03-27,S3,Apparel,0,162.0
2025-03-28,S3,Apparel,0,151.0
2025-03-29,S3,Apparel,0,163.0
2025-03-30,S3,Apparel,0,184.0
2025-03-31,S3,Apparel,0,117.0
2025-04-01,S3,Apparel,0,162.0
2025-04-02,S3,Apparel,0,150.0
2025-04-03,S3,Apparel,0,132.0
2025-04-04,S3,Apparel,0,140.0
2025-04-05,S3,Apparel,0,188.0
2025-04-06,S3,Apparel,0,113.0
2025-04-07,S3,Apparel,0,137.0
2025-04-08,S3,Apparel,0,171.0
2025-04-09,S3,Apparel,0,153.0
2025-04-10,S3,Apparel,0,134.0
2025-04-11,S3,Apparel,0,162.0
2025-04-12,S3,Apparel,0,207.0
2025-04-13,S3,Apparel,0,135.0
2025-04-14,S3,Apparel,0,191.0
2025-04-15,S3,Apparel,0,146.0
2025-04-16,S3,Apparel,1,191.0
2025-04-17,S3,Apparel,1,178.0
2025-04-18,S3,Apparel,1,218.0
2025-04-19,S3,Apparel,1,283.0
2025-04-20,S3,Apparel,1,289.0
2025-04-21,S3,Apparel,0,181.0
2025-04-22,S3,Apparel,0,170.0
2025-04-23,S3,Apparel,0,118.0
2025-04-24,S3,Apparel,0,202.0
2025-04-25,S3,Apparel,0,194.0
2025-04-26,S3,Apparel,0,204.0
2025-04-27,S3,Apparel,0,179.0
2025-04-28,S3,Apparel,0,162.0
2025-04-29,S3,Apparel,0,133.0
2025-04-30,S3,Apparel,0,176.0
2025-05-01,S3,Apparel,0,233.0
2025-05-02,S3,Apparel,0,179.0
2025-05-03,S3,Apparel,0,214.0
2025-05-04,S3,Apparel,0,117.0
2025-05-05,S3,Apparel,0,173.0
2025-05-06,S3,Apparel,0,156.0
2025-05-07,S3,Apparel,0,154.0
2025-05-08,S3,Apparel,0,142.0
2025-05-09,S3,Apparel,0,206.0
2025-05-10,S3,Apparel,0,202.0
2025-05-11,S3,Apparel,0,190.0
2025-05-12,S3,Apparel,0,169.0
2025-05-13,S3,Apparel,0,183.0
2025-05-14,S3,Apparel,0,161.0
2025-05-15,S3,Apparel,0,132.0
2025-05-16,S3,Apparel,0,191.0
2025-05-17,S3,Apparel,0,264.0
2025-05-18,S3,Apparel,0,271.0
2025-05-19,S3,Apparel,0,182.0
2025-05-20,S3,Apparel,0,219.0
2025-05-21,S3,Apparel,0,189.0
2025-05-22,S3,Apparel,0,239.0
2025-05-23,S3,Apparel,0,224.0
2025-05-24,S3,Apparel,0,227.0
2025-05-25,S3,Apparel,0,230.0
2025-05-26,S3,Apparel,0,155.0
2025-05-27,S3,Apparel,0,192.0
2025-05-28,S3,Apparel,0,226.0
2025-05-29,S3,Apparel,0,161.0
2025-05-30,S3,Apparel,0,168.0
2025-05-31,S3,Apparel,0,197.0
2025-06-01,S3,Apparel,0,200.0
2025-06-02,S3,Apparel,0,197.0
2025-06-03,S3,Apparel,1,317.0
2025-06-04,S3,Apparel,1,256.0
2025-06-05,S3,Apparel,1,332.0
2025-06-06,S3,Apparel,1,274.0
2025-06-07,S3,Apparel,1,307.0
2025-06-08,S3,Apparel,0,213.0
2025-06-09,S3,Apparel,0,223.0
2025-06-10,S3,Apparel,0,173.0
2025-06-11,S3,Apparel,0,258.0
2025-06-12,S3,Apparel,0,239.0
2025-06-13,S3,Apparel,0,251.0
2025-06-14,S3,Apparel,0,248.0
2025-06-15,S3,Apparel,0,212.0
2025-06-16,S3,Apparel,0,196.0
2025-06-17,S3,Apparel,0,180.0
2025-06-18,S3,Apparel,0,202.0
2025-06-19,S3,Apparel,0,216.0
2025-06-20,S3,Apparel,0,174.0
2025-06-21,S3,Apparel,0,244.0
2025-06-22,S3,Apparel,0,183.0
2025-06-23,S3,Apparel,0,151.0
2025-06-24,S3,Apparel,0,189.0
2025-06-25,S3,Apparel,0,205.0
2025-06-26,S3,Apparel,0,220.0
2025-06-27,S3,Apparel,0,148.0
2025-06-28,S3,Apparel,0,247.0
2025-06-29,S3,Apparel,0,133.0
2025-06-30,S3,Apparel,0,195.0
2025-07-01,S3,Apparel,0,157.0
2025-07-02,S3,Apparel,0,171.0
2025-07-03,S3,Apparel,0,189.0
2025-07-04,S3,Apparel,0,257.0
2025-07-05,S3,Apparel,0,237.0
2025-07-06,S3,Apparel,0,213.0
2025-07-07,S3,Apparel,0,236.0
2025-07-08,S3,Apparel,0,236.0
2025-07-09,S3,Apparel,0,181.0
2025-07-10,S3,Apparel,0,182.0
2025-07-11,S3,Apparel,1,257.0
2025-07-12,S3,Apparel,1,369.0
2025-07-13,S3,Apparel,1,279.0
2025-07-14,S3,Apparel,1,239.0
2025-07-15,S3,Apparel,1,245.0
2025-07-16,S3,Apparel,0,193.0
2025-07-17,S3,Apparel,0,276.0
2025-07-18,S3,Apparel,0,187.0
2025-07-19,S3,Apparel,0,169.0
2025-07-20,S3,Apparel,0,183.0
2025-07-21,S3,Apparel,0,254.0
2025-07-22,S3,Apparel,0,213.0
2025-07-23,S3,Apparel,0,180.0
2025-07-24,S3,Apparel,0,191.0
2025-07-25,S3,Apparel,0,180.0
2025-07-26,S3,Apparel,0,213.0
2025-07-27,S3,Apparel,0,238.0
2025-07-28,S3,Apparel,0,229.0
2025-07-29,S3,Apparel,0,183.0
2025-07-30,S3,Apparel,0,140.0
2025-07-31,S3,Apparel,1,190.0
2025-08-01,S3,Apparel,1,271.0
2025-08-02,S3,Apparel,1,209.0
2025-08-03,S3,Apparel,1,218.0
2025-08-04,S3,Apparel,1,287.0
2025-08-05,S3,Apparel,0,232.0
2025-08-06,S3,Apparel,0,217.0
2025-08-07,S3,Apparel,0,211.0
2025-08-08,S3,Apparel,0,174.0
2025-08-09,S3,Apparel,0,156.0
2025-08-10,S3,Apparel,0,237.0
2025-08-11,S3,Apparel,0,148.0
2025-08-12,S3,Apparel,1,262.0
2025-08-13,S3,Apparel,1,177.0
2025-08-14,S3,Apparel,1,225.0
2025-08-15,S3,Apparel,1,273.0
2025-08-16,S3,Apparel,1,249.0
2025-08-17,S3,Apparel,0,203.0
2025-08-18,S3,Apparel,0,180.0
2025-08-19,S3,Apparel,0,173.0
2025-08-20,S3,Apparel,0,210.0
2025-08-21,S3,Apparel,0,174.0
2025-08-22,S3,Apparel,0,249.0
2025-08-23,S3,Apparel,0,179.0
2025-08-24,S3,Apparel,0,174.0
2025-08-25,S3,Apparel,0,186.0
2025-08-26,S3,Apparel,0,146.0
2025-08-27,S3,Apparel,0,161.0
2025-08-28,S3,Apparel,0,189.0
2025-08-29,S3,Apparel,0,165.0
2025-08-30,S3,Apparel,0,161.0
2025-08-31,S3,Apparel,0,158.0
2025-09-01,S3,Apparel,0,158.0
2025-09-02,S3,Apparel,0,119.0
2025-09-03,S3,Apparel,0,159.0
2025-09-04,S3,Apparel,0,164.0
2025-09-05,S3,Apparel,0,126.0
2025-09-06,S3,Apparel,0,142.0
2025-09-07,S3,Apparel,0,159.0
2025-09-08,S3,Apparel,0,98.0
2025-09-09,S3,Apparel,0,136.0
2025-09-10,S3,Apparel,0,150.0
2025-09-11,S3,Apparel,0,145.0
2025-09-12,S3,Apparel,0,164.0
2025-09-13,S3,Apparel,0,205.0
2025-09-14,S3,Apparel,0,128.0
2025-09-15,S3,Apparel,0,144.0
2025-09-16,S3,Apparel,0,136.0
2025-09-17,S3,Apparel,0,118.0
2025-09-18,S3,Apparel,0,152.0
2025-09-19,S3,Apparel,0,146.0
2025-09-20,S3,Apparel,0,156.0
2025-09-21,S3,Apparel,0,148.0
2025-09-22,S3,Apparel,1,187.0
2025-09-23,S3,Apparel,1,151.0
2025-09-24,S3,Apparel,1,205.0
2025-09-25,S3,Apparel,1,145.0
2025-09-26,S3,Apparel,1,184.0
2025-09-27,S3,Apparel,0,126.0
2025-09-28,S3,Apparel,0,142.0
2025-09-29,S3,Apparel,0,142.0
2025-09-30,S3,Apparel,0,138.0
2025-10-01,S3,Apparel,0,129.0
2025-10-02,S3,Apparel,0,131.0
2025-10-03,S3,Apparel,0,155.0
2025-10-04,S3,Apparel,0,147.0
2025-10-05,S3,Apparel,0,127.0
2025-10-06,S3,Apparel,0,110.0
2025-10-07,S3,Apparel,1,126.0
2025-10-08,S3,Apparel,1,161.0
2025-10-09,S3,Apparel,1,173.0
2025-10-10,S3,Apparel,1,181.0
2025-10-11,S3,Apparel,1,246.0
2025-10-12,S3,Apparel,0,108.0
2025-10-13,S3,Apparel,0,121.0
2025-10-14,S3,Apparel,0,147.0
2025-10-15,S3,Apparel,0,90.0
2025-10-16,S3,Apparel,0,88.0
2025-10-17,S3,Apparel,0,132.0
2025-10-18,S3,Apparel,0,96.0
2025-10-19,S3,Apparel,0,146.0
2025-10-20,S3,Apparel,0,88.0
2025-10-21,S3,Apparel,0,101.0
2025-10-22,S3,Apparel,0,113.0
2025-10-23,S3,Apparel,0,102.0
2025-10-24,S3,Apparel,0,106.0
2025-10-25,S3,Apparel,0,138.0
2025-10-26,S3,Apparel,1,161.0
2025-10-27,S3,Apparel,1,129.0
2025-10-28,S3,Apparel,1,142.0
2025-10-29,S3,Apparel,1,135.0
2025-10-30,S3,Apparel,1,137.0
2025-10-31,S3,Apparel,0,133.0
2025-11-01,S3,Apparel,0,113.0
2025-11-02,S3,Apparel,0,96.0
2025-11-03,S3,Apparel,0,86.0
2025-11-04,S3,Apparel,0,114.0
2025-11-05,S3,Apparel,0,99.0
2025-11-06,S3,Apparel,0,75.0
2025-11-07,S3,Apparel,0,81.0
2025-11-08,S3,Apparel,0,104.0
2025-11-09,S3,Apparel,0,100.0
2025-11-10,S3,Apparel,0,83.0
2025-11-11,S3,Apparel,0,74.0
2025-11-12,S3,Apparel,0,108.0
2025-11-13,S3,Apparel,0,99.0
2025-11-14,S3,Apparel,0,92.0
2025-11-15,S3,Apparel,0,109.0
2025-11-16,S3,Apparel,0,89.0
2025-11-17,S3,Apparel,0,109.0
2025-11-18,S3,Apparel,0,137.0
2025-11-19,S3,Apparel,0,91.0
2025-11-20,S3,Apparel,0,124.0
2025-11-21,S3,Apparel,0,92.0
2025-11-22,S3,Apparel,0,115.0
2025-11-23,S3,Apparel,0,164.0
2025-11-24,S3,Apparel,0,95.0
2025-11-25,S3,Apparel,0,101.0
2025-11-26,S3,Apparel,0,115.0
2025-11-27,S3,Apparel,0,116.0
2025-11-28,S3,Apparel,0,102.0
2025-11-29,S3,Apparel,0,191.0
2025-11-30,S3,Apparel,0,171.0
2025-12-01,S3,Apparel,0,119.0
2025-12-02,S3,Apparel,0,133.0
2025-12-03,S3,Apparel,0,125.0
2025-12-04,S3,Apparel,0,116.0
2025-12-05,S3,Apparel,0,123.0
2025-12-06,S3,Apparel,0,102.0
2025-12-07,S3,Apparel,0,134.0
2025-12-08,S3,Apparel,0,104.0
2025-12-09,S3,Apparel,0,114.0
2025-12-10,S3,Apparel,0,115.0
2025-12-11,S3,Apparel,0,118.0
2025-12-12,S3,Apparel,0,144.0
2025-12-13,S3,Apparel,0,129.0
2025-12-14,S3,Apparel,0,105.0
2025-12-15,S3,Apparel,0,127.0
2025-12-16,S3,Apparel,0,148.0
2025-12-17,S3,Apparel,0,109.0
2025-12-18,S3,Apparel,0,131.0
2025-12-19,S3,Apparel,0,117.0
2025-12-20,S3,Apparel,0,95.0
2025-12-21,S3,Apparel,0,157.0
2025-12-22,S3,Apparel,0,98.0
2025-12-23,S3,Apparel,0,110.0
2025-12-24,S3,Apparel,0,89.0
2025-12-25,S3,Apparel,0,101.0
2025-12-26,S3,Apparel,0,89.0
2025-12-27,S3,Apparel,0,68.0
2025-12-28,S3,Apparel,0,82.0
2025-12-29,S3,Apparel,0,89.0
2025-12-30,S3,Apparel,0,91.0
2023-01-01,S3,Electronics,0,71.0
2023-01-02,S3,Electronics,0,42.0
2023-01-03,S3,Electronics,0,32.0
2023-01-04,S3,Electronics,0,57.0
2023-01-05,S3,Electronics,0,59.0
2023-01-06,S3,Electronics,0,41.0
2023-01-07,S3,Electronics,0,34.0
2023-01-08,S3,Electronics,0,53.0
2023-01-09,S3,Electronics,0,47.0
2023-01-10,S3,Electronics,0,61.0
2023-01-11,S3,Electronics,0,47.0
2023-01-12,S3,Electronics,0,46.0
2023-01-13,S3,Electronics,0,27.0
2023-01-14,S3,Electronics,0,69.0
2023-01-15,S3,Electronics,0,39.0
2023-01-16,S3,Electronics,0,60.0
2023-01-17,S3,Electronics,0,55.0
2023-01-18,S3,Electronics,0,71.0
2023-01-19,S3,Electronics,0,34.0
2023-01-20,S3,Electronics,0,55.0
2023-01-21,S3,Electronics,0,62.0
2023-01-22,S3,Electronics,0,46.0
2023-01-23,S3,Electronics,0,46.0
2023-01-24,S3,Electronics,0,45.0
2023-01-25,S3,Electronics,0,64.0
2023-01-26,S3,Electronics,0,70.0
2023-01-27,S3,Electronics,0,44.0
2023-01-28,S3,Electronics,0,58.0
2023-01-29,S3,Electronics,0,55.0
2023-01-30,S3,Electronics,0,62.0
2023-01-31,S3,Electronics,0,28.0
2023-02-01,S3,Electronics,0,61.0
2023-02-02,S3,Electronics,0,45.0
2023-02-03,S3,Electronics,0,51.0
2023-02-04,S3,Electronics,0,84.0
2023-02-05,S3,Electronics,0,64.0
2023-02-06,S3,Electronics,0,73.0
2023-02-07,S3,Electronics,0,59.0
2023-02-08,S3,Electronics,0,60.0
2023-02-09,S3,Electronics,0,55.0
2023-02-10,S3,Electronics,0,76.0
2023-02-11,S3,Electronics,0,57.0
2023-02-12,S3,Electronics,0,58.0
2023-02-13,S3,Electronics,0,54.0
2023-02-14,S3,Electronics,0,63.0
2023-02-15,S3,Electronics,0,65.0
2023-02-16,S3,Electronics,0,34.0
2023-02-17,S3,Electronics,0,59.0
2023-02-18,S3,Electronics,0,73.0
2023-02-19,S3,Electronics,0,76.0
2023-02-20,S3,Electronics,0,70.0
2023-02-21,S3,Electronics,0,49.0
2023-02-22,S3,Electronics,0,42.0
2023-02-23,S3,Electronics,0,65.0
2023-02-24,S3,Electronics,0,73.0
2023-02-25,S3,Electronics,1,116.0
2023-02-26,S3,Electronics,1,122.0
2023-02-27,S3,Electronics,1,70.0
2023-02-28,S3,Electronics,1,43.0
2023-03-01,S3,Electronics,1,105.0
2023-03-02,S3,Electronics,0,45.0
2023-03-03,S3,Electronics,0,58.0
2023-03-04,S3,Electronics,0,97.0
2023-03-05,S3,Electronics,0,55.0
2023-03-06,S3,Electronics,0,54.0
2023-03-07,S3,Electronics,0,83.0
2023-03-08,S3,Electronics,0,68.0
2023-03-09,S3,Electronics,0,86.0
2023-03-10,S3,Electronics,0,72.0
2023-03-11,S3,Electronics,0,77.0
2023-03-12,S3,Electronics,0,62.0
2023-03-13,S3,Electronics,0,62.0
2023-03-14,S3,Electronics,0,58.0
2023-03-15,S3,Electronics,0,70.0
2023-03-16,S3,Electronics,0,48.0
2023-03-17,S3,Electronics,0,77.0
2023-03-18,S3,Electronics,0,71.0
2023-03-19,S3,Electronics,0,61.0
2023-03-20,S3,Electronics,0,65.0
2023-03-21,S3,Electronics,0,62.0
2023-03-22,S3,Electronics,0,88.0
2023-03-23,S3,Electronics,0,70.0
2023-03-24,S3,Electronics,0,93.0
2023-03-25,S3,Electronics,0,79.0
2023-03-26,S3,Electronics,0,123.0
2023-03-27,S3,Electronics,0,46.0
2023-03-28,S3,Electronics,0,67.0
2023-03-29,S3,Electronics,0,73.0
2023-03-30,S3,Electronics,1,148.0
2023-03-31,S3,Electronics,1,91.0
2023-04-01,S3,Electronics,1,141.0
2023-04-02,S3,Electronics,1,128.0
2023-04-03,S3,Electronics,1,101.0
2023-04-04,S3,Electronics,0,89.0
2023-04-05,S3,Electronics,0,68.0
2023-04-06,S3,Electronics,0,66.0
2023-04-07,S3,Electronics,0,112.0
2023-04-08,S3,Electronics,1,113.0
2023-04-09,S3,Electronics,1,176.0
2023-04-10,S3,Electronics,1,93.0
2023-04-11,S3,Electronics,1,104.0
2023-04-12,S3,Electronics,1,118.0
2023-04-13,S3,Electronics,0,103.0
2023-04-14,S3,Electronics,0,82.0
2023-04-15,S3,Electronics,0,74.0
2023-04-16,S3,Electronics,0,102.0
2023-04-17,S3,Electronics,1,144.0
2023-04-18,S3,Electronics,1,105.0
2023-04-19,S3,Electronics,1,101.0
2023-04-20,S3,Electronics,1,119.0
2023-04-21,S3,Electronics,1,115.0
2023-04-22,S3,Electronics,1,94.0
2023-04-23,S3,Electronics,1,149.0
2023-04-24,S3,Electronics,1,150.0
2023-04-25,S3,Electronics,1,65.0
2023-04-26,S3,Electronics,0,78.0
2023-04-27,S3,Electronics,0,79.0
2023-04-28,S3,Electronics,0,61.0
2023-04-29,S3,Electronics,0,150.0
2023-04-30,S3,Electronics,0,80.0
2023-05-01,S3,Electronics,0,96.0
2023-05-02,S3,Electronics,0,79.0
2023-05-03,S3,Electronics,0,74.0
2023-05-04,S3,Electronics,0,134.0
2023-05-05,S3,Electronics,0,122.0
2023-05-06,S3,Electronics,0,121.0
2023-05-07,S3,Electronics,0,122.0
2023-05-08,S3,Electronics,0,111.0
2023-05-09,S3,Electronics,1,128.0
2023-05-10,S3,Electronics,1,143.0
2023-05-11,S3,Electronics,1,113.0
2023-05-12,S3,Electronics,1,132.0
2023-05-13,S3,Electronics,1,164.0
2023-05-14,S3,Electronics,0,89.0
2023-05-15,S3,Electronics,0,108.0
2023-05-16,S3,Electronics,0,108.0
2023-05-17,S3,Electronics,0,106.0
2023-05-18,S3,Electronics,0,80.0
2023-05-19,S3,Electronics,0,104.0
2023-05-20,S3,Electronics,0,145.0
2023-05-21,S3,Electronics,0,105.0
2023-05-22,S3,Electronics,0,94.0
2023-05-23,S3,Electronics,0,89.0
2023-05-24,S3,Electronics,0,76.0
2023-05-25,S3,Electronics,0,52.0
2023-05-26,S3,Electronics,0,131.0
2023-05-27,S3,Electronics,0,138.0
2023-05-28,S3,Electronics,0,122.0
2023-05-29,S3,Electronics,0,108.0
2023-05-30,S3,Electronics,0,105.0
2023-05-31,S3,Electronics,0,121.0
2023-06-01,S3,Electronics,0,129.0
2023-06-02,S3,Electronics,0,108.0
2023-06-03,S3,Electronics,0,121.0
2023-06-04,S3,Electronics,0,130.0
2023-06-05,S3,Electronics,0,91.0
2023-06-06,S3,Electronics,0,85.0
2023-06-07,S3,Electronics,0,89.0
2023-06-08,S3,Electronics,0,135.0
2023-06-09,S3,Electronics,0,133.0
2023-06-10,S3,Electronics,0,123.0
2023-06-11,S3,Electronics,0,111.0
2023-06-12,S3,Electronics,0,74.0
2023-06-13,S3,Electronics,0,99.0
2023-06-14,S3,Electronics,0,94.0
2023-06-15,S3,Electronics,0,116.0
2023-06-16,S3,Electronics,0,109.0
2023-06-17,S3,Electronics,0,137.0
2023-06-18,S3,Electronics,0,114.0
2023-06-19,S3,Electronics,1,170.0
2023-06-20,S3,Electronics,1,153.0
2023-06-21,S3,Electronics,1,163.0
2023-06-22,S3,Electronics,1,161.0
2023-06-23,S3,Electronics,1,132.0
2023-06-24,S3,Electronics,0,141.0
2023-06-25,S3,Electronics,0,124.0
2023-06-26,S3,Electronics,0,94.0
2023-06-27,S3,Electronics,0,108.0
2023-06-28,S3,Electronics,0,115.0
2023-06-29,S3,Electronics,0,71.0
2023-06-30,S3,Electronics,0,111.0
2023-07-01,S3,Electronics,0,107.0
2023-07-02,S3,Electronics,0,112.0
2023-07-03,S3,Electronics,0,86.0
2023-07-04,S3,Electronics,0,104.0
2023-07-05,S3,Electronics,0,127.0
2023-07-06,S3,Electronics,0,71.0
2023-07-07,S3,Electronics,0,94.0
2023-07-08,S3,Electronics,0,104.0
2023-07-09,S3,Electronics,0,110.0
2023-07-10,S3,Electronics,0,108.0
2023-07-11,S3,Electronics,0,137.0
2023-07-12,S3,Electronics,0,90.0
2023-07-13,S3,Electronics,0,53.0
2023-07-14,S3,Electronics,0,131.0
2023-07-15,S3,Electronics,1,153.0
2023-07-16,S3,Electronics,1,150.0
2023-07-17,S3,Electronics,1,115.0
2023-07-18,S3,Electronics,1,113.0
2023-07-19,S3,Electronics,1,113.0
2023-07-20,S3,Electronics,0,92.0
2023-07-21,S3,Electronics,0,115.0
2023-07-22,S3,Electronics,0,133.0
2023-07-23,S3,Electronics,0,106.0
2023-07-24,S3,Electronics,0,109.0
2023-07-25,S3,Electronics,0,114.0
2023-07-26,S3,Electronics,0,117.0
2023-07-27,S3,Electronics,0,92.0
2023-07-28,S3,Electronics,0,62.0
2023-07-29,S3,Electronics,0,114.0
2023-07-30,S3,Electronics,0,127.0
2023-07-31,S3,Electronics,0,108.0
2023-08-01,S3,Electronics,0,147.0
2023-08-02,S3,Electronics,0,110.0
2023-08-03,S3,Electronics,0,109.0
2023-08-04,S3,Electronics,0,98.0
2023-08-05,S3,Electronics,0,85.0
2023-08-06,S3,Electronics,0,153.0
2023-08-07,S3,Electronics,0,98.0
2023-08-08,S3,Electronics,0,72.0
2023-08-09,S3,Electronics,0,110.0
2023-08-10,S3,Electronics,0,94.0
2023-08-11,S3,Electronics,0,141.0
2023-08-12,S3,Electronics,0,113.0
2023-08-13,S3,Electronics,0,59.0
2023-08-14,S3,Electronics,0,95.0
2023-08-15,S3,Electronics,0,87.0
2023-08-16,S3,Electronics,0,88.0
2023-08-17,S3,Electronics,0,68.0
2023-08-18,S3,Electronics,0,116.0
2023-08-19,S3,Electronics,0,102.0
2023-08-20,S3,Electronics,0,108.0
2023-08-21,S3,Electronics,0,86.0
2023-08-22,S3,Electronics,0,71.0
2023-08-23,S3,Electronics,0,68.0
2023-08-24,S3,Electronics,0,93.0
2023-08-25,S3,Electronics,0,87.0
2023-08-26,S3,Electronics,0,117.0
2023-08-27,S3,Electronics,0,125.0
2023-08-28,S3,Electronics,0,99.0
2023-08-29,S3,Electronics,0,83.0
2023-08-30,S3,Electronics,0,76.0
2023-08-31,S3,Electronics,0,89.0
2023-09-01,S3,Electronics,0,91.0
2023-09-02,S3,Electronics,0,120.0
2023-09-03,S3,Electronics,0,90.0
2023-09-04,S3,Electronics,0,83.0
2023-09-05,S3,Electronics,0,81.0
2023-09-06,S3,Electronics,0,93.0
2023-09-07,S3,Electronics,0,106.0
2023-09-08,S3,Electronics,0,79.0
2023-09-09,S3,Electronics,0,88.0
2023-09-10,S3,Electronics,0,65.0
2023-09-11,S3,Electronics,0,105.0
2023-09-12,S3,Electronics,0,79.0
2023-09-13,S3,Electronics,0,94.0
2023-09-14,S3,Electronics,1,89.0
2023-09-15,S3,Electronics,1,119.0
2023-09-16,S3,Electronics,1,122.0
2023-09-17,S3,Electronics,1,133.0
2023-09-18,S3,Electronics,1,137.0
2023-09-19,S3,Electronics,1,90.0
2023-09-20,S3,Electronics,1,106.0
2023-09-21,S3,Electronics,1,84.0
2023-09-22,S3,Electronics,1,102.0
2023-09-23,S3,Electronics,1,127.0
2023-09-24,S3,Electronics,0,75.0
2023-09-25,S3,Electronics,0,70.0
2023-09-26,S3,Electronics,0,78.0
2023-09-27,S3,Electronics,0,92.0
2023-09-28,S3,Electronics,0,58.0
2023-09-29,S3,Electronics,1,100.0
2023-09-30,S3,Electronics,1,108.0
2023-10-01,S3,Electronics,1,129.0
2023-10-02,S3,Electronics,1,88.0
2023-10-03,S3,Electronics,1,91.0
2023-10-04,S3,Electronics,0,81.0
2023-10-05,S3,Electronics,0,78.0
2023-10-06,S3,Electronics,0,92.0
2023-10-07,S3,Electronics,0,89.0
2023-10-08,S3,Electronics,0,94.0
2023-10-09,S3,Electronics,0,36.0
2023-10-10,S3,Electronics,0,59.0
2023-10-11,S3,Electronics,0,71.0
2023-10-12,S3,Electronics,0,73.0
2023-10-13,S3,Electronics,0,71.0
2023-10-14,S3,Electronics,0,92.0
2023-10-15,S3,Electronics,0,83.0
2023-10-16,S3,Electronics,0,75.0
2023-10-17,S3,Electronics,0,77.0
2023-10-18,S3,Electronics,0,42.0
2023-10-19,S3,Electronics,0,81.0
2023-10-20,S3,Electronics,0,74.0
2023-10-21,S3,Electronics,0,74.0
2023-10-22,S3,Electronics,0,49.0
2023-10-23,S3,Electronics,0,52.0
2023-10-24,S3,Electronics,0,60.0
2023-10-25,S3,Electronics,0,73.0
2023-10-26,S3,Electronics,0,66.0
2023-10-27,S3,Electronics,0,65.0
2023-10-28,S3,Electronics,0,80.0
2023-10-29,S3,Electronics,0,75.0
2023-10-30,S3,Electronics,0,62.0
2023-10-31,S3,Electronics,0,68.0
2023-11-01,S3,Electronics,0,77.0
2023-11-02,S3,Electronics,0,73.0
2023-11-03,S3,Electronics,0,55.0
2023-11-04,S3,Electronics,0,72.0
2023-11-05,S3,Electronics,0,70.0
2023-11-06,S3,Electronics,0,81.0
2023-11-07,S3,Electronics,0,73.0
2023-11-08,S3,Electronics,0,36.0
2023-11-09,S3,Electronics,0,65.0
2023-11-10,S3,Electronics,0,66.0
2023-11-11,S3,Electronics,0,63.0
2023-11-12,S3,Electronics,0,73.0
2023-11-13,S3,Electronics,0,61.0
2023-11-14,S3,Electronics,0,61.0
2023-11-15,S3,Electronics,0,51.0
2023-11-16,S3,Electronics,0,62.0
2023-11-17,S3,Electronics,0,64.0
2023-11-18,S3,Electronics,0,77.0
2023-11-19,S3,Electronics,1,73.0
2023-11-20,S3,Electronics,1,73.0
2023-11-21,S3,Electronics,1,101.0
2023-11-22,S3,Electronics,1,121.0
2023-11-23,S3,Electronics,1,86.0
2023-11-24,S3,Electronics,1,92.0
2023-11-25,S3,Electronics,1,128.0
2023-11-26,S3,Electronics,1,130.0
2023-11-27,S3,Electronics,1,97.0
2023-11-28,S3,Electronics,0,82.0
2023-11-29,S3,Electronics,0,52.0
2023-11-30,S3,Electronics,0,75.0
2023-12-01,S3,Electronics,0,89.0
2023-12-02,S3,Electronics,0,116.0
2023-12-03,S3,Electronics,0,67.0
2023-12-04,S3,Electronics,0,79.0
2023-12-05,S3,Electronics,0,79.0
2023-12-06,S3,Electronics,0,87.0
2023-12-07,S3,Electronics,0,85.0
2023-12-08,S3,Electronics,0,88.0
2023-12-09,S3,Electronics,0,94.0
2023-12-10,S3,Electronics,0,78.0
2023-12-11,S3,Electronics,0,45.0
2023-12-12,S3,Electronics,0,65.0
2023-12-13,S3,Electronics,0,89.0
2023-12-14,S3,Electronics,0,95.0
2023-12-15,S3,Electronics,0,68.0
2023-12-16,S3,Electronics,0,71.0
2023-12-17,S3,Electronics,0,58.0
2023-12-18,S3,Electronics,0,85.0
2023-12-19,S3,Electronics,0,76.0
2023-12-20,S3,Electronics,0,59.0
2023-12-21,S3,Electronics,0,56.0
2023-12-22,S3,Electronics,0,77.0
2023-12-23,S3,Electronics,0,73.0
2023-12-24,S3,Electronics,1,89.0
2023-12-25,S3,Electronics,1,86.0
2023-12-26,S3,Electronics,1,99.0
2023-12-27,S3,Electronics,1,85.0
2023-12-28,S3,Electronics,1,63.0
2023-12-29,S3,Electronics,0,63.0
2023-12-30,S3,Electronics,0,58.0
2023-12-31,S3,Electronics,0,48.0
2024-01-01,S3,Electronics,0,37.0
2024-01-02,S3,Electronics,0,49.0
2024-01-03,S3,Electronics,0,54.0
2024-01-04,S3,Electronics,0,58.0
2024-01-05,S3,Electronics,0,56.0
2024-01-06,S3,Electronics,0,67.0
2024-01-07,S3,Electronics,0,53.0
2024-01-08,S3,Electronics,0,42.0
2024-01-09,S3,Electronics,0,61.0
2024-01-10,S3,Electronics,0,35.0
2024-01-11,S3,Electronics,0,37.0
2024-01-12,S3,Electronics,0,50.0
2024-01-13,S3,Electronics,0,86.0
2024-01-14,S3,Electronics,0,73.0
2024-01-15,S3,Electronics,0,58.0
2024-01-16,S3,Electronics,0,64.0
2024-01-17,S3,Electronics,0,59.0
2024-01-18,S3,Electronics,0,53.0
2024-01-19,S3,Electronics,0,41.0
2024-01-20,S3,Electronics,0,84.0
2024-01-21,S3,Electronics,0,67.0
2024-01-22,S3,Electronics,0,45.0
2024-01-23,S3,Electronics,0,63.0
2024-01-24,S3,Electronics,0,50.0
2024-01-25,S3,Electronics,0,53.0
2024-01-26,S3,Electronics,0,63.0
2024-01-27,S3,Electronics,0,65.0
2024-01-28,S3,Electronics,0,48.0
2024-01-29,S3,Electronics,0,67.0
2024-01-30,S3,Electronics,0,64.0
2024-01-31,S3,Electronics,0,65.0
2024-02-01,S3,Electronics,0,76.0
2024-02-02,S3,Electronics,0,66.0
2024-02-03,S3,Electronics,0,71.0
2024-02-04,S3,Electronics,0,87.0
2024-02-05,S3,Electronics,0,37.0
2024-02-06,S3,Electronics,0,27.0
2024-02-07,S3,Electronics,0,79.0
2024-02-08,S3,Electronics,0,61.0
2024-02-09,S3,Electronics,0,80.0
2024-02-10,S3,Electronics,0,77.0
2024-02-11,S3,Electronics,0,86.0
2024-02-12,S3,Electronics,0,71.0
2024-02-13,S3,Electronics,0,82.0
2024-02-14,S3,Electronics,0,82.0
2024-02-15,S3,Electronics,0,68.0
2024-02-16,S3,Electronics,0,96.0
2024-02-17,S3,Electronics,0,58.0
2024-02-18,S3,Electronics,0,85.0
2024-02-19,S3,Electronics,0,47.0
2024-02-20,S3,Electronics,0,60.0
2024-02-21,S3,Electronics,0,78.0
2024-02-22,S3,Electronics,0,68.0
2024-02-23,S3,Electronics,0,74.0
2024-02-24,S3,Electronics,0,84.0
2024-02-25,S3,Electronics,0,86.0
2024-02-26,S3,Electronics,0,74.0
2024-02-27,S3,Electronics,0,37.0
2024-02-28,S3,Electronics,0,81.0
2024-02-29,S3,Electronics,0,99.0
2024-03-01,S3,Electronics,0,96.0
2024-03-02,S3,Electronics,0,110.0
2024-03-03,S3,Electronics,0,95.0
2024-03-04,S3,Electronics,0,76.0
2024-03-05,S3,Electronics,0,86.0
2024-03-06,S3,Electronics,0,86.0
2024-03-07,S3,Electronics,0,100.0
2024-03-08,S3,Electronics,0,101.0
2024-03-09,S3,Electronics,0,83.0
2024-03-10,S3,Electronics,0,92.0
2024-03-11,S3,Electronics,0,63.0
2024-03-12,S3,Electronics,0,78.0
2024-03-13,S3,Electronics,0,75.0
2024-03-14,S3,Electronics,0,76.0
2024-03-15,S3,Electronics,0,102.0
2024-03-16,S3,Electronics,0,75.0
2024-03-17,S3,Electronics,0,103.0
2024-03-18,S3,Electronics,0,87.0
2024-03-19,S3,Electronics,0,91.0
2024-03-20,S3,Electronics,0,103.0
2024-03-21,S3,Electronics,0,86.0
2024-03-22,S3,Electronics,0,95.0
2024-03-23,S3,Electronics,0,122.0
2024-03-24,S3,Electronics,0,92.0
2024-03-25,S3,Electronics,0,73.0
2024-03-26,S3,Electronics,0,89.0
2024-03-27,S3,Electronics,0,113.0
2024-03-28,S3,Electronics,0,81.0
2024-03-29,S3,Electronics,0,95.0
2024-03-30,S3,Electronics,0,96.0
2024-03-31,S3,Electronics,0,88.0
2024-04-01,S3,Electronics,0,83.0
2024-04-02,S3,Electronics,0,75.0
2024-04-03,S3,Electronics,0,73.0
2024-04-04,S3,Electronics,0,82.0
2024-04-05,S3,Electronics,0,69.0
2024-04-06,S3,Electronics,0,113.0
2024-04-07,S3,Electronics,0,83.0
2024-04-08,S3,Electronics,0,135.0
2024-04-09,S3,Electronics,0,79.0
2024-04-10,S3,Electronics,0,103.0
2024-04-11,S3,Electronics,0,87.0
2024-04-12,S3,Electronics,0,59.0
2024-04-13,S3,Electronics,0,159.0
2024-04-14,S3,Electronics,0,132.0
2024-04-15,S3,Electronics,0,92.0
2024-04-16,S3,Electronics,0,124.0
2024-04-17,S3,Electronics,0,96.0
2024-04-18,S3,Electronics,0,121.0
2024-04-19,S3,Electronics,0,96.0
2024-04-20,S3,Electronics,0,140.0
2024-04-21,S3,Electronics,0,129.0
2024-04-22,S3,Electronics,0,99.0
2024-04-23,S3,Electronics,0,100.0
2024-04-24,S3,Electronics,0,129.0
2024-04-25,S3,Electronics,0,105.0
2024-04-26,S3,Electronics,0,122.0
2024-04-27,S3,Electronics,0,155.0
2024-04-28,S3,Electronics,0,113.0
2024-04-29,S3,Electronics,0,120.0
2024-04-30,S3,Electronics,0,132.0
2024-05-01,S3,Electronics,0,92.0
2024-05-02,S3,Electronics,1,169.0
2024-05-03,S3,Electronics,1,156.0
2024-05-04,S3,Electronics,1,250.0
2024-05-05,S3,Electronics,1,169.0
2024-05-06,S3,Electronics,1,129.0
2024-05-07,S3,Electronics,1,127.0
2024-05-08,S3,Electronics,1,169.0
2024-05-09,S3,Electronics,1,154.0
2024-05-10,S3,Electronics,0,124.0
2024-05-11,S3,Electronics,0,95.0
2024-05-12,S3,Electronics,0,113.0
2024-05-13,S3,Electronics,1,101.0
2024-05-14,S3,Electronics,1,187.0
2024-05-15,S3,Electronics,1,95.0
2024-05-16,S3,Electronics,1,134.0
2024-05-17,S3,Electronics,1,138.0
2024-05-18,S3,Electronics,1,174.0
2024-05-19,S3,Electronics,1,173.0
2024-05-20,S3,Electronics,1,108.0
2024-05-21,S3,Electronics,1,162.0
2024-05-22,S3,Electronics,1,191.0
2024-05-23,S3,Electronics,1,164.0
2024-05-24,S3,Electronics,1,137.0
2024-05-25,S3,Electronics,1,156.0
2024-05-26,S3,Electronics,0,129.0
2024-05-27,S3,Electronics,0,115.0
2024-05-28,S3,Electronics,0,108.0
2024-05-29,S3,Electronics,0,128.0
2024-05-30,S3,Electronics,0,141.0
2024-05-31,S3,Electronics,1,172.0
2024-06-01,S3,Electronics,1,140.0
2024-06-02,S3,Electronics,1,158.0
2024-06-03,S3,Electronics,1,146.0
2024-06-04,S3,Electronics,1,142.0
2024-06-05,S3,Electronics,1,129.0
2024-06-06,S3,Electronics,1,175.0
2024-06-07,S3,Electronics,1,183.0
2024-06-08,S3,Electronics,1,224.0
2024-06-09,S3,Electronics,0,173.0
2024-06-10,S3,Electronics,0,134.0
2024-06-11,S3,Electronics,0,109.0
2024-06-12,S3,Electronics,0,119.0
2024-06-13,S3,Electronics,0,107.0
2024-06-14,S3,Electronics,0,137.0
2024-06-15,S3,Electronics,0,122.0
2024-06-16,S3,Electronics,0,127.0
2024-06-17,S3,Electronics,0,91.0
2024-06-18,S3,Electronics,0,108.0
2024-06-19,S3,Electronics,0,78.0
2024-06-20,S3,Electronics,0,121.0
2024-06-21,S3,Electronics,0,130.0
2024-06-22,S3,Electronics,0,100.0
2024-06-23,S3,Electronics,0,123.0
2024-06-24,S3,Electronics,0,136.0
2024-06-25,S3,Electronics,0,142.0
2024-06-26,S3,Electronics,0,128.0
2024-06-27,S3,Electronics,0,123.0
2024-06-28,S3,Electronics,0,103.0
2024-06-29,S3,Electronics,0,171.0
2024-06-30,S3,Electronics,0,134.0
2024-07-01,S3,Electronics,0,148.0
2024-07-02,S3,Electronics,0,90.0
2024-07-03,S3,Electronics,0,165.0
2024-07-04,S3,Electronics,0,105.0
2024-07-05,S3,Electronics,0,115.0
2024-07-06,S3,Electronics,0,162.0
2024-07-07,S3,Electronics,0,129.0
2024-07-08,S3,Electronics,0,133.0
2024-07-09,S3,Electronics,0,130.0
2024-07-10,S3,Electronics,0,90.0
2024-07-11,S3,Electronics,0,93.0
2024-07-12,S3,Electronics,0,102.0
2024-07-13,S3,Electronics,0,145.0
2024-07-14,S3,Electronics,0,134.0
2024-07-15,S3,Electronics,0,112.0
2024-07-16,S3,Electronics,0,105.0
2024-07-17,S3,Electronics,0,125.0
2024-07-18,S3,Electronics,0,109.0
2024-07-19,S3,Electronics,0,113.0
2024-07-20,S3,Electronics,0,140.0
2024-07-21,S3,Electronics,0,143.0
2024-07-22,S3,Electronics,0,121.0
2024-07-23,S3,Electronics,0,88.0
2024-07-24,S3,Electronics,0,132.0
2024-07-25,S3,Electronics,0,173.0
2024-07-26,S3,Electronics,0,128.0
2024-07-27,S3,Electronics,0,122.0
2024-07-28,S3,Electronics,0,156.0
2024-07-29,S3,Electronics,0,158.0
2024-07-30,S3,Electronics,0,87.0
2024-07-31,S3,Electronics,0,95.0
2024-08-01,S3,Electronics,0,100.0
2024-08-02,S3,Electronics,0,146.0
2024-08-03,S3,Electronics,0,114.0
2024-08-04,S3,Electronics,0,130.0
2024-08-05,S3,Electronics,0,109.0
2024-08-06,S3,Electronics,0,121.0
2024-08-07,S3,Electronics,0,129.0
2024-08-08,S3,Electronics,0,105.0
2024-08-09,S3,Electronics,0,141.0
2024-08-10,S3,Electronics,0,167.0
2024-08-11,S3,Electronics,0,110.0
2024-08-12,S3,Electronics,0,102.0
2024-08-13,S3,Electronics,0,109.0
2024-08-14,S3,Electronics,0,121.0
2024-08-15,S3,Electronics,0,90.0
2024-08-16,S3,Electronics,0,117.0
2024-08-17,S3,Electronics,0,122.0
2024-08-18,S3,Electronics,0,104.0
2024-08-19,S3,Electronics,0,155.0
2024-08-20,S3,Electronics,0,131.0
2024-08-21,S3,Electronics,0,115.0
2024-08-22,S3,Electronics,0,113.0
2024-08-23,S3,Electronics,0,125.0
2024-08-24,S3,Electronics,0,116.0
2024-08-25,S3,Electronics,0,121.0
2024-08-26,S3,Electronics,0,78.0
2024-08-27,S3,Electronics,0,105.0
2024-08-28,S3,Electronics,0,114.0
2024-08-29,S3,Electronics,0,84.0
2024-08-30,S3,Electronics,0,132.0
2024-08-31,S3,Electronics,0,167.0
2024-09-01,S3,Electronics,0,77.0
2024-09-02,S3,Electronics,0,107.0
2024-09-03,S3,Electronics,0,83.0
2024-09-04,S3,Electronics,0,55.0
2024-09-05,S3,Electronics,0,108.0
2024-09-06,S3,Electronics,0,92.0
2024-09-07,S3,Electronics,0,105.0
2024-09-08,S3,Electronics,0,119.0
2024-09-09,S3,Electronics,0,78.0
2024-09-10,S3,Electronics,0,127.0
2024-09-11,S3,Electronics,0,82.0
2024-09-12,S3,Electronics,0,126.0
2024-09-13,S3,Electronics,0,87.0
2024-09-14,S3,Electronics,0,68.0
2024-09-15,S3,Electronics,0,149.0
2024-09-16,S3,Electronics,0,113.0
2024-09-17,S3,Electronics,1,116.0
2024-09-18,S3,Electronics,1,87.0
2024-09-19,S3,Electronics,1,111.0
2024-09-20,S3,Electronics,1,180.0
2024-09-21,S3,Electronics,1,149.0
2024-09-22,S3,Electronics,0,74.0
2024-09-23,S3,Electronics,0,72.0
2024-09-24,S3,Electronics,0,79.0
2024-09-25,S3,Electronics,0,86.0
2024-09-26,S3,Electronics,0,97.0
2024-09-27,S3,Electronics,0,57.0
2024-09-28,S3,Electronics,0,103.0
2024-09-29,S3,Electronics,0,124.0
2024-09-30,S3,Electronics,0,78.0
2024-10-01,S3,Electronics,0,93.0
2024-10-02,S3,Electronics,0,78.0
2024-10-03,S3,Electronics,0,83.0
2024-10-04,S3,Electronics,0,79.0
2024-10-05,S3,Electronics,0,121.0
2024-10-06,S3,Electronics,0,87.0
2024-10-07,S3,Electronics,0,91.0
2024-10-08,S3,Electronics,0,112.0
2024-10-09,S3,Electronics,0,90.0
2024-10-10,S3,Electronics,0,83.0
2024-10-11,S3,Electronics,0,71.0
2024-10-12,S3,Electronics,0,85.0
2024-10-13,S3,Electronics,0,77.0
2024-10-14,S3,Electronics,0,76.0
2024-10-15,S3,Electronics,0,66.0
2024-10-16,S3,Electronics,0,85.0
2024-10-17,S3,Electronics,0,79.0
2024-10-18,S3,Electronics,0,80.0
2024-10-19,S3,Electronics,0,87.0
2024-10-20,S3,Electronics,0,85.0
2024-10-21,S3,Electronics,0,81.0
2024-10-22,S3,Electronics,0,79.0
2024-10-23,S3,Electronics,0,78.0
2024-10-24,S3,Electronics,0,60.0
2024-10-25,S3,Electronics,0,82.0
2024-10-26,S3,Electronics,0,79.0
2024-10-27,S3,Electronics,0,101.0
2024-10-28,S3,Electronics,0,80.0
2024-10-29,S3,Electronics,0,54.0
2024-10-30,S3,Electronics,0,60.0
2024-10-31,S3,Electronics,0,71.0
2024-11-01,S3,Electronics,0,93.0
2024-11-02,S3,Electronics,0,99.0
2024-11-03,S3,Electronics,0,71.0
2024-11-04,S3,Electronics,0,57.0
2024-11-05,S3,Electronics,0,73.0
2024-11-06,S3,Electronics,0,63.0
2024-11-07,S3,Electronics,0,82.0
2024-11-08,S3,Electronics,0,95.0
2024-11-09,S3,Electronics,0,86.0
2024-11-10,S3,Electronics,0,100.0
2024-11-11,S3,Electronics,0,79.0
2024-11-12,S3,Electronics,0,72.0
2024-11-13,S3,Electronics,0,66.0
2024-11-14,S3,Electronics,1,100.0
2024-11-15,S3,Electronics,1,121.0
2024-11-16,S3,Electronics,1,127.0
2024-11-17,S3,Electronics,1,108.0
2024-11-18,S3,Electronics,1,112.0
2024-11-19,S3,Electronics,0,76.0
2024-11-20,S3,Electronics,0,47.0
2024-11-21,S3,Electronics,0,58.0
2024-11-22,S3,Electronics,0,119.0
2024-11-23,S3,Electronics,0,100.0
2024-11-24,S3,Electronics,0,74.0
2024-11-25,S3,Electronics,0,68.0
2024-11-26,S3,Electronics,0,78.0
2024-11-27,S3,Electronics,0,113.0
2024-11-28,S3,Electronics,0,128.0
2024-11-29,S3,Electronics,0,114.0
2024-11-30,S3,Electronics,0,99.0
2024-12-01,S3,Electronics,0,111.0
2024-12-02,S3,Electronics,0,77.0
2024-12-03,S3,Electronics,0,69.0
2024-12-04,S3,Electronics,0,114.0
2024-12-05,S3,Electronics,0,80.0
2024-12-06,S3,Electronics,0,116.0
2024-12-07,S3,Electronics,0,131.0
2024-12-08,S3,Electronics,0,82.0
2024-12-09,S3,Electronics,0,109.0
2024-12-10,S3,Electronics,0,102.0
2024-12-11,S3,Electronics,0,68.0
2024-12-12,S3,Electronics,0,82.0
2024-12-13,S3,Electronics,0,75.0
2024-12-14,S3,Electronics,0,95.0
2024-12-15,S3,Electronics,0,141.0
2024-12-16,S3,Electronics,0,87.0
2024-12-17,S3,Electronics,0,73.0
2024-12-18,S3,Electronics,0,54.0
2024-12-19,S3,Electronics,0,61.0
2024-12-20,S3,Electronics,0,80.0
2024-12-21,S3,Electronics,0,75.0
2024-12-22,S3,Electronics,0,76.0
2024-12-23,S3,Electronics,0,59.0
2024-12-24,S3,Electronics,0,71.0
2024-12-25,S3,Electronics,0,83.0
2024-12-26,S3,Electronics,0,91.0
2024-12-27,S3,Electronics,0,93.0
2024-12-28,S3,Electronics,0,76.0
2024-12-29,S3,Electronics,0,68.0
2024-12-30,S3,Electronics,0,65.0
2024-12-31,S3,Electronics,0,51.0
2025-01-01,S3,Electronics,0,42.0
2025-01-02,S3,Electronics,0,57.0
2025-01-03,S3,Electronics,0,96.0
2025-01-04,S3,Electronics,0,76.0
2025-01-05,S3,Electronics,0,91.0
2025-01-06,S3,Electronics,0,56.0
2025-01-07,S3,Electronics,0,63.0
2025-01-08,S3,Electronics,0,61.0
2025-01-09,S3,Electronics,0,69.0
2025-01-10,S3,Electronics,0,73.0
2025-01-11,S3,Electronics,0,102.0
2025-01-12,S3,Electronics,0,68.0
2025-01-13,S3,Electronics,0,80.0
2025-01-14,S3,Electronics,0,58.0
2025-01-15,S3,Electronics,0,84.0
2025-01-16,S3,Electronics,0,75.0
2025-01-17,S3,Electronics,0,55.0
2025-01-18,S3,Electronics,0,81.0
2025-01-19,S3,Electronics,0,70.0
2025-01-20,S3,Electronics,0,64.0
2025-01-21,S3,Electronics,0,57.0
2025-01-22,S3,Electronics,0,64.0
2025-01-23,S3,Electronics,0,70.0
2025-01-24,S3,Electronics,0,55.0
2025-01-25,S3,Electronics,0,54.0
2025-01-26,S3,Electronics,0,61.0
2025-01-27,S3,Electronics,0,61.0
2025-01-28,S3,Electronics,0,72.0
2025-01-29,S3,Electronics,0,70.0
2025-01-30,S3,Electronics,0,81.0
2025-01-31,S3,Electronics,0,93.0
2025-02-01,S3,Electronics,0,77.0
2025-02-02,S3,Electronics,0,108.0
2025-02-03,S3,Electronics,0,54.0
2025-02-04,S3,Electronics,0,81.0
2025-02-05,S3,Electronics,0,77.0
2025-02-06,S3,Electronics,0,91.0
2025-02-07,S3,Electronics,0,78.0
2025-02-08,S3,Electronics,0,57.0
2025-02-09,S3,Electronics,0,114.0
2025-02-10,S3,Electronics,0,86.0
2025-02-11,S3,Electronics,0,94.0
2025-02-12,S3,Electronics,0,75.0
2025-02-13,S3,Electronics,0,78.0
2025-02-14,S3,Electronics,0,112.0
2025-02-15,S3,Electronics,0,93.0
2025-02-16,S3,Electronics,0,88.0
2025-02-17,S3,Electronics,0,75.0
2025-02-18,S3,Electronics,0,93.0
2025-02-19,S3,Electronics,0,71.0
2025-02-20,S3,Electronics,0,79.0
2025-02-21,S3,Electronics,0,66.0
2025-02-22,S3,Electronics,0,154.0
2025-02-23,S3,Electronics,0,86.0
2025-02-24,S3,Electronics,0,103.0
2025-02-25,S3,Electronics,0,108.0
2025-02-26,S3,Electronics,0,111.0
2025-02-27,S3,Electronics,0,83.0
2025-02-28,S3,Electronics,0,77.0
2025-03-01,S3,Electronics,0,121.0
2025-03-02,S3,Electronics,0,106.0
2025-03-03,S3,Electronics,0,98.0
2025-03-04,S3,Electronics,0,81.0
2025-03-05,S3,Electronics,0,103.0
2025-03-06,S3,Electronics,0,91.0
2025-03-07,S3,Electronics,0,121.0
2025-03-08,S3,Electronics,0,106.0
2025-03-09,S3,Electronics,0,109.0
2025-03-10,S3,Electronics,0,98.0
2025-03-11,S3,Electronics,0,106.0
2025-03-12,S3,Electronics,0,91.0
2025-03-13,S3,Electronics,0,76.0
2025-03-14,S3,Electronics,0,95.0
2025-03-15,S3,Electronics,0,131.0
2025-03-16,S3,Electronics,0,88.0
2025-03-17,S3,Electronics,0,92.0
2025-03-18,S3,Electronics,0,115.0
2025-03-19,S3,Electronics,0,96.0
2025-03-20,S3,Electronics,0,100.0
2025-03-21,S3,Electronics,0,120.0
2025-03-22,S3,Electronics,0,95.0
2025-03-23,S3,Electronics,0,108.0
2025-03-24,S3,Electronics,0,77.0
2025-03-25,S3,Electronics,0,84.0
2025-03-26,S3,Electronics,0,77.0
2025-03-27,S3,Electronics,0,127.0
2025-03-28,S3,Electronics,0,107.0
2025-03-29,S3,Electronics,0,128.0
2025-03-30,S3,Electronics,0,130.0
2025-03-31,S3,Electronics,0,91.0
2025-04-01,S3,Electronics,0,95.0
2025-04-02,S3,Electronics,0,100.0
2025-04-03,S3,Electronics,0,119.0
2025-04-04,S3,Electronics,0,139.0
2025-04-05,S3,Electronics,0,91.0
2025-04-06,S3,Electronics,0,97.0
2025-04-07,S3,Electronics,0,95.0
2025-04-08,S3,Electronics,0,105.0
2025-04-09,S3,Electronics,0,97.0
2025-04-10,S3,Electronics,0,114.0
2025-04-11,S3,Electronics,0,147.0
2025-04-12,S3,Electronics,0,125.0
2025-04-13,S3,Electronics,0,155.0
2025-04-14,S3,Electronics,0,100.0
2025-04-15,S3,Electronics,0,117.0
2025-04-16,S3,Electronics,1,199.0
2025-04-17,S3,Electronics,1,123.0
2025-04-18,S3,Electronics,1,147.0
2025-04-19,S3,Electronics,1,242.0
2025-04-20,S3,Electronics,1,154.0
2025-04-21,S3,Electronics,0,123.0
2025-04-22,S3,Electronics,0,96.0
2025-04-23,S3,Electronics,0,107.0
2025-04-24,S3,Electronics,0,146.0
2025-04-25,S3,Electronics,0,121.0
2025-04-26,S3,Electronics,0,85.0
2025-04-27,S3,Electronics,0,79.0
2025-04-28,S3,Electronics,0,123.0
2025-04-29,S3,Electronics,0,102.0
2025-04-30,S3,Electronics,0,106.0
2025-05-01,S3,Electronics,0,111.0
2025-05-02,S3,Electronics,0,126.0
2025-05-03,S3,Electronics,0,166.0
2025-05-04,S3,Electronics,0,132.0
2025-05-05,S3,Electronics,0,147.0
2025-05-06,S3,Electronics,0,106.0
2025-05-07,S3,Electronics,0,139.0
2025-05-08,S3,Electronics,0,109.0
2025-05-09,S3,Electronics,0,95.0
2025-05-10,S3,Electronics,0,171.0
2025-05-11,S3,Electronics,0,119.0
2025-05-12,S3,Electronics,0,120.0
2025-05-13,S3,Electronics,0,89.0
2025-05-14,S3,Electronics,0,119.0
2025-05-15,S3,Electronics,0,131.0
2025-05-16,S3,Electronics,0,129.0
2025-05-17,S3,Electronics,0,158.0
2025-05-18,S3,Electronics,0,129.0
2025-05-19,S3,Electronics,0,119.0
2025-05-20,S3,Electronics,0,148.0
2025-05-21,S3,Electronics,0,153.0
2025-05-22,S3,Electronics,0,173.0
2025-05-23,S3,Electronics,0,119.0
2025-05-24,S3,Electronics,0,133.0
2025-05-25,S3,Electronics,0,163.0
2025-05-26,S3,Electronics,0,134.0
2025-05-27,S3,Electronics,0,114.0
2025-05-28,S3,Electronics,0,144.0
2025-05-29,S3,Electronics,0,143.0
2025-05-30,S3,Electronics,0,97.0
2025-05-31,S3,Electronics,0,170.0
2025-06-01,S3,Electronics,0,150.0
2025-06-02,S3,Electronics,0,155.0
2025-06-03,S3,Electronics,1,173.0
2025-06-04,S3,Electronics,1,176.0
2025-06-05,S3,Electronics,1,154.0
2025-06-06,S3,Electronics,1,212.0
2025-06-07,S3,Electronics,1,246.0
2025-06-08,S3,Electronics,0,167.0
2025-06-09,S3,Electronics,0,113.0
2025-06-10,S3,Electronics,0,151.0
2025-06-11,S3,Electronics,0,102.0
2025-06-12,S3,Electronics,0,117.0
2025-06-13,S3,Electronics,0,168.0
2025-06-14,S3,Electronics,0,209.0
2025-06-15,S3,Electronics,0,198.0
2025-06-16,S3,Electronics,0,139.0
2025-06-17,S3,Electronics,0,122.0
2025-06-18,S3,Electronics,0,150.0
2025-06-19,S3,Electronics,0,126.0
2025-06-20,S3,Electronics,0,167.0
2025-06-21,S3,Electronics,0,164.0
2025-06-22,S3,Electronics,0,160.0
2025-06-23,S3,Electronics,0,170.0
2025-06-24,S3,Electronics,0,144.0
2025-06-25,S3,Electronics,0,127.0
2025-06-26,S3,Electronics,0,158.0
2025-06-27,S3,Electronics,0,127.0
2025-06-28,S3,Electronics,0,239.0
2025-06-29,S3,Electronics,0,164.0
2025-06-30,S3,Electronics,0,133.0
2025-07-01,S3,Electronics,0,135.0
2025-07-02,S3,Electronics,0,130.0
2025-07-03,S3,Electronics,0,113.0
2025-07-04,S3,Electronics,0,202.0
2025-07-05,S3,Electronics,0,151.0
2025-07-06,S3,Electronics,0,169.0
2025-07-07,S3,Electronics,0,102.0
2025-07-08,S3,Electronics,0,119.0
2025-07-09,S3,Electronics,0,171.0
2025-07-10,S3,Electronics,0,169.0
2025-07-11,S3,Electronics,1,255.0
2025-07-12,S3,Electronics,1,219.0
2025-07-13,S3,Electronics,1,222.0
2025-07-14,S3,Electronics,1,162.0
2025-07-15,S3,Electronics,1,145.0
2025-07-16,S3,Electronics,0,95.0
2025-07-17,S3,Electronics,0,128.0
2025-07-18,S3,Electronics,0,163.0
2025-07-19,S3,Electronics,0,169.0
2025-07-20,S3,Electronics,0,173.0
2025-07-21,S3,Electronics,0,149.0
2025-07-22,S3,Electronics,0,130.0
2025-07-23,S3,Electronics,0,152.0
2025-07-24,S3,Electronics,0,137.0
2025-07-25,S3,Electronics,0,162.0
2025-07-26,S3,Electronics,0,115.0
2025-07-27,S3,Electronics,0,166.0
2025-07-28,S3,Electronics,0,111.0
2025-07-29,S3,Electronics,0,88.0
2025-07-30,S3,Electronics,0,145.0
2025-07-31,S3,Electronics,1,202.0
2025-08-01,S3,Electronics,1,158.0
2025-08-02,S3,Electronics,1,241.0
2025-08-03,S3,Electronics,1,161.0
2025-08-04,S3,Electronics,1,191.0
2025-08-05,S3,Electronics,0,145.0
2025-08-06,S3,Electronics,0,130.0
2025-08-07,S3,Electronics,0,111.0
2025-08-08,S3,Electronics,0,134.0
2025-08-09,S3,Electronics,0,119.0
2025-08-10,S3,Electronics,0,169.0
2025-08-11,S3,Electronics,0,113.0
2025-08-12,S3,Electronics,1,186.0
2025-08-13,S3,Electronics,1,169.0
2025-08-14,S3,Electronics,1,131.0
2025-08-15,S3,Electronics,1,233.0
2025-08-16,S3,Electronics,1,196.0
2025-08-17,S3,Electronics,0,172.0
2025-08-18,S3,Electronics,0,107.0
2025-08-19,S3,Electronics,0,114.0
2025-08-20,S3,Electronics,0,137.0
2025-08-21,S3,Electronics,0,109.0
2025-08-22,S3,Electronics,0,144.0
2025-08-23,S3,Electronics,0,95.0
2025-08-24,S3,Electronics,0,147.0
2025-08-25,S3,Electronics,0,148.0
2025-08-26,S3,Electronics,0,114.0
2025-08-27,S3,Electronics,0,77.0
2025-08-28,S3,Electronics,0,117.0
2025-08-29,S3,Electronics,0,102.0
2025-08-30,S3,Electronics,0,144.0
2025-08-31,S3,Electronics,0,138.0
2025-09-01,S3,Electronics,0,89.0
2025-09-02,S3,Electronics,0,102.0
2025-09-03,S3,Electronics,0,108.0
2025-09-04,S3,Electronics,0,129.0
2025-09-05,S3,Electronics,0,87.0
2025-09-06,S3,Electronics,0,103.0
2025-09-07,S3,Electronics,0,140.0
2025-09-08,S3,Electronics,0,137.0
2025-09-09,S3,Electronics,0,121.0
2025-09-10,S3,Electronics,0,107.0
2025-09-11,S3,Electronics,0,105.0
2025-09-12,S3,Electronics,0,84.0
2025-09-13,S3,Electronics,0,77.0
2025-09-14,S3,Electronics,0,145.0
2025-09-15,S3,Electronics,0,92.0
2025-09-16,S3,Electronics,0,97.0
2025-09-17,S3,Electronics,0,86.0
2025-09-18,S3,Electronics,0,96.0
2025-09-19,S3,Electronics,0,115.0
2025-09-20,S3,Electronics,0,147.0
2025-09-21,S3,Electronics,0,125.0
2025-09-22,S3,Electronics,1,107.0
2025-09-23,S3,Electronics,1,149.0
2025-09-24,S3,Electronics,1,152.0
2025-09-25,S3,Electronics,1,140.0
2025-09-26,S3,Electronics,1,121.0
2025-09-27,S3,Electronics,0,116.0
2025-09-28,S3,Electronics,0,117.0
2025-09-29,S3,Electronics,0,100.0
2025-09-30,S3,Electronics,0,112.0
2025-10-01,S3,Electronics,0,98.0
2025-10-02,S3,Electronics,0,87.0
2025-10-03,S3,Electronics,0,90.0
2025-10-04,S3,Electronics,0,97.0
2025-10-05,S3,Electronics,0,123.0
2025-10-06,S3,Electronics,0,96.0
2025-10-07,S3,Electronics,1,133.0
2025-10-08,S3,Electronics,1,98.0
2025-10-09,S3,Electronics,1,122.0
2025-10-10,S3,Electronics,1,180.0
2025-10-11,S3,Electronics,1,118.0
2025-10-12,S3,Electronics,0,117.0
2025-10-13,S3,Electronics,0,82.0
2025-10-14,S3,Electronics,0,101.0
2025-10-15,S3,Electronics,0,104.0
2025-10-16,S3,Electronics,0,72.0
2025-10-17,S3,Electronics,0,65.0
2025-10-18,S3,Electronics,0,110.0
2025-10-19,S3,Electronics,0,98.0
2025-10-20,S3,Electronics,0,99.0
2025-10-21,S3,Electronics,0,69.0
2025-10-22,S3,Electronics,0,127.0
2025-10-23,S3,Electronics,0,114.0
2025-10-24,S3,Electronics,0,91.0
2025-10-25,S3,Electronics,0,78.0
2025-10-26,S3,Electronics,1,119.0
2025-10-27,S3,Electronics,1,128.0
2025-10-28,S3,Electronics,1,124.0
2025-10-29,S3,Electronics,1,113.0
2025-10-30,S3,Electronics,1,111.0
2025-10-31,S3,Electronics,0,82.0
2025-11-01,S3,Electronics,0,131.0
2025-11-02,S3,Electronics,0,103.0
2025-11-03,S3,Electronics,0,77.0
2025-11-04,S3,Electronics,0,95.0
2025-11-05,S3,Electronics,0,58.0
2025-11-06,S3,Electronics,0,81.0
2025-11-07,S3,Electronics,0,99.0
2025-11-08,S3,Electronics,0,97.0
2025-11-09,S3,Electronics,0,88.0
2025-11-10,S3,Electronics,0,77.0
2025-11-11,S3,Electronics,0,80.0
2025-11-12,S3,Electronics,0,85.0
2025-11-13,S3,Electronics,0,90.0
2025-11-14,S3,Electronics,0,92.0
2025-11-15,S3,Electronics,0,114.0
2025-11-16,S3,Electronics,0,68.0
2025-11-17,S3,Electronics,0,67.0
2025-11-18,S3,Electronics,0,89.0
2025-11-19,S3,Electronics,0,77.0
2025-11-20,S3,Electronics,0,97.0
2025-11-21,S3,Electronics,0,53.0
2025-11-22,S3,Electronics,0,67.0
2025-11-23,S3,Electronics,0,81.0
2025-11-24,S3,Electronics,0,66.0
2025-11-25,S3,Electronics,0,78.0
2025-11-26,S3,Electronics,0,110.0
2025-11-27,S3,Electronics,0,121.0
2025-11-28,S3,Electronics,0,105.0
2025-11-29,S3,Electronics,0,120.0
2025-11-30,S3,Electronics,0,142.0
2025-12-01,S3,Electronics,0,109.0
2025-12-02,S3,Electronics,0,77.0
2025-12-03,S3,Electronics,0,120.0
2025-12-04,S3,Electronics,0,77.0
2025-12-05,S3,Electronics,0,111.0
2025-12-06,S3,Electronics,0,92.0
2025-12-07,S3,Electronics,0,132.0
2025-12-08,S3,Electronics,0,75.0
2025-12-09,S3,Electronics,0,75.0
2025-12-10,S3,Electronics,0,113.0
2025-12-11,S3,Electronics,0,90.0
2025-12-12,S3,Electronics,0,102.0
2025-12-13,S3,Electronics,0,121.0
2025-12-14,S3,Electronics,0,113.0
2025-12-15,S3,Electronics,0,91.0
2025-12-16,S3,Electronics,0,90.0
2025-12-17,S3,Electronics,0,70.0
2025-12-18,S3,Electronics,0,126.0
2025-12-19,S3,Electronics,0,117.0
2025-12-20,S3,Electronics,0,95.0
2025-12-21,S3,Electronics,0,73.0
2025-12-22,S3,Electronics,0,90.0
2025-12-23,S3,Electronics,0,57.0
2025-12-24,S3,Electronics,0,68.0
2025-12-25,S3,Electronics,0,79.0
2025-12-26,S3,Electronics,0,62.0
2025-12-27,S3,Electronics,0,106.0
2025-12-28,S3,Electronics,0,85.0
2025-12-29,S3,Electronics,0,96.0
2025-12-30,S3,Electronics,0,70.0
2023-01-01,S3,Grocery,0,181.0
2023-01-02,S3,Grocery,0,180.0
2023-01-03,S3,Grocery,0,131.0
2023-01-04,S3,Grocery,0,157.0
2023-01-05,S3,Grocery,0,161.0
2023-01-06,S3,Grocery,0,148.0
2023-01-07,S3,Grocery,0,168.0
2023-01-08,S3,Grocery,0,211.0
2023-01-09,S3,Grocery,0,138.0
2023-01-10,S3,Grocery,0,122.0
2023-01-11,S3,Grocery,0,150.0
2023-01-12,S3,Grocery,0,147.0
2023-01-13,S3,Grocery,0,146.0
2023-01-14,S3,Grocery,0,180.0
2023-01-15,S3,Grocery,0,167.0
2023-01-16,S3,Grocery,0,156.0
2023-01-17,S3,Grocery,0,159.0
2023-01-18,S3,Grocery,0,156.0
2023-01-19,S3,Grocery,0,148.0
2023-01-20,S3,Grocery,0,146.0
2023-01-21,S3,Grocery,0,160.0
2023-01-22,S3,Grocery,0,172.0
2023-01-23,S3,Grocery,0,170.0
2023-01-24,S3,Grocery,0,148.0
2023-01-25,S3,Grocery,0,155.0
2023-01-26,S3,Grocery,0,158.0
2023-01-27,S3,Grocery,0,166.0
2023-01-28,S3,Grocery,0,181.0
2023-01-29,S3,Grocery,0,174.0
2023-01-30,S3,Grocery,0,101.0
2023-01-31,S3,Grocery,0,142.0
2023-02-01,S3,Grocery,0,145.0
2023-02-02,S3,Grocery,0,143.0
2023-02-03,S3,Grocery,0,166.0
2023-02-04,S3,Grocery,0,170.0
2023-02-05,S3,Grocery,0,213.0
2023-02-06,S3,Grocery,0,145.0
2023-02-07,S3,Grocery,0,173.0
2023-02-08,S3,Grocery,0,184.0
2023-02-09,S3,Grocery,0,143.0
2023-02-10,S3,Grocery,0,158.0
2023-02-11,S3,Grocery,0,158.0
2023-02-12,S3,Grocery,0,178.0
2023-02-13,S3,Grocery,0,165.0
2023-02-14,S3,Grocery,0,183.0
2023-02-15,S3,Grocery,0,146.0
2023-02-16,S3,Grocery,0,187.0
2023-02-17,S3,Grocery,0,178.0
2023-02-18,S3,Grocery,0,165.0
2023-02-19,S3,Grocery,0,164.0
2023-02-20,S3,Grocery,0,127.0
2023-02-21,S3,Grocery,0,143.0
2023-02-22,S3,Grocery,0,161.0
2023-02-23,S3,Grocery,0,167.0
2023-02-24,S3,Grocery,0,192.0
2023-02-25,S3,Grocery,1,255.0
2023-02-26,S3,Grocery,1,297.0
2023-02-27,S3,Grocery,1,209.0
2023-02-28,S3,Grocery,1,197.0
2023-03-01,S3,Grocery,1,230.0
2023-03-02,S3,Grocery,0,163.0
2023-03-03,S3,Grocery,0,164.0
2023-03-04,S3,Grocery,0,171.0
2023-03-05,S3,Grocery,0,173.0
2023-03-06,S3,Grocery,0,181.0
2023-03-07,S3,Grocery,0,187.0
2023-03-08,S3,Grocery,0,151.0
2023-03-09,S3,Grocery,0,139.0
2023-03-10,S3,Grocery,0,186.0
2023-03-11,S3,Grocery,0,255.0
2023-03-12,S3,Grocery,0,187.0
2023-03-13,S3,Grocery,0,157.0
2023-03-14,S3,Grocery,0,161.0
2023-03-15,S3,Grocery,0,185.0
2023-03-16,S3,Grocery,0,225.0
2023-03-17,S3,Grocery,0,147.0
2023-03-18,S3,Grocery,0,213.0
2023-03-19,S3,Grocery,0,164.0
2023-03-20,S3,Grocery,0,174.0
2023-03-21,S3,Grocery,0,186.0
2023-03-22,S3,Grocery,0,218.0
2023-03-23,S3,Grocery,0,194.0
2023-03-24,S3,Grocery,0,145.0
2023-03-25,S3,Grocery,0,174.0
2023-03-26,S3,Grocery,0,183.0
2023-03-27,S3,Grocery,0,198.0
2023-03-28,S3,Grocery,0,161.0
2023-03-29,S3,Grocery,0,201.0
2023-03-30,S3,Grocery,1,243.0
2023-03-31,S3,Grocery,1,227.0
2023-04-01,S3,Grocery,1,268.0
2023-04-02,S3,Grocery,1,269.0
2023-04-03,S3,Grocery,1,235.0
2023-04-04,S3,Grocery,0,187.0
2023-04-05,S3,Grocery,0,225.0
2023-04-06,S3,Grocery,0,204.0
2023-04-07,S3,Grocery,0,129.0
2023-04-08,S3,Grocery,1,313.0
2023-04-09,S3,Grocery,1,206.0
2023-04-10,S3,Grocery,1,237.0
2023-04-11,S3,Grocery,1,260.0
2023-04-12,S3,Grocery,1,234.0
2023-04-13,S3,Grocery,0,197.0
2023-04-14,S3,Grocery,0,177.0
2023-04-15,S3,Grocery,0,174.0
2023-04-16,S3,Grocery,0,178.0
2023-04-17,S3,Grocery,1,264.0
2023-04-18,S3,Grocery,1,247.0
2023-04-19,S3,Grocery,1,288.0
2023-04-20,S3,Grocery,1,284.0
2023-04-21,S3,Grocery,1,307.0
2023-04-22,S3,Grocery,1,289.0
2023-04-23,S3,Grocery,1,283.0
2023-04-24,S3,Grocery,1,266.0
2023-04-25,S3,Grocery,1,228.0
2023-04-26,S3,Grocery,0,193.0
2023-04-27,S3,Grocery,0,196.0
2023-04-28,S3,Grocery,0,170.0
2023-04-29,S3,Grocery,0,211.0
2023-04-30,S3,Grocery,0,231.0
2023-05-01,S3,Grocery,0,210.0
2023-05-02,S3,Grocery,0,211.0
2023-05-03,S3,Grocery,0,180.0
2023-05-04,S3,Grocery,0,226.0
2023-05-05,S3,Grocery,0,218.0
2023-05-06,S3,Grocery,0,213.0
2023-05-07,S3,Grocery,0,220.0
2023-05-08,S3,Grocery,0,207.0
2023-05-09,S3,Grocery,1,252.0
2023-05-10,S3,Grocery,1,305.0
2023-05-11,S3,Grocery,1,282.0
2023-05-12,S3,Grocery,1,258.0
2023-05-13,S3,Grocery,1,352.0
2023-05-14,S3,Grocery,0,199.0
2023-05-15,S3,Grocery,0,199.0
2023-05-16,S3,Grocery,0,194.0
2023-05-17,S3,Grocery,0,235.0
2023-05-18,S3,Grocery,0,241.0
2023-05-19,S3,Grocery,0,164.0
2023-05-20,S3,Grocery,0,179.0
2023-05-21,S3,Grocery,0,216.0
2023-05-22,S3,Grocery,0,146.0
2023-05-23,S3,Grocery,0,205.0
2023-05-24,S3,Grocery,0,141.0
2023-05-25,S3,Grocery,0,193.0
2023-05-26,S3,Grocery,0,250.0
2023-05-27,S3,Grocery,0,214.0
2023-05-28,S3,Grocery,0,199.0
2023-05-29,S3,Grocery,0,191.0
2023-05-30,S3,Grocery,0,228.0
2023-05-31,S3,Grocery,0,214.0
2023-06-01,S3,Grocery,0,217.0
2023-06-02,S3,Grocery,0,226.0
2023-06-03,S3,Grocery,0,229.0
2023-06-04,S3,Grocery,0,227.0
2023-06-05,S3,Grocery,0,167.0
2023-06-06,S3,Grocery,0,158.0
2023-06-07,S3,Grocery,0,172.0
2023-06-08,S3,Grocery,0,202.0
2023-06-09,S3,Grocery,0,229.0
2023-06-10,S3,Grocery,0,214.0
2023-06-11,S3,Grocery,0,187.0
2023-06-12,S3,Grocery,0,177.0
2023-06-13,S3,Grocery,0,186.0
2023-06-14,S3,Grocery,0,194.0
2023-06-15,S3,Grocery,0,200.0
2023-06-16,S3,Grocery,0,262.0
2023-06-17,S3,Grocery,0,277.0
2023-06-18,S3,Grocery,0,270.0
2023-06-19,S3,Grocery,1,254.0
2023-06-20,S3,Grocery,1,249.0
2023-06-21,S3,Grocery,1,271.0
2023-06-22,S3,Grocery,1,285.0
2023-06-23,S3,Grocery,1,343.0
2023-06-24,S3,Grocery,0,194.0
2023-06-25,S3,Grocery,0,239.0
2023-06-26,S3,Grocery,0,159.0
2023-06-27,S3,Grocery,0,222.0
2023-06-28,S3,Grocery,0,166.0
2023-06-29,S3,Grocery,0,222.0
2023-06-30,S3,Grocery,0,214.0
2023-07-01,S3,Grocery,0,236.0
2023-07-02,S3,Grocery,0,258.0
2023-07-03,S3,Grocery,0,199.0
2023-07-04,S3,Grocery,0,194.0
2023-07-05,S3,Grocery,0,230.0
2023-07-06,S3,Grocery,0,251.0
2023-07-07,S3,Grocery,0,230.0
2023-07-08,S3,Grocery,0,223.0
2023-07-09,S3,Grocery,0,190.0
2023-07-10,S3,Grocery,0,197.0
2023-07-11,S3,Grocery,0,204.0
2023-07-12,S3,Grocery,0,214.0
2023-07-13,S3,Grocery,0,178.0
2023-07-14,S3,Grocery,0,207.0
2023-07-15,S3,Grocery,1,254.0
2023-07-16,S3,Grocery,1,287.0
2023-07-17,S3,Grocery,1,266.0
2023-07-18,S3,Grocery,1,318.0
2023-07-19,S3,Grocery,1,302.0
2023-07-20,S3,Grocery,0,193.0
2023-07-21,S3,Grocery,0,213.0
2023-07-22,S3,Grocery,0,270.0
2023-07-23,S3,Grocery,0,219.0
2023-07-24,S3,Grocery,0,207.0
2023-07-25,S3,Grocery,0,171.0
2023-07-26,S3,Grocery,0,229.0
2023-07-27,S3,Grocery,0,239.0
2023-07-28,S3,Grocery,0,154.0
2023-07-29,S3,Grocery,0,236.0
2023-07-30,S3,Grocery,0,245.0
2023-07-31,S3,Grocery,0,236.0
2023-08-01,S3,Grocery,0,162.0
2023-08-02,S3,Grocery,0,214.0
2023-08-03,S3,Grocery,0,216.0
2023-08-04,S3,Grocery,0,221.0
2023-08-05,S3,Grocery,0,223.0
2023-08-06,S3,Grocery,0,243.0
2023-08-07,S3,Grocery,0,205.0
2023-08-08,S3,Grocery,0,228.0
2023-08-09,S3,Grocery,0,205.0
2023-08-10,S3,Grocery,0,211.0
2023-08-11,S3,Grocery,0,188.0
2023-08-12,S3,Grocery,0,204.0
2023-08-13,S3,Grocery,0,260.0
2023-08-14,S3,Grocery,0,185.0
2023-08-15,S3,Grocery,0,217.0
2023-08-16,S3,Grocery,0,244.0
2023-08-17,S3,Grocery,0,212.0
2023-08-18,S3,Grocery,0,209.0
2023-08-19,S3,Grocery,0,256.0
2023-08-20,S3,Grocery,0,230.0
2023-08-21,S3,Grocery,0,204.0
2023-08-22,S3,Grocery,0,239.0
2023-08-23,S3,Grocery,0,184.0
2023-08-24,S3,Grocery,0,196.0
2023-08-25,S3,Grocery,0,171.0
2023-08-26,S3,Grocery,0,250.0
2023-08-27,S3,Grocery,0,207.0
2023-08-28,S3,Grocery,0,164.0
2023-08-29,S3,Grocery,0,174.0
2023-08-30,S3,Grocery,0,186.0
2023-08-31,S3,Grocery,0,163.0
2023-09-01,S3,Grocery,0,209.0
2023-09-02,S3,Grocery,0,146.0
2023-09-03,S3,Grocery,0,212.0
2023-09-04,S3,Grocery,0,196.0
2023-09-05,S3,Grocery,0,214.0
2023-09-06,S3,Grocery,0,180.0
2023-09-07,S3,Grocery,0,220.0
2023-09-08,S3,Grocery,0,192.0
2023-09-09,S3,Grocery,0,202.0
2023-09-10,S3,Grocery,0,176.0
2023-09-11,S3,Grocery,0,189.0
2023-09-12,S3,Grocery,0,187.0
2023-09-13,S3,Grocery,0,231.0
2023-09-14,S3,Grocery,1,305.0
2023-09-15,S3,Grocery,1,252.0
2023-09-16,S3,Grocery,1,292.0
2023-09-17,S3,Grocery,1,318.0
2023-09-18,S3,Grocery,1,260.0
2023-09-19,S3,Grocery,1,274.0
2023-09-20,S3,Grocery,1,225.0
2023-09-21,S3,Grocery,1,311.0
2023-09-22,S3,Grocery,1,246.0
2023-09-23,S3,Grocery,1,283.0
2023-09-24,S3,Grocery,0,220.0
2023-09-25,S3,Grocery,0,205.0
2023-09-26,S3,Grocery,0,169.0
2023-09-27,S3,Grocery,0,223.0
2023-09-28,S3,Grocery,0,156.0
2023-09-29,S3,Grocery,1,263.0
2023-09-30,S3,Grocery,1,272.0
2023-10-01,S3,Grocery,1,210.0
2023-10-02,S3,Grocery,1,218.0
2023-10-03,S3,Grocery,1,222.0
2023-10-04,S3,Grocery,0,168.0
2023-10-05,S3,Grocery,0,173.0
2023-10-06,S3,Grocery,0,172.0
2023-10-07,S3,Grocery,0,201.0
2023-10-08,S3,Grocery,0,177.0
2023-10-09,S3,Grocery,0,196.0
2023-10-10,S3,Grocery,0,157.0
2023-10-11,S3,Grocery,0,190.0
2023-10-12,S3,Grocery,0,121.0
2023-10-13,S3,Grocery,0,140.0
2023-10-14,S3,Grocery,0,168.0
2023-10-15,S3,Grocery,0,174.0
2023-10-16,S3,Grocery,0,158.0
2023-10-17,S3,Grocery,0,175.0
2023-10-18,S3,Grocery,0,147.0
2023-10-19,S3,Grocery,0,176.0
2023-10-20,S3,Grocery,0,185.0
2023-10-21,S3,Grocery,0,165.0
2023-10-22,S3,Grocery,0,170.0
2023-10-23,S3,Grocery,0,157.0
2023-10-24,S3,Grocery,0,201.0
2023-10-25,S3,Grocery,0,211.0
2023-10-26,S3,Grocery,0,183.0
2023-10-27,S3,Grocery,0,153.0
2023-10-28,S3,Grocery,0,175.0
2023-10-29,S3,Grocery,0,151.0
2023-10-30,S3,Grocery,0,152.0
2023-10-31,S3,Grocery,0,145.0
2023-11-01,S3,Grocery,0,150.0
2023-11-02,S3,Grocery,0,154.0
2023-11-03,S3,Grocery,0,157.0
2023-11-04,S3,Grocery,0,151.0
2023-11-05,S3,Grocery,0,168.0
2023-11-06,S3,Grocery,0,189.0
2023-11-07,S3,Grocery,0,129.0
2023-11-08,S3,Grocery,0,167.0
2023-11-09,S3,Grocery,0,152.0
2023-11-10,S3,Grocery,0,185.0
2023-11-11,S3,Grocery,0,160.0
2023-11-12,S3,Grocery,0,176.0
2023-11-13,S3,Grocery,0,180.0
2023-11-14,S3,Grocery,0,170.0
2023-11-15,S3,Grocery,0,199.0
2023-11-16,S3,Grocery,0,150.0
2023-11-17,S3,Grocery,0,177.0
2023-11-18,S3,Grocery,0,182.0
2023-11-19,S3,Grocery,1,216.0
2023-11-20,S3,Grocery,1,277.0
2023-11-21,S3,Grocery,1,198.0
2023-11-22,S3,Grocery,1,185.0
2023-11-23,S3,Grocery,1,270.0
2023-11-24,S3,Grocery,1,234.0
2023-11-25,S3,Grocery,1,277.0
2023-11-26,S3,Grocery,1,253.0
2023-11-27,S3,Grocery,1,265.0
2023-11-28,S3,Grocery,0,174.0
2023-11-29,S3,Grocery,0,169.0
2023-11-30,S3,Grocery,0,215.0
2023-12-01,S3,Grocery,0,146.0
2023-12-02,S3,Grocery,0,212.0
2023-12-03,S3,Grocery,0,187.0
2023-12-04,S3,Grocery,0,165.0
2023-12-05,S3,Grocery,0,155.0
2023-12-06,S3,Grocery,0,162.0
2023-12-07,S3,Grocery,0,190.0
2023-12-08,S3,Grocery,0,209.0
2023-12-09,S3,Grocery,0,200.0
2023-12-10,S3,Grocery,0,190.0
2023-12-11,S3,Grocery,0,169.0
2023-12-12,S3,Grocery,0,168.0
2023-12-13,S3,Grocery,0,190.0
2023-12-14,S3,Grocery,0,197.0
2023-12-15,S3,Grocery,0,186.0
2023-12-16,S3,Grocery,0,173.0
2023-12-17,S3,Grocery,0,202.0
2023-12-18,S3,Grocery,0,216.0
2023-12-19,S3,Grocery,0,182.0
2023-12-20,S3,Grocery,0,143.0
2023-12-21,S3,Grocery,0,149.0
2023-12-22,S3,Grocery,0,181.0
2023-12-23,S3,Grocery,0,178.0
2023-12-24,S3,Grocery,1,223.0
2023-12-25,S3,Grocery,1,233.0
2023-12-26,S3,Grocery,1,236.0
2023-12-27,S3,Grocery,1,205.0
2023-12-28,S3,Grocery,1,195.0
2023-12-29,S3,Grocery,0,153.0
2023-12-30,S3,Grocery,0,201.0
2023-12-31,S3,Grocery,0,163.0
2024-01-01,S3,Grocery,0,169.0
2024-01-02,S3,Grocery,0,145.0
2024-01-03,S3,Grocery,0,187.0
2024-01-04,S3,Grocery,0,121.0
2024-01-05,S3,Grocery,0,166.0
2024-01-06,S3,Grocery,0,167.0
2024-01-07,S3,Grocery,0,174.0
2024-01-08,S3,Grocery,0,157.0
2024-01-09,S3,Grocery,0,127.0
2024-01-10,S3,Grocery,0,174.0
2024-01-11,S3,Grocery,0,155.0
2024-01-12,S3,Grocery,0,163.0
2024-01-13,S3,Grocery,0,200.0
2024-01-14,S3,Grocery,0,163.0
2024-01-15,S3,Grocery,0,166.0
2024-01-16,S3,Grocery,0,152.0
2024-01-17,S3,Grocery,0,178.0
2024-01-18,S3,Grocery,0,135.0
2024-01-19,S3,Grocery,0,156.0
2024-01-20,S3,Grocery,0,161.0
2024-01-21,S3,Grocery,0,212.0
2024-01-22,S3,Grocery,0,159.0
2024-01-23,S3,Grocery,0,151.0
2024-01-24,S3,Grocery,0,177.0
2024-01-25,S3,Grocery,0,163.0
2024-01-26,S3,Grocery,0,136.0
2024-01-27,S3,Grocery,0,219.0
2024-01-28,S3,Grocery,0,174.0
2024-01-29,S3,Grocery,0,133.0
2024-01-30,S3,Grocery,0,150.0
2024-01-31,S3,Grocery,0,169.0
2024-02-01,S3,Grocery,0,178.0
2024-02-02,S3,Grocery,0,157.0
2024-02-03,S3,Grocery,0,148.0
2024-02-04,S3,Grocery,0,190.0
2024-02-05,S3,Grocery,0,162.0
2024-02-06,S3,Grocery,0,157.0
2024-02-07,S3,Grocery,0,166.0
2024-02-08,S3,Grocery,0,156.0
2024-02-09,S3,Grocery,0,174.0
2024-02-10,S3,Grocery,0,176.0
2024-02-11,S3,Grocery,0,176.0
2024-02-12,S3,Grocery,0,138.0
2024-02-13,S3,Grocery,0,177.0
2024-02-14,S3,Grocery,0,197.0
2024-02-15,S3,Grocery,0,145.0
2024-02-16,S3,Grocery,0,171.0
2024-02-17,S3,Grocery,0,170.0
2024-02-18,S3,Grocery,0,221.0
2024-02-19,S3,Grocery,0,172.0
2024-02-20,S3,Grocery,0,170.0
2024-02-21,S3,Grocery,0,169.0
2024-02-22,S3,Grocery,0,164.0
2024-02-23,S3,Grocery,0,162.0
2024-02-24,S3,Grocery,0,217.0
2024-02-25,S3,Grocery,0,149.0
2024-02-26,S3,Grocery,0,182.0
2024-02-27,S3,Grocery,0,163.0
2024-02-28,S3,Grocery,0,157.0
2024-02-29,S3,Grocery,0,183.0
2024-03-01,S3,Grocery,0,149.0
2024-03-02,S3,Grocery,0,232.0
2024-03-03,S3,Grocery,0,226.0
2024-03-04,S3,Grocery,0,165.0
2024-03-05,S3,Grocery,0,181.0
2024-03-06,S3,Grocery,0,177.0
2024-03-07,S3,Grocery,0,174.0
2024-03-08,S3,Grocery,0,171.0
2024-03-09,S3,Grocery,0,217.0
2024-03-10,S3,Grocery,0,190.0
2024-03-11,S3,Grocery,0,158.0
2024-03-12,S3,Grocery,0,181.0
2024-03-13,S3,Grocery,0,191.0
2024-03-14,S3,Grocery,0,154.0
2024-03-15,S3,Grocery,0,156.0
2024-03-16,S3,Grocery,0,199.0
2024-03-17,S3,Grocery,0,206.0
2024-03-18,S3,Grocery,0,187.0
2024-03-19,S3,Grocery,0,171.0
2024-03-20,S3,Grocery,0,204.0
2024-03-21,S3,Grocery,0,190.0
2024-03-22,S3,Grocery,0,181.0
2024-03-23,S3,Grocery,0,236.0
2024-03-24,S3,Grocery,0,229.0
2024-03-25,S3,Grocery,0,215.0
2024-03-26,S3,Grocery,0,170.0
2024-03-27,S3,Grocery,0,194.0
2024-03-28,S3,Grocery,0,204.0
2024-03-29,S3,Grocery,0,187.0
2024-03-30,S3,Grocery,0,205.0
2024-03-31,S3,Grocery,0,236.0
2024-04-01,S3,Grocery,0,185.0
2024-04-02,S3,Grocery,0,191.0
2024-04-03,S3,Grocery,0,188.0
2024-04-04,S3,Grocery,0,207.0
2024-04-05,S3,Grocery,0,194.0
2024-04-06,S3,Grocery,0,193.0
2024-04-07,S3,Grocery,0,199.0
2024-04-08,S3,Grocery,0,260.0
2024-04-09,S3,Grocery,0,179.0
2024-04-10,S3,Grocery,0,198.0
2024-04-11,S3,Grocery,0,186.0
2024-04-12,S3,Grocery,0,198.0
2024-04-13,S3,Grocery,0,230.0
2024-04-14,S3,Grocery,0,183.0
2024-04-15,S3,Grocery,0,203.0
2024-04-16,S3,Grocery,0,202.0
2024-04-17,S3,Grocery,0,206.0
2024-04-18,S3,Grocery,0,226.0
2024-04-19,S3,Grocery,0,191.0
2024-04-20,S3,Grocery,0,224.0
2024-04-21,S3,Grocery,0,200.0
2024-04-22,S3,Grocery,0,231.0
2024-04-23,S3,Grocery,0,190.0
2024-04-24,S3,Grocery,0,249.0
2024-04-25,S3,Grocery,0,179.0
2024-04-26,S3,Grocery,0,193.0
2024-04-27,S3,Grocery,0,233.0
2024-04-28,S3,Grocery,0,212.0
2024-04-29,S3,Grocery,0,186.0
2024-04-30,S3,Grocery,0,173.0
2024-05-01,S3,Grocery,0,227.0
2024-05-02,S3,Grocery,1,278.0
2024-05-03,S3,Grocery,1,228.0
2024-05-04,S3,Grocery,1,246.0
2024-05-05,S3,Grocery,1,266.0
2024-05-06,S3,Grocery,1,268.0
2024-05-07,S3,Grocery,1,300.0
2024-05-08,S3,Grocery,1,219.0
2024-05-09,S3,Grocery,1,281.0
2024-05-10,S3,Grocery,0,193.0
2024-05-11,S3,Grocery,0,194.0
2024-05-12,S3,Grocery,0,251.0
2024-05-13,S3,Grocery,1,263.0
2024-05-14,S3,Grocery,1,317.0
2024-05-15,S3,Grocery,1,255.0
2024-05-16,S3,Grocery,1,288.0
2024-05-17,S3,Grocery,1,362.0
2024-05-18,S3,Grocery,1,357.0
2024-05-19,S3,Grocery,1,368.0
2024-05-20,S3,Grocery,1,280.0
2024-05-21,S3,Grocery,1,323.0
2024-05-22,S3,Grocery,1,275.0
2024-05-23,S3,Grocery,1,325.0
2024-05-24,S3,Grocery,1,253.0
2024-05-25,S3,Grocery,1,256.0
2024-05-26,S3,Grocery,0,260.0
2024-05-27,S3,Grocery,0,186.0
2024-05-28,S3,Grocery,0,184.0
2024-05-29,S3,Grocery,0,229.0
2024-05-30,S3,Grocery,0,200.0
2024-05-31,S3,Grocery,1,297.0
2024-06-01,S3,Grocery,1,332.0
2024-06-02,S3,Grocery,1,321.0
2024-06-03,S3,Grocery,1,310.0
2024-06-04,S3,Grocery,1,317.0
2024-06-05,S3,Grocery,1,341.0
2024-06-06,S3,Grocery,1,250.0
2024-06-07,S3,Grocery,1,307.0
2024-06-08,S3,Grocery,1,293.0
2024-06-09,S3,Grocery,0,225.0
2024-06-10,S3,Grocery,0,201.0
2024-06-11,S3,Grocery,0,212.0
2024-06-12,S3,Grocery,0,232.0
2024-06-13,S3,Grocery,0,225.0
2024-06-14,S3,Grocery,0,219.0
2024-06-15,S3,Grocery,0,212.0
2024-06-16,S3,Grocery,0,196.0
2024-06-17,S3,Grocery,0,240.0
2024-06-18,S3,Grocery,0,232.0
2024-06-19,S3,Grocery,0,246.0
2024-06-20,S3,Grocery,0,191.0
2024-06-21,S3,Grocery,0,266.0
2024-06-22,S3,Grocery,0,245.0
2024-06-23,S3,Grocery,0,217.0
2024-06-24,S3,Grocery,0,239.0
2024-06-25,S3,Grocery,0,225.0
2024-06-26,S3,Grocery,0,255.0
2024-06-27,S3,Grocery,0,254.0
2024-06-28,S3,Grocery,0,221.0
2024-06-29,S3,Grocery,0,274.0
2024-06-30,S3,Grocery,0,235.0
2024-07-01,S3,Grocery,0,225.0
2024-07-02,S3,Grocery,0,209.0
2024-07-03,S3,Grocery,0,227.0
2024-07-04,S3,Grocery,0,221.0
2024-07-05,S3,Grocery,0,267.0
2024-07-06,S3,Grocery,0,254.0
2024-07-07,S3,Grocery,0,216.0
2024-07-08,S3,Grocery,0,218.0
2024-07-09,S3,Grocery,0,254.0
2024-07-10,S3,Grocery,0,215.0
2024-07-11,S3,Grocery,0,222.0
2024-07-12,S3,Grocery,0,290.0
2024-07-13,S3,Grocery,0,262.0
2024-07-14,S3,Grocery,0,216.0
2024-07-15,S3,Grocery,0,202.0
2024-07-16,S3,Grocery,0,187.0
2024-07-17,S3,Grocery,0,173.0
2024-07-18,S3,Grocery,0,224.0
2024-07-19,S3,Grocery,0,249.0
2024-07-20,S3,Grocery,0,290.0
2024-07-21,S3,Grocery,0,253.0
2024-07-22,S3,Grocery,0,233.0
2024-07-23,S3,Grocery,0,231.0
2024-07-24,S3,Grocery,0,231.0
2024-07-25,S3,Grocery,0,190.0
2024-07-26,S3,Grocery,0,232.0
2024-07-27,S3,Grocery,0,219.0
2024-07-28,S3,Grocery,0,260.0
2024-07-29,S3,Grocery,0,204.0
2024-07-30,S3,Grocery,0,181.0
2024-07-31,S3,Grocery,0,260.0
2024-08-01,S3,Grocery,0,208.0
2024-08-02,S3,Grocery,0,242.0
2024-08-03,S3,Grocery,0,205.0
2024-08-04,S3,Grocery,0,215.0
2024-08-05,S3,Grocery,0,219.0
2024-08-06,S3,Grocery,0,228.0
2024-08-07,S3,Grocery,0,241.0
2024-08-08,S3,Grocery,0,198.0
2024-08-09,S3,Grocery,0,239.0
2024-08-10,S3,Grocery,0,212.0
2024-08-11,S3,Grocery,0,216.0
2024-08-12,S3,Grocery,0,243.0
2024-08-13,S3,Grocery,0,205.0
2024-08-14,S3,Grocery,0,229.0
2024-08-15,S3,Grocery,0,179.0
2024-08-16,S3,Grocery,0,236.0
2024-08-17,S3,Grocery,0,211.0
2024-08-18,S3,Grocery,0,236.0
2024-08-19,S3,Grocery,0,209.0
2024-08-20,S3,Grocery,0,189.0
2024-08-21,S3,Grocery,0,190.0
2024-08-22,S3,Grocery,0,242.0
2024-08-23,S3,Grocery,0,206.0
2024-08-24,S3,Grocery,0,283.0
2024-08-25,S3,Grocery,0,199.0
2024-08-26,S3,Grocery,0,226.0
2024-08-27,S3,Grocery,0,240.0
2024-08-28,S3,Grocery,0,225.0
2024-08-29,S3,Grocery,0,191.0
2024-08-30,S3,Grocery,0,214.0
2024-08-31,S3,Grocery,0,269.0
2024-09-01,S3,Grocery,0,225.0
2024-09-02,S3,Grocery,0,180.0
2024-09-03,S3,Grocery,0,209.0
2024-09-04,S3,Grocery,0,212.0
2024-09-05,S3,Grocery,0,206.0
2024-09-06,S3,Grocery,0,202.0
2024-09-07,S3,Grocery,0,229.0
2024-09-08,S3,Grocery,0,169.0
2024-09-09,S3,Grocery,0,178.0
2024-09-10,S3,Grocery,0,200.0
2024-09-11,S3,Grocery,0,192.0
2024-09-12,S3,Grocery,0,213.0
2024-09-13,S3,Grocery,0,202.0
2024-09-14,S3,Grocery,0,183.0
2024-09-15,S3,Grocery,0,196.0
2024-09-16,S3,Grocery,0,204.0
2024-09-17,S3,Grocery,1,294.0
2024-09-18,S3,Grocery,1,320.0
2024-09-19,S3,Grocery,1,257.0
2024-09-20,S3,Grocery,1,257.0
2024-09-21,S3,Grocery,1,293.0
2024-09-22,S3,Grocery,0,168.0
2024-09-23,S3,Grocery,0,198.0
2024-09-24,S3,Grocery,0,176.0
2024-09-25,S3,Grocery,0,166.0
2024-09-26,S3,Grocery,0,219.0
2024-09-27,S3,Grocery,0,184.0
2024-09-28,S3,Grocery,0,243.0
2024-09-29,S3,Grocery,0,205.0
2024-09-30,S3,Grocery,0,158.0
2024-10-01,S3,Grocery,0,167.0
2024-10-02,S3,Grocery,0,177.0
2024-10-03,S3,Grocery,0,184.0
2024-10-04,S3,Grocery,0,162.0
2024-10-05,S3,Grocery,0,196.0
2024-10-06,S3,Grocery,0,196.0
2024-10-07,S3,Grocery,0,155.0
2024-10-08,S3,Grocery,0,200.0
2024-10-09,S3,Grocery,0,170.0
2024-10-10,S3,Grocery,0,189.0
2024-10-11,S3,Grocery,0,222.0
2024-10-12,S3,Grocery,0,187.0
2024-10-13,S3,Grocery,0,175.0
2024-10-14,S3,Grocery,0,189.0
2024-10-15,S3,Grocery,0,189.0
2024-10-16,S3,Grocery,0,154.0
2024-10-17,S3,Grocery,0,142.0
2024-10-18,S3,Grocery,0,198.0
2024-10-19,S3,Grocery,0,139.0
2024-10-20,S3,Grocery,0,169.0
2024-10-21,S3,Grocery,0,200.0
2024-10-22,S3,Grocery,0,192.0
2024-10-23,S3,Grocery,0,176.0
2024-10-24,S3,Grocery,0,128.0
2024-10-25,S3,Grocery,0,157.0
2024-10-26,S3,Grocery,0,235.0
2024-10-27,S3,Grocery,0,189.0
2024-10-28,S3,Grocery,0,169.0
2024-10-29,S3,Grocery,0,182.0
2024-10-30,S3,Grocery,0,190.0
2024-10-31,S3,Grocery,0,170.0
2024-11-01,S3,Grocery,0,164.0
2024-11-02,S3,Grocery,0,217.0
2024-11-03,S3,Grocery,0,194.0
2024-11-04,S3,Grocery,0,185.0
2024-11-05,S3,Grocery,0,166.0
2024-11-06,S3,Grocery,0,163.0
2024-11-07,S3,Grocery,0,161.0
2024-11-08,S3,Grocery,0,175.0
2024-11-09,S3,Grocery,0,194.0
2024-11-10,S3,Grocery,0,208.0
2024-11-11,S3,Grocery,0,192.0
2024-11-12,S3,Grocery,0,174.0
2024-11-13,S3,Grocery,0,176.0
2024-11-14,S3,Grocery,1,251.0
2024-11-15,S3,Grocery,1,243.0
2024-11-16,S3,Grocery,1,290.0
2024-11-17,S3,Grocery,1,245.0
2024-11-18,S3,Grocery,1,194.0
2024-11-19,S3,Grocery,0,186.0
2024-11-20,S3,Grocery,0,191.0
2024-11-21,S3,Grocery,0,233.0
2024-11-22,S3,Grocery,0,189.0
2024-11-23,S3,Grocery,0,184.0
2024-11-24,S3,Grocery,0,192.0
2024-11-25,S3,Grocery,0,182.0
2024-11-26,S3,Grocery,0,193.0
2024-11-27,S3,Grocery,0,169.0
2024-11-28,S3,Grocery,0,223.0
2024-11-29,S3,Grocery,0,211.0
2024-11-30,S3,Grocery,0,178.0
2024-12-01,S3,Grocery,0,201.0
2024-12-02,S3,Grocery,0,199.0
2024-12-03,S3,Grocery,0,152.0
2024-12-04,S3,Grocery,0,150.0
2024-12-05,S3,Grocery,0,181.0
2024-12-06,S3,Grocery,0,234.0
2024-12-07,S3,Grocery,0,214.0
2024-12-08,S3,Grocery,0,175.0
2024-12-09,S3,Grocery,0,193.0
2024-12-10,S3,Grocery,0,188.0
2024-12-11,S3,Grocery,0,169.0
2024-12-12,S3,Grocery,0,174.0
2024-12-13,S3,Grocery,0,191.0
2024-12-14,S3,Grocery,0,187.0
2024-12-15,S3,Grocery,0,173.0
2024-12-16,S3,Grocery,0,187.0
2024-12-17,S3,Grocery,0,164.0
2024-12-18,S3,Grocery,0,182.0
2024-12-19,S3,Grocery,0,166.0
2024-12-20,S3,Grocery,0,147.0
2024-12-21,S3,Grocery,0,179.0
2024-12-22,S3,Grocery,0,160.0
2024-12-23,S3,Grocery,0,173.0
2024-12-24,S3,Grocery,0,123.0
2024-12-25,S3,Grocery,0,140.0
2024-12-26,S3,Grocery,0,179.0
2024-12-27,S3,Grocery,0,197.0
2024-12-28,S3,Grocery,0,194.0
2024-12-29,S3,Grocery,0,149.0
2024-12-30,S3,Grocery,0,148.0
2024-12-31,S3,Grocery,0,140.0
2025-01-01,S3,Grocery,0,134.0
2025-01-02,S3,Grocery,0,163.0
2025-01-03,S3,Grocery,0,163.0
2025-01-04,S3,Grocery,0,197.0
2025-01-05,S3,Grocery,0,175.0
2025-01-06,S3,Grocery,0,155.0
2025-01-07,S3,Grocery,0,181.0
2025-01-08,S3,Grocery,0,141.0
2025-01-09,S3,Grocery,0,171.0
2025-01-10,S3,Grocery,0,190.0
2025-01-11,S3,Grocery,0,193.0
2025-01-12,S3,Grocery,0,204.0
2025-01-13,S3,Grocery,0,169.0
2025-01-14,S3,Grocery,0,154.0
2025-01-15,S3,Grocery,0,184.0
2025-01-16,S3,Grocery,0,205.0
2025-01-17,S3,Grocery,0,166.0
2025-01-18,S3,Grocery,0,163.0
2025-01-19,S3,Grocery,0,186.0
2025-01-20,S3,Grocery,0,134.0
2025-01-21,S3,Grocery,0,201.0
2025-01-22,S3,Grocery,0,145.0
2025-01-23,S3,Grocery,0,183.0
2025-01-24,S3,Grocery,0,181.0
2025-01-25,S3,Grocery,0,105.0
2025-01-26,S3,Grocery,0,204.0
2025-01-27,S3,Grocery,0,152.0
2025-01-28,S3,Grocery,0,194.0
2025-01-29,S3,Grocery,0,190.0
2025-01-30,S3,Grocery,0,150.0
2025-01-31,S3,Grocery,0,167.0
2025-02-01,S3,Grocery,0,197.0
2025-02-02,S3,Grocery,0,181.0
2025-02-03,S3,Grocery,0,209.0
2025-02-04,S3,Grocery,0,201.0
2025-02-05,S3,Grocery,0,164.0
2025-02-06,S3,Grocery,0,168.0
2025-02-07,S3,Grocery,0,208.0
2025-02-08,S3,Grocery,0,212.0
2025-02-09,S3,Grocery,0,206.0
2025-02-10,S3,Grocery,0,158.0
2025-02-11,S3,Grocery,0,184.0
2025-02-12,S3,Grocery,0,223.0
2025-02-13,S3,Grocery,0,205.0
2025-02-14,S3,Grocery,0,169.0
2025-02-15,S3,Grocery,0,208.0
2025-02-16,S3,Grocery,0,192.0
2025-02-17,S3,Grocery,0,214.0
2025-02-18,S3,Grocery,0,166.0
2025-02-19,S3,Grocery,0,178.0
2025-02-20,S3,Grocery,0,158.0
2025-02-21,S3,Grocery,0,184.0
2025-02-22,S3,Grocery,0,189.0
2025-02-23,S3,Grocery,0,223.0
2025-02-24,S3,Grocery,0,214.0
2025-02-25,S3,Grocery,0,196.0
2025-02-26,S3,Grocery,0,192.0
2025-02-27,S3,Grocery,0,230.0
2025-02-28,S3,Grocery,0,203.0
2025-03-01,S3,Grocery,0,236.0
2025-03-02,S3,Grocery,0,195.0
2025-03-03,S3,Grocery,0,145.0
2025-03-04,S3,Grocery,0,199.0
2025-03-05,S3,Grocery,0,179.0
2025-03-06,S3,Grocery,0,172.0
2025-03-07,S3,Grocery,0,191.0
2025-03-08,S3,Grocery,0,200.0
2025-03-09,S3,Grocery,0,188.0
2025-03-10,S3,Grocery,0,187.0
2025-03-11,S3,Grocery,0,141.0
2025-03-12,S3,Grocery,0,188.0
2025-03-13,S3,Grocery,0,182.0
2025-03-14,S3,Grocery,0,203.0
2025-03-15,S3,Grocery,0,201.0
2025-03-16,S3,Grocery,0,225.0
2025-03-17,S3,Grocery,0,204.0
2025-03-18,S3,Grocery,0,191.0
2025-03-19,S3,Grocery,0,211.0
2025-03-20,S3,Grocery,0,198.0
2025-03-21,S3,Grocery,0,175.0
2025-03-22,S3,Grocery,0,235.0
2025-03-23,S3,Grocery,0,197.0
2025-03-24,S3,Grocery,0,207.0
2025-03-25,S3,Grocery,0,181.0
2025-03-26,S3,Grocery,0,177.0
2025-03-27,S3,Grocery,0,191.0
2025-03-28,S3,Grocery,0,200.0
2025-03-29,S3,Grocery,0,202.0
2025-03-30,S3,Grocery,0,221.0
2025-03-31,S3,Grocery,0,178.0
2025-04-01,S3,Grocery,0,173.0
2025-04-02,S3,Grocery,0,184.0
2025-04-03,S3,Grocery,0,221.0
2025-04-04,S3,Grocery,0,186.0
2025-04-05,S3,Grocery,0,196.0
2025-04-06,S3,Grocery,0,219.0
2025-04-07,S3,Grocery,0,152.0
2025-04-08,S3,Grocery,0,189.0
2025-04-09,S3,Grocery,0,233.0
2025-04-10,S3,Grocery,0,205.0
2025-04-11,S3,Grocery,0,222.0
2025-04-12,S3,Grocery,0,260.0
2025-04-13,S3,Grocery,0,195.0
2025-04-14,S3,Grocery,0,204.0
2025-04-15,S3,Grocery,0,195.0
2025-04-16,S3,Grocery,1,247.0
2025-04-17,S3,Grocery,1,314.0
2025-04-18,S3,Grocery,1,318.0
2025-04-19,S3,Grocery,1,332.0
2025-04-20,S3,Grocery,1,319.0
2025-04-21,S3,Grocery,0,192.0
2025-04-22,S3,Grocery,0,195.0
2025-04-23,S3,Grocery,0,215.0
2025-04-24,S3,Grocery,0,145.0
2025-04-25,S3,Grocery,0,216.0
2025-04-26,S3,Grocery,0,257.0
2025-04-27,S3,Grocery,0,177.0
2025-04-28,S3,Grocery,0,172.0
2025-04-29,S3,Grocery,0,186.0
2025-04-30,S3,Grocery,0,250.0
2025-05-01,S3,Grocery,0,215.0
2025-05-02,S3,Grocery,0,163.0
2025-05-03,S3,Grocery,0,257.0
2025-05-04,S3,Grocery,0,234.0
2025-05-05,S3,Grocery,0,192.0
2025-05-06,S3,Grocery,0,203.0
2025-05-07,S3,Grocery,0,211.0
2025-05-08,S3,Grocery,0,217.0
2025-05-09,S3,Grocery,0,250.0
2025-05-10,S3,Grocery,0,282.0
2025-05-11,S3,Grocery,0,264.0
2025-05-12,S3,Grocery,0,232.0
2025-05-13,S3,Grocery,0,179.0
2025-05-14,S3,Grocery,0,205.0
2025-05-15,S3,Grocery,0,247.0
2025-05-16,S3,Grocery,0,196.0
2025-05-17,S3,Grocery,0,249.0
2025-05-18,S3,Grocery,0,214.0
2025-05-19,S3,Grocery,0,214.0
2025-05-20,S3,Grocery,0,247.0
2025-05-21,S3,Grocery,0,224.0
2025-05-22,S3,Grocery,0,166.0
2025-05-23,S3,Grocery,0,223.0
2025-05-24,S3,Grocery,0,303.0
2025-05-25,S3,Grocery,0,184.0
2025-05-26,S3,Grocery,0,191.0
2025-05-27,S3,Grocery,0,225.0
2025-05-28,S3,Grocery,0,187.0
2025-05-29,S3,Grocery,0,222.0
2025-05-30,S3,Grocery,0,231.0
2025-05-31,S3,Grocery,0,246.0
2025-06-01,S3,Grocery,0,246.0
2025-06-02,S3,Grocery,0,232.0
2025-06-03,S3,Grocery,1,265.0
2025-06-04,S3,Grocery,1,309.0
2025-06-05,S3,Grocery,1,265.0
2025-06-06,S3,Grocery,1,326.0
2025-06-07,S3,Grocery,1,311.0
2025-06-08,S3,Grocery,0,199.0
2025-06-09,S3,Grocery,0,264.0
2025-06-10,S3,Grocery,0,261.0
2025-06-11,S3,Grocery,0,241.0
2025-06-12,S3,Grocery,0,271.0
2025-06-13,S3,Grocery,0,235.0
2025-06-14,S3,Grocery,0,248.0
2025-06-15,S3,Grocery,0,176.0
2025-06-16,S3,Grocery,0,221.0
2025-06-17,S3,Grocery,0,186.0
2025-06-18,S3,Grocery,0,210.0
2025-06-19,S3,Grocery,0,236.0
2025-06-20,S3,Grocery,0,286.0
2025-06-21,S3,Grocery,0,247.0
2025-06-22,S3,Grocery,0,243.0
2025-06-23,S3,Grocery,0,192.0
2025-06-24,S3,Grocery,0,249.0
2025-06-25,S3,Grocery,0,231.0
2025-06-26,S3,Grocery,0,254.0
2025-06-27,S3,Grocery,0,210.0
2025-06-28,S3,Grocery,0,263.0
2025-06-29,S3,Grocery,0,266.0
2025-06-30,S3,Grocery,0,187.0
2025-07-01,S3,Grocery,0,241.0
2025-07-02,S3,Grocery,0,214.0
2025-07-03,S3,Grocery,0,228.0
2025-07-04,S3,Grocery,0,232.0
2025-07-05,S3,Grocery,0,239.0
2025-07-06,S3,Grocery,0,286.0
2025-07-07,S3,Grocery,0,228.0
2025-07-08,S3,Grocery,0,253.0
2025-07-09,S3,Grocery,0,230.0
2025-07-10,S3,Grocery,0,218.0
2025-07-11,S3,Grocery,1,302.0
2025-07-12,S3,Grocery,1,291.0
2025-07-13,S3,Grocery,1,336.0
2025-07-14,S3,Grocery,1,254.0
2025-07-15,S3,Grocery,1,299.0
2025-07-16,S3,Grocery,0,256.0
2025-07-17,S3,Grocery,0,196.0
2025-07-18,S3,Grocery,0,246.0
2025-07-19,S3,Grocery,0,272.0
2025-07-20,S3,Grocery,0,298.0
2025-07-21,S3,Grocery,0,238.0
2025-07-22,S3,Grocery,0,233.0
2025-07-23,S3,Grocery,0,261.0
2025-07-24,S3,Grocery,0,195.0
2025-07-25,S3,Grocery,0,267.0
2025-07-26,S3,Grocery,0,272.0
2025-07-27,S3,Grocery,0,237.0
2025-07-28,S3,Grocery,0,209.0
2025-07-29,S3,Grocery,0,189.0
2025-07-30,S3,Grocery,0,246.0
2025-07-31,S3,Grocery,1,268.0
2025-08-01,S3,Grocery,1,262.0
2025-08-02,S3,Grocery,1,367.0
2025-08-03,S3,Grocery,1,278.0
2025-08-04,S3,Grocery,1,295.0
2025-08-05,S3,Grocery,0,192.0
2025-08-06,S3,Grocery,0,233.0
2025-08-07,S3,Grocery,0,237.0
2025-08-08,S3,Grocery,0,225.0
2025-08-09,S3,Grocery,0,198.0
2025-08-10,S3,Grocery,0,212.0
2025-08-11,S3,Grocery,0,194.0
2025-08-12,S3,Grocery,1,312.0
2025-08-13,S3,Grocery,1,285.0
2025-08-14,S3,Grocery,1,313.0
2025-08-15,S3,Grocery,1,284.0
2025-08-16,S3,Grocery,1,262.0
2025-08-17,S3,Grocery,0,252.0
2025-08-18,S3,Grocery,0,212.0
2025-08-19,S3,Grocery,0,216.0
2025-08-20,S3,Grocery,0,197.0
2025-08-21,S3,Grocery,0,198.0
2025-08-22,S3,Grocery,0,211.0
2025-08-23,S3,Grocery,0,240.0
2025-08-24,S3,Grocery,0,240.0
2025-08-25,S3,Grocery,0,191.0
2025-08-26,S3,Grocery,0,203.0
2025-08-27,S3,Grocery,0,241.0
2025-08-28,S3,Grocery,0,200.0
2025-08-29,S3,Grocery,0,177.0
2025-08-30,S3,Grocery,0,191.0
2025-08-31,S3,Grocery,0,229.0
2025-09-01,S3,Grocery,0,207.0
2025-09-02,S3,Grocery,0,208.0
2025-09-03,S3,Grocery,0,198.0
2025-09-04,S3,Grocery,0,217.0
2025-09-05,S3,Grocery,0,216.0
2025-09-06,S3,Grocery,0,227.0
2025-09-07,S3,Grocery,0,228.0
2025-09-08,S3,Grocery,0,236.0
2025-09-09,S3,Grocery,0,192.0
2025-09-10,S3,Grocery,0,194.0
2025-09-11,S3,Grocery,0,219.0
2025-09-12,S3,Grocery,0,169.0
2025-09-13,S3,Grocery,0,184.0
2025-09-14,S3,Grocery,0,223.0
2025-09-15,S3,Grocery,0,234.0
2025-09-16,S3,Grocery,0,200.0
2025-09-17,S3,Grocery,0,205.0
2025-09-18,S3,Grocery,0,227.0
2025-09-19,S3,Grocery,0,203.0
2025-09-20,S3,Grocery,0,226.0
2025-09-21,S3,Grocery,0,180.0
2025-09-22,S3,Grocery,1,300.0
2025-09-23,S3,Grocery,1,292.0
2025-09-24,S3,Grocery,1,268.0
2025-09-25,S3,Grocery,1,216.0
2025-09-26,S3,Grocery,1,308.0
2025-09-27,S3,Grocery,0,217.0
2025-09-28,S3,Grocery,0,207.0
2025-09-29,S3,Grocery,0,197.0
2025-09-30,S3,Grocery,0,203.0
2025-10-01,S3,Grocery,0,196.0
2025-10-02,S3,Grocery,0,188.0
2025-10-03,S3,Grocery,0,207.0
2025-10-04,S3,Grocery,0,227.0
2025-10-05,S3,Grocery,0,223.0
2025-10-06,S3,Grocery,0,173.0
2025-10-07,S3,Grocery,1,241.0
2025-10-08,S3,Grocery,1,222.0
2025-10-09,S3,Grocery,1,294.0
2025-10-10,S3,Grocery,1,314.0
2025-10-11,S3,Grocery,1,281.0
2025-10-12,S3,Grocery,0,167.0
2025-10-13,S3,Grocery,0,179.0
2025-10-14,S3,Grocery,0,207.0
2025-10-15,S3,Grocery,0,167.0
2025-10-16,S3,Grocery,0,178.0
2025-10-17,S3,Grocery,0,172.0
2025-10-18,S3,Grocery,0,151.0
2025-10-19,S3,Grocery,0,210.0
2025-10-20,S3,Grocery,0,242.0
2025-10-21,S3,Grocery,0,164.0
2025-10-22,S3,Grocery,0,187.0
2025-10-23,S3,Grocery,0,194.0
2025-10-24,S3,Grocery,0,136.0
2025-10-25,S3,Grocery,0,193.0
2025-10-26,S3,Grocery,1,294.0
2025-10-27,S3,Grocery,1,225.0
2025-10-28,S3,Grocery,1,235.0
2025-10-29,S3,Grocery,1,276.0
2025-10-30,S3,Grocery,1,234.0
2025-10-31,S3,Grocery,0,227.0
2025-11-01,S3,Grocery,0,170.0
2025-11-02,S3,Grocery,0,187.0
2025-11-03,S3,Grocery,0,191.0
2025-11-04,S3,Grocery,0,172.0
2025-11-05,S3,Grocery,0,179.0
2025-11-06,S3,Grocery,0,194.0
2025-11-07,S3,Grocery,0,175.0
2025-11-08,S3,Grocery,0,252.0
2025-11-09,S3,Grocery,0,170.0
2025-11-10,S3,Grocery,0,176.0
2025-11-11,S3,Grocery,0,188.0
2025-11-12,S3,Grocery,0,191.0
2025-11-13,S3,Grocery,0,177.0
2025-11-14,S3,Grocery,0,213.0
2025-11-15,S3,Grocery,0,207.0
2025-11-16,S3,Grocery,0,188.0
2025-11-17,S3,Grocery,0,190.0
2025-11-18,S3,Grocery,0,171.0
2025-11-19,S3,Grocery,0,173.0
2025-11-20,S3,Grocery,0,177.0
2025-11-21,S3,Grocery,0,194.0
2025-11-22,S3,Grocery,0,222.0
2025-11-23,S3,Grocery,0,167.0
2025-11-24,S3,Grocery,0,221.0
2025-11-25,S3,Grocery,0,193.0
2025-11-26,S3,Grocery,0,172.0
2025-11-27,S3,Grocery,0,191.0
2025-11-28,S3,Grocery,0,181.0
2025-11-29,S3,Grocery,0,235.0
2025-11-30,S3,Grocery,0,193.0
2025-12-01,S3,Grocery,0,220.0
2025-12-02,S3,Grocery,0,221.0
2025-12-03,S3,Grocery,0,221.0
2025-12-04,S3,Grocery,0,208.0
2025-12-05,S3,Grocery,0,226.0
2025-12-06,S3,Grocery,0,188.0
2025-12-07,S3,Grocery,0,207.0
2025-12-08,S3,Grocery,0,185.0
2025-12-09,S3,Grocery,0,185.0
2025-12-10,S3,Grocery,0,160.0
2025-12-11,S3,Grocery,0,196.0
2025-12-12,S3,Grocery,0,230.0
2025-12-13,S3,Grocery,0,220.0
2025-12-14,S3,Grocery,0,198.0
2025-12-15,S3,Grocery,0,184.0
2025-12-16,S3,Grocery,0,188.0
2025-12-17,S3,Grocery,0,207.0
2025-12-18,S3,Grocery,0,179.0
2025-12-19,S3,Grocery,0,238.0
2025-12-20,S3,Grocery,0,183.0
2025-12-21,S3,Grocery,0,183.0
2025-12-22,S3,Grocery,0,180.0
2025-12-23,S3,Grocery,0,175.0
2025-12-24,S3,Grocery,0,170.0
2025-12-25,S3,Grocery,0,209.0
2025-12-26,S3,Grocery,0,181.0
2025-12-27,S3,Grocery,0,212.0
2025-12-28,S3,Grocery,0,154.0
2025-12-29,S3,Grocery,0,178.0
2025-12-30,S3,Grocery,0,191.0
